text-small,attach-card href,f-m-20,f-m-20 2,d-iblock href,d-iblock,d-iblock href 2,d-iblock 2
"02 Jan 2025
					17:17:43",https://www.idx.co.id/StaticData/NewsAndAnnouncement/ANNOUNCEMENTSTOCK/From_EREP/202501/53b9ef1725_09bec4e9f3.pdf,Perolehan atau kehilangan kontrak penting [],ACES,https://www.idx.co.id/StaticData/NewsAndAnnouncement/ANNOUNCEMENTSTOCK/From_EREP/202501/c0e899a4d0_2efe6ce461.pdf,20250102_ACES_Laporan Informasi dan Fakta Material_31842027_lamp2.pdf,https://www.idx.co.id/StaticData/NewsAndAnnouncement/ANNOUNCEMENTSTOCK/From_EREP/202501/f468efbcae_158e6f853d.pdf,20250102_ACES_Laporan Informasi dan Fakta Material_31842027_lamp1.pdf
"07 Jan 2025
					15:45:11",https://www.idx.co.id/StaticData/NewsAndAnnouncement/ANNOUNCEMENTSTOCK/From_EREP/202501/480bb8e1c4_52d7f69990.pdf,Laporan Bulanan Registrasi Pemegang Efek [],ACES,https://www.idx.co.id/StaticData/NewsAndAnnouncement/ANNOUNCEMENTSTOCK/From_EREP/202501/0cb6921ac8_4471bd04f9.pdf,20250107_ACES_Laporan Bulanan Registrasi Pemegang Efek/Perubahan Struktur Pemegang Saham_31843513_lamp1.pdf,,
"07 Jan 2025
					19:38:02",https://www.idx.co.id/StaticData/NewsAndAnnouncement/ANNOUNCEMENTSTOCK/From_EREP/202501/ce3333e527_1f4ef5c3b1.pdf,Transaksi Afiliasi [],ACES,https://www.idx.co.id/StaticData/NewsAndAnnouncement/ANNOUNCEMENTSTOCK/From_EREP/202501/aa6053f0c7_e36e908e56.pdf,20250107_ACES_Informasi Transaksi Afiliasi_31843682_lamp1.pdf,,
"20 Jan 2025
					15:30:51",https://www.idx.co.id/StaticData/NewsAndAnnouncement/ANNOUNCEMENTSTOCK/From_EREP/202501/c63e812906_68d7db97e0.pdf,Konfirmasi Emiten Grup [],ACES,,,,
"02 Jan 2025
					14:58:31",https://www.idx.co.id/StaticData/NewsAndAnnouncement/ANNOUNCEMENTSTOCK/From_EREP/202501/51af7b3b65_c77fdedeb3.pdf,Informasi Kurs Konversi Dividen Tunai Interim PT Alamtri Resources Indonesia Tbk (Perseroan) [],ADRO,https://www.idx.co.id/StaticData/NewsAndAnnouncement/ANNOUNCEMENTSTOCK/From_EREP/202501/1680b2f58a_c9736d8e6a.pdf,20250102_ADRO_Laporan Informasi dan Fakta Material_31842099_lamp1.pdf,https://www.idx.co.id/StaticData/NewsAndAnnouncement/ANNOUNCEMENTSTOCK/From_EREP/202501/e0872d3e58_f5f2bbd6f5.pdf,20250102_ADRO_Laporan Informasi dan Fakta Material_31842099_lamp2.pdf
"07 Jan 2025
					18:43:35",https://www.idx.co.id/StaticData/NewsAndAnnouncement/ANNOUNCEMENTSTOCK/From_EREP/202501/996c0285fd_74fa61b010.pdf,Laporan Bulanan Aktivitas Eksplorasi [],ADRO,,,,
"08 Jan 2025
					16:17:45",https://www.idx.co.id/StaticData/NewsAndAnnouncement/ANNOUNCEMENTSTOCK/From_EREP/202501/87f4702bd8_838feba407.pdf,Laporan Bulanan Registrasi Pemegang Efek [],ADRO,https://www.idx.co.id/StaticData/NewsAndAnnouncement/ANNOUNCEMENTSTOCK/From_EREP/202501/80b54a471a_d9af15d750.pdf,20250107_ADRO_Laporan Bulanan Registrasi Pemegang Efek/Perubahan Struktur Pemegang Saham_31843617_lamp1.pdf,https://www.idx.co.id/StaticData/NewsAndAnnouncement/ANNOUNCEMENTSTOCK/From_EREP/202501/9437f17182_8680131700.pdf,20250107_ADRO_Laporan Bulanan Registrasi Pemegang Efek/Perubahan Struktur Pemegang Saham_31843617_lamp2.pdf
"15 Jan 2025
					16:44:12",https://www.idx.co.id/StaticData/NewsAndAnnouncement/ANNOUNCEMENTSTOCK/From_EREP/202501/baaf9a0d65_b647bc20be.pdf,Laporan Pengalihan Kembali Saham Hasil Buy Back [],ADRO,https://www.idx.co.id/StaticData/NewsAndAnnouncement/ANNOUNCEMENTSTOCK/From_EREP/202501/45f29ec6ee_25e6497f01.pdf,20250115_ADRO_Laporan Pengalihan Saham Hasil Buy Back_31845763_lamp1.pdf,,
"15 Jan 2025
					16:45:31",https://www.idx.co.id/StaticData/NewsAndAnnouncement/ANNOUNCEMENTSTOCK/From_EREP/202501/ccceee8771_b457d2baba.pdf,Laporan Pengalihan Kembali Saham Hasil Buy Back [],ADRO,https://www.idx.co.id/StaticData/NewsAndAnnouncement/ANNOUNCEMENTSTOCK/From_EREP/202501/e6832fc713_5a06d36f21.pdf,20250115_ADRO_Laporan Pengalihan Saham Hasil Buy Back_31845766_lamp1.pdf,,
"23 Jan 2025
					16:29:20",https://www.idx.co.id/StaticData/NewsAndAnnouncement/ANNOUNCEMENTSTOCK/From_EREP/202501/7fe3a4d515_39bdb8d800.pdf,Konfirmasi Emiten Grup [],ADRO,,,,
"08 Jan 2025
					13:53:38",https://www.idx.co.id/StaticData/NewsAndAnnouncement/ANNOUNCEMENTSTOCK/From_EREP/202501/7289424d8a_ca1625641d.pdf,Laporan Bulanan Registrasi Pemegang Efek [],AKRA,https://www.idx.co.id/StaticData/NewsAndAnnouncement/ANNOUNCEMENTSTOCK/From_EREP/202501/c2bd597e90_46af2f5592.pdf,20250108_AKRA_Laporan Bulanan Registrasi Pemegang Efek/Perubahan Struktur Pemegang Saham_31843911_lamp1.pdf,,
"10 Jan 2025
					17:08:00",https://www.idx.co.id/StaticData/NewsAndAnnouncement/ANNOUNCEMENTSTOCK/From_EREP/202501/46d7fba9e1_da0b2f1cee.pdf,Laporan Kepemilikan atau Setiap Perubahan Kepemilikan Saham Perusahaan Terbuka [],AKRA,https://www.idx.co.id/StaticData/NewsAndAnnouncement/ANNOUNCEMENTSTOCK/From_EREP/202501/22d46b688e_bb1322e22d.pdf,20250110_AKRA_Laporan Kepemilikan atau Setiap Perubahan Kepemilikan Saham Perusahaan Terbuka_31844972_lamp1.pdf,,
"10 Jan 2025
					17:08:58",https://www.idx.co.id/StaticData/NewsAndAnnouncement/ANNOUNCEMENTSTOCK/From_EREP/202501/0dfc922278_c2979b693a.pdf,Laporan Kepemilikan atau Setiap Perubahan Kepemilikan Saham Perusahaan Terbuka [],AKRA,https://www.idx.co.id/StaticData/NewsAndAnnouncement/ANNOUNCEMENTSTOCK/From_EREP/202501/3c2b482e1b_ed58b04f05.pdf,20250110_AKRA_Laporan Kepemilikan atau Setiap Perubahan Kepemilikan Saham Perusahaan Terbuka_31844974_lamp1.pdf,,
"15 Jan 2025
					14:18:13",https://www.idx.co.id/StaticData/NewsAndAnnouncement/ANNOUNCEMENTSTOCK/From_EREP/202501/c1f9894ebe_ebfa40f099.pdf,Laporan Pengalihan Kembali Saham Hasil Buy Back [],AKRA,https://www.idx.co.id/StaticData/NewsAndAnnouncement/ANNOUNCEMENTSTOCK/From_EREP/202501/cef353c134_3cffd6af05.pdf,20250115_AKRA_Laporan Pengalihan Saham Hasil Buy Back_31845864_lamp1.pdf,,
"15 Jan 2025
					16:19:36",https://www.idx.co.id/StaticData/NewsAndAnnouncement/ANNOUNCEMENTSTOCK/From_EREP/202501/780f7fa90c_be41a52b2c.pdf,Laporan Kepemilikan atau Setiap Perubahan Kepemilikan Saham Perusahaan Terbuka [],AKRA,https://www.idx.co.id/StaticData/NewsAndAnnouncement/ANNOUNCEMENTSTOCK/From_EREP/202501/8a29528c0e_cba405ce56.pdf,20250115_AKRA_Laporan Kepemilikan atau Setiap Perubahan Kepemilikan Saham Perusahaan Terbuka_31845924_lamp1.pdf,,
"17 Jan 2025
					10:44:22",https://www.idx.co.id/StaticData/NewsAndAnnouncement/ANNOUNCEMENTSTOCK/From_EREP/202501/5871978f92_314bbce2d5.pdf,Likuidasi Anak Perusahaan Perseroan [],AKRA,https://www.idx.co.id/StaticData/NewsAndAnnouncement/ANNOUNCEMENTSTOCK/From_EREP/202501/0c2747c983_d4e5d4fc6b.pdf,20250117_AKRA_Laporan Informasi dan Fakta Material_31846360_lamp1.pdf,,
"10 Jan 2025
					11:52:21",https://www.idx.co.id/StaticData/NewsAndAnnouncement/ANNOUNCEMENTSTOCK/From_EREP/202401/20250110120030-49539-0/FinancialStatement-2024-III-AMMN.pdf,Penyampaian Laporan Keuangan Interim (KOREKSI) [],AMMN,https://www.idx.co.id/StaticData/NewsAndAnnouncement/ANNOUNCEMENTSTOCK/From_EREP/202401/20250110120030-49539-0/AMMN-Penyampaian%20LKQ324.pdf,AMMN-Penyampaian LKQ324.pdf,https://www.idx.co.id/StaticData/NewsAndAnnouncement/ANNOUNCEMENTSTOCK/From_EREP/202401/20250110120030-49539-0/FinancialStatement-2024-III-AMMN.xlsx,FinancialStatement-2024-III-AMMN.xlsx
"10 Jan 2025
					15:00:09",https://www.idx.co.id/StaticData/NewsAndAnnouncement/ANNOUNCEMENTSTOCK/From_EREP/202501/52448818bc_0c1e5db0c7.pdf,Laporan Bulanan Registrasi Pemegang Efek [],AMMN,https://www.idx.co.id/StaticData/NewsAndAnnouncement/ANNOUNCEMENTSTOCK/From_EREP/202501/51ad4b5dfb_b68394252d.pdf,20250106_AMMN_Laporan Bulanan Registrasi Pemegang Efek/Perubahan Struktur Pemegang Saham_31843114_lamp2.pdf,https://www.idx.co.id/StaticData/NewsAndAnnouncement/ANNOUNCEMENTSTOCK/From_EREP/202501/7489902fcb_3809232573.pdf,20250106_AMMN_Laporan Bulanan Registrasi Pemegang Efek/Perubahan Struktur Pemegang Saham_31843114_lamp4.pdf
"10 Jan 2025
					15:00:48",https://www.idx.co.id/StaticData/NewsAndAnnouncement/ANNOUNCEMENTSTOCK/From_EREP/202501/6745635413_c2733b5619.pdf,Laporan Bulanan Aktivitas Eksplorasi [],AMMN,https://www.idx.co.id/StaticData/NewsAndAnnouncement/ANNOUNCEMENTSTOCK/From_EREP/202501/209ea1274a_ba88c495f0.pdf,20250109_AMMN_Laporan Bulanan Aktivitas Eksplorasi_31844215_lamp3.pdf,https://www.idx.co.id/StaticData/NewsAndAnnouncement/ANNOUNCEMENTSTOCK/From_EREP/202501/db9c267a6b_515d8abdcd.pdf,20250109_AMMN_Laporan Bulanan Aktivitas Eksplorasi_31844215_lamp1.pdf
"24 Jan 2025
					15:53:50",https://www.idx.co.id/StaticData/NewsAndAnnouncement/ANNOUNCEMENTSTOCK/From_EREP/202502/600c3477db_96a712ca48.pdf,Konfirmasi Emiten Grup [],AMMN,,,,
"07 Jan 2025
					15:20:31",https://www.idx.co.id/StaticData/NewsAndAnnouncement/ANNOUNCEMENTSTOCK/From_EREP/202501/8718bc0d8d_d2ea3c3a06.pdf,Laporan Bulanan Registrasi Pemegang Efek [],AMRT,,,,
"08 Jan 2025
					10:17:04",https://www.idx.co.id/StaticData/NewsAndAnnouncement/ANNOUNCEMENTSTOCK/From_EREP/202501/13ee65fa3f_64e20ce6f4.pdf,Laporan Bulanan Registrasi Pemegang Efek [],ANTM,https://www.idx.co.id/StaticData/NewsAndAnnouncement/ANNOUNCEMENTSTOCK/From_EREP/202501/400ac25d8a_5fcca7e36b.pdf,20250108_ANTM_Laporan Bulanan Registrasi Pemegang Efek/Perubahan Struktur Pemegang Saham_31843790_lamp1.pdf,,
"10 Jan 2025
					11:26:40",https://www.idx.co.id/StaticData/NewsAndAnnouncement/ANNOUNCEMENTSTOCK/From_EREP/202501/e5fec27b5e_982d6dafe8.pdf,"Sambut Imlek, ANTAM Luncurkan Emas Tematik Tahun Ular Kayu []",ANTM,https://www.idx.co.id/StaticData/NewsAndAnnouncement/ANNOUNCEMENTSTOCK/From_EREP/202501/8e9d7e06a5_bb843587b7.pdf,20250110_ANTM_Laporan Informasi dan Fakta Material_31844776_lamp1.pdf,https://www.idx.co.id/StaticData/NewsAndAnnouncement/ANNOUNCEMENTSTOCK/From_EREP/202501/d1c9acc618_d96e935ba2.pdf,20250110_ANTM_Laporan Informasi dan Fakta Material_31844776_lamp2.pdf
"10 Jan 2025
					15:00:05",https://www.idx.co.id/StaticData/NewsAndAnnouncement/ANNOUNCEMENTSTOCK/From_EREP/202501/6b7cf54a23_9339a027d7.pdf,Laporan Bulanan Aktivitas Eksplorasi [],ANTM,https://www.idx.co.id/StaticData/NewsAndAnnouncement/ANNOUNCEMENTSTOCK/From_EREP/202501/5500fb4906_f519b26d70.pdf,20250110_ANTM_Laporan Bulanan Aktivitas Eksplorasi_31844888_lamp1.pdf,https://www.idx.co.id/StaticData/NewsAndAnnouncement/ANNOUNCEMENTSTOCK/From_EREP/202501/8b3b5a8111_d37a3089cd.pdf,20250110_ANTM_Laporan Bulanan Aktivitas Eksplorasi_31844888_lamp2.pdf
"13 Jan 2025
					21:08:32",https://www.idx.co.id/StaticData/NewsAndAnnouncement/ANNOUNCEMENTSTOCK/From_EREP/202501/8a358ad522_f9052b8fdc.pdf,"ANTAM Resmi Masuk JIIPE, Perkuat Daya Saing dan Dorong Hilirisasi Mineral []",ANTM,https://www.idx.co.id/StaticData/NewsAndAnnouncement/ANNOUNCEMENTSTOCK/From_EREP/202501/6a484991a0_f069132f63.pdf,20250113_ANTM_Laporan Informasi dan Fakta Material_31845386_lamp2.pdf,https://www.idx.co.id/StaticData/NewsAndAnnouncement/ANNOUNCEMENTSTOCK/From_EREP/202501/fcb4e0d70e_1bc30431e1.pdf,20250113_ANTM_Laporan Informasi dan Fakta Material_31845386_lamp1.pdf
"14 Jan 2025
					19:17:23",https://www.idx.co.id/StaticData/NewsAndAnnouncement/ANNOUNCEMENTSTOCK/From_EREP/202501/dc4167d3ad_116db76305.pdf,Perubahan Komite Audit [],ANTM,https://www.idx.co.id/StaticData/NewsAndAnnouncement/ANNOUNCEMENTSTOCK/From_EREP/202501/29b7f6d0ac_0568e9d7e6.pdf,20250114_ANTM_Perubahan Corsec Komite Audit Alamat NPWP Internal Audit_31845723_lamp1.pdf,,
"15 Jan 2025
					13:49:15",https://www.idx.co.id/StaticData/NewsAndAnnouncement/ANNOUNCEMENTSTOCK/From_EREP/202501/94a82b134e_88cf2912f4.pdf,"Perkuat Implementasi K3, ANTAM Targetkan Zero Fatality di Tahun 2025 []",ANTM,https://www.idx.co.id/StaticData/NewsAndAnnouncement/ANNOUNCEMENTSTOCK/From_EREP/202501/9232277453_597e1a1d16.pdf,20250115_ANTM_Laporan Informasi dan Fakta Material_31845852_lamp2.pdf,https://www.idx.co.id/StaticData/NewsAndAnnouncement/ANNOUNCEMENTSTOCK/From_EREP/202501/af067acd7e_1243401cfa.pdf,20250115_ANTM_Laporan Informasi dan Fakta Material_31845852_lamp1.pdf
"15 Jan 2025
					16:49:33",https://www.idx.co.id/StaticData/NewsAndAnnouncement/ANNOUNCEMENTSTOCK/From_EREP/202501/92756f8c52_7dd40214e3.pdf,Laporan Penggunaan Dana Hasil Penawaran Umum [],ANTM,https://www.idx.co.id/StaticData/NewsAndAnnouncement/ANNOUNCEMENTSTOCK/From_EREP/202501/a859638c9e_06b20defa0.pdf,20250115_ANTM_Laporan Penggunaan Dana Hasil Penawaran Umum_31845949_lamp1.pdf,,
"22 Jan 2025
					18:29:05",https://www.idx.co.id/StaticData/NewsAndAnnouncement/ANNOUNCEMENTSTOCK/From_EREP/202501/870630cb6e_dc7eeed83d.pdf,Konfirmasi Emiten Grup [],ANTM,https://www.idx.co.id/StaticData/NewsAndAnnouncement/ANNOUNCEMENTSTOCK/From_EREP/202501/92ef4de7e1_ff4a69f77f.pdf,20250122_ANTM_Konfirmasi Emiten Grup_31847540_lamp1.pdf,,
"24 Jan 2025
					16:35:00",https://www.idx.co.id/StaticData/NewsAndAnnouncement/ANNOUNCEMENTSTOCK/From_EREP/202501/334f62ccd0_30cd8f7f33.pdf,Konfirmasi Emiten Grup (KOREKSI) [],ANTM,https://www.idx.co.id/StaticData/NewsAndAnnouncement/ANNOUNCEMENTSTOCK/From_EREP/202501/ec49540e5f_6ba976ff59.pdf,20250124_ANTM_Konfirmasi Emiten Grup_31848117_lamp1.pdf,,
"31 Jan 2025
					15:35:44",https://www.idx.co.id/StaticData/NewsAndAnnouncement/ANNOUNCEMENTSTOCK/From_EREP/202501/979065df0c_b1064bf52c.pdf,Penyampaian Laporan Kuartalan Periode Triwulan IV Tahun 2024 [],ANTM,https://www.idx.co.id/StaticData/NewsAndAnnouncement/ANNOUNCEMENTSTOCK/From_EREP/202501/63869c7a16_e2926b7c88.pdf,20250131_ANTM_Laporan Informasi dan Fakta Material_31848622_lamp1.pdf,https://www.idx.co.id/StaticData/NewsAndAnnouncement/ANNOUNCEMENTSTOCK/From_EREP/202501/836c79bbe4_8264baa6d6.pdf,20250131_ANTM_Laporan Informasi dan Fakta Material_31848622_lamp2.pdf
"03 Jan 2025
					14:34:10",https://www.idx.co.id/StaticData/NewsAndAnnouncement/ANNOUNCEMENTSTOCK/From_EREP/202501/6e2bc980e3_d999e56531.pdf,Pencatatan Saham [],ARTO,https://www.idx.co.id/StaticData/NewsAndAnnouncement/ANNOUNCEMENTSTOCK/From_EREP/202501/bb7e4cb5df_44904b0169.pdf,20250103_ARTO_Pencatatan Saham Tambahan dari Konversi_31842345_lamp1.pdf,,
"08 Jan 2025
					16:48:48",https://www.idx.co.id/StaticData/NewsAndAnnouncement/ANNOUNCEMENTSTOCK/From_EREP/202501/fade8a912b_e6be76e42e.pdf,Pencatatan Saham [],ARTO,https://www.idx.co.id/StaticData/NewsAndAnnouncement/ANNOUNCEMENTSTOCK/From_EREP/202501/46691fb566_ff65d48f35.pdf,20250108_ARTO_Pencatatan Saham Tambahan dari Konversi_31843896_lamp1.pdf,,
"08 Jan 2025
					19:00:12",https://www.idx.co.id/StaticData/NewsAndAnnouncement/ANNOUNCEMENTSTOCK/From_EREP/202501/dd2d41d324_7fa3c65eeb.pdf,Laporan Bulanan Registrasi Pemegang Efek [],ARTO,https://www.idx.co.id/StaticData/NewsAndAnnouncement/ANNOUNCEMENTSTOCK/From_EREP/202501/e7929e35df_7f53a02e63.pdf,20250107_ARTO_Laporan Bulanan Registrasi Pemegang Efek/Perubahan Struktur Pemegang Saham_31843638_lamp1.pdf,https://www.idx.co.id/StaticData/NewsAndAnnouncement/ANNOUNCEMENTSTOCK/From_EREP/202501/f18c1df798_8646969b8d.pdf,20250107_ARTO_Laporan Bulanan Registrasi Pemegang Efek/Perubahan Struktur Pemegang Saham_31843638_lamp2.pdf
"09 Jan 2025
					17:03:28",https://www.idx.co.id/StaticData/NewsAndAnnouncement/ANNOUNCEMENTSTOCK/From_EREP/202501/964795e839_015f47ba0b.pdf,Pencatatan Saham [],ARTO,https://www.idx.co.id/StaticData/NewsAndAnnouncement/ANNOUNCEMENTSTOCK/From_EREP/202501/4da2a94cfb_7be2a9bdd8.pdf,20250109_ARTO_Pencatatan Saham Tambahan dari Konversi_31844326_lamp1.pdf,,
"10 Jan 2025
					17:16:04",https://www.idx.co.id/StaticData/NewsAndAnnouncement/ANNOUNCEMENTSTOCK/From_EREP/202501/ec3bc81e27_505f65b474.pdf,Pencatatan Saham [],ARTO,https://www.idx.co.id/StaticData/NewsAndAnnouncement/ANNOUNCEMENTSTOCK/From_EREP/202501/ad0c3e7126_53501e5157.pdf,20250110_ARTO_Pencatatan Saham Tambahan dari Konversi_31844815_lamp1.pdf,,
"13 Jan 2025
					16:45:50",https://www.idx.co.id/StaticData/NewsAndAnnouncement/ANNOUNCEMENTSTOCK/From_EREP/202501/da900d1c32_6ab474e872.pdf,Pencatatan Saham [],ARTO,https://www.idx.co.id/StaticData/NewsAndAnnouncement/ANNOUNCEMENTSTOCK/From_EREP/202501/05e2c68458_8c8dd5f932.pdf,20250113_ARTO_Pencatatan Saham Tambahan dari Konversi_31845192_lamp1.pdf,,
"14 Jan 2025
					16:33:53",https://www.idx.co.id/StaticData/NewsAndAnnouncement/ANNOUNCEMENTSTOCK/From_EREP/202501/1315a493d5_ee02885694.pdf,Pencatatan Saham [],ARTO,https://www.idx.co.id/StaticData/NewsAndAnnouncement/ANNOUNCEMENTSTOCK/From_EREP/202501/2a269f7b98_92d9d68429.pdf,20250114_ARTO_Pencatatan Saham Tambahan dari Konversi_31845533_lamp1.pdf,,
"15 Jan 2025
					14:21:21",https://www.idx.co.id/StaticData/NewsAndAnnouncement/ANNOUNCEMENTSTOCK/From_EREP/202501/848a4515a9_e3a3f53ebf.pdf,Pencatatan Saham [],ARTO,https://www.idx.co.id/StaticData/NewsAndAnnouncement/ANNOUNCEMENTSTOCK/From_EREP/202501/6ce60692ff_506cca0aeb.pdf,20250115_ARTO_Pencatatan Saham Tambahan dari Konversi_31845832_lamp1.pdf,,
"21 Jan 2025
					12:11:25",https://www.idx.co.id/StaticData/NewsAndAnnouncement/ANNOUNCEMENTSTOCK/From_EREP/202501/95518a1b27_36a005deeb.pdf,Laporan Hasil Pelaksanaan Konversi ESOP MSOP [],ARTO,https://www.idx.co.id/StaticData/NewsAndAnnouncement/ANNOUNCEMENTSTOCK/From_EREP/202501/84657e24b1_c37b1a2558.pdf,20250120_ARTO_Laporan Hasil Pelaksanaan Konversi ESOP MSOP_31846633_lamp1.pdf,,
"09 Jan 2025
					16:59:16",https://www.idx.co.id/StaticData/NewsAndAnnouncement/ANNOUNCEMENTSTOCK/From_EREP/202501/4c43d7f510_6cc2a3ca88.pdf,Laporan Bulanan Registrasi Pemegang Efek [],ASII,https://www.idx.co.id/StaticData/NewsAndAnnouncement/ANNOUNCEMENTSTOCK/From_EREP/202501/daba3e13b2_a40c3e00e8.pdf,20250103_ASII_Laporan Bulanan Registrasi Pemegang Efek/Perubahan Struktur Pemegang Saham_31842318_lamp1.pdf,,
"10 Jan 2025
					16:05:58",https://www.idx.co.id/StaticData/NewsAndAnnouncement/ANNOUNCEMENTSTOCK/From_EREP/202501/0086b78ba2_21c476c553.pdf,Saham Hilang [],ASII,https://www.idx.co.id/StaticData/NewsAndAnnouncement/ANNOUNCEMENTSTOCK/From_EREP/202501/c4a206355e_3560af2ec2.pdf,20250110_ASII_Pengumuman Bursa_31844884_lamp1.pdf,,
"24 Jan 2025
					17:32:18",https://www.idx.co.id/StaticData/NewsAndAnnouncement/ANNOUNCEMENTSTOCK/From_EREP/202501/eb417949b0_bb0a4a7866.pdf,Konfirmasi Emiten Grup [],ASII,https://www.idx.co.id/StaticData/NewsAndAnnouncement/ANNOUNCEMENTSTOCK/From_EREP/202501/29c89818c0_2218eec6ce.pdf,20250124_ASII_Konfirmasi Emiten Grup_31848002_lamp1.pdf,,
"06 Jan 2025
					15:48:54",https://www.idx.co.id/StaticData/NewsAndAnnouncement/ANNOUNCEMENTSTOCK/From_EREP/202501/0b7af70cad_0586008e42.pdf,Laporan Bulanan Registrasi Pemegang Efek [],BBCA,,,,
"23 Jan 2025
					17:30:34",https://www.idx.co.id/StaticData/NewsAndAnnouncement/ANNOUNCEMENTSTOCK/From_EREP/202401/20250123173557-49562-0/FinancialStatement-2024-Tahunan-BBCA.pdf,Penyampaian Laporan Keuangan Tahunan [],BBCA,https://www.idx.co.id/StaticData/NewsAndAnnouncement/ANNOUNCEMENTSTOCK/From_EREP/202401/20250123173557-49562-0/Audited%20financial%20statements%20BCA%201224%20(English).pdf,Audited financial statements BCA 1224 (English).pdf,https://www.idx.co.id/StaticData/NewsAndAnnouncement/ANNOUNCEMENTSTOCK/From_EREP/202401/20250123173557-49562-0/Audited%20financial%20statements%20BCA%201224%20(Indo).pdf,Audited financial statements BCA 1224 (Indo).pdf
"23 Jan 2025
					18:17:38",https://www.idx.co.id/StaticData/NewsAndAnnouncement/ANNOUNCEMENTSTOCK/From_EREP/202501/b7d2d6becf_1e1e24d860.pdf,Laporan Informasi atau Fakta Material Penyampaian Press Release terkait Informasi Ringkasan Kinerja Keuangan Tahun Buku 2024 (audited) PT Bank Central Asia Tbk [],BBCA,https://www.idx.co.id/StaticData/NewsAndAnnouncement/ANNOUNCEMENTSTOCK/From_EREP/202501/6a90d8927c_24e05660bf.pdf,20250123_BBCA_Laporan Informasi dan Fakta Material_31847838_lamp2.pdf,https://www.idx.co.id/StaticData/NewsAndAnnouncement/ANNOUNCEMENTSTOCK/From_EREP/202501/8d4922d5fa_ecaf6efce6.pdf,20250123_BBCA_Laporan Informasi dan Fakta Material_31847838_lamp1.pdf
"24 Jan 2025
					10:03:54",https://www.idx.co.id/StaticData/NewsAndAnnouncement/ANNOUNCEMENTSTOCK/From_EREP/202501/89cc1fc56a_c8b27d466e.pdf,Pemberitahuan Rencana Rapat Umum Pemegang Saham Tahunan [],BBCA,https://www.idx.co.id/StaticData/NewsAndAnnouncement/ANNOUNCEMENTSTOCK/From_EREP/202501/50e82acce5_0c3921ea10.pdf,20250124_BBCA_Pengumuman RUPS_31847901_lamp1.pdf,https://www.idx.co.id/StaticData/NewsAndAnnouncement/ANNOUNCEMENTSTOCK/From_EREP/202501/d3ed143f02_82d5737d46.pdf,20250124_BBCA_Pengumuman RUPS_31847901_lamp2.pdf
"24 Jan 2025
					15:03:55",https://www.idx.co.id/StaticData/NewsAndAnnouncement/ANNOUNCEMENTSTOCK/From_EREP/202501/4df71a8646_cb23385ebe.pdf,Penyampaian Bukti Iklan Pemberitahuan RUPS [],BBCA,https://www.idx.co.id/StaticData/NewsAndAnnouncement/ANNOUNCEMENTSTOCK/From_EREP/202501/47a57f7838_406f2434ca.pdf,20250124_BBCA_Penyampaian Bukti Iklan_31847952_lamp1.pdf,https://www.idx.co.id/StaticData/NewsAndAnnouncement/ANNOUNCEMENTSTOCK/From_EREP/202501/d8e5af8963_483feba69f.pdf,20250124_BBCA_Penyampaian Bukti Iklan_31847952_lamp2.pdf
"24 Jan 2025
					15:07:04",https://www.idx.co.id/StaticData/NewsAndAnnouncement/ANNOUNCEMENTSTOCK/From_EREP/202501/09b9193892_fb069d5e13.pdf,Penyampaian Bukti Iklan Informasi Laporan Keuangan Tahunan [],BBCA,https://www.idx.co.id/StaticData/NewsAndAnnouncement/ANNOUNCEMENTSTOCK/From_EREP/202501/166feaba35_dc38f7fb7e.pdf,20250124_BBCA_Penyampaian Bukti Iklan_31848011_lamp2.pdf,https://www.idx.co.id/StaticData/NewsAndAnnouncement/ANNOUNCEMENTSTOCK/From_EREP/202501/87bc60d491_01cd055063.pdf,20250124_BBCA_Penyampaian Bukti Iklan_31848011_lamp1.pdf
"08 Jan 2025
					21:11:53",https://www.idx.co.id/StaticData/NewsAndAnnouncement/ANNOUNCEMENTSTOCK/From_EREP/202501/34ffc21d3c_9835eccb59.pdf,Laporan Bulanan Registrasi Pemegang Efek [],BBNI,https://www.idx.co.id/StaticData/NewsAndAnnouncement/ANNOUNCEMENTSTOCK/From_EREP/202501/ea202977ab_189c00e253.pdf,20250108_BBNI_Laporan Bulanan Registrasi Pemegang Efek/Perubahan Struktur Pemegang Saham_31844179_lamp1.pdf,,
"22 Jan 2025
					19:52:13",https://www.idx.co.id/StaticData/NewsAndAnnouncement/ANNOUNCEMENTSTOCK/From_EREP/202401/20250122195429-49553-0/FinancialStatement-2024-Tahunan-BBNI.pdf,Penyampaian Laporan Keuangan Tahunan [],BBNI,https://www.idx.co.id/StaticData/NewsAndAnnouncement/ANNOUNCEMENTSTOCK/From_EREP/202401/20250122195429-49553-0/CHECKLIST%20LAPKEU%20DESEMBER%202024.pdf,CHECKLIST LAPKEU DESEMBER 2024.pdf,https://www.idx.co.id/StaticData/NewsAndAnnouncement/ANNOUNCEMENTSTOCK/From_EREP/202401/20250122195429-49553-0/FINAL_LKFS%20BNI_Bilingual_31_Dec_2024_combined.pdf,FINAL_LKFS BNI_Bilingual_31_Dec_2024_combined.pdf
"22 Jan 2025
					20:26:01",https://www.idx.co.id/StaticData/NewsAndAnnouncement/ANNOUNCEMENTSTOCK/From_EREP/202501/78499118c2_9217eb4179.pdf,Perseroan menyelenggarakan Earnings Call Kinerja 31 Desember 2024 (Audited) [],BBNI,https://www.idx.co.id/StaticData/NewsAndAnnouncement/ANNOUNCEMENTSTOCK/From_EREP/202501/b039c9c6a7_ac74222b3e.pdf,20250122_BBNI_Laporan Informasi dan Fakta Material_31847477_lamp1.pdf,,
"22 Jan 2025
					21:13:26",https://www.idx.co.id/StaticData/NewsAndAnnouncement/ANNOUNCEMENTSTOCK/From_EREP/202501/4e95243c02_9fa30b2005.pdf,Penyampaian Bukti Iklan Informasi Laporan Keuangan Tahunan [],BBNI,https://www.idx.co.id/StaticData/NewsAndAnnouncement/ANNOUNCEMENTSTOCK/From_EREP/202501/448a1af58f_1939977247.pdf,20250122_BBNI_Penyampaian Bukti Iklan_31847554_lamp1.pdf,https://www.idx.co.id/StaticData/NewsAndAnnouncement/ANNOUNCEMENTSTOCK/From_EREP/202501/8b1cb041c7_63215604fd.pdf,20250122_BBNI_Penyampaian Bukti Iklan_31847554_lamp2.pdf
"10 Jan 2025
					18:08:45",https://www.idx.co.id/StaticData/NewsAndAnnouncement/ANNOUNCEMENTSTOCK/From_EREP/202501/f58d9b9c4b_50151ffe1e.pdf,Perubahan Struktur Pemegang Saham [],BBRI,https://www.idx.co.id/StaticData/NewsAndAnnouncement/ANNOUNCEMENTSTOCK/From_EREP/202501/0607108021_6ad9857ea6.pdf,20250110_BBRI_Laporan Bulanan Registrasi Pemegang Efek/Perubahan Struktur Pemegang Saham_31845008_lamp2.pdf,https://www.idx.co.id/StaticData/NewsAndAnnouncement/ANNOUNCEMENTSTOCK/From_EREP/202501/8552dcccb5_febc975737.pdf,20250110_BBRI_Laporan Bulanan Registrasi Pemegang Efek/Perubahan Struktur Pemegang Saham_31845008_lamp1.pdf
"15 Jan 2025
					19:13:18",https://www.idx.co.id/StaticData/NewsAndAnnouncement/ANNOUNCEMENTSTOCK/From_EREP/202501/dd15d2bd75_b55d2291e2.pdf,Laporan Pengalihan Kembali Saham Hasil Buy Back [],BBRI,https://www.idx.co.id/StaticData/NewsAndAnnouncement/ANNOUNCEMENTSTOCK/From_EREP/202501/082b7cfd73_d38ff00969.pdf,20250114_BBRI_Laporan Pengalihan Saham Hasil Buy Back_31845424_lamp1.pdf,https://www.idx.co.id/StaticData/NewsAndAnnouncement/ANNOUNCEMENTSTOCK/From_EREP/202501/d25cedcb76_2bf8892d7d.pdf,20250114_BBRI_Laporan Pengalihan Saham Hasil Buy Back_31845424_lamp2.pdf
"15 Jan 2025
					19:19:10",https://www.idx.co.id/StaticData/NewsAndAnnouncement/ANNOUNCEMENTSTOCK/From_EREP/202501/b5501a236b_fc43eb0b55.pdf,Laporan Pengalihan Kembali Saham Hasil Buy Back [],BBRI,https://www.idx.co.id/StaticData/NewsAndAnnouncement/ANNOUNCEMENTSTOCK/From_EREP/202501/0339aeb4de_8467ec2d21.pdf,20250114_BBRI_Laporan Pengalihan Saham Hasil Buy Back_31845426_lamp2.pdf,https://www.idx.co.id/StaticData/NewsAndAnnouncement/ANNOUNCEMENTSTOCK/From_EREP/202501/824e6986a1_7af4d3ffdb.pdf,20250114_BBRI_Laporan Pengalihan Saham Hasil Buy Back_31845426_lamp1.pdf
"15 Jan 2025
					19:20:56",https://www.idx.co.id/StaticData/NewsAndAnnouncement/ANNOUNCEMENTSTOCK/From_EREP/202501/04debe0f81_77841e8599.pdf,Laporan Pengalihan Kembali Saham Hasil Buy Back [],BBRI,https://www.idx.co.id/StaticData/NewsAndAnnouncement/ANNOUNCEMENTSTOCK/From_EREP/202501/400201e012_0dc3acec27.pdf,20250114_BBRI_Laporan Pengalihan Saham Hasil Buy Back_31845425_lamp2.pdf,https://www.idx.co.id/StaticData/NewsAndAnnouncement/ANNOUNCEMENTSTOCK/From_EREP/202501/dec6d0db77_9c4776a7f2.pdf,20250114_BBRI_Laporan Pengalihan Saham Hasil Buy Back_31845425_lamp1.pdf
"17 Jan 2025
					14:53:10",https://www.idx.co.id/StaticData/NewsAndAnnouncement/ANNOUNCEMENTSTOCK/From_EREP/202501/bd0e3ed5c8_0bcd580b64.pdf,Pembagian dividen interim [],BBRI,https://www.idx.co.id/StaticData/NewsAndAnnouncement/ANNOUNCEMENTSTOCK/From_EREP/202501/691c736ad2_c1ebea2ee1.pdf,20250117_BBRI_Laporan Informasi dan Fakta Material_31846425_lamp3.pdf,https://www.idx.co.id/StaticData/NewsAndAnnouncement/ANNOUNCEMENTSTOCK/From_EREP/202501/b2ccb72e53_1922550554.pdf,20250117_BBRI_Laporan Informasi dan Fakta Material_31846425_lamp2.pdf
"21 Jan 2025
					18:49:46",https://www.idx.co.id/StaticData/NewsAndAnnouncement/ANNOUNCEMENTSTOCK/From_EREP/202501/ba0152105e_8241347807.pdf,Laporan Kepemilikan atau Setiap Perubahan Kepemilikan Saham Perusahaan Terbuka [],BBRI,,,,
"31 Jan 2025
					16:02:32",https://www.idx.co.id/StaticData/NewsAndAnnouncement/ANNOUNCEMENTSTOCK/From_EREP/202501/7e991f9e83_25ad240ce5.pdf,Pemberitahuan Rencana Rapat Umum Pemegang Saham Tahunan [],BBRI,https://www.idx.co.id/StaticData/NewsAndAnnouncement/ANNOUNCEMENTSTOCK/From_EREP/202501/5f4f57bf10_21fd80795b.pdf,20250131_BBRI_Pengumuman RUPS_31848588_lamp3.pdf,https://www.idx.co.id/StaticData/NewsAndAnnouncement/ANNOUNCEMENTSTOCK/From_EREP/202501/b860819110_4e49021097.pdf,20250131_BBRI_Pengumuman RUPS_31848588_lamp2.pdf
"31 Jan 2025
					16:04:16",https://www.idx.co.id/StaticData/NewsAndAnnouncement/ANNOUNCEMENTSTOCK/From_EREP/202501/09c2f39a06_f3f3937691.pdf,Laporan Kesiapan Dana Pelunasan Obligasi Berkelanjutan II Bank BRI Tahap IV Tahun 2018 Seri B [],BBRI,https://www.idx.co.id/StaticData/NewsAndAnnouncement/ANNOUNCEMENTSTOCK/From_EREP/202501/042db4c820_a5d3f32cb2.pdf,20250131_BBRI_Laporan Informasi dan Fakta Material_31848618_lamp1.pdf,,
"31 Jan 2025
					18:41:18",https://www.idx.co.id/StaticData/NewsAndAnnouncement/ANNOUNCEMENTSTOCK/From_EREP/202501/f6572ce524_68631e1969.pdf,Rencana Pembelian Kembali Saham yang Telah Dikeluarkan oleh Perseroan dan Pengalihan Saham Hasil Pembelian Kembali [],BBRI,https://www.idx.co.id/StaticData/NewsAndAnnouncement/ANNOUNCEMENTSTOCK/From_EREP/202501/b1ae052a80_68b7027485.pdf,20250131_BBRI_Laporan Informasi dan Fakta Material_31848695_lamp1.pdf,https://www.idx.co.id/StaticData/NewsAndAnnouncement/ANNOUNCEMENTSTOCK/From_EREP/202501/bdac430123_a00ff2f451.pdf,20250131_BBRI_Laporan Informasi dan Fakta Material_31848695_lamp3.pdf
"31 Jan 2025
					18:47:41",https://www.idx.co.id/StaticData/NewsAndAnnouncement/ANNOUNCEMENTSTOCK/From_EREP/202501/db75f50a1c_1cdcaf21da.pdf,Laporan Pengalihan Kembali Saham Hasil Buy Back [],BBRI,https://www.idx.co.id/StaticData/NewsAndAnnouncement/ANNOUNCEMENTSTOCK/From_EREP/202501/257b389b26_00d52b7fa2.pdf,20250131_BBRI_Laporan Pengalihan Saham Hasil Buy Back_31848698_lamp1.pdf,,
"03 Jan 2025
					18:49:12",https://www.idx.co.id/StaticData/NewsAndAnnouncement/ANNOUNCEMENTSTOCK/From_EREP/202501/bbdf0a8f3b_98066508df.pdf,Transaksi Afiliasi [],BBTN,https://www.idx.co.id/StaticData/NewsAndAnnouncement/ANNOUNCEMENTSTOCK/From_EREP/202501/1dc55f88a8_5d984035dc.pdf,20250103_BBTN_Informasi Transaksi Afiliasi_31842531_lamp4.pdf,https://www.idx.co.id/StaticData/NewsAndAnnouncement/ANNOUNCEMENTSTOCK/From_EREP/202501/5c6348aa43_85c4845216.pdf,20250103_BBTN_Informasi Transaksi Afiliasi_31842531_lamp6.pdf
"03 Jan 2025
					20:29:04",https://www.idx.co.id/StaticData/NewsAndAnnouncement/ANNOUNCEMENTSTOCK/From_EREP/202501/4d3177689e_740199f3bf.pdf,Transaksi Afiliasi [],BBTN,https://www.idx.co.id/StaticData/NewsAndAnnouncement/ANNOUNCEMENTSTOCK/From_EREP/202501/65d624967f_05c3a12064.pdf,20250103_BBTN_Informasi Transaksi Afiliasi_31842548_lamp4.pdf,https://www.idx.co.id/StaticData/NewsAndAnnouncement/ANNOUNCEMENTSTOCK/From_EREP/202501/a0f55e7b45_d07856d8a3.pdf,20250103_BBTN_Informasi Transaksi Afiliasi_31842548_lamp2.pdf
"07 Jan 2025
					20:11:25",https://www.idx.co.id/StaticData/NewsAndAnnouncement/ANNOUNCEMENTSTOCK/From_EREP/202501/002a187198_bd4ad71585.pdf,Laporan Bulanan Registrasi Pemegang Efek [],BBTN,https://www.idx.co.id/StaticData/NewsAndAnnouncement/ANNOUNCEMENTSTOCK/From_EREP/202501/68afce94f1_49df703835.pdf,20250106_BBTN_Laporan Bulanan Registrasi Pemegang Efek/Perubahan Struktur Pemegang Saham_31842752_lamp1.pdf,,
"10 Jan 2025
					19:59:49",https://www.idx.co.id/StaticData/NewsAndAnnouncement/ANNOUNCEMENTSTOCK/From_EREP/202501/a6c3d78351_e20e0b8a8f.pdf,Informasi Kupon [],BBTN,https://www.idx.co.id/StaticData/NewsAndAnnouncement/ANNOUNCEMENTSTOCK/From_EREP/202501/0d418f0199_d4df045e01.pdf,20250110_BBTN_Pembayaran Kupon/Bagi Hasil/Ijarah/Pokok_31845007_lamp1.pdf,,
"15 Jan 2025
					18:04:37",https://www.idx.co.id/StaticData/NewsAndAnnouncement/ANNOUNCEMENTSTOCK/From_EREP/202501/e526ef9549_91c880de90.pdf,Informasi Kupon [],BBTN,https://www.idx.co.id/StaticData/NewsAndAnnouncement/ANNOUNCEMENTSTOCK/From_EREP/202501/6f77c371d5_4a2a0defff.pdf,20250115_BBTN_Pembayaran Kupon/Bagi Hasil/Ijarah/Pokok_31845963_lamp1.pdf,,
"20 Jan 2025
					15:43:31",https://www.idx.co.id/StaticData/NewsAndAnnouncement/ANNOUNCEMENTSTOCK/From_EREP/202501/2075064c1c_4bd4f10ec4.pdf,Penyampaian Bukti Iklan Ringkasan Rancangan Pengambilalihan  PT Bank Victoria Syariah (BVIS) [],BBTN,https://www.idx.co.id/StaticData/NewsAndAnnouncement/ANNOUNCEMENTSTOCK/From_EREP/202501/b2f858c8e3_3362a19b34.pdf,20250120_BBTN_Penyampaian Bukti Iklan_31846566_lamp3.pdf,https://www.idx.co.id/StaticData/NewsAndAnnouncement/ANNOUNCEMENTSTOCK/From_EREP/202501/ce23cdfa65_60078e9137.pdf,20250120_BBTN_Penyampaian Bukti Iklan_31846566_lamp2.pdf
"20 Jan 2025
					15:44:16",https://www.idx.co.id/StaticData/NewsAndAnnouncement/ANNOUNCEMENTSTOCK/From_EREP/202501/d714c7d3cd_ba715bbeb3.pdf,Rencana Pengambilalihan PT Bank Victoria Syariah (BVIS) oleh Perseroan [],BBTN,https://www.idx.co.id/StaticData/NewsAndAnnouncement/ANNOUNCEMENTSTOCK/From_EREP/202501/85416abffc_e5b8fcf976.pdf,20250120_BBTN_Laporan Informasi dan Fakta Material_31846694_lamp1.pdf,https://www.idx.co.id/StaticData/NewsAndAnnouncement/ANNOUNCEMENTSTOCK/From_EREP/202501/dbd0e181c8_9319952db5.pdf,20250120_BBTN_Laporan Informasi dan Fakta Material_31846694_lamp2.pdf
"03 Jan 2025
					16:12:43",https://www.idx.co.id/StaticData/NewsAndAnnouncement/ANNOUNCEMENTSTOCK/From_EREP/202501/b7c915b36a_f6a33b9ddf.pdf,Perubahan Corporate Secretary [],BMRI,https://www.idx.co.id/StaticData/NewsAndAnnouncement/ANNOUNCEMENTSTOCK/From_EREP/202501/f92c38579d_daa73590d8.pdf,20250103_BMRI_Perubahan Corsec Komite Audit Alamat NPWP Internal Audit_31842398_lamp1.pdf,,
"08 Jan 2025
					19:48:28",https://www.idx.co.id/StaticData/NewsAndAnnouncement/ANNOUNCEMENTSTOCK/From_EREP/202501/1ed9164228_cd12832bbd.pdf,Laporan Bulanan Registrasi Pemegang Efek [],BMRI,https://www.idx.co.id/StaticData/NewsAndAnnouncement/ANNOUNCEMENTSTOCK/From_EREP/202501/25dc4aeee6_eb897186e6.pdf,20250108_BMRI_Laporan Bulanan Registrasi Pemegang Efek/Perubahan Struktur Pemegang Saham_31844009_lamp5.pdf,https://www.idx.co.id/StaticData/NewsAndAnnouncement/ANNOUNCEMENTSTOCK/From_EREP/202501/562513745c_5583f95ebd.pdf,20250108_BMRI_Laporan Bulanan Registrasi Pemegang Efek/Perubahan Struktur Pemegang Saham_31844009_lamp2.pdf
"24 Jan 2025
					21:26:16",https://www.idx.co.id/StaticData/NewsAndAnnouncement/ANNOUNCEMENTSTOCK/From_EREP/202501/f35e86ae15_4ab0eaeafc.pdf,Konfirmasi Emiten Grup [],BMRI,,,,
"09 Jan 2025
					17:26:36",https://www.idx.co.id/StaticData/NewsAndAnnouncement/ANNOUNCEMENTSTOCK/From_EREP/202501/1409dc11b4_c1b02cf2da.pdf,Laporan Bulanan Registrasi Pemegang Efek [],BRIS,https://www.idx.co.id/StaticData/NewsAndAnnouncement/ANNOUNCEMENTSTOCK/From_EREP/202501/1c56bfc63c_e9d1756df9.pdf,20250107_BRIS_Laporan Bulanan Registrasi Pemegang Efek/Perubahan Struktur Pemegang Saham_31843501_lamp1.pdf,,
"14 Jan 2025
					17:33:20",https://www.idx.co.id/StaticData/NewsAndAnnouncement/ANNOUNCEMENTSTOCK/From_EREP/202501/1c2547f4e9_01a8806a51.pdf,Informasi Persetujuan OJK atas Pengangkatan Anggota Dewan Pengawas Syariah Perseroan [],BRIS,https://www.idx.co.id/StaticData/NewsAndAnnouncement/ANNOUNCEMENTSTOCK/From_EREP/202501/3519e5ca40_a12eba4889.pdf,20250114_BRIS_Laporan Informasi dan Fakta Material_31845674_lamp1.pdf,,
"24 Jan 2025
					16:49:21",https://www.idx.co.id/StaticData/NewsAndAnnouncement/ANNOUNCEMENTSTOCK/From_EREP/202501/d76cfba259_8687be3bf3.pdf,Konfirmasi Emiten Grup [],BRIS,,,,
"08 Jan 2025
					17:15:31",https://www.idx.co.id/StaticData/NewsAndAnnouncement/ANNOUNCEMENTSTOCK/From_EREP/202501/718a9cf6c8_2467c0dd3d.pdf,Laporan Bulanan Registrasi Pemegang Efek [],BRPT,https://www.idx.co.id/StaticData/NewsAndAnnouncement/ANNOUNCEMENTSTOCK/From_EREP/202501/46b4677253_b8a5093d1c.pdf,20250106_BRPT_Laporan Bulanan Registrasi Pemegang Efek/Perubahan Struktur Pemegang Saham_31842751_lamp1.pdf,,
"15 Jan 2025
					17:36:51",https://www.idx.co.id/StaticData/NewsAndAnnouncement/ANNOUNCEMENTSTOCK/From_EREP/202501/2dbd6e5e11_b88b542032.pdf,Laporan Penggunaan Dana Hasil Penawaran Umum [],BRPT,https://www.idx.co.id/StaticData/NewsAndAnnouncement/ANNOUNCEMENTSTOCK/From_EREP/202501/8107182a48_bce0807a74.pdf,20250113_BRPT_Laporan Penggunaan Dana Hasil Penawaran Umum_31845266_lamp1.pdf,,
"23 Jan 2025
					17:33:17",https://www.idx.co.id/StaticData/NewsAndAnnouncement/ANNOUNCEMENTSTOCK/From_EREP/202501/4a543f75f2_55ae681611.pdf,Laporan Pengalihan Kembali Saham Hasil Buy Back [],BRPT,https://www.idx.co.id/StaticData/NewsAndAnnouncement/ANNOUNCEMENTSTOCK/From_EREP/202501/5b3ffa99c6_43cfc0d624.pdf,20250123_BRPT_Laporan Pengalihan Saham Hasil Buy Back_31847612_lamp1.pdf,https://www.idx.co.id/StaticData/NewsAndAnnouncement/ANNOUNCEMENTSTOCK/From_EREP/202501/d1cd420fa8_d07399dbdb.pdf,20250123_BRPT_Laporan Pengalihan Saham Hasil Buy Back_31847612_lamp2.pdf
"24 Jan 2025
					16:38:24",https://www.idx.co.id/StaticData/NewsAndAnnouncement/ANNOUNCEMENTSTOCK/From_EREP/202501/33c6858022_f992fa14da.pdf,Konfirmasi Emiten Grup [],BRPT,https://www.idx.co.id/StaticData/NewsAndAnnouncement/ANNOUNCEMENTSTOCK/From_EREP/202501/08f5cef663_adb9f40a1d.pdf,20250123_BRPT_Konfirmasi Emiten Grup_31847715_lamp1.pdf,,
"08 Jan 2025
					17:34:45",https://www.idx.co.id/StaticData/NewsAndAnnouncement/ANNOUNCEMENTSTOCK/From_EREP/202501/f4ed4ee6a0_93d6ec3a1f.pdf,Laporan Bulanan Registrasi Pemegang Efek [],BUKA,https://www.idx.co.id/StaticData/NewsAndAnnouncement/ANNOUNCEMENTSTOCK/From_EREP/202501/07025c9dac_4af4f893a8.pdf,20250108_BUKA_Laporan Bulanan Registrasi Pemegang Efek/Perubahan Struktur Pemegang Saham_31844113_lamp2.pdf,https://www.idx.co.id/StaticData/NewsAndAnnouncement/ANNOUNCEMENTSTOCK/From_EREP/202501/50500455d8_0c2afd9d33.pdf,20250108_BUKA_Laporan Bulanan Registrasi Pemegang Efek/Perubahan Struktur Pemegang Saham_31844113_lamp5.pdf
"09 Jan 2025
					14:37:19",https://www.idx.co.id/StaticData/NewsAndAnnouncement/ANNOUNCEMENTSTOCK/From_EREP/202501/ced0062c77_c084c76104.pdf,Penghentian Layanan Operasional Produk Fisik di pada Aplikasi dan Situs Web Bukalapak yang Dimiliki PT BUKALAPAK.COM Tbk [],BUKA,https://www.idx.co.id/StaticData/NewsAndAnnouncement/ANNOUNCEMENTSTOCK/From_EREP/202501/6d39184a23_cfa6fbad5e.pdf,20250109_BUKA_Laporan Informasi dan Fakta Material_31844445_lamp1.pdf,,
"13 Jan 2025
					13:31:33",https://www.idx.co.id/StaticData/NewsAndAnnouncement/ANNOUNCEMENTSTOCK/From_EREP/202501/517c247992_93f9fa38b1.pdf,Rencana Penyelenggaraan Public Expose - Insidentil [],BUKA,https://www.idx.co.id/StaticData/NewsAndAnnouncement/ANNOUNCEMENTSTOCK/From_EREP/202501/663dc0d7ff_e79bb78a22.pdf,20250113_BUKA_Public Expose_31845241_lamp1.pdf,,
"14 Jan 2025
					13:35:06",https://www.idx.co.id/StaticData/NewsAndAnnouncement/ANNOUNCEMENTSTOCK/From_EREP/202501/4b0af6d2d2_9f10755094.pdf,Laporan Penggunaan Dana Hasil Penawaran Umum [],BUKA,https://www.idx.co.id/StaticData/NewsAndAnnouncement/ANNOUNCEMENTSTOCK/From_EREP/202501/4c673ef400_be7fddc3e3.pdf,20250114_BUKA_Laporan Penggunaan Dana Hasil Penawaran Umum_31845511_lamp2.pdf,https://www.idx.co.id/StaticData/NewsAndAnnouncement/ANNOUNCEMENTSTOCK/From_EREP/202501/fe2840e2d7_c1e67959f7.pdf,20250114_BUKA_Laporan Penggunaan Dana Hasil Penawaran Umum_31845511_lamp1.pdf
"14 Jan 2025
					16:12:48",https://www.idx.co.id/StaticData/NewsAndAnnouncement/ANNOUNCEMENTSTOCK/From_EREP/202501/a53474991c_131b4642f7.pdf,Penyampaian Materi Public Expose - Insidentil [],BUKA,https://www.idx.co.id/StaticData/NewsAndAnnouncement/ANNOUNCEMENTSTOCK/From_EREP/202501/56a2618bb1_317109fc24.pdf,20250114_BUKA_Public Expose_31845624_lamp2.pdf,https://www.idx.co.id/StaticData/NewsAndAnnouncement/ANNOUNCEMENTSTOCK/From_EREP/202501/9cb2bc5634_86b83ab6ca.pdf,20250114_BUKA_Public Expose_31845624_lamp1.pdf
"15 Jan 2025
					13:31:46",https://www.idx.co.id/StaticData/NewsAndAnnouncement/ANNOUNCEMENTSTOCK/From_EREP/202501/b62a3da3ec_191208d4dc.pdf,Penjelasan atas Permintaan Penjelasan Bursa [],BUKA,https://www.idx.co.id/StaticData/NewsAndAnnouncement/ANNOUNCEMENTSTOCK/From_EREP/202501/ced946aecc_8f495141b4.pdf,20250115_BUKA_Tanggapan atas Permintaan Penjelasan Bursa_31845837_lamp1.pdf,,
"17 Jan 2025
					21:35:30",https://www.idx.co.id/StaticData/NewsAndAnnouncement/ANNOUNCEMENTSTOCK/From_EREP/202501/07cb259b64_bc8a98a58e.pdf,Laporan Hasil Public Expose - Insidentil [],BUKA,https://www.idx.co.id/StaticData/NewsAndAnnouncement/ANNOUNCEMENTSTOCK/From_EREP/202501/873aaec1f8_2a59608b9b.pdf,20250117_BUKA_Public Expose_31846538_lamp1.pdf,https://www.idx.co.id/StaticData/NewsAndAnnouncement/ANNOUNCEMENTSTOCK/From_EREP/202501/8bd09364b9_8a05692de3.pdf,20250117_BUKA_Public Expose_31846538_lamp2.pdf
"17 Jan 2025
					22:51:59",https://www.idx.co.id/StaticData/NewsAndAnnouncement/ANNOUNCEMENTSTOCK/From_EREP/202501/754b771acb_ca4dafc446.pdf,Penjelasan atas Permintaan Penjelasan Bursa [],BUKA,https://www.idx.co.id/StaticData/NewsAndAnnouncement/ANNOUNCEMENTSTOCK/From_EREP/202501/d474e18f8f_6f37b8ba67.pdf,20250117_BUKA_Tanggapan atas Permintaan Penjelasan Bursa_31846540_lamp1.pdf,,
"18 Jan 2025
					00:20:38",https://www.idx.co.id/StaticData/NewsAndAnnouncement/ANNOUNCEMENTSTOCK/From_EREP/202501/f88b05222d_75980b4d36.pdf,Perkara hukum terhadap Emiten atau Perusahaan Publik dan/atau anggota Direksi dan anggota Dewan Komisaris Emiten atau Perusahaan Publik yang berdampak Material [],BUKA,https://www.idx.co.id/StaticData/NewsAndAnnouncement/ANNOUNCEMENTSTOCK/From_EREP/202501/38942e060d_dc4e580365.pdf,20250118_BUKA_Laporan Informasi dan Fakta Material_31846541_lamp1.pdf,,
"20 Jan 2025
					17:52:36",https://www.idx.co.id/StaticData/NewsAndAnnouncement/ANNOUNCEMENTSTOCK/From_EREP/202501/858709323b_a7d05e43a1.pdf,Penjelasan atas Pemberitaan Media Massa [],BUKA,https://www.idx.co.id/StaticData/NewsAndAnnouncement/ANNOUNCEMENTSTOCK/From_EREP/202501/36ce81e96e_00c885bde6.pdf,20250120_BUKA_Tanggapan atas Permintaan Penjelasan Bursa_31846785_lamp1.pdf,,
"23 Jan 2025
					15:59:40",https://www.idx.co.id/StaticData/NewsAndAnnouncement/ANNOUNCEMENTSTOCK/From_EREP/202501/6f655a6d36_575ff15ef6.pdf,Konfirmasi Emiten Grup [],BUKA,https://www.idx.co.id/StaticData/NewsAndAnnouncement/ANNOUNCEMENTSTOCK/From_EREP/202501/c5bb52a42b_ec02b49784.pdf,20250123_BUKA_Konfirmasi Emiten Grup_31847743_lamp1.pdf,,
"30 Jan 2025
					18:06:38",https://www.idx.co.id/StaticData/NewsAndAnnouncement/ANNOUNCEMENTSTOCK/From_EREP/202501/686a294bba_e238e62af0.pdf,Perubahan Internal Audit [],BUKA,https://www.idx.co.id/StaticData/NewsAndAnnouncement/ANNOUNCEMENTSTOCK/From_EREP/202501/d91ecd8ae3_ba6c7660ea.pdf,20250130_BUKA_Perubahan Corsec Komite Audit Alamat NPWP Internal Audit_31848477_lamp1.pdf,,
"07 Jan 2025
					13:17:52",https://www.idx.co.id/StaticData/NewsAndAnnouncement/ANNOUNCEMENTSTOCK/From_EREP/202501/f9226a4220_8b19942197.pdf,Laporan Bulanan Registrasi Pemegang Efek [],CPIN,https://www.idx.co.id/StaticData/NewsAndAnnouncement/ANNOUNCEMENTSTOCK/From_EREP/202501/11fceb3755_bd91b81c35.pdf,20250107_CPIN_Laporan Bulanan Registrasi Pemegang Efek/Perubahan Struktur Pemegang Saham_31843357_lamp1.pdf,,
"21 Jan 2025
					09:55:03",https://www.idx.co.id/StaticData/NewsAndAnnouncement/ANNOUNCEMENTSTOCK/From_EREP/202501/a7a28371ec_abceb7e394.pdf,Konfirmasi Emiten Grup [],CPIN,,,,
"13 Jan 2025
					18:56:54",https://www.idx.co.id/StaticData/NewsAndAnnouncement/ANNOUNCEMENTSTOCK/From_EREP/202501/f91fbf3371_e8c4b094d2.pdf,Laporan Bulanan Registrasi Pemegang Efek [],ESSA,https://www.idx.co.id/StaticData/NewsAndAnnouncement/ANNOUNCEMENTSTOCK/From_EREP/202501/d2473281da_3d93ae3c5e.pdf,20250113_ESSA_Laporan Bulanan Registrasi Pemegang Efek/Perubahan Struktur Pemegang Saham_31845381_lamp1.pdf,,
"02 Jan 2025
					08:42:43",https://www.idx.co.id/StaticData/NewsAndAnnouncement/ANNOUNCEMENTSTOCK/From_EREP/202501/8a79556856_b523d1aff4.pdf,Penjelasan atas Permintaan Penjelasan Bursa [],EXCL,https://www.idx.co.id/StaticData/NewsAndAnnouncement/ANNOUNCEMENTSTOCK/From_EREP/202501/f07c7c3ce0_616493acdb.pdf,20241230_EXCL_Tanggapan atas Permintaan Penjelasan Bursa_31841922_lamp1.pdf,,
"08 Jan 2025
					11:42:19",https://www.idx.co.id/StaticData/NewsAndAnnouncement/ANNOUNCEMENTSTOCK/From_EREP/202501/97d235315d_0bf9116d70.pdf,Pengunduran Diri Direktur Perseroan [],EXCL,,,,
"08 Jan 2025
					18:24:14",https://www.idx.co.id/StaticData/NewsAndAnnouncement/ANNOUNCEMENTSTOCK/From_EREP/202501/b71da76b77_e523a5ede8.pdf,Pemberitahuan Rencana RUPSU PT XL Axiata Tbk [],EXCL,,,,
"08 Jan 2025
					18:24:30",https://www.idx.co.id/StaticData/NewsAndAnnouncement/ANNOUNCEMENTSTOCK/From_EREP/202501/752fe61a9f_24a39c87bd.pdf,Pemberitahuan Rencana RUPO PT XL Axiata Tbk [],EXCL,,,,
"08 Jan 2025
					18:24:57",https://www.idx.co.id/StaticData/NewsAndAnnouncement/ANNOUNCEMENTSTOCK/From_EREP/202501/4982fe1b7e_a538c511e9.pdf,Pemberitahuan Rencana RUPSU PT XL Axiata Tbk [],EXCL,,,,
"08 Jan 2025
					18:25:14",https://www.idx.co.id/StaticData/NewsAndAnnouncement/ANNOUNCEMENTSTOCK/From_EREP/202501/3e07299913_01a8643cd9.pdf,Pemberitahuan Rencana RUPSU PT XL Axiata Tbk [],EXCL,,,,
"08 Jan 2025
					18:25:33",https://www.idx.co.id/StaticData/NewsAndAnnouncement/ANNOUNCEMENTSTOCK/From_EREP/202501/c2e1ffb166_f7c0fb5fe9.pdf,Pemberitahuan Rencana RUPO PT XL Axiata Tbk [],EXCL,,,,
"08 Jan 2025
					18:25:55",https://www.idx.co.id/StaticData/NewsAndAnnouncement/ANNOUNCEMENTSTOCK/From_EREP/202501/20ad2375c9_d0044ea08c.pdf,Pemberitahuan Rencana RUPO PT XL Axiata Tbk [],EXCL,,,,
"08 Jan 2025
					18:26:14",https://www.idx.co.id/StaticData/NewsAndAnnouncement/ANNOUNCEMENTSTOCK/From_EREP/202501/2c73a315ac_028859eb4d.pdf,Pemberitahuan Rencana RUPSU PT XL Axiata Tbk [],EXCL,,,,
"08 Jan 2025
					19:37:24",https://www.idx.co.id/StaticData/NewsAndAnnouncement/ANNOUNCEMENTSTOCK/From_EREP/202501/e8dd30d404_4af1468323.pdf,Penyampaian Bukti Iklan Pengumuman RUPSI atas Sukuk Ijarah Berkelanjutan I XL Axiata Tahap II Tahun 2017 [],EXCL,https://www.idx.co.id/StaticData/NewsAndAnnouncement/ANNOUNCEMENTSTOCK/From_EREP/202501/789fdef7d1_e91d1304cf.pdf,20250108_EXCL_Penyampaian Bukti Iklan_31844163_lamp1.pdf,,
"08 Jan 2025
					19:37:42",https://www.idx.co.id/StaticData/NewsAndAnnouncement/ANNOUNCEMENTSTOCK/From_EREP/202501/db05ea956d_94d391c0f8.pdf,Penyampaian Bukti Iklan Pengumuman RUPSI atas Sukuk Ijarah Berkelanjutan II XL Axiata Tahap I Tahun 2018 [],EXCL,https://www.idx.co.id/StaticData/NewsAndAnnouncement/ANNOUNCEMENTSTOCK/From_EREP/202501/bfe169b81f_d1f6634492.pdf,20250108_EXCL_Penyampaian Bukti Iklan_31844167_lamp1.pdf,,
"08 Jan 2025
					19:38:15",https://www.idx.co.id/StaticData/NewsAndAnnouncement/ANNOUNCEMENTSTOCK/From_EREP/202501/a4b28a5436_79509d904c.pdf,Penyampaian Bukti Iklan Pengumuman RUPO atas Obligasi Berkelanjutan I XL Axiata Tahap II Tahun 2019 [],EXCL,https://www.idx.co.id/StaticData/NewsAndAnnouncement/ANNOUNCEMENTSTOCK/From_EREP/202501/65c2626204_8b592959aa.pdf,20250108_EXCL_Penyampaian Bukti Iklan_31844169_lamp1.pdf,,
"08 Jan 2025
					19:38:39",https://www.idx.co.id/StaticData/NewsAndAnnouncement/ANNOUNCEMENTSTOCK/From_EREP/202501/a0c9cbbf58_7ad5ff0704.pdf,Penyampaian Bukti Iklan Pengumuman RUPO atas Obligasi Berkelanjutan I XL Axiata Tahap I Tahun 2018 [],EXCL,https://www.idx.co.id/StaticData/NewsAndAnnouncement/ANNOUNCEMENTSTOCK/From_EREP/202501/fa62be5955_3bf419f569.pdf,20250108_EXCL_Penyampaian Bukti Iklan_31844170_lamp1.pdf,,
"08 Jan 2025
					19:39:01",https://www.idx.co.id/StaticData/NewsAndAnnouncement/ANNOUNCEMENTSTOCK/From_EREP/202501/be76476873_675be823db.pdf,Penyampaian Bukti Iklan Pengumuman RUPSI atas Sukuk Ijarah Berkelanjutan II XL Axiata Tahap II Tahun 2019  [],EXCL,https://www.idx.co.id/StaticData/NewsAndAnnouncement/ANNOUNCEMENTSTOCK/From_EREP/202501/93eed1c5f6_df5ed6f6ee.pdf,20250108_EXCL_Penyampaian Bukti Iklan_31844172_lamp1.pdf,,
"08 Jan 2025
					19:39:29",https://www.idx.co.id/StaticData/NewsAndAnnouncement/ANNOUNCEMENTSTOCK/From_EREP/202501/71e7210b27_48ee469224.pdf,Penyampaian Bukti Iklan Pengumuman RUPO atas Obligasi Berkelanjutan II XL Axiata Tahap I Tahun 2022 [],EXCL,https://www.idx.co.id/StaticData/NewsAndAnnouncement/ANNOUNCEMENTSTOCK/From_EREP/202501/f3218c7c31_def05782e4.pdf,20250108_EXCL_Penyampaian Bukti Iklan_31844176_lamp1.pdf,,
"08 Jan 2025
					19:39:51",https://www.idx.co.id/StaticData/NewsAndAnnouncement/ANNOUNCEMENTSTOCK/From_EREP/202501/898c22b6e9_3ba8ec0a8b.pdf,Penyampaian Bukti Iklan Pengumuman RUPSI atas Sukuk Ijarah Berkelanjutan III XL Axiata Tahap I Tahun 2022 [],EXCL,https://www.idx.co.id/StaticData/NewsAndAnnouncement/ANNOUNCEMENTSTOCK/From_EREP/202501/a64c39b689_7a7256caf4.pdf,20250108_EXCL_Penyampaian Bukti Iklan_31844177_lamp1.pdf,,
"10 Jan 2025
					12:06:39",https://www.idx.co.id/StaticData/NewsAndAnnouncement/ANNOUNCEMENTSTOCK/From_EREP/202501/c54f1434c6_cfa37afe31.pdf,Laporan Bulanan Registrasi Pemegang Efek [],EXCL,,,,
"15 Jan 2025
					09:56:44",https://www.idx.co.id/StaticData/NewsAndAnnouncement/ANNOUNCEMENTSTOCK/From_EREP/202501/1ffc92c26f_b517a06e16.pdf,Informasi Kupon [],EXCL,,,,
"15 Jan 2025
					09:57:32",https://www.idx.co.id/StaticData/NewsAndAnnouncement/ANNOUNCEMENTSTOCK/From_EREP/202501/83c2e02576_3e95245bcc.pdf,Informasi Ijarah Fee [],EXCL,,,,
"16 Jan 2025
					19:28:55",https://www.idx.co.id/StaticData/NewsAndAnnouncement/ANNOUNCEMENTSTOCK/From_EREP/202501/1334806374_1b4e6deb3d.pdf,Penjelasan atas Permintaan Penjelasan Bursa [],EXCL,https://www.idx.co.id/StaticData/NewsAndAnnouncement/ANNOUNCEMENTSTOCK/From_EREP/202501/3b38c22bc5_d6363d01d0.pdf,20250116_EXCL_Tanggapan atas Permintaan Penjelasan Bursa_31846300_lamp2.pdf,https://www.idx.co.id/StaticData/NewsAndAnnouncement/ANNOUNCEMENTSTOCK/From_EREP/202501/7570095b2d_6c9662ef3f.pdf,20250116_EXCL_Tanggapan atas Permintaan Penjelasan Bursa_31846300_lamp1.pdf
"23 Jan 2025
					16:04:47",https://www.idx.co.id/StaticData/NewsAndAnnouncement/ANNOUNCEMENTSTOCK/From_EREP/202501/baada62667_972656892b.pdf,Penyampaian Bukti Iklan Pemanggilan RUPSI atas Sukuk Ijarah Berkelanjutan I XL Axiata Tahap II Tahun 2017 [],EXCL,https://www.idx.co.id/StaticData/NewsAndAnnouncement/ANNOUNCEMENTSTOCK/From_EREP/202501/5be751a619_50a3997882.pdf,20250123_EXCL_Penyampaian Bukti Iklan_31847649_lamp2.pdf,https://www.idx.co.id/StaticData/NewsAndAnnouncement/ANNOUNCEMENTSTOCK/From_EREP/202501/fcb7221782_7e46f80aaf.pdf,20250123_EXCL_Penyampaian Bukti Iklan_31847649_lamp1.pdf
"23 Jan 2025
					16:11:20",https://www.idx.co.id/StaticData/NewsAndAnnouncement/ANNOUNCEMENTSTOCK/From_EREP/202501/b3848aff95_68c266c44b.pdf,Penyampaian Bukti Iklan Pemanggilan RUPO atas Obligasi Berkelanjutan I XL Axiata Tahap I Tahun 2018 [],EXCL,https://www.idx.co.id/StaticData/NewsAndAnnouncement/ANNOUNCEMENTSTOCK/From_EREP/202501/73463636e7_0fdc40b9a8.pdf,20250123_EXCL_Penyampaian Bukti Iklan_31847652_lamp2.pdf,https://www.idx.co.id/StaticData/NewsAndAnnouncement/ANNOUNCEMENTSTOCK/From_EREP/202501/ff0912f507_cf7f926f9f.pdf,20250123_EXCL_Penyampaian Bukti Iklan_31847652_lamp1.pdf
"23 Jan 2025
					16:13:19",https://www.idx.co.id/StaticData/NewsAndAnnouncement/ANNOUNCEMENTSTOCK/From_EREP/202501/51070509bc_554f73aeba.pdf,Penyampaian Bukti Iklan Pemanggilan RUPSI atas Sukuk Ijarah Berkelanjutan II XL Axiata Tahap I Tahun 2018 [],EXCL,https://www.idx.co.id/StaticData/NewsAndAnnouncement/ANNOUNCEMENTSTOCK/From_EREP/202501/3f61b61548_6f891429c0.pdf,20250123_EXCL_Penyampaian Bukti Iklan_31847653_lamp1.pdf,https://www.idx.co.id/StaticData/NewsAndAnnouncement/ANNOUNCEMENTSTOCK/From_EREP/202501/701e5bf55d_6dd0e6bff5.pdf,20250123_EXCL_Penyampaian Bukti Iklan_31847653_lamp2.pdf
"23 Jan 2025
					16:14:17",https://www.idx.co.id/StaticData/NewsAndAnnouncement/ANNOUNCEMENTSTOCK/From_EREP/202501/5f5ac2d8b2_e119e047c2.pdf,Penyampaian Bukti Iklan Pemanggilan RUPO atas Obligasi Berkelanjutan I XL Axiata Tahap II Tahun 2019 [],EXCL,https://www.idx.co.id/StaticData/NewsAndAnnouncement/ANNOUNCEMENTSTOCK/From_EREP/202501/1b7e4dbd5b_60e9d5c437.pdf,20250123_EXCL_Penyampaian Bukti Iklan_31847654_lamp1.pdf,https://www.idx.co.id/StaticData/NewsAndAnnouncement/ANNOUNCEMENTSTOCK/From_EREP/202501/b9a50b1868_256defce00.pdf,20250123_EXCL_Penyampaian Bukti Iklan_31847654_lamp2.pdf
"23 Jan 2025
					16:16:00",https://www.idx.co.id/StaticData/NewsAndAnnouncement/ANNOUNCEMENTSTOCK/From_EREP/202501/437d46d99e_0534777c82.pdf,Pemberitahuan Panggilan RUPSU PT XL Axiata Tbk [],EXCL,,,,
"23 Jan 2025
					16:18:13",https://www.idx.co.id/StaticData/NewsAndAnnouncement/ANNOUNCEMENTSTOCK/From_EREP/202501/c99562079c_cefcf424b3.pdf,Penyampaian Bukti Iklan Pemanggilan RUPSI atas Sukuk Ijarah Berkelanjutan II XL Axiata Tahap II Tahun 2019 [],EXCL,https://www.idx.co.id/StaticData/NewsAndAnnouncement/ANNOUNCEMENTSTOCK/From_EREP/202501/3e770193ab_503413c630.pdf,20250123_EXCL_Penyampaian Bukti Iklan_31847655_lamp1.pdf,https://www.idx.co.id/StaticData/NewsAndAnnouncement/ANNOUNCEMENTSTOCK/From_EREP/202501/edefcd9a21_f34fb15940.pdf,20250123_EXCL_Penyampaian Bukti Iklan_31847655_lamp2.pdf
"23 Jan 2025
					16:20:48",https://www.idx.co.id/StaticData/NewsAndAnnouncement/ANNOUNCEMENTSTOCK/From_EREP/202501/0b6f4715d3_5e98ab68cd.pdf,Penyampaian Bukti Iklan Pemanggilan RUPO atas Obligasi Berkelanjutan II XL Axiata Tahap I Tahun 2022 [],EXCL,https://www.idx.co.id/StaticData/NewsAndAnnouncement/ANNOUNCEMENTSTOCK/From_EREP/202501/2122c419d9_c207505038.pdf,20250123_EXCL_Penyampaian Bukti Iklan_31847656_lamp2.pdf,https://www.idx.co.id/StaticData/NewsAndAnnouncement/ANNOUNCEMENTSTOCK/From_EREP/202501/4106e1d78f_e953fbd5a7.pdf,20250123_EXCL_Penyampaian Bukti Iklan_31847656_lamp1.pdf
"23 Jan 2025
					16:21:51",https://www.idx.co.id/StaticData/NewsAndAnnouncement/ANNOUNCEMENTSTOCK/From_EREP/202501/a1a14844cb_436e204c46.pdf,Penyampaian Bukti Iklan Pemanggilan RUPSI atas Sukuk Ijarah Berkelanjutan III XL Axiata Tahap I Tahun 2022 [],EXCL,https://www.idx.co.id/StaticData/NewsAndAnnouncement/ANNOUNCEMENTSTOCK/From_EREP/202501/be42990385_b5483f4fd0.pdf,20250123_EXCL_Penyampaian Bukti Iklan_31847657_lamp2.pdf,https://www.idx.co.id/StaticData/NewsAndAnnouncement/ANNOUNCEMENTSTOCK/From_EREP/202501/f044086c80_8ee832d46f.pdf,20250123_EXCL_Penyampaian Bukti Iklan_31847657_lamp1.pdf
"23 Jan 2025
					16:22:39",https://www.idx.co.id/StaticData/NewsAndAnnouncement/ANNOUNCEMENTSTOCK/From_EREP/202501/3e766b52fb_0dd96b5669.pdf,Pemberitahuan Panggilan RUPO PT XL Axiata Tbk [],EXCL,,,,
"23 Jan 2025
					16:23:36",https://www.idx.co.id/StaticData/NewsAndAnnouncement/ANNOUNCEMENTSTOCK/From_EREP/202501/70d2c975d1_62988d6d6f.pdf,Pemberitahuan Panggilan RUPSU PT XL Axiata Tbk [],EXCL,,,,
"23 Jan 2025
					16:24:33",https://www.idx.co.id/StaticData/NewsAndAnnouncement/ANNOUNCEMENTSTOCK/From_EREP/202501/e209282275_d650f3ee25.pdf,Pemberitahuan Panggilan RUPO PT XL Axiata Tbk [],EXCL,,,,
"23 Jan 2025
					16:25:11",https://www.idx.co.id/StaticData/NewsAndAnnouncement/ANNOUNCEMENTSTOCK/From_EREP/202501/02349d07e4_1851c1a49b.pdf,Pemberitahuan Panggilan RUPO PT XL Axiata Tbk [],EXCL,,,,
"23 Jan 2025
					16:26:05",https://www.idx.co.id/StaticData/NewsAndAnnouncement/ANNOUNCEMENTSTOCK/From_EREP/202501/01dd0baaa7_e6b1df3b19.pdf,Pemberitahuan Panggilan RUPSU PT XL Axiata Tbk [],EXCL,,,,
"23 Jan 2025
					16:26:42",https://www.idx.co.id/StaticData/NewsAndAnnouncement/ANNOUNCEMENTSTOCK/From_EREP/202501/940dc20037_a50c9eaaad.pdf,Pemberitahuan Panggilan RUPSU PT XL Axiata Tbk [],EXCL,,,,
"30 Jan 2025
					14:46:03",https://www.idx.co.id/StaticData/NewsAndAnnouncement/ANNOUNCEMENTSTOCK/From_EREP/202501/f5e0222172_2b2f09c038.pdf,Informasi Ijarah Fee [],EXCL,,,,
"31 Jan 2025
					14:33:46",https://www.idx.co.id/StaticData/NewsAndAnnouncement/ANNOUNCEMENTSTOCK/From_EREP/202501/5c864f6894_e4e84e37b8.pdf,Penjelasan atas Permintaan Penjelasan Bursa [],EXCL,https://www.idx.co.id/StaticData/NewsAndAnnouncement/ANNOUNCEMENTSTOCK/From_EREP/202501/b73150d008_2e4dc74905.pdf,20250131_EXCL_Tanggapan atas Permintaan Penjelasan Bursa_31848557_lamp1.pdf,https://www.idx.co.id/StaticData/NewsAndAnnouncement/ANNOUNCEMENTSTOCK/From_EREP/202501/da0416ac25_fc3bb301a4.pdf,20250131_EXCL_Tanggapan atas Permintaan Penjelasan Bursa_31848557_lamp2.pdf
"08 Jan 2025
					11:06:19",https://www.idx.co.id/StaticData/NewsAndAnnouncement/ANNOUNCEMENTSTOCK/From_EREP/202501/df403a5a16_38d1fa0ffb.pdf,Laporan Bulanan Registrasi Pemegang Efek [],GGRM,,,,
"09 Jan 2025
					16:13:44",https://www.idx.co.id/StaticData/NewsAndAnnouncement/ANNOUNCEMENTSTOCK/From_EREP/202501/84fa70fca4_e13c928011.pdf,Laporan Bulanan Registrasi Pemegang Efek [],GOOD,https://www.idx.co.id/StaticData/NewsAndAnnouncement/ANNOUNCEMENTSTOCK/From_EREP/202501/02a2392c94_dbf7f3ad76.pdf,20250109_GOOD_Laporan Bulanan Registrasi Pemegang Efek/Perubahan Struktur Pemegang Saham_31844368_lamp2.pdf,https://www.idx.co.id/StaticData/NewsAndAnnouncement/ANNOUNCEMENTSTOCK/From_EREP/202501/61484d9009_c7d8f7a720.pdf,20250109_GOOD_Laporan Bulanan Registrasi Pemegang Efek/Perubahan Struktur Pemegang Saham_31844368_lamp1.pdf
"09 Jan 2025
					16:39:46",https://www.idx.co.id/StaticData/NewsAndAnnouncement/ANNOUNCEMENTSTOCK/From_EREP/202501/01c52cbb42_93d0861cec.pdf,Laporan Bulanan Registrasi Pemegang Efek [],GOTO,https://www.idx.co.id/StaticData/NewsAndAnnouncement/ANNOUNCEMENTSTOCK/From_EREP/202501/8c511a30e1_539c126a04.pdf,20250109_GOTO_Laporan Bulanan Registrasi Pemegang Efek/Perubahan Struktur Pemegang Saham_31844539_lamp1.pdf,,
"13 Jan 2025
					18:04:10",https://www.idx.co.id/StaticData/NewsAndAnnouncement/ANNOUNCEMENTSTOCK/From_EREP/202501/9568c73d9c_2016fbed39.pdf,Laporan Penggunaan Dana Hasil Penawaran Umum [],GOTO,https://www.idx.co.id/StaticData/NewsAndAnnouncement/ANNOUNCEMENTSTOCK/From_EREP/202501/e2a9b852c5_6adcbffaa7.pdf,20250113_GOTO_Laporan Penggunaan Dana Hasil Penawaran Umum_31845325_lamp1.pdf,,
"06 Jan 2025
					17:28:08",https://www.idx.co.id/StaticData/NewsAndAnnouncement/ANNOUNCEMENTSTOCK/From_EREP/202501/e1c5c4f284_fe23b00a14.pdf,Laporan Bulanan Registrasi Pemegang Efek [],HRUM,,,,
"15 Jan 2025
					18:58:29",https://www.idx.co.id/StaticData/NewsAndAnnouncement/ANNOUNCEMENTSTOCK/From_EREP/202501/994bf4c81c_038e88ccc3.pdf,Laporan Pengalihan Kembali Saham Hasil Buy Back [],HRUM,https://www.idx.co.id/StaticData/NewsAndAnnouncement/ANNOUNCEMENTSTOCK/From_EREP/202501/30b1d20bff_ff76d7e6c4.pdf,20250115_HRUM_Laporan Pengalihan Saham Hasil Buy Back_31845997_lamp1.pdf,,
"10 Jan 2025
					17:11:04",https://www.idx.co.id/StaticData/NewsAndAnnouncement/ANNOUNCEMENTSTOCK/From_EREP/202501/56aa3ed832_ec1bd602a8.pdf,Laporan Bulanan Registrasi Pemegang Efek [],ICBP,,,,
"02 Jan 2025
					12:36:29",https://www.idx.co.id/StaticData/NewsAndAnnouncement/ANNOUNCEMENTSTOCK/From_EREP/202501/89f10e700c_83da587e06.pdf,Perubahan Komite Audit [],INCO,https://www.idx.co.id/StaticData/NewsAndAnnouncement/ANNOUNCEMENTSTOCK/From_EREP/202501/145bfb042a_5b2ac1cd10.pdf,20250102_INCO_Perubahan Corsec Komite Audit Alamat NPWP Internal Audit_31842082_lamp1.pdf,,
"03 Jan 2025
					16:07:50",https://www.idx.co.id/StaticData/NewsAndAnnouncement/ANNOUNCEMENTSTOCK/From_EREP/202501/939f7a9afb_da1b31ab02.pdf,Laporan Bulanan Registrasi Pemegang Efek [],INCO,https://www.idx.co.id/StaticData/NewsAndAnnouncement/ANNOUNCEMENTSTOCK/From_EREP/202501/0d6d525861_9095339312.pdf,20250103_INCO_Laporan Bulanan Registrasi Pemegang Efek/Perubahan Struktur Pemegang Saham_31842432_lamp1.pdf,,
"10 Jan 2025
					13:44:07",https://www.idx.co.id/StaticData/NewsAndAnnouncement/ANNOUNCEMENTSTOCK/From_EREP/202501/1f63aaa78d_3eefe78bb2.pdf,Laporan Bulanan Aktivitas Eksplorasi [],INCO,https://www.idx.co.id/StaticData/NewsAndAnnouncement/ANNOUNCEMENTSTOCK/From_EREP/202501/3f65f218c4_a4e9ab249a.pdf,20250110_INCO_Laporan Bulanan Aktivitas Eksplorasi_31844807_lamp1.pdf,,
"14 Jan 2025
					12:13:36",https://www.idx.co.id/StaticData/NewsAndAnnouncement/ANNOUNCEMENTSTOCK/From_EREP/202501/94920593e1_e1553ad7e6.pdf,Siaran Pers Rapat Umum Pemegang Saham Luar Biasa  [],INCO,https://www.idx.co.id/StaticData/NewsAndAnnouncement/ANNOUNCEMENTSTOCK/From_EREP/202501/2b55facd1c_68f9b78a5a.pdf,20250114_INCO_Laporan Informasi dan Fakta Material_31845492_lamp1.pdf,https://www.idx.co.id/StaticData/NewsAndAnnouncement/ANNOUNCEMENTSTOCK/From_EREP/202501/4ecb276461_af16ec03d9.pdf,20250114_INCO_Laporan Informasi dan Fakta Material_31845492_lamp2.pdf
"15 Jan 2025
					12:57:23",https://www.idx.co.id/StaticData/NewsAndAnnouncement/ANNOUNCEMENTSTOCK/From_EREP/202501/06da2ee1df_8f62c92371.pdf,Penjelasan atas Permintaan Penjelasan Bursa [],INCO,https://www.idx.co.id/StaticData/NewsAndAnnouncement/ANNOUNCEMENTSTOCK/From_EREP/202501/f89ad9cc7c_b23c0a2f1f.pdf,20250115_INCO_Tanggapan atas Permintaan Penjelasan Bursa_31845831_lamp1.pdf,,
"16 Jan 2025
					13:34:17",https://www.idx.co.id/StaticData/NewsAndAnnouncement/ANNOUNCEMENTSTOCK/From_EREP/202501/dc349747b6_226bcbdc3d.pdf,Ringkasan Risalah Rapat Umum Para Pemegang Saham Luar Biasa [],INCO,https://www.idx.co.id/StaticData/NewsAndAnnouncement/ANNOUNCEMENTSTOCK/From_EREP/202501/8c99e214bd_b43373ce56.pdf,20250116_INCO_Ringkasan Risalah/Risalah RUPS_31846164_lamp1.pdf,,
"16 Jan 2025
					22:24:31",https://www.idx.co.id/StaticData/NewsAndAnnouncement/ANNOUNCEMENTSTOCK/From_EREP/202501/63119c5a98_31993c46f1.pdf,Laporan Penggunaan Dana Hasil Penawaran Umum [],INCO,https://www.idx.co.id/StaticData/NewsAndAnnouncement/ANNOUNCEMENTSTOCK/From_EREP/202501/d5bbc92399_af5f5a8bc0.pdf,20250116_INCO_Laporan Penggunaan Dana Hasil Penawaran Umum_31846325_lamp1.pdf,,
"17 Jan 2025
					10:25:02",https://www.idx.co.id/StaticData/NewsAndAnnouncement/ANNOUNCEMENTSTOCK/From_EREP/202501/5f79d19faf_9154e5f5c2.pdf,Penyampaian Bukti Iklan Hasil RUPS [],INCO,https://www.idx.co.id/StaticData/NewsAndAnnouncement/ANNOUNCEMENTSTOCK/From_EREP/202501/86e9d7352c_aeb3530a49.pdf,20250117_INCO_Penyampaian Bukti Iklan_31846353_lamp1.pdf,,
"17 Jan 2025
					18:14:09",https://www.idx.co.id/StaticData/NewsAndAnnouncement/ANNOUNCEMENTSTOCK/From_EREP/202501/cec91d4cd8_faeb207735.pdf,Laporan Penggunaan Dana Hasil Penawaran Umum (KOREKSI) [],INCO,https://www.idx.co.id/StaticData/NewsAndAnnouncement/ANNOUNCEMENTSTOCK/From_EREP/202501/c77f875185_c97c1b7fb4.pdf,20250117_INCO_Laporan Penggunaan Dana Hasil Penawaran Umum_31846514_lamp1.pdf,,
"24 Jan 2025
					16:56:30",https://www.idx.co.id/StaticData/NewsAndAnnouncement/ANNOUNCEMENTSTOCK/From_EREP/202501/79ffd9cc8b_84fc10db3f.pdf,Konfirmasi Emiten Grup [],INCO,https://www.idx.co.id/StaticData/NewsAndAnnouncement/ANNOUNCEMENTSTOCK/From_EREP/202501/a3cb085eb4_37a67bab4e.pdf,20250124_INCO_Konfirmasi Emiten Grup_31848125_lamp1.pdf,,
"22 Jan 2025
					22:26:28",https://www.idx.co.id/StaticData/NewsAndAnnouncement/ANNOUNCEMENTSTOCK/Exchange/Indeks%20Peng-00012-No.%20Peng-00012BEI.POP01-2025.pdf,"Evaluasi Indeks IDX30, LQ45, IDX80, KOMPAS100, BISNIS-27, MNC36, SMinfra18, dan IDXESGL []",INDEKS,https://www.idx.co.id/StaticData/NewsAndAnnouncement/ANNOUNCEMENTSTOCK/Exchange/No.%20Peng-00012_BEI.POP_01-2025-ID.zip,No. Peng-00012_BEI.POP_01-2025-ID.zip,,
"10 Jan 2025
					16:49:20",https://www.idx.co.id/StaticData/NewsAndAnnouncement/ANNOUNCEMENTSTOCK/From_EREP/202501/dae29c8bf7_e031ab8036.pdf,Laporan Bulanan Registrasi Pemegang Efek [],INDF,,,,
"06 Jan 2025
					16:15:26",https://www.idx.co.id/StaticData/NewsAndAnnouncement/ANNOUNCEMENTSTOCK/From_EREP/202501/24bafdf5a2_22ef343b1d.pdf,Laporan Bulanan Registrasi Pemegang Efek [],INKP,https://www.idx.co.id/StaticData/NewsAndAnnouncement/ANNOUNCEMENTSTOCK/From_EREP/202501/c98ab28947_6f1deb3214.pdf,20250106_INKP_Laporan Bulanan Registrasi Pemegang Efek/Perubahan Struktur Pemegang Saham_31842740_lamp1.pdf,,
"07 Jan 2025
					16:02:25",https://www.idx.co.id/StaticData/NewsAndAnnouncement/ANNOUNCEMENTSTOCK/From_EREP/202501/58681e62b9_e21bd2d45b.pdf,Penandatanganan AJB Aset [],INKP,https://www.idx.co.id/StaticData/NewsAndAnnouncement/ANNOUNCEMENTSTOCK/From_EREP/202501/373edc36ce_72c263fc57.pdf,20250107_INKP_Laporan Informasi dan Fakta Material_31843306_lamp1.pdf,,
"15 Jan 2025
					16:51:56",https://www.idx.co.id/StaticData/NewsAndAnnouncement/ANNOUNCEMENTSTOCK/From_EREP/202501/b4786f9c20_b932e91092.pdf,Laporan Penggunaan Dana Hasil Penawaran Umum [],INKP,https://www.idx.co.id/StaticData/NewsAndAnnouncement/ANNOUNCEMENTSTOCK/From_EREP/202501/2e976abbb6_e97e4fea5b.pdf,20250114_INKP_Laporan Penggunaan Dana Hasil Penawaran Umum_31845634_lamp1.pdf,https://www.idx.co.id/StaticData/NewsAndAnnouncement/ANNOUNCEMENTSTOCK/From_EREP/202501/a2cab5f06a_4eeb3310f8.pdf,20250114_INKP_Laporan Penggunaan Dana Hasil Penawaran Umum_31845634_lamp2.pdf
"15 Jan 2025
					17:18:02",https://www.idx.co.id/StaticData/NewsAndAnnouncement/ANNOUNCEMENTSTOCK/From_EREP/202501/a2be4b7c25_9545be3da0.pdf,Perubahan Pemegang Saham Pengendali Terakhir (PSPT) PT Indah Kiat Pulp & Paper Tbk (Perseroan) Dalam Rangka Suksesi Kepemimpinan. [],INKP,https://www.idx.co.id/StaticData/NewsAndAnnouncement/ANNOUNCEMENTSTOCK/From_EREP/202501/76d9338618_da598aca51.pdf,20250115_INKP_Laporan Informasi dan Fakta Material_31845912_lamp1.pdf,,
"20 Jan 2025
					18:20:30",https://www.idx.co.id/StaticData/NewsAndAnnouncement/ANNOUNCEMENTSTOCK/From_EREP/202501/e9d2c9519b_4373ee6584.pdf,Laporan Kepemilikan atau Setiap Perubahan Kepemilikan Saham Perusahaan Terbuka [],INKP,https://www.idx.co.id/StaticData/NewsAndAnnouncement/ANNOUNCEMENTSTOCK/From_EREP/202501/3edb119cb9_c2ffb430a9.pdf,20250120_INKP_Laporan Kepemilikan atau Setiap Perubahan Kepemilikan Saham Perusahaan Terbuka_31846794_lamp1.pdf,,
"20 Jan 2025
					18:22:32",https://www.idx.co.id/StaticData/NewsAndAnnouncement/ANNOUNCEMENTSTOCK/From_EREP/202501/17337cb8bc_fde602af2d.pdf,Laporan Kepemilikan atau Setiap Perubahan Kepemilikan Saham Perusahaan Terbuka [],INKP,https://www.idx.co.id/StaticData/NewsAndAnnouncement/ANNOUNCEMENTSTOCK/From_EREP/202501/80d46cd7c7_8aed81f78e.pdf,20250120_INKP_Laporan Kepemilikan atau Setiap Perubahan Kepemilikan Saham Perusahaan Terbuka_31846792_lamp1.pdf,,
"23 Jan 2025
					17:15:49",https://www.idx.co.id/StaticData/NewsAndAnnouncement/ANNOUNCEMENTSTOCK/From_EREP/202501/52888d00b4_e13d63b80f.pdf,Konfirmasi Emiten Grup [],INKP,https://www.idx.co.id/StaticData/NewsAndAnnouncement/ANNOUNCEMENTSTOCK/From_EREP/202501/09575d2034_0a95da6d50.pdf,20250121_INKP_Konfirmasi Emiten Grup_31846885_lamp1.pdf,https://www.idx.co.id/StaticData/NewsAndAnnouncement/ANNOUNCEMENTSTOCK/From_EREP/202501/bcf0a4ae23_382103e209.pdf,20250121_INKP_Konfirmasi Emiten Grup_31846885_lamp2.pdf
"07 Jan 2025
					21:58:31",https://www.idx.co.id/StaticData/NewsAndAnnouncement/ANNOUNCEMENTSTOCK/From_EREP/202501/6594dcb6f2_cc2e9d8714.pdf,Laporan Bulanan Registrasi Pemegang Efek [],INTP,https://www.idx.co.id/StaticData/NewsAndAnnouncement/ANNOUNCEMENTSTOCK/From_EREP/202501/428235c1ea_7503b650ef.pdf,20250107_INTP_Laporan Bulanan Registrasi Pemegang Efek/Perubahan Struktur Pemegang Saham_31843451_lamp1.pdf,,
"16 Jan 2025
					17:29:46",https://www.idx.co.id/StaticData/NewsAndAnnouncement/ANNOUNCEMENTSTOCK/From_EREP/202501/4b0a6aa6ea_ffe1b064f6.pdf,"Perubahan Direksi entitas anak Perseroan, PT Semen Grobogan []",INTP,https://www.idx.co.id/StaticData/NewsAndAnnouncement/ANNOUNCEMENTSTOCK/From_EREP/202501/748d4c1caa_92dc9c8864.pdf,20250116_INTP_Laporan Informasi dan Fakta Material_31846273_lamp1.pdf,,
"24 Jan 2025
					14:36:51",https://www.idx.co.id/StaticData/NewsAndAnnouncement/ANNOUNCEMENTSTOCK/From_EREP/202501/aadd8c3356_193e3a2a61.pdf,Konfirmasi Emiten Grup [],INTP,https://www.idx.co.id/StaticData/NewsAndAnnouncement/ANNOUNCEMENTSTOCK/From_EREP/202501/6c53f33053_08513f1cc8.pdf,20250124_INTP_Konfirmasi Emiten Grup_31847925_lamp1.pdf,,
"10 Jan 2025
					15:04:21",https://www.idx.co.id/StaticData/NewsAndAnnouncement/ANNOUNCEMENTSTOCK/From_EREP/202501/6fb361b1c7_174ec98202.pdf,Laporan Bulanan Registrasi Pemegang Efek [],ISAT,https://www.idx.co.id/StaticData/NewsAndAnnouncement/ANNOUNCEMENTSTOCK/From_EREP/202501/faa3aaeb8f_4b247f94ac.pdf,20250110_ISAT_Laporan Bulanan Registrasi Pemegang Efek/Perubahan Struktur Pemegang Saham_31844793_lamp1.pdf,https://www.idx.co.id/StaticData/NewsAndAnnouncement/ANNOUNCEMENTSTOCK/From_EREP/202501/fe72bbe707_3f33148166.pdf,20250110_ISAT_Laporan Bulanan Registrasi Pemegang Efek/Perubahan Struktur Pemegang Saham_31844793_lamp2.pdf
"31 Jan 2025
					17:01:40",https://www.idx.co.id/StaticData/NewsAndAnnouncement/ANNOUNCEMENTSTOCK/From_EREP/202501/fb4531e389_7fc4416822.pdf,Konfirmasi Emiten Grup [],ISAT,https://www.idx.co.id/StaticData/NewsAndAnnouncement/ANNOUNCEMENTSTOCK/From_EREP/202501/e0013e0720_c87a3469c3.pdf,20250131_ISAT_Konfirmasi Emiten Grup_31848628_lamp1.pdf,,
"10 Jan 2025
					19:31:29",https://www.idx.co.id/StaticData/NewsAndAnnouncement/ANNOUNCEMENTSTOCK/From_EREP/202501/04503a00ec_46f2762402.pdf,Laporan Bulanan Aktivitas Eksplorasi [],ITMG,https://www.idx.co.id/StaticData/NewsAndAnnouncement/ANNOUNCEMENTSTOCK/From_EREP/202501/e548319b34_d6dfb53147.pdf,20250110_ITMG_Laporan Bulanan Aktivitas Eksplorasi_31845004_lamp1.pdf,,
"10 Jan 2025
					19:36:28",https://www.idx.co.id/StaticData/NewsAndAnnouncement/ANNOUNCEMENTSTOCK/From_EREP/202501/4c5447f40e_8b32a2cd91.pdf,Laporan Bulanan Registrasi Pemegang Efek [],ITMG,https://www.idx.co.id/StaticData/NewsAndAnnouncement/ANNOUNCEMENTSTOCK/From_EREP/202501/d38a5870f3_1d3fcb524b.pdf,20250110_ITMG_Laporan Bulanan Registrasi Pemegang Efek/Perubahan Struktur Pemegang Saham_31845056_lamp2.pdf,https://www.idx.co.id/StaticData/NewsAndAnnouncement/ANNOUNCEMENTSTOCK/From_EREP/202501/fb21bb1f65_c83b34d3f7.pdf,20250110_ITMG_Laporan Bulanan Registrasi Pemegang Efek/Perubahan Struktur Pemegang Saham_31845056_lamp1.pdf
"06 Jan 2025
					15:05:30",https://www.idx.co.id/StaticData/NewsAndAnnouncement/ANNOUNCEMENTSTOCK/From_EREP/202501/1daf7c05f1_17dad941d6.pdf,Laporan Bulanan Registrasi Pemegang Efek [],JSMR,https://www.idx.co.id/StaticData/NewsAndAnnouncement/ANNOUNCEMENTSTOCK/From_EREP/202501/1ca798bea0_91b8f20bd6.pdf,20250106_JSMR_Laporan Bulanan Registrasi Pemegang Efek/Perubahan Struktur Pemegang Saham_31842929_lamp4.pdf,https://www.idx.co.id/StaticData/NewsAndAnnouncement/ANNOUNCEMENTSTOCK/From_EREP/202501/9ccb14f3ee_e1d58d3f17.pdf,20250106_JSMR_Laporan Bulanan Registrasi Pemegang Efek/Perubahan Struktur Pemegang Saham_31842929_lamp1.pdf
"09 Jan 2025
					09:44:07",https://www.idx.co.id/StaticData/NewsAndAnnouncement/ANNOUNCEMENTSTOCK/From_EREP/202501/283fe22c69_4ac21cc432.pdf,Laporan Penggunaan Dana Hasil Penawaran Umum [],JSMR,https://www.idx.co.id/StaticData/NewsAndAnnouncement/ANNOUNCEMENTSTOCK/From_EREP/202501/d36a843c52_9c3362d529.pdf,20250109_JSMR_Laporan Penggunaan Dana Hasil Penawaran Umum_31844254_lamp1.pdf,,
"13 Jan 2025
					16:46:57",https://www.idx.co.id/StaticData/NewsAndAnnouncement/ANNOUNCEMENTSTOCK/From_EREP/202501/57446c5864_38a2b165b2.pdf,Perubahan Corporate Secretary [],JSMR,https://www.idx.co.id/StaticData/NewsAndAnnouncement/ANNOUNCEMENTSTOCK/From_EREP/202501/ee94954f78_df46717e64.pdf,20250113_JSMR_Perubahan Corsec Komite Audit Alamat NPWP Internal Audit_31845320_lamp1.pdf,,
"08 Jan 2025
					16:46:30",https://www.idx.co.id/StaticData/NewsAndAnnouncement/ANNOUNCEMENTSTOCK/From_EREP/202501/6912dd7c93_95e1834d99.pdf,Laporan Bulanan Registrasi Pemegang Efek [],KLBF,https://www.idx.co.id/StaticData/NewsAndAnnouncement/ANNOUNCEMENTSTOCK/From_EREP/202501/ae8ba90698_df6f4b3cd3.pdf,20250107_KLBF_Laporan Bulanan Registrasi Pemegang Efek/Perubahan Struktur Pemegang Saham_31843675_lamp1.pdf,,
"09 Jan 2025
					09:00:37",https://www.idx.co.id/StaticData/NewsAndAnnouncement/ANNOUNCEMENTSTOCK/From_EREP/202501/7f7e30419b_ad72a84d7d.pdf,Pemberitahuan Rencana Rapat Umum Pemegang Saham Luar Biasa [],KLBF,https://www.idx.co.id/StaticData/NewsAndAnnouncement/ANNOUNCEMENTSTOCK/From_EREP/202501/255aa63c8b_7ebffdde04.pdf,20250109_KLBF_Pengumuman RUPS_31844225_lamp2.pdf,https://www.idx.co.id/StaticData/NewsAndAnnouncement/ANNOUNCEMENTSTOCK/From_EREP/202501/7d5160a913_6c8ae915ec.pdf,20250109_KLBF_Pengumuman RUPS_31844225_lamp1.pdf
"10 Jan 2025
					14:44:11",https://www.idx.co.id/StaticData/NewsAndAnnouncement/ANNOUNCEMENTSTOCK/From_EREP/202501/fd1d08f19b_da5f6756ed.pdf,Laporan Pengalihan Kembali Saham Hasil Buy Back [],KLBF,https://www.idx.co.id/StaticData/NewsAndAnnouncement/ANNOUNCEMENTSTOCK/From_EREP/202501/d50b48898d_17e345b5ac.pdf,20250110_KLBF_Laporan Pengalihan Saham Hasil Buy Back_31844741_lamp1.pdf,,
"23 Jan 2025
					09:48:41",https://www.idx.co.id/StaticData/NewsAndAnnouncement/ANNOUNCEMENTSTOCK/From_EREP/202501/d9a368f3c9_4d1f32cac2.pdf,Konfirmasi Emiten Grup [],KLBF,https://www.idx.co.id/StaticData/NewsAndAnnouncement/ANNOUNCEMENTSTOCK/From_EREP/202501/b0fa877526_d5b5d5a0b9.pdf,20250122_KLBF_Konfirmasi Emiten Grup_31847559_lamp1.pdf,,
"24 Jan 2025
					16:33:49",https://www.idx.co.id/StaticData/NewsAndAnnouncement/ANNOUNCEMENTSTOCK/From_EREP/202501/a1f6cb41be_310a34af89.pdf,Pemanggilan Rapat Umum Pemegang Saham Luar Biasa [],KLBF,https://www.idx.co.id/StaticData/NewsAndAnnouncement/ANNOUNCEMENTSTOCK/From_EREP/202501/a30ab0edfa_7694d5b250.pdf,20250124_KLBF_Pemanggilan RUPS_31848074_lamp2.pdf,https://www.idx.co.id/StaticData/NewsAndAnnouncement/ANNOUNCEMENTSTOCK/From_EREP/202501/a8a08a2eba_5a60819935.pdf,20250124_KLBF_Pemanggilan RUPS_31848074_lamp1.pdf
"10 Jan 2025
					18:19:06",https://www.idx.co.id/StaticData/NewsAndAnnouncement/ANNOUNCEMENTSTOCK/From_EREP/202501/30435b6777_f7ec4559e3.pdf,Laporan Bulanan Registrasi Pemegang Efek [],MAPI,https://www.idx.co.id/StaticData/NewsAndAnnouncement/ANNOUNCEMENTSTOCK/From_EREP/202501/088b0add7a_4ea48cc693.pdf,20250106_MAPI_Laporan Bulanan Registrasi Pemegang Efek/Perubahan Struktur Pemegang Saham_31842738_lamp1.pdf,https://www.idx.co.id/StaticData/NewsAndAnnouncement/ANNOUNCEMENTSTOCK/From_EREP/202501/2b0b943b68_974b2ba09b.pdf,20250106_MAPI_Laporan Bulanan Registrasi Pemegang Efek/Perubahan Struktur Pemegang Saham_31842738_lamp2.pdf
"24 Jan 2025
					15:23:40",https://www.idx.co.id/StaticData/NewsAndAnnouncement/ANNOUNCEMENTSTOCK/From_EREP/202501/a11cb6ecbc_cbc339872c.pdf,Konfirmasi Emiten Grup [],MAPI,,,,
"10 Jan 2025
					10:12:21",https://www.idx.co.id/StaticData/NewsAndAnnouncement/ANNOUNCEMENTSTOCK/From_EREP/202501/2439b4d187_29e53ddc95.pdf,Laporan Bulanan Registrasi Pemegang Efek [],MBMA,https://www.idx.co.id/StaticData/NewsAndAnnouncement/ANNOUNCEMENTSTOCK/From_EREP/202501/1c666e9aa8_86113788b8.pdf,20250106_MBMA_Laporan Bulanan Registrasi Pemegang Efek/Perubahan Struktur Pemegang Saham_31842822_lamp3.pdf,https://www.idx.co.id/StaticData/NewsAndAnnouncement/ANNOUNCEMENTSTOCK/From_EREP/202501/4bc3d40b52_360006aa4c.pdf,20250106_MBMA_Laporan Bulanan Registrasi Pemegang Efek/Perubahan Struktur Pemegang Saham_31842822_lamp1.pdf
"10 Jan 2025
					14:28:40",https://www.idx.co.id/StaticData/NewsAndAnnouncement/ANNOUNCEMENTSTOCK/From_EREP/202501/f2aabcf254_98039a341a.pdf,Laporan Bulanan Aktivitas Eksplorasi [],MBMA,https://www.idx.co.id/StaticData/NewsAndAnnouncement/ANNOUNCEMENTSTOCK/From_EREP/202501/015a4e183e_07606b77e7.pdf,20250110_MBMA_Laporan Bulanan Aktivitas Eksplorasi_31844668_lamp1.pdf,https://www.idx.co.id/StaticData/NewsAndAnnouncement/ANNOUNCEMENTSTOCK/From_EREP/202501/780f6ce498_850518c06e.pdf,20250110_MBMA_Laporan Bulanan Aktivitas Eksplorasi_31844668_lamp3.pdf
"15 Jan 2025
					20:19:46",https://www.idx.co.id/StaticData/NewsAndAnnouncement/ANNOUNCEMENTSTOCK/From_EREP/202501/d636cf3088_344caaf1be.pdf,Laporan Penggunaan Dana Hasil Penawaran Umum [],MBMA,https://www.idx.co.id/StaticData/NewsAndAnnouncement/ANNOUNCEMENTSTOCK/From_EREP/202501/b1ae075f9b_a7cc0d0223.pdf,20250109_MBMA_Laporan Penggunaan Dana Hasil Penawaran Umum_31844278_lamp1.pdf,,
"15 Jan 2025
					20:26:06",https://www.idx.co.id/StaticData/NewsAndAnnouncement/ANNOUNCEMENTSTOCK/From_EREP/202501/9beb533135_e7c996faae.pdf,Laporan Penggunaan Dana Hasil Penawaran Umum [],MBMA,https://www.idx.co.id/StaticData/NewsAndAnnouncement/ANNOUNCEMENTSTOCK/From_EREP/202501/c40575d2b7_187c5a3047.pdf,20250109_MBMA_Laporan Penggunaan Dana Hasil Penawaran Umum_31844313_lamp1.pdf,,
"15 Jan 2025
					20:38:35",https://www.idx.co.id/StaticData/NewsAndAnnouncement/ANNOUNCEMENTSTOCK/From_EREP/202501/7c6f56b060_5a673027d6.pdf,Laporan Penggunaan Dana Hasil Penawaran Umum [],MBMA,https://www.idx.co.id/StaticData/NewsAndAnnouncement/ANNOUNCEMENTSTOCK/From_EREP/202501/f7fb99a332_6cf7fac5bf.pdf,20250109_MBMA_Laporan Penggunaan Dana Hasil Penawaran Umum_31844322_lamp1.pdf,,
"10 Jan 2025
					11:26:20",https://www.idx.co.id/StaticData/NewsAndAnnouncement/ANNOUNCEMENTSTOCK/From_EREP/202501/677757bfe6_7cf444411c.pdf,Laporan Bulanan Registrasi Pemegang Efek [],MDKA,https://www.idx.co.id/StaticData/NewsAndAnnouncement/ANNOUNCEMENTSTOCK/From_EREP/202501/120af55beb_8ca7386d4c.pdf,20250106_MDKA_Laporan Bulanan Registrasi Pemegang Efek/Perubahan Struktur Pemegang Saham_31842827_lamp2.pdf,https://www.idx.co.id/StaticData/NewsAndAnnouncement/ANNOUNCEMENTSTOCK/From_EREP/202501/30eec062c9_2da9857e1e.pdf,20250106_MDKA_Laporan Bulanan Registrasi Pemegang Efek/Perubahan Struktur Pemegang Saham_31842827_lamp4.pdf
"10 Jan 2025
					15:47:01",https://www.idx.co.id/StaticData/NewsAndAnnouncement/ANNOUNCEMENTSTOCK/From_EREP/202501/9f67e7176c_fdc1e6ac6c.pdf,Laporan Bulanan Aktivitas Eksplorasi [],MDKA,https://www.idx.co.id/StaticData/NewsAndAnnouncement/ANNOUNCEMENTSTOCK/From_EREP/202501/8657cbb3f6_2ce740fa14.pdf,20250110_MDKA_Laporan Bulanan Aktivitas Eksplorasi_31844738_lamp1.pdf,,
"15 Jan 2025
					14:59:06",https://www.idx.co.id/StaticData/NewsAndAnnouncement/ANNOUNCEMENTSTOCK/From_EREP/202501/2953fa6696_1a61cc0db9.pdf,Laporan Penggunaan Dana Hasil Penawaran Umum [],MDKA,https://www.idx.co.id/StaticData/NewsAndAnnouncement/ANNOUNCEMENTSTOCK/From_EREP/202501/36784879d2_29842cf21c.pdf,20250114_MDKA_Laporan Penggunaan Dana Hasil Penawaran Umum_31845413_lamp1.pdf,,
"15 Jan 2025
					17:54:37",https://www.idx.co.id/StaticData/NewsAndAnnouncement/ANNOUNCEMENTSTOCK/From_EREP/202501/559566c5d0_068534be52.pdf,Laporan Pengalihan Kembali Saham Hasil Buy Back [],MDKA,https://www.idx.co.id/StaticData/NewsAndAnnouncement/ANNOUNCEMENTSTOCK/From_EREP/202501/71fb60f753_f14d159550.pdf,20250113_MDKA_Laporan Pengalihan Saham Hasil Buy Back_31845123_lamp1.pdf,,
"22 Jan 2025
					17:46:47",https://www.idx.co.id/StaticData/NewsAndAnnouncement/ANNOUNCEMENTSTOCK/From_EREP/202607/ca7aa2745d_f7e429b92b.pdf,Perubahan Klasifikasi Industri [],MDKA,https://www.idx.co.id/StaticData/NewsAndAnnouncement/ANNOUNCEMENTSTOCK/From_EREP/202607/04ab32ca10_b6a16280b3.pdf,20250122_MDKA_Perubahan Nama / Kode / Sektor dan Sub Sektor_31847431_lamp1.pdf,https://www.idx.co.id/StaticData/NewsAndAnnouncement/ANNOUNCEMENTSTOCK/From_EREP/202607/2772e08c0d_e986814d2d.pdf,20250122_MDKA_Perubahan Nama / Kode / Sektor dan Sub Sektor_31847431_lamp2.pdf
"07 Jan 2025
					11:36:13",https://www.idx.co.id/StaticData/NewsAndAnnouncement/ANNOUNCEMENTSTOCK/From_EREP/202501/ad597e0b59_86e29411fc.pdf,Pengumuman Bursa Pencatatan Awal Obligasi dan Sukuk [],MEDC,https://www.idx.co.id/StaticData/NewsAndAnnouncement/ANNOUNCEMENTSTOCK/From_EREP/202501/e77e518c21_d30fc552f5.pdf,20250107_MEDC_Pengumuman Pencatatan Awal Obligasi dan Sukuk_31843237_lamp1.pdf,,
"07 Jan 2025
					15:42:06",https://www.idx.co.id/StaticData/NewsAndAnnouncement/ANNOUNCEMENTSTOCK/From_EREP/202501/c1453e18eb_b9bad7d9dd.pdf,Laporan Bulanan Registrasi Pemegang Efek [],MEDC,https://www.idx.co.id/StaticData/NewsAndAnnouncement/ANNOUNCEMENTSTOCK/From_EREP/202501/7a390be7bc_dec77e0347.pdf,20250107_MEDC_Laporan Bulanan Registrasi Pemegang Efek/Perubahan Struktur Pemegang Saham_31843526_lamp1.pdf,,
"10 Jan 2025
					16:44:39",https://www.idx.co.id/StaticData/NewsAndAnnouncement/ANNOUNCEMENTSTOCK/From_EREP/202501/d1c9c67f5e_6d67115d1d.pdf,Laporan Penggunaan Dana Hasil Penawaran Umum [],MEDC,https://www.idx.co.id/StaticData/NewsAndAnnouncement/ANNOUNCEMENTSTOCK/From_EREP/202501/65a117c9a9_1bbbf3c375.pdf,20250110_MEDC_Laporan Penggunaan Dana Hasil Penawaran Umum_31844959_lamp1.pdf,,
"10 Jan 2025
					18:13:25",https://www.idx.co.id/StaticData/NewsAndAnnouncement/ANNOUNCEMENTSTOCK/From_EREP/202501/cb1b451efc_fed3f47cf6.pdf,Laporan Bulanan Aktivitas Eksplorasi [],MEDC,https://www.idx.co.id/StaticData/NewsAndAnnouncement/ANNOUNCEMENTSTOCK/From_EREP/202501/0c5395c6fc_78cc278595.pdf,20250110_MEDC_Laporan Bulanan Aktivitas Eksplorasi_31845034_lamp2.pdf,https://www.idx.co.id/StaticData/NewsAndAnnouncement/ANNOUNCEMENTSTOCK/From_EREP/202501/d7be03f27a_e19a97e11a.pdf,20250110_MEDC_Laporan Bulanan Aktivitas Eksplorasi_31845034_lamp1.pdf
"10 Jan 2025
					18:50:15",https://www.idx.co.id/StaticData/NewsAndAnnouncement/ANNOUNCEMENTSTOCK/From_EREP/202501/ae6bd025a5_8fddebe97d.pdf,Laporan Bulanan Aktivitas Eksplorasi (KOREKSI) [],MEDC,https://www.idx.co.id/StaticData/NewsAndAnnouncement/ANNOUNCEMENTSTOCK/From_EREP/202501/a777bf185a_f36a7a37e4.pdf,20250110_MEDC_Laporan Bulanan Aktivitas Eksplorasi_31845048_lamp2.pdf,https://www.idx.co.id/StaticData/NewsAndAnnouncement/ANNOUNCEMENTSTOCK/From_EREP/202501/bd17915b4c_84e9071e01.pdf,20250110_MEDC_Laporan Bulanan Aktivitas Eksplorasi_31845048_lamp1.pdf
"14 Jan 2025
					14:42:51",https://www.idx.co.id/StaticData/NewsAndAnnouncement/ANNOUNCEMENTSTOCK/From_EREP/202501/3b1a6d586c_73b03b443a.pdf,Perjanjian Pinjam Meminjam antara Perseroan dengan Medco Bell Pte. Ltd. [],MEDC,https://www.idx.co.id/StaticData/NewsAndAnnouncement/ANNOUNCEMENTSTOCK/From_EREP/202501/beb34b5676_60333f0a33.pdf,20250114_MEDC_Laporan Informasi dan Fakta Material_31845561_lamp1.pdf,,
"15 Jan 2025
					12:13:00",https://www.idx.co.id/StaticData/NewsAndAnnouncement/ANNOUNCEMENTSTOCK/From_EREP/202501/321535fdeb_0c838555f7.pdf,Laporan Pengalihan Kembali Saham Hasil Buy Back [],MEDC,,,,
"15 Jan 2025
					12:19:13",https://www.idx.co.id/StaticData/NewsAndAnnouncement/ANNOUNCEMENTSTOCK/From_EREP/202501/1c5a34b594_fea7f7c06d.pdf,Laporan Pengalihan Kembali Saham Hasil Buy Back [],MEDC,,,,
"15 Jan 2025
					12:25:52",https://www.idx.co.id/StaticData/NewsAndAnnouncement/ANNOUNCEMENTSTOCK/From_EREP/202501/7aa95731f1_6d4076a355.pdf,Laporan Pengalihan Kembali Saham Hasil Buy Back [],MEDC,,,,
"16 Jan 2025
					15:07:44",https://www.idx.co.id/StaticData/NewsAndAnnouncement/ANNOUNCEMENTSTOCK/From_EREP/202501/8de6823a9a_0d5535a7b6.pdf,Laporan Bulanan Aktivitas Eksplorasi (KOREKSI) [],MEDC,https://www.idx.co.id/StaticData/NewsAndAnnouncement/ANNOUNCEMENTSTOCK/From_EREP/202501/cb18e69c07_6f0de49834.pdf,20250116_MEDC_Laporan Bulanan Aktivitas Eksplorasi_31846231_lamp2.pdf,https://www.idx.co.id/StaticData/NewsAndAnnouncement/ANNOUNCEMENTSTOCK/From_EREP/202501/d2e43f9b82_0fdee4e41c.pdf,20250116_MEDC_Laporan Bulanan Aktivitas Eksplorasi_31846231_lamp1.pdf
"07 Jan 2025
					16:36:40",https://www.idx.co.id/StaticData/NewsAndAnnouncement/ANNOUNCEMENTSTOCK/From_EREP/202501/8a5961d53e_85ec4eb551.pdf,Laporan Bulanan Registrasi Pemegang Efek [],MTEL,https://www.idx.co.id/StaticData/NewsAndAnnouncement/ANNOUNCEMENTSTOCK/From_EREP/202501/57afc90261_6d19543b6e.pdf,20250107_MTEL_Laporan Bulanan Registrasi Pemegang Efek/Perubahan Struktur Pemegang Saham_31843504_lamp1.pdf,,
"14 Jan 2025
					14:44:30",https://www.idx.co.id/StaticData/NewsAndAnnouncement/ANNOUNCEMENTSTOCK/From_EREP/202501/337b998c80_70ca56910c.pdf,Laporan Penggunaan Dana Hasil Penawaran Umum [],MTEL,https://www.idx.co.id/StaticData/NewsAndAnnouncement/ANNOUNCEMENTSTOCK/From_EREP/202501/3571045c66_d14a3e22e8.pdf,20250111_MTEL_Laporan Penggunaan Dana Hasil Penawaran Umum_31845096_lamp1.pdf,,
"14 Jan 2025
					15:28:49",https://www.idx.co.id/StaticData/NewsAndAnnouncement/ANNOUNCEMENTSTOCK/From_EREP/202501/21da78f689_6d45478b2a.pdf,Laporan Penggunaan Dana Hasil Penawaran Umum [],MTEL,https://www.idx.co.id/StaticData/NewsAndAnnouncement/ANNOUNCEMENTSTOCK/From_EREP/202501/857883611f_88df7e54a8.pdf,20250114_MTEL_Laporan Penggunaan Dana Hasil Penawaran Umum_31845587_lamp1.pdf,,
"23 Jan 2025
					17:45:43",https://www.idx.co.id/StaticData/NewsAndAnnouncement/ANNOUNCEMENTSTOCK/From_EREP/202501/f8220c309f_5518d15285.pdf,Konfirmasi Emiten Grup [],MTEL,https://www.idx.co.id/StaticData/NewsAndAnnouncement/ANNOUNCEMENTSTOCK/From_EREP/202501/8200daa133_87770e7ea0.pdf,20250123_MTEL_Konfirmasi Emiten Grup_31847786_lamp1.pdf,,
"07 Jan 2025
					19:41:18",https://www.idx.co.id/StaticData/NewsAndAnnouncement/ANNOUNCEMENTSTOCK/From_EREP/202501/7b791d5ee0_c2e30fcbd0.pdf,Laporan Bulanan Registrasi Pemegang Efek [],PGAS,https://www.idx.co.id/StaticData/NewsAndAnnouncement/ANNOUNCEMENTSTOCK/From_EREP/202501/260848b3dc_7f18ceb8ba.pdf,20250107_PGAS_Laporan Bulanan Registrasi Pemegang Efek/Perubahan Struktur Pemegang Saham_31843677_lamp2.pdf,https://www.idx.co.id/StaticData/NewsAndAnnouncement/ANNOUNCEMENTSTOCK/From_EREP/202501/45fa0a7901_6e7f3b5387.pdf,20250107_PGAS_Laporan Bulanan Registrasi Pemegang Efek/Perubahan Struktur Pemegang Saham_31843677_lamp4.pdf
"09 Jan 2025
					21:55:52",https://www.idx.co.id/StaticData/NewsAndAnnouncement/ANNOUNCEMENTSTOCK/From_EREP/202501/9fc5fadd26_49f0300716.pdf,"Siaran Pers - PGN Gandeng BUMD Papua Barat, Optimalkan Pemanfaatan LNG Tangguh []",PGAS,https://www.idx.co.id/StaticData/NewsAndAnnouncement/ANNOUNCEMENTSTOCK/From_EREP/202501/116fc3b6ac_b5022ad3a2.pdf,20250109_PGAS_Laporan Informasi dan Fakta Material_31844656_lamp1.pdf,https://www.idx.co.id/StaticData/NewsAndAnnouncement/ANNOUNCEMENTSTOCK/From_EREP/202501/4578b651b3_76624e0195.pdf,20250109_PGAS_Laporan Informasi dan Fakta Material_31844656_lamp2.pdf
"10 Jan 2025
					20:04:38",https://www.idx.co.id/StaticData/NewsAndAnnouncement/ANNOUNCEMENTSTOCK/From_EREP/202501/97799d88e2_abca11a17e.pdf,"Siaran Pers - PGN Dapat Pasokan Gas 4.651 BBTU dari Blok Jabung, Amankan Kebutuhan Domestik []",PGAS,https://www.idx.co.id/StaticData/NewsAndAnnouncement/ANNOUNCEMENTSTOCK/From_EREP/202501/6e9d8d9486_d090bd3000.pdf,20250110_PGAS_Laporan Informasi dan Fakta Material_31845063_lamp1.pdf,https://www.idx.co.id/StaticData/NewsAndAnnouncement/ANNOUNCEMENTSTOCK/From_EREP/202501/c2c62cf3d5_e103995fc7.pdf,20250110_PGAS_Laporan Informasi dan Fakta Material_31845063_lamp2.pdf
"09 Jan 2025
					09:24:26",https://www.idx.co.id/StaticData/NewsAndAnnouncement/ANNOUNCEMENTSTOCK/From_EREP/202501/71d70ba034_86c6818222.pdf,Laporan Bulanan Registrasi Pemegang Efek [],PGEO,https://www.idx.co.id/StaticData/NewsAndAnnouncement/ANNOUNCEMENTSTOCK/From_EREP/202501/0e0fecc14c_8b4a493f07.pdf,20250108_PGEO_Laporan Bulanan Registrasi Pemegang Efek/Perubahan Struktur Pemegang Saham_31843931_lamp3.pdf,https://www.idx.co.id/StaticData/NewsAndAnnouncement/ANNOUNCEMENTSTOCK/From_EREP/202501/599b261baf_3d7d66c0bd.pdf,20250108_PGEO_Laporan Bulanan Registrasi Pemegang Efek/Perubahan Struktur Pemegang Saham_31843931_lamp4.pdf
"15 Jan 2025
					17:45:17",https://www.idx.co.id/StaticData/NewsAndAnnouncement/ANNOUNCEMENTSTOCK/From_EREP/202501/bf40065f23_87ed840de5.pdf,Laporan Penggunaan Dana Hasil Penawaran Umum [],PGEO,https://www.idx.co.id/StaticData/NewsAndAnnouncement/ANNOUNCEMENTSTOCK/From_EREP/202501/fcb5ce917c_9082f0d424.pdf,20250115_PGEO_Laporan Penggunaan Dana Hasil Penawaran Umum_31845902_lamp1.pdf,,
"06 Jan 2025
					10:51:05",https://www.idx.co.id/StaticData/NewsAndAnnouncement/ANNOUNCEMENTSTOCK/From_EREP/202501/ed7310bf3a_d73b32a93c.pdf,Laporan Bulanan Registrasi Pemegang Efek [],PTBA,https://www.idx.co.id/StaticData/NewsAndAnnouncement/ANNOUNCEMENTSTOCK/From_EREP/202501/3e8e729e28_6a0a883344.pdf,20250106_PTBA_Laporan Bulanan Registrasi Pemegang Efek/Perubahan Struktur Pemegang Saham_31842754_lamp1.pdf,https://www.idx.co.id/StaticData/NewsAndAnnouncement/ANNOUNCEMENTSTOCK/From_EREP/202501/59d6e57d45_3bfee646b2.pdf,20250106_PTBA_Laporan Bulanan Registrasi Pemegang Efek/Perubahan Struktur Pemegang Saham_31842754_lamp3.pdf
"06 Jan 2025
					10:54:41",https://www.idx.co.id/StaticData/NewsAndAnnouncement/ANNOUNCEMENTSTOCK/From_EREP/202501/6f3e51bb36_d983ae82cc.pdf,Laporan Bulanan Registrasi Pemegang Efek (KOREKSI) [],PTBA,https://www.idx.co.id/StaticData/NewsAndAnnouncement/ANNOUNCEMENTSTOCK/From_EREP/202501/2c5ca93265_af7f2de472.pdf,20250106_PTBA_Laporan Bulanan Registrasi Pemegang Efek/Perubahan Struktur Pemegang Saham_31842764_lamp1.pdf,https://www.idx.co.id/StaticData/NewsAndAnnouncement/ANNOUNCEMENTSTOCK/From_EREP/202501/36fed6450d_72e4c589bb.pdf,20250106_PTBA_Laporan Bulanan Registrasi Pemegang Efek/Perubahan Struktur Pemegang Saham_31842764_lamp3.pdf
"08 Jan 2025
					11:10:05",https://www.idx.co.id/StaticData/NewsAndAnnouncement/ANNOUNCEMENTSTOCK/From_EREP/202501/b20b260cd5_f6918529d0.pdf,Laporan Bulanan Aktivitas Eksplorasi [],PTBA,https://www.idx.co.id/StaticData/NewsAndAnnouncement/ANNOUNCEMENTSTOCK/From_EREP/202501/59f0489687_738a69f11e.pdf,20250108_PTBA_Laporan Bulanan Aktivitas Eksplorasi_31843829_lamp1.pdf,,
"21 Jan 2025
					09:01:59",https://www.idx.co.id/StaticData/NewsAndAnnouncement/ANNOUNCEMENTSTOCK/From_EREP/202501/3d0224a5c3_c04fb970ae.pdf,Konfirmasi Emiten Grup [],PTBA,https://www.idx.co.id/StaticData/NewsAndAnnouncement/ANNOUNCEMENTSTOCK/From_EREP/202501/60d6eba4b3_7614020f21.pdf,20250121_PTBA_Konfirmasi Emiten Grup_31846858_lamp1.pdf,,
"24 Jan 2025
					15:56:37",https://www.idx.co.id/StaticData/NewsAndAnnouncement/ANNOUNCEMENTSTOCK/From_EREP/202501/00eb55eaec_da7996bb2e.pdf,Konfirmasi Emiten Grup (KOREKSI) [],PTBA,https://www.idx.co.id/StaticData/NewsAndAnnouncement/ANNOUNCEMENTSTOCK/From_EREP/202501/f6cb0d4ec9_0bcd5399e9.pdf,20250124_PTBA_Konfirmasi Emiten Grup_31848076_lamp1.pdf,,
"02 Jan 2025
					15:08:22",https://www.idx.co.id/StaticData/NewsAndAnnouncement/ANNOUNCEMENTSTOCK/From_EREP/202501/377f884f24_40c8777648.pdf,Pemegang Saham di atas 5% (KSEI) [],Semua Emiten Saham,https://www.idx.co.id/StaticData/NewsAndAnnouncement/ANNOUNCEMENTSTOCK/From_EREP/202501/7ed922b40e_648f02d05e.pdf,20250102_Semua Emiten Saham_Pengumuman Bursa_31842107_lamp1.pdf,,
"03 Jan 2025
					17:04:59",https://www.idx.co.id/StaticData/NewsAndAnnouncement/ANNOUNCEMENTSTOCK/From_EREP/202501/2b5073dfb6_cd2fcffda5.pdf,Pemegang Saham di atas 5% (KSEI) [],Semua Emiten Saham,https://www.idx.co.id/StaticData/NewsAndAnnouncement/ANNOUNCEMENTSTOCK/From_EREP/202501/54870f8e11_db1ff80278.pdf,20250103_Semua Emiten Saham_Pengumuman Bursa_31842342_lamp1.pdf,,
"06 Jan 2025
					16:45:08",https://www.idx.co.id/StaticData/NewsAndAnnouncement/ANNOUNCEMENTSTOCK/From_EREP/202501/5d97a8a138_7a14f777d9.pdf,Pemegang Saham di atas 5% (KSEI) [],Semua Emiten Saham,https://www.idx.co.id/StaticData/NewsAndAnnouncement/ANNOUNCEMENTSTOCK/From_EREP/202501/61c0030a30_5dd24cd574.pdf,20250106_Semua Emiten Saham_Pengumuman Bursa_31842834_lamp1.pdf,,
"07 Jan 2025
					13:36:49",https://www.idx.co.id/StaticData/NewsAndAnnouncement/ANNOUNCEMENTSTOCK/From_EREP/202501/0645ade049_24900041fc.pdf,Pemegang Saham di atas 5% (KSEI) [],Semua Emiten Saham,https://www.idx.co.id/StaticData/NewsAndAnnouncement/ANNOUNCEMENTSTOCK/From_EREP/202501/8cd4e4098c_8d322b4514.pdf,20250107_Semua Emiten Saham_Pengumuman Bursa_31843338_lamp1.pdf,,
"08 Jan 2025
					15:58:11",https://www.idx.co.id/StaticData/NewsAndAnnouncement/ANNOUNCEMENTSTOCK/From_EREP/202501/43beeae0c5_a2290f54b2.pdf,Pemegang Saham di atas 5% (KSEI) [],Semua Emiten Saham,https://www.idx.co.id/StaticData/NewsAndAnnouncement/ANNOUNCEMENTSTOCK/From_EREP/202501/6c75b03f8b_829b5d2eda.pdf,20250108_Semua Emiten Saham_Pengumuman Bursa_31843948_lamp1.pdf,,
"09 Jan 2025
					14:48:09",https://www.idx.co.id/StaticData/NewsAndAnnouncement/ANNOUNCEMENTSTOCK/From_EREP/202501/63238b30fd_17e5956f39.pdf,Pemegang Saham di atas 5% (KSEI) [],Semua Emiten Saham,https://www.idx.co.id/StaticData/NewsAndAnnouncement/ANNOUNCEMENTSTOCK/From_EREP/202501/19d9d24b4b_fdd3c1e6c6.pdf,20250109_Semua Emiten Saham_Pengumuman Bursa_31844444_lamp1.pdf,,
"10 Jan 2025
					16:09:15",https://www.idx.co.id/StaticData/NewsAndAnnouncement/ANNOUNCEMENTSTOCK/From_EREP/202501/a76749cf7c_ada263de96.pdf,Pemegang Saham di atas 5% (KSEI) [],Semua Emiten Saham,https://www.idx.co.id/StaticData/NewsAndAnnouncement/ANNOUNCEMENTSTOCK/From_EREP/202501/3a61aa1bd4_80a525d8e0.pdf,20250110_Semua Emiten Saham_Pengumuman Bursa_31844790_lamp1.pdf,,
"13 Jan 2025
					14:55:53",https://www.idx.co.id/StaticData/NewsAndAnnouncement/ANNOUNCEMENTSTOCK/From_EREP/202501/8c02efd6e7_83af939405.pdf,Pemegang Saham di atas 5% (KSEI) [],Semua Emiten Saham,https://www.idx.co.id/StaticData/NewsAndAnnouncement/ANNOUNCEMENTSTOCK/From_EREP/202501/f2913f6906_b89299843c.pdf,20250113_Semua Emiten Saham_Pengumuman Bursa_31845242_lamp1.pdf,,
"14 Jan 2025
					15:13:47",https://www.idx.co.id/StaticData/NewsAndAnnouncement/ANNOUNCEMENTSTOCK/From_EREP/202501/023cee059f_d335002636.pdf,Pemegang Saham di atas 5% (KSEI) [],Semua Emiten Saham,https://www.idx.co.id/StaticData/NewsAndAnnouncement/ANNOUNCEMENTSTOCK/From_EREP/202501/ab2641810c_661b973a78.pdf,20250114_Semua Emiten Saham_Pengumuman Bursa_31845572_lamp1.pdf,,
"15 Jan 2025
					16:27:42",https://www.idx.co.id/StaticData/NewsAndAnnouncement/ANNOUNCEMENTSTOCK/From_EREP/202501/9eda97cbd8_507a6918db.pdf,Pemegang Saham di atas 5% (KSEI) [],Semua Emiten Saham,https://www.idx.co.id/StaticData/NewsAndAnnouncement/ANNOUNCEMENTSTOCK/From_EREP/202501/df4496c8ec_72056d33eb.pdf,20250115_Semua Emiten Saham_Pengumuman Bursa_31845861_lamp1.pdf,,
"16 Jan 2025
					14:57:11",https://www.idx.co.id/StaticData/NewsAndAnnouncement/ANNOUNCEMENTSTOCK/From_EREP/202501/92b09e0211_a7a8834528.pdf,Pemegang Saham di atas 5% (KSEI) [],Semua Emiten Saham,https://www.idx.co.id/StaticData/NewsAndAnnouncement/ANNOUNCEMENTSTOCK/From_EREP/202501/ad67c11ca5_2c7f2ab2b0.pdf,20250116_Semua Emiten Saham_Pengumuman Bursa_31846179_lamp1.pdf,,
"17 Jan 2025
					15:59:06",https://www.idx.co.id/StaticData/NewsAndAnnouncement/ANNOUNCEMENTSTOCK/From_EREP/202501/da0e1ab38d_40d60d5015.pdf,Pemegang Saham di atas 5% (KSEI) [],Semua Emiten Saham,https://www.idx.co.id/StaticData/NewsAndAnnouncement/ANNOUNCEMENTSTOCK/From_EREP/202501/8aa6a14461_e8bb28b123.pdf,20250117_Semua Emiten Saham_Pengumuman Bursa_31846386_lamp1.pdf,,
"20 Jan 2025
					17:50:01",https://www.idx.co.id/StaticData/NewsAndAnnouncement/ANNOUNCEMENTSTOCK/From_EREP/202501/f646d592f3_75c72e92cb.pdf,Pemegang Saham di atas 5% (KSEI) [],Semua Emiten Saham,https://www.idx.co.id/StaticData/NewsAndAnnouncement/ANNOUNCEMENTSTOCK/From_EREP/202501/3de855f098_2e56937eb4.pdf,20250120_Semua Emiten Saham_Pengumuman Bursa_31846598_lamp1.pdf,,
"21 Jan 2025
					17:08:25",https://www.idx.co.id/StaticData/NewsAndAnnouncement/ANNOUNCEMENTSTOCK/From_EREP/202501/80dea55f58_c4c2245e69.pdf,Pemegang Saham di atas 5% (KSEI) [],Semua Emiten Saham,https://www.idx.co.id/StaticData/NewsAndAnnouncement/ANNOUNCEMENTSTOCK/From_EREP/202501/5622723716_3d6e9f876e.pdf,20250121_Semua Emiten Saham_Pengumuman Bursa_31846941_lamp1.pdf,,
"22 Jan 2025
					16:45:01",https://www.idx.co.id/StaticData/NewsAndAnnouncement/ANNOUNCEMENTSTOCK/From_EREP/202501/d949e38086_c5ddee34ee.pdf,Pemegang Saham di atas 5% (KSEI) [],Semua Emiten Saham,https://www.idx.co.id/StaticData/NewsAndAnnouncement/ANNOUNCEMENTSTOCK/From_EREP/202501/c121470ceb_40ea01e88e.pdf,20250122_Semua Emiten Saham_Pengumuman Bursa_31847369_lamp1.pdf,,
"23 Jan 2025
					13:09:12",https://www.idx.co.id/StaticData/NewsAndAnnouncement/ANNOUNCEMENTSTOCK/From_EREP/202501/ac05506118_a108ab7eee.pdf,Pemegang Saham di atas 5% (KSEI) [],Semua Emiten Saham,https://www.idx.co.id/StaticData/NewsAndAnnouncement/ANNOUNCEMENTSTOCK/From_EREP/202501/4c089c91e5_83c08a97bf.pdf,20250123_Semua Emiten Saham_Pengumuman Bursa_31847658_lamp1.pdf,,
"24 Jan 2025
					22:14:53",https://www.idx.co.id/StaticData/NewsAndAnnouncement/ANNOUNCEMENTSTOCK/From_EREP/202501/c75a34b8e1_725b32863a.pdf,Pemegang Saham di atas 5% (KSEI) [],Semua Emiten Saham,https://www.idx.co.id/StaticData/NewsAndAnnouncement/ANNOUNCEMENTSTOCK/From_EREP/202501/56e38e91e4_5721684885.pdf,20250124_Semua Emiten Saham_Pengumuman Bursa_31847942_lamp1.pdf,,
"30 Jan 2025
					15:55:43",https://www.idx.co.id/StaticData/NewsAndAnnouncement/ANNOUNCEMENTSTOCK/From_EREP/202501/ef3281217a_6e858a8770.pdf,Pemegang Saham di atas 5% (KSEI) [],Semua Emiten Saham,https://www.idx.co.id/StaticData/NewsAndAnnouncement/ANNOUNCEMENTSTOCK/From_EREP/202501/779ae8ae51_7970a5911a.pdf,20250130_Semua Emiten Saham_Pengumuman Bursa_31848339_lamp1.pdf,,
"31 Jan 2025
					15:25:01",https://www.idx.co.id/StaticData/NewsAndAnnouncement/ANNOUNCEMENTSTOCK/From_EREP/202501/50aff05be8_c66300b178.pdf,Pemegang Saham di atas 5% (KSEI) [],Semua Emiten Saham,https://www.idx.co.id/StaticData/NewsAndAnnouncement/ANNOUNCEMENTSTOCK/From_EREP/202501/fc8bf6a28b_e9bbd29609.pdf,20250131_Semua Emiten Saham_Pengumuman Bursa_31848564_lamp1.pdf,,
"09 Jan 2025
					09:08:05",https://www.idx.co.id/StaticData/NewsAndAnnouncement/ANNOUNCEMENTSTOCK/From_EREP/202501/9b470ab04e_b978a31a7f.pdf,Laporan Bulanan Registrasi Pemegang Efek [],SIDO,https://www.idx.co.id/StaticData/NewsAndAnnouncement/ANNOUNCEMENTSTOCK/From_EREP/202501/8bce63110a_637e6fe2ba.pdf,20250107_SIDO_Laporan Bulanan Registrasi Pemegang Efek/Perubahan Struktur Pemegang Saham_31843143_lamp1.pdf,,
"06 Jan 2025
					18:43:14",https://www.idx.co.id/StaticData/NewsAndAnnouncement/ANNOUNCEMENTSTOCK/From_EREP/202501/c0600ac4df_f359c6f2b5.pdf,Laporan Bulanan Registrasi Pemegang Efek [],SMGR,https://www.idx.co.id/StaticData/NewsAndAnnouncement/ANNOUNCEMENTSTOCK/From_EREP/202501/3b3af7eafa_2cbb10ec85.pdf,20241205_SMGR_Laporan Bulanan Registrasi Pemegang Efek/Perubahan Struktur Pemegang Saham_31805589_lamp1.pdf,,
"06 Jan 2025
					18:43:35",https://www.idx.co.id/StaticData/NewsAndAnnouncement/ANNOUNCEMENTSTOCK/From_EREP/202501/ebbe7d6363_d4e2b9d051.pdf,Laporan Bulanan Registrasi Pemegang Efek [],SMGR,https://www.idx.co.id/StaticData/NewsAndAnnouncement/ANNOUNCEMENTSTOCK/From_EREP/202501/58b70029b4_1312642971.pdf,20250106_SMGR_Laporan Bulanan Registrasi Pemegang Efek/Perubahan Struktur Pemegang Saham_31842962_lamp1.pdf,,
"10 Jan 2025
					17:20:22",https://www.idx.co.id/StaticData/NewsAndAnnouncement/ANNOUNCEMENTSTOCK/From_EREP/202501/2f08bf0493_cd69117109.pdf,Laporan Penggunaan Dana Hasil Penawaran Umum [],SMGR,https://www.idx.co.id/StaticData/NewsAndAnnouncement/ANNOUNCEMENTSTOCK/From_EREP/202501/561f8b0cba_909004c1d8.pdf,20250110_SMGR_Laporan Penggunaan Dana Hasil Penawaran Umum_31844837_lamp1.pdf,,
"21 Jan 2025
					14:36:19",https://www.idx.co.id/StaticData/NewsAndAnnouncement/ANNOUNCEMENTSTOCK/From_EREP/202501/5efd5abad5_37dd93af44.pdf,Perubahan anggota Direksi dan/atau anggota Dewan Komisaris [],SMGR,https://www.idx.co.id/StaticData/NewsAndAnnouncement/ANNOUNCEMENTSTOCK/From_EREP/202501/1a3651a4d5_dd98b9dae7.pdf,20250121_SMGR_Laporan Informasi dan Fakta Material_31846994_lamp1.pdf,https://www.idx.co.id/StaticData/NewsAndAnnouncement/ANNOUNCEMENTSTOCK/From_EREP/202501/a1ed3ab4dd_0cfddeb325.pdf,20250121_SMGR_Laporan Informasi dan Fakta Material_31846994_lamp3.pdf
"22 Jan 2025
					15:15:41",https://www.idx.co.id/StaticData/NewsAndAnnouncement/ANNOUNCEMENTSTOCK/From_EREP/202501/89949ac81f_f0b90a5011.pdf,Ringkasan Risalah Rapat Umum Para Pemegang Saham Luar Biasa [],SMGR,https://www.idx.co.id/StaticData/NewsAndAnnouncement/ANNOUNCEMENTSTOCK/From_EREP/202501/caec471fdb_3234d83026.pdf,20250122_SMGR_Ringkasan Risalah/Risalah RUPS_31847387_lamp1.pdf,,
"09 Jan 2025
					16:15:49",https://www.idx.co.id/StaticData/NewsAndAnnouncement/ANNOUNCEMENTSTOCK/From_EREP/202501/2f501f81d4_ba15b4f31a.pdf,Laporan Bulanan Registrasi Pemegang Efek [],TLKM,https://www.idx.co.id/StaticData/NewsAndAnnouncement/ANNOUNCEMENTSTOCK/From_EREP/202501/03814d4012_168b3b8294.pdf,20250108_TLKM_Laporan Bulanan Registrasi Pemegang Efek/Perubahan Struktur Pemegang Saham_31843996_lamp1.pdf,https://www.idx.co.id/StaticData/NewsAndAnnouncement/ANNOUNCEMENTSTOCK/From_EREP/202501/f1cf0c5dbe_4b3bef5ba3.pdf,20250108_TLKM_Laporan Bulanan Registrasi Pemegang Efek/Perubahan Struktur Pemegang Saham_31843996_lamp2.pdf
"20 Jan 2025
					20:18:43",https://www.idx.co.id/StaticData/NewsAndAnnouncement/ANNOUNCEMENTSTOCK/From_EREP/202501/367feec9ef_d86c062b25.pdf,Konfirmasi Emiten Grup [],TLKM,https://www.idx.co.id/StaticData/NewsAndAnnouncement/ANNOUNCEMENTSTOCK/From_EREP/202501/d29acb0322_19c8a6df7d.pdf,20250120_TLKM_Konfirmasi Emiten Grup_31846841_lamp1.pdf,,
"06 Jan 2025
					08:16:24",https://www.idx.co.id/StaticData/NewsAndAnnouncement/ANNOUNCEMENTSTOCK/From_EREP/202501/5cb458fb8e_d17e878acd.pdf,Laporan Bulanan Registrasi Pemegang Efek [],TOWR,https://www.idx.co.id/StaticData/NewsAndAnnouncement/ANNOUNCEMENTSTOCK/From_EREP/202501/1ea88abe32_0836981078.pdf,20250106_TOWR_Laporan Bulanan Registrasi Pemegang Efek/Perubahan Struktur Pemegang Saham_31842625_lamp1.pdf,,
"20 Jan 2025
					09:55:58",https://www.idx.co.id/StaticData/NewsAndAnnouncement/ANNOUNCEMENTSTOCK/From_EREP/202501/e68f7f73b3_95f56b4a65.pdf,PT Iforte Solusi Infotek - Pengumuman Negosiasi Rencana Pengambilalihan [],TOWR,https://www.idx.co.id/StaticData/NewsAndAnnouncement/ANNOUNCEMENTSTOCK/From_EREP/202501/d167ae0dcf_f1bdcf0475.pdf,20250120_TOWR_Laporan Informasi dan Fakta Material_31846556_lamp1.pdf,,
"20 Jan 2025
					09:56:25",https://www.idx.co.id/StaticData/NewsAndAnnouncement/ANNOUNCEMENTSTOCK/From_EREP/202501/52a9fef407_8a270fbf45.pdf,Pengumuman Negosiasi Rencana Pengambilalihan oleh PT Iforte Solusi Infotek  [],TOWR,https://www.idx.co.id/StaticData/NewsAndAnnouncement/ANNOUNCEMENTSTOCK/From_EREP/202501/dfa4c1b53a_f0405e81bd.pdf,20250120_TOWR_Laporan Informasi dan Fakta Material_31846562_lamp1.pdf,,
"20 Jan 2025
					22:11:01",https://www.idx.co.id/StaticData/NewsAndAnnouncement/ANNOUNCEMENTSTOCK/From_EREP/202501/d92e0c930d_35aced0052.pdf,Konfirmasi Emiten Grup [],TOWR,https://www.idx.co.id/StaticData/NewsAndAnnouncement/ANNOUNCEMENTSTOCK/From_EREP/202501/51c20ef860_520e9a2499.pdf,20250120_TOWR_Konfirmasi Emiten Grup_31846835_lamp1.pdf,,
"23 Jan 2025
					15:53:34",https://www.idx.co.id/StaticData/NewsAndAnnouncement/ANNOUNCEMENTSTOCK/From_EREP/202501/3bbcafd461_45d50517f8.pdf,Penjelasan atas Permintaan Penjelasan Bursa [],TOWR,https://www.idx.co.id/StaticData/NewsAndAnnouncement/ANNOUNCEMENTSTOCK/From_EREP/202501/cf46553ece_8831e4502e.pdf,20250123_TOWR_Tanggapan atas Permintaan Penjelasan Bursa_31847741_lamp1.pdf,,
"30 Jan 2025
					17:37:45",https://www.idx.co.id/StaticData/NewsAndAnnouncement/ANNOUNCEMENTSTOCK/From_EREP/202501/845332260c_2a2d9f252c.pdf,Penandatangan Perjanjian Fasilitas dan Perjanjian Penanggungan Perusahaan dan Ganti Rugi antara PT Iforte Energi Nusantara sebagai Peminjam dan PT Profesional Telekomunikasi Indonesia sebagai Penanggung dengan PT Bank SMBC Indonesia Tbk [],TOWR,https://www.idx.co.id/StaticData/NewsAndAnnouncement/ANNOUNCEMENTSTOCK/From_EREP/202501/798dc01553_31a7d42a84.pdf,20250130_TOWR_Laporan Informasi dan Fakta Material_31848451_lamp1.pdf,,
"02 Jan 2025
					16:13:40",https://www.idx.co.id/StaticData/NewsAndAnnouncement/ANNOUNCEMENTSTOCK/From_EREP/202501/e6448936bc_0d030332fe.pdf,Transaksi Afiliasi [],UNTR,https://www.idx.co.id/StaticData/NewsAndAnnouncement/ANNOUNCEMENTSTOCK/From_EREP/202501/f4d279b715_2aefa1453e.pdf,20250102_UNTR_Informasi Transaksi Afiliasi_31842142_lamp1.pdf,,
"02 Jan 2025
					16:13:54",https://www.idx.co.id/StaticData/NewsAndAnnouncement/ANNOUNCEMENTSTOCK/From_EREP/202501/20311bd829_b0c244e1da.pdf,Transaksi Afiliasi [],UNTR,https://www.idx.co.id/StaticData/NewsAndAnnouncement/ANNOUNCEMENTSTOCK/From_EREP/202501/b583167882_9e026480d4.pdf,20250102_UNTR_Informasi Transaksi Afiliasi_31842143_lamp1.pdf,,
"03 Jan 2025
					15:42:46",https://www.idx.co.id/StaticData/NewsAndAnnouncement/ANNOUNCEMENTSTOCK/From_EREP/202501/93da36d8d6_6b31a75349.pdf,Transaksi Afiliasi [],UNTR,https://www.idx.co.id/StaticData/NewsAndAnnouncement/ANNOUNCEMENTSTOCK/From_EREP/202501/e7a231d95e_5919630e12.pdf,20250103_UNTR_Informasi Transaksi Afiliasi_31842411_lamp1.pdf,,
"03 Jan 2025
					15:42:57",https://www.idx.co.id/StaticData/NewsAndAnnouncement/ANNOUNCEMENTSTOCK/From_EREP/202501/52b8899474_e06a5b8fcf.pdf,Transaksi Afiliasi [],UNTR,https://www.idx.co.id/StaticData/NewsAndAnnouncement/ANNOUNCEMENTSTOCK/From_EREP/202501/6415fbcd87_bebe82660a.pdf,20250103_UNTR_Informasi Transaksi Afiliasi_31842414_lamp1.pdf,,
"08 Jan 2025
					16:25:15",https://www.idx.co.id/StaticData/NewsAndAnnouncement/ANNOUNCEMENTSTOCK/From_EREP/202501/07b45fd2ec_5b35e320ae.pdf,Laporan Bulanan Registrasi Pemegang Efek [],UNTR,https://www.idx.co.id/StaticData/NewsAndAnnouncement/ANNOUNCEMENTSTOCK/From_EREP/202501/0003292bf9_75d9a06e04.pdf,20250107_UNTR_Laporan Bulanan Registrasi Pemegang Efek/Perubahan Struktur Pemegang Saham_31843225_lamp3.pdf,https://www.idx.co.id/StaticData/NewsAndAnnouncement/ANNOUNCEMENTSTOCK/From_EREP/202501/6b35591766_abb3bb435a.pdf,20250107_UNTR_Laporan Bulanan Registrasi Pemegang Efek/Perubahan Struktur Pemegang Saham_31843225_lamp1.pdf
"10 Jan 2025
					15:57:02",https://www.idx.co.id/StaticData/NewsAndAnnouncement/ANNOUNCEMENTSTOCK/From_EREP/202501/59bcdc90ab_b07d8f471d.pdf,Laporan Bulanan Aktivitas Eksplorasi [],UNTR,https://www.idx.co.id/StaticData/NewsAndAnnouncement/ANNOUNCEMENTSTOCK/From_EREP/202501/6f6fca01c6_2eebca59e5.pdf,20250110_UNTR_Laporan Bulanan Aktivitas Eksplorasi_31844927_lamp1.pdf,,
"23 Jan 2025
					16:02:43",https://www.idx.co.id/StaticData/NewsAndAnnouncement/ANNOUNCEMENTSTOCK/From_EREP/202501/58dac26e42_5baa0db28f.pdf,Transaksi Afiliasi [],UNTR,https://www.idx.co.id/StaticData/NewsAndAnnouncement/ANNOUNCEMENTSTOCK/From_EREP/202501/8ae5a58fcc_6fc15f55cc.pdf,20250123_UNTR_Informasi Transaksi Afiliasi_31847746_lamp1.pdf,,
"10 Jan 2025
					11:33:03",https://www.idx.co.id/StaticData/NewsAndAnnouncement/ANNOUNCEMENTSTOCK/From_EREP/202501/a5e7452836_9cdafeb0c1.pdf,Laporan Bulanan Registrasi Pemegang Efek [],UNVR,https://www.idx.co.id/StaticData/NewsAndAnnouncement/ANNOUNCEMENTSTOCK/From_EREP/202501/a7827f204e_a548be1793.pdf,20250109_UNVR_Laporan Bulanan Registrasi Pemegang Efek/Perubahan Struktur Pemegang Saham_31844507_lamp1.pdf,https://www.idx.co.id/StaticData/NewsAndAnnouncement/ANNOUNCEMENTSTOCK/From_EREP/202501/f9b9b267ad_c563d42227.pdf,20250109_UNVR_Laporan Bulanan Registrasi Pemegang Efek/Perubahan Struktur Pemegang Saham_31844507_lamp2.pdf
"10 Jan 2025
					16:06:35",https://www.idx.co.id/StaticData/NewsAndAnnouncement/ANNOUNCEMENTSTOCK/From_EREP/202501/5f8f3c060a_d755a68fa7.pdf,Saham Hilang [],UNVR,https://www.idx.co.id/StaticData/NewsAndAnnouncement/ANNOUNCEMENTSTOCK/From_EREP/202501/4d088f8e1c_111514bddf.pdf,20250110_UNVR_Pengumuman Bursa_31844887_lamp1.pdf,,
"10 Jan 2025
					19:41:16",https://www.idx.co.id/StaticData/NewsAndAnnouncement/ANNOUNCEMENTSTOCK/From_EREP/202501/f2feaa6bfa_e20036629a.pdf,Rencana Transaksi Material Dengan Persetujuan RUPS [],UNVR,https://www.idx.co.id/StaticData/NewsAndAnnouncement/ANNOUNCEMENTSTOCK/From_EREP/202501/2bfe9fb130_49824d9155.pdf,20250110_UNVR_Rencana Transaksi Material Dengan Persetujuan RUPS_31845057_lamp5.pdf,https://www.idx.co.id/StaticData/NewsAndAnnouncement/ANNOUNCEMENTSTOCK/From_EREP/202501/4ecb320d16_16a4aec74f.pdf,20250110_UNVR_Rencana Transaksi Material Dengan Persetujuan RUPS_31845057_lamp1.pdf
"16 Jan 2025
					22:23:42",https://www.idx.co.id/StaticData/NewsAndAnnouncement/ANNOUNCEMENTSTOCK/From_EREP/202501/d6b942127f_6484632314.pdf,Ringkasan Risalah Rapat Umum Para Pemegang Saham Luar Biasa dan Independen [],UNVR,https://www.idx.co.id/StaticData/NewsAndAnnouncement/ANNOUNCEMENTSTOCK/From_EREP/202501/07627d0235_00600ffb61.pdf,20250116_UNVR_Ringkasan Risalah/Risalah RUPS_31846326_lamp3.pdf,https://www.idx.co.id/StaticData/NewsAndAnnouncement/ANNOUNCEMENTSTOCK/From_EREP/202501/3453996b38_6039ab4dc0.pdf,20250116_UNVR_Ringkasan Risalah/Risalah RUPS_31846326_lamp1.pdf
"24 Jan 2025
					12:26:06",https://www.idx.co.id/StaticData/NewsAndAnnouncement/ANNOUNCEMENTSTOCK/From_EREP/202501/0f2c5c75c0_8a1152b9a9.pdf,Konfirmasi Emiten Grup [],UNVR,,,,
"24 Jan 2025
					22:16:19",https://www.idx.co.id/StaticData/NewsAndAnnouncement/ANNOUNCEMENTSTOCK/From_EREP/202501/8c46995574_9157d2bfee.pdf,Laporan Kepemilikan Saham [],UNVR,https://www.idx.co.id/StaticData/NewsAndAnnouncement/ANNOUNCEMENTSTOCK/From_EREP/202501/6d5224d96d_f7299b60a6.pdf,20250124_UNVR_Pengumuman Bursa_31847958_lamp1.pdf,,
"03 Jan 2025
					16:32:03",https://www.idx.co.id/StaticData/NewsAndAnnouncement/ANNOUNCEMENTSTOCK/From_EREP/202501/b3beaedadb_32323fc5a0.pdf,Efek Bersifat Ekuitas Dalam Pemantauan Khusus [],,,,,
"03 Jan 2025
					17:33:08",https://www.idx.co.id/StaticData/NewsAndAnnouncement/ANNOUNCEMENTSTOCK/From_EREP/202501/5bd43f6542_28a20f1275.pdf,Efek Bersifat Ekuitas Dalam Pemantauan Khusus (KOREKSI) [],,,,,
"06 Jan 2025
					16:36:55",https://www.idx.co.id/StaticData/NewsAndAnnouncement/ANNOUNCEMENTSTOCK/From_EREP/202501/34616bbb6e_6052d49948.pdf,Perubahan Efek Bersifat Ekuitas Dalam Pemantauan Khusus [],,,,,
"07 Jan 2025
					16:55:05",https://www.idx.co.id/StaticData/NewsAndAnnouncement/ANNOUNCEMENTSTOCK/From_EREP/202501/255797b32c_8814f37e24.pdf,Perubahan Efek Bersifat Ekuitas Dalam Pemantauan Khusus [],,,,,
"07 Jan 2025
					16:55:47",https://www.idx.co.id/StaticData/NewsAndAnnouncement/ANNOUNCEMENTSTOCK/From_EREP/202501/70be84fb75_2fdad548a8.pdf,Pencabutan Efek Bersifat Ekuitas Dari Pemantauan Khusus [],,,,,
"09 Jan 2025
					16:08:37",https://www.idx.co.id/StaticData/NewsAndAnnouncement/ANNOUNCEMENTSTOCK/From_EREP/202501/041a7ab942_670984d9a1.pdf,Pencabutan Efek Bersifat Ekuitas Dari Pemantauan Khusus [],,,,,
"13 Jan 2025
					16:43:52",https://www.idx.co.id/StaticData/NewsAndAnnouncement/ANNOUNCEMENTSTOCK/From_EREP/202501/65ae983f68_1d2785b5a3.pdf,Pencabutan Efek Bersifat Ekuitas Dari Pemantauan Khusus [],,,,,
"14 Jan 2025
					16:09:10",https://www.idx.co.id/StaticData/NewsAndAnnouncement/ANNOUNCEMENTSTOCK/From_EREP/202501/ab7bbc95da_f40786c7ef.pdf,Pencabutan Efek Bersifat Ekuitas Dari Pemantauan Khusus [],,,,,
"15 Jan 2025
					16:26:32",https://www.idx.co.id/StaticData/NewsAndAnnouncement/ANNOUNCEMENTSTOCK/From_EREP/202501/928eb90f30_b7258733d3.pdf,Perubahan Efek Bersifat Ekuitas Dalam Pemantauan Khusus [],,,,,
"16 Jan 2025
					15:33:23",https://www.idx.co.id/StaticData/NewsAndAnnouncement/ANNOUNCEMENTSTOCK/From_EREP/202501/5342d0f47e_86a94adf9f.pdf,Pembukaan Penghentian Sementara Perdagangan Efek [],,https://www.idx.co.id/StaticData/NewsAndAnnouncement/ANNOUNCEMENTSTOCK/From_EREP/202501/86c99bf3cd_f1742d286d.pdf,20250116_Suspensi dan Pembukaan Suspensi_31846206_lamp1.pdf,,
"17 Jan 2025
					13:56:17",https://www.idx.co.id/StaticData/NewsAndAnnouncement/ANNOUNCEMENTSTOCK/From_EREP/202501/6360bdffc6_63e582c2f3.pdf,Pembukaan Penghentian Sementara Perdagangan Efek [],,https://www.idx.co.id/StaticData/NewsAndAnnouncement/ANNOUNCEMENTSTOCK/From_EREP/202501/dfeac6d6b9_b54ef30cb6.pdf,20250117_Suspensi dan Pembukaan Suspensi_31846389_lamp1.pdf,,
"17 Jan 2025
					16:05:14",https://www.idx.co.id/StaticData/NewsAndAnnouncement/ANNOUNCEMENTSTOCK/From_EREP/202501/aee1caf602_ba172981c6.pdf,Pengumuman Sanksi Penyampaian Laporan Keuangan Interim Perusahaan Tercatat per 30 September 2024. [],,https://www.idx.co.id/StaticData/NewsAndAnnouncement/ANNOUNCEMENTSTOCK/From_EREP/202501/71055db19b_7317822778.pdf,20250117_Pengumuman Bursa_31846331_lamp1.pdf,,
"21 Jan 2025
					16:36:04",https://www.idx.co.id/StaticData/NewsAndAnnouncement/ANNOUNCEMENTSTOCK/From_EREP/202501/b3dedf64a8_f3c9a57178.pdf,Efek Bersifat Ekuitas Dalam Pemantauan Khusus [],,,,,
"24 Jan 2025
					16:39:42",https://www.idx.co.id/StaticData/NewsAndAnnouncement/ANNOUNCEMENTSTOCK/From_EREP/202501/4f4dc86816_5439a37356.pdf,Efek Bersifat Ekuitas Dalam Pemantauan Khusus [],,,,,
"30 Jan 2025
					09:44:00",https://www.idx.co.id/StaticData/NewsAndAnnouncement/ANNOUNCEMENTSTOCK/From_EREP/202501/25ca23d167_a9b6eb5994.pdf,Pengumuman Sanksi Penyampaian Laporan Keuangan Interim Perusahaan Tercatat per 30 September 2024 [],,https://www.idx.co.id/StaticData/NewsAndAnnouncement/ANNOUNCEMENTSTOCK/From_EREP/202501/c2a369ce45_2509d05791.pdf,20250130_Pengumuman Bursa_31848240_lamp1.pdf,,
"30 Jan 2025
					15:03:02",https://www.idx.co.id/StaticData/NewsAndAnnouncement/ANNOUNCEMENTSTOCK/From_EREP/202501/5b92078bb0_d6dd82e5b2.pdf,Penghentian Sementara Perdagangan Efek [],,https://www.idx.co.id/StaticData/NewsAndAnnouncement/ANNOUNCEMENTSTOCK/From_EREP/202501/b3ba69a4ef_24f36f1508.pdf,20250130_Suspensi dan Pembukaan Suspensi_31848337_lamp1.pdf,,
"30 Jan 2025
					16:43:17",https://www.idx.co.id/StaticData/NewsAndAnnouncement/ANNOUNCEMENTSTOCK/From_EREP/202501/24ca5e97cf_6137d43e99.pdf,Perubahan Efek Bersifat Ekuitas Dalam Pemantauan Khusus [],,,,,
"30 Jan 2025
					16:43:54",https://www.idx.co.id/StaticData/NewsAndAnnouncement/ANNOUNCEMENTSTOCK/From_EREP/202501/662998f7e2_0295c42abb.pdf,Efek Bersifat Ekuitas Dalam Pemantauan Khusus [],,,,,
"31 Jan 2025
					09:26:18",https://www.idx.co.id/StaticData/NewsAndAnnouncement/ANNOUNCEMENTSTOCK/From_EREP/202501/9bb427152d_5b6fa311be.pdf,Pengumuman Penghentian Sementara Perdagangan Efek mengenai Sanksi Pemenuhan Saham Free Float per 31 Desember 2024 [],,https://www.idx.co.id/StaticData/NewsAndAnnouncement/ANNOUNCEMENTSTOCK/From_EREP/202501/fd80c2ca8f_1860801327.pdf,20250131_Pengumuman Bursa_31848504_lamp1.pdf,,
"31 Jan 2025
					16:29:32",https://www.idx.co.id/StaticData/NewsAndAnnouncement/ANNOUNCEMENTSTOCK/From_EREP/202501/0e7725732f_a3ed2073e0.pdf,Efek Bersifat Ekuitas Dalam Pemantauan Khusus [],,,,,
"31 Jan 2025
					16:50:32",https://www.idx.co.id/StaticData/NewsAndAnnouncement/ANNOUNCEMENTSTOCK/From_EREP/202501/2375370833_564b383e39.pdf,Penghentian Sementara Perdagangan Efek [],,https://www.idx.co.id/StaticData/NewsAndAnnouncement/ANNOUNCEMENTSTOCK/From_EREP/202501/ce653389b1_cfd5536924.pdf,20250131_Suspensi dan Pembukaan Suspensi_31848558_lamp1.pdf,,