text-small,attach-card href,f-m-20,f-m-20 2,d-iblock href,d-iblock,d-iblock href 2,d-iblock 2,d-iblock href 3,d-iblock 3
"02 Jul 2025
					22:12:55",https://www.idx.co.id/StaticData/NewsAndAnnouncement/ANNOUNCEMENTSTOCK/From_EREP/202507/e61f722d85_cde213f1ca.pdf,Transaksi Afiliasi [],AADI,https://www.idx.co.id/StaticData/NewsAndAnnouncement/ANNOUNCEMENTSTOCK/From_EREP/202507/136d27a30c_d5a314c217.pdf,20250702_AADI_Informasi Transaksi Afiliasi_31911050_lamp1.pdf,https://www.idx.co.id/StaticData/NewsAndAnnouncement/ANNOUNCEMENTSTOCK/From_EREP/202507/d7e4f35ee4_5a052270f9.pdf,20250702_AADI_Informasi Transaksi Afiliasi_31911050_lamp2.pdf,,
"10 Jul 2025
					18:50:17",https://www.idx.co.id/StaticData/NewsAndAnnouncement/ANNOUNCEMENTSTOCK/From_EREP/202507/324c26299e_8a919f2d1f.pdf,Laporan Bulanan Registrasi Pemegang Efek [],AADI,https://www.idx.co.id/StaticData/NewsAndAnnouncement/ANNOUNCEMENTSTOCK/From_EREP/202507/356c47d2e2_d49664e374.pdf,20250704_AADI_Laporan Bulanan Registrasi Pemegang Efek/Perubahan Struktur Pemegang Saham_31911708_lamp1.pdf,https://www.idx.co.id/StaticData/NewsAndAnnouncement/ANNOUNCEMENTSTOCK/From_EREP/202507/6ca4435d95_b30a26151b.pdf,20250704_AADI_Laporan Bulanan Registrasi Pemegang Efek/Perubahan Struktur Pemegang Saham_31911708_lamp2.pdf,https://www.idx.co.id/StaticData/NewsAndAnnouncement/ANNOUNCEMENTSTOCK/From_EREP/202507/ef9343bd06_8945cf36f3.pdf,20250704_AADI_Laporan Bulanan Registrasi Pemegang Efek/Perubahan Struktur Pemegang Saham_31911708_lamp3.pdf
"10 Jul 2025
					19:59:25",https://www.idx.co.id/StaticData/NewsAndAnnouncement/ANNOUNCEMENTSTOCK/From_EREP/202507/0e98140f99_6e8ae16ee3.pdf,Laporan Bulanan Aktivitas Eksplorasi [],AADI,,,,,,
"15 Jul 2025
					20:06:50",https://www.idx.co.id/StaticData/NewsAndAnnouncement/ANNOUNCEMENTSTOCK/From_EREP/202507/587f9996ad_9056f1bf39.pdf,Laporan Penggunaan Dana Hasil Penawaran Umum [],AADI,https://www.idx.co.id/StaticData/NewsAndAnnouncement/ANNOUNCEMENTSTOCK/From_EREP/202507/2680029e47_8b03ef729f.pdf,20250711_AADI_Laporan Penggunaan Dana Hasil Penawaran Umum_31914171_lamp1.pdf,,,,
"18 Jul 2025
					19:30:29",https://www.idx.co.id/StaticData/NewsAndAnnouncement/ANNOUNCEMENTSTOCK/From_EREP/202507/381c4d136a_aeb14d37b3.pdf,Rencana Penyampaian Laporan Keuangan Kuartal II 2025 Ditelaah secara terbatas [],AADI,,,,,,
"07 Jul 2025
					15:01:20",https://www.idx.co.id/StaticData/NewsAndAnnouncement/ANNOUNCEMENTSTOCK/From_EREP/202507/96946cf6b3_9e98a07bfa.pdf,Laporan Bulanan Registrasi Pemegang Efek [],ACES,https://www.idx.co.id/StaticData/NewsAndAnnouncement/ANNOUNCEMENTSTOCK/From_EREP/202507/5e4da13428_39f5b87c36.pdf,20250707_ACES_Laporan Bulanan Registrasi Pemegang Efek/Perubahan Struktur Pemegang Saham_31912181_lamp1.pdf,,,,
"31 Jul 2025
					16:49:43",https://www.idx.co.id/StaticData/NewsAndAnnouncement/ANNOUNCEMENTSTOCK/From_EREP/202507/20250731181255-56079-0/FinancialStatement-2025-II-ACES.pdf,Penyampaian Laporan Keuangan Interim Yang Tidak Diaudit [],ACES,https://www.idx.co.id/StaticData/NewsAndAnnouncement/ANNOUNCEMENTSTOCK/From_EREP/202507/20250731181255-56079-0/Checklist%20LK%20AHI%201H25.pdf,Checklist LK AHI 1H25.pdf,https://www.idx.co.id/StaticData/NewsAndAnnouncement/ANNOUNCEMENTSTOCK/From_EREP/202507/20250731181255-56079-0/FinancialStatement-2025-II-ACES.xlsx,FinancialStatement-2025-II-ACES.xlsx,https://www.idx.co.id/StaticData/NewsAndAnnouncement/ANNOUNCEMENTSTOCK/From_EREP/202507/20250731181255-56079-0/inlineXBRL.zip,inlineXBRL.zip
"02 Jul 2025
					21:24:33",https://www.idx.co.id/StaticData/NewsAndAnnouncement/ANNOUNCEMENTSTOCK/From_EREP/202507/a3c0d776f4_eb48d1f292.pdf,Transaksi Afiliasi [],ADMR,https://www.idx.co.id/StaticData/NewsAndAnnouncement/ANNOUNCEMENTSTOCK/From_EREP/202507/be230508bd_3bf189cd19.pdf,20250701_ADMR_Informasi Transaksi Afiliasi_31910183_lamp1.pdf,https://www.idx.co.id/StaticData/NewsAndAnnouncement/ANNOUNCEMENTSTOCK/From_EREP/202507/ef39751013_c354d6253b.pdf,20250701_ADMR_Informasi Transaksi Afiliasi_31910183_lamp2.pdf,,
"08 Jul 2025
					16:20:38",https://www.idx.co.id/StaticData/NewsAndAnnouncement/ANNOUNCEMENTSTOCK/From_EREP/202507/f40ceb7ac2_eedf46dac4.pdf,Laporan Bulanan Aktivitas Eksplorasi [],ADMR,,,,,,
"08 Jul 2025
					16:21:16",https://www.idx.co.id/StaticData/NewsAndAnnouncement/ANNOUNCEMENTSTOCK/From_EREP/202507/f95652be77_95f22f895d.pdf,Laporan Bulanan Registrasi Pemegang Efek [],ADMR,https://www.idx.co.id/StaticData/NewsAndAnnouncement/ANNOUNCEMENTSTOCK/From_EREP/202507/5ce86eab9c_a41d879fc2.pdf,20250708_ADMR_Laporan Bulanan Registrasi Pemegang Efek/Perubahan Struktur Pemegang Saham_31912663_lamp1.pdf,https://www.idx.co.id/StaticData/NewsAndAnnouncement/ANNOUNCEMENTSTOCK/From_EREP/202507/a4413b8ae8_ef2914ffc4.pdf,20250708_ADMR_Laporan Bulanan Registrasi Pemegang Efek/Perubahan Struktur Pemegang Saham_31912663_lamp2.pdf,,
"08 Jul 2025
					16:22:47",https://www.idx.co.id/StaticData/NewsAndAnnouncement/ANNOUNCEMENTSTOCK/From_EREP/202507/d5db17a89b_ec76121123.pdf,Rencana Penyampaian Laporan Keuangan Kuartal II 2025 Ditelaah secara terbatas [],ADMR,,,,,,
"28 Jul 2025
					16:47:48",https://www.idx.co.id/StaticData/NewsAndAnnouncement/ANNOUNCEMENTSTOCK/From_EREP/202507/1427d9ef48_5ca077b61b.pdf,Perubahan Alamat/Nomor Telepon/Fax/E-Mail/Website/NPWP/NPKP [],ADMR,,,,,,
"02 Jul 2025
					16:32:09",https://www.idx.co.id/StaticData/NewsAndAnnouncement/ANNOUNCEMENTSTOCK/From_EREP/202507/c877c4adce_67b3a0e971.pdf,Laporan Pengalihan Kembali Saham Hasil Buy Back [],ADRO,https://www.idx.co.id/StaticData/NewsAndAnnouncement/ANNOUNCEMENTSTOCK/From_EREP/202507/217aefd284_d51ec44afe.pdf,20250702_ADRO_Laporan Pengalihan Saham Hasil Buy Back_31910813_lamp1.pdf,,,,
"03 Jul 2025
					16:21:50",https://www.idx.co.id/StaticData/NewsAndAnnouncement/ANNOUNCEMENTSTOCK/From_EREP/202507/8154feadf1_a41fe81792.pdf,Perubahan Alamat/Nomor Telepon/Fax/E-Mail/Website/NPWP/NPKP [],ADRO,,,,,,
"09 Jul 2025
					16:00:13",https://www.idx.co.id/StaticData/NewsAndAnnouncement/ANNOUNCEMENTSTOCK/From_EREP/202507/3acb22cd4a_255e690d89.pdf,Laporan Bulanan Aktivitas Eksplorasi [],ADRO,,,,,,
"10 Jul 2025
					16:35:47",https://www.idx.co.id/StaticData/NewsAndAnnouncement/ANNOUNCEMENTSTOCK/From_EREP/202507/41400ba2f2_43e11c6601.pdf,Laporan Bulanan Registrasi Pemegang Efek [],ADRO,https://www.idx.co.id/StaticData/NewsAndAnnouncement/ANNOUNCEMENTSTOCK/From_EREP/202507/1826d01c5f_9288f6046a.pdf,20250707_ADRO_Laporan Bulanan Registrasi Pemegang Efek/Perubahan Struktur Pemegang Saham_31912201_lamp1.pdf,https://www.idx.co.id/StaticData/NewsAndAnnouncement/ANNOUNCEMENTSTOCK/From_EREP/202507/7fc65f34db_e8d89504df.pdf,20250707_ADRO_Laporan Bulanan Registrasi Pemegang Efek/Perubahan Struktur Pemegang Saham_31912201_lamp3.pdf,https://www.idx.co.id/StaticData/NewsAndAnnouncement/ANNOUNCEMENTSTOCK/From_EREP/202507/c12b8edf03_cc5f834aac.pdf,20250707_ADRO_Laporan Bulanan Registrasi Pemegang Efek/Perubahan Struktur Pemegang Saham_31912201_lamp2.pdf
"14 Jul 2025
					16:07:23",https://www.idx.co.id/StaticData/NewsAndAnnouncement/ANNOUNCEMENTSTOCK/From_EREP/202507/3d54a6f5b5_3f6e052d8f.pdf,Rencana Penyampaian Laporan Keuangan Kuartal II 2025 Ditelaah secara terbatas [],ADRO,,,,,,
"10 Jul 2025
					14:37:05",https://www.idx.co.id/StaticData/NewsAndAnnouncement/ANNOUNCEMENTSTOCK/From_EREP/202507/5986f249bd_e50dbdbcb0.pdf,Laporan Bulanan Registrasi Pemegang Efek [],AKRA,https://www.idx.co.id/StaticData/NewsAndAnnouncement/ANNOUNCEMENTSTOCK/From_EREP/202507/2f71277e54_a0028ed39e.pdf,20250710_AKRA_Laporan Bulanan Registrasi Pemegang Efek/Perubahan Struktur Pemegang Saham_31913749_lamp1.pdf,,,,
"28 Jul 2025
					09:31:26",https://www.idx.co.id/StaticData/NewsAndAnnouncement/ANNOUNCEMENTSTOCK/From_EREP/202507/20250728095513-55138-0/FinancialStatement-2025-II-AKRA.pdf,Penyampaian Laporan Keuangan Interim Yang Tidak Diaudit [],AKRA,https://www.idx.co.id/StaticData/NewsAndAnnouncement/ANNOUNCEMENTSTOCK/From_EREP/202507/20250728095513-55138-0/AKR_CHECKLIST%20OJK%20JUN%202025.pdf,AKR_CHECKLIST OJK JUN 2025.pdf,https://www.idx.co.id/StaticData/NewsAndAnnouncement/ANNOUNCEMENTSTOCK/From_EREP/202507/20250728095513-55138-0/FinancialStatement-2025-II-AKRA.xlsx,FinancialStatement-2025-II-AKRA.xlsx,https://www.idx.co.id/StaticData/NewsAndAnnouncement/ANNOUNCEMENTSTOCK/From_EREP/202507/20250728095513-55138-0/inlineXBRL.zip,inlineXBRL.zip
"28 Jul 2025
					10:08:18",https://www.idx.co.id/StaticData/NewsAndAnnouncement/ANNOUNCEMENTSTOCK/From_EREP/202507/d685deef31_3c88c25424.pdf,Jadwal Dividen Tunai Interim [],AKRA,https://www.idx.co.id/StaticData/NewsAndAnnouncement/ANNOUNCEMENTSTOCK/From_EREP/202507/5278123f78_e193a55aef.pdf,20250728_AKRA_Jadwal Aksi Korporasi (Khusus Penyampaian Dividen Interim)_31927791_lamp1.pdf,,,,
"28 Jul 2025
					10:08:46",https://www.idx.co.id/StaticData/NewsAndAnnouncement/ANNOUNCEMENTSTOCK/From_EREP/202507/a744bcb88e_f4703903b2.pdf,Laporan Pengalihan Kembali Saham Hasil Buy Back [],AKRA,https://www.idx.co.id/StaticData/NewsAndAnnouncement/ANNOUNCEMENTSTOCK/From_EREP/202507/47d9a7264a_f7bd41eff3.pdf,20250711_AKRA_Laporan Pengalihan Saham Hasil Buy Back_31914109_lamp1.pdf,,,,
"30 Jul 2025
					11:09:01",https://www.idx.co.id/StaticData/NewsAndAnnouncement/ANNOUNCEMENTSTOCK/From_EREP/202507/9747cdf527_bf6797a699.pdf,Penyampaian Bukti Iklan Jadwal Pembagian dividen interim [],AKRA,https://www.idx.co.id/StaticData/NewsAndAnnouncement/ANNOUNCEMENTSTOCK/From_EREP/202507/afc8f15c98_1880e54cef.pdf,20250730_AKRA_Penyampaian Bukti Iklan_31928461_lamp1.pdf,,,,
"10 Jul 2025
					16:40:41",https://www.idx.co.id/StaticData/NewsAndAnnouncement/ANNOUNCEMENTSTOCK/From_EREP/202507/059f783c68_6c7ce23906.pdf,Laporan Bulanan Aktivitas Eksplorasi [],AMMN,https://www.idx.co.id/StaticData/NewsAndAnnouncement/ANNOUNCEMENTSTOCK/From_EREP/202507/92b3b89d7b_5d57348034.pdf,20250709_AMMN_Laporan Bulanan Aktivitas Eksplorasi_31913446_lamp2.pdf,https://www.idx.co.id/StaticData/NewsAndAnnouncement/ANNOUNCEMENTSTOCK/From_EREP/202507/a6d2787f9b_401294f37a.pdf,20250709_AMMN_Laporan Bulanan Aktivitas Eksplorasi_31913446_lamp1.pdf,https://www.idx.co.id/StaticData/NewsAndAnnouncement/ANNOUNCEMENTSTOCK/From_EREP/202507/fc2f988506_4e7b207b95.pdf,20250709_AMMN_Laporan Bulanan Aktivitas Eksplorasi_31913446_lamp3.pdf
"10 Jul 2025
					16:41:22",https://www.idx.co.id/StaticData/NewsAndAnnouncement/ANNOUNCEMENTSTOCK/From_EREP/202507/54c869b543_f085c53bdb.pdf,Laporan Bulanan Registrasi Pemegang Efek [],AMMN,https://www.idx.co.id/StaticData/NewsAndAnnouncement/ANNOUNCEMENTSTOCK/From_EREP/202507/2f02c232b8_938a717402.pdf,20250709_AMMN_Laporan Bulanan Registrasi Pemegang Efek/Perubahan Struktur Pemegang Saham_31913254_lamp2.pdf,https://www.idx.co.id/StaticData/NewsAndAnnouncement/ANNOUNCEMENTSTOCK/From_EREP/202507/6c81bb322d_2e08497ac0.pdf,20250709_AMMN_Laporan Bulanan Registrasi Pemegang Efek/Perubahan Struktur Pemegang Saham_31913254_lamp3.pdf,https://www.idx.co.id/StaticData/NewsAndAnnouncement/ANNOUNCEMENTSTOCK/From_EREP/202507/bc3a915db3_baa216d424.pdf,20250709_AMMN_Laporan Bulanan Registrasi Pemegang Efek/Perubahan Struktur Pemegang Saham_31913254_lamp4.pdf
"31 Jul 2025
					10:56:27",https://www.idx.co.id/StaticData/NewsAndAnnouncement/ANNOUNCEMENTSTOCK/From_EREP/202507/20250731112459-54873-0/FinancialStatement-2025-II-AMMN.pdf,Penyampaian Laporan Keuangan Interim Yang Tidak Diaudit [],AMMN,https://www.idx.co.id/StaticData/NewsAndAnnouncement/ANNOUNCEMENTSTOCK/From_EREP/202507/20250731112459-54873-0/AMMN%20-%20Penyampaian%20Laporan%20Keuangan%20Interim%20Q225.pdf,AMMN - Penyampaian Laporan Keuangan Interim Q225.pdf,https://www.idx.co.id/StaticData/NewsAndAnnouncement/ANNOUNCEMENTSTOCK/From_EREP/202507/20250731112459-54873-0/FinancialStatement-2025-II-AMMN.xlsx,FinancialStatement-2025-II-AMMN.xlsx,https://www.idx.co.id/StaticData/NewsAndAnnouncement/ANNOUNCEMENTSTOCK/From_EREP/202507/20250731112459-54873-0/FS%20PT%20AMMN%20Tbk%20-%2030%20June%202025.pdf,FS PT AMMN Tbk - 30 June 2025.pdf
"31 Jul 2025
					11:26:55",https://www.idx.co.id/StaticData/NewsAndAnnouncement/ANNOUNCEMENTSTOCK/From_EREP/202507/aab385447e_9e31c0b4db.pdf,Hasil Kinerja H1 2025 AMMAN [],AMMN,https://www.idx.co.id/StaticData/NewsAndAnnouncement/ANNOUNCEMENTSTOCK/From_EREP/202507/b25e819299_2fc8b959a2.pdf,20250731_AMMN_Laporan Informasi dan Fakta Material_31928808_lamp1.pdf,https://www.idx.co.id/StaticData/NewsAndAnnouncement/ANNOUNCEMENTSTOCK/From_EREP/202507/bba6b4f624_120a6e44a6.pdf,20250731_AMMN_Laporan Informasi dan Fakta Material_31928808_lamp2.pdf,,
"07 Jul 2025
					15:36:50",https://www.idx.co.id/StaticData/NewsAndAnnouncement/ANNOUNCEMENTSTOCK/From_EREP/202507/24da7eda61_f48c417403.pdf,Laporan Bulanan Registrasi Pemegang Efek [],AMRT,,,,,,
"08 Jul 2025
					14:23:01",https://www.idx.co.id/StaticData/NewsAndAnnouncement/ANNOUNCEMENTSTOCK/From_EREP/202507/0bd3956a6a_a77a626fa5.pdf,Investasi PT Sumber Alfaria Trijaya Tbk (Perseroan) di PT Noovoleum Indonesia Investama [],AMRT,https://www.idx.co.id/StaticData/NewsAndAnnouncement/ANNOUNCEMENTSTOCK/From_EREP/202507/e97a8cb5c5_69a9167ca9.pdf,20250708_AMRT_Laporan Informasi dan Fakta Material_31912785_lamp1.pdf,,,,
"31 Jul 2025
					12:36:21",https://www.idx.co.id/StaticData/NewsAndAnnouncement/ANNOUNCEMENTSTOCK/From_EREP/202507/20250731124537-56506-0/FinancialStatement-2025-II-AMRT.pdf,Penyampaian Laporan Keuangan Interim Yang Tidak Diaudit [],AMRT,https://www.idx.co.id/StaticData/NewsAndAnnouncement/ANNOUNCEMENTSTOCK/From_EREP/202507/20250731124537-56506-0/020_OJK_Penyampaian%20Laporan%20Keuangan%20Q2%202025.pdf,020_OJK_Penyampaian Laporan Keuangan Q2 2025.pdf,https://www.idx.co.id/StaticData/NewsAndAnnouncement/ANNOUNCEMENTSTOCK/From_EREP/202507/20250731124537-56506-0/AMRT_1H2025.pdf,AMRT_1H2025.pdf,https://www.idx.co.id/StaticData/NewsAndAnnouncement/ANNOUNCEMENTSTOCK/From_EREP/202507/20250731124537-56506-0/FinancialStatement-2025-II-AMRT.xlsx,FinancialStatement-2025-II-AMRT.xlsx
"04 Jul 2025
					14:26:11",https://www.idx.co.id/StaticData/NewsAndAnnouncement/ANNOUNCEMENTSTOCK/From_EREP/202507/f445b772cf_95b9c5fd49.pdf,"Tata Kelola Unggul, ANTAM Raih Tiga Penghargaan Internasional []",ANTM,https://www.idx.co.id/StaticData/NewsAndAnnouncement/ANNOUNCEMENTSTOCK/From_EREP/202507/78d1d7647c_cbae257839.pdf,20250704_ANTM_Laporan Informasi dan Fakta Material_31911711_lamp2.pdf,https://www.idx.co.id/StaticData/NewsAndAnnouncement/ANNOUNCEMENTSTOCK/From_EREP/202507/7fd97bfc58_7d67fd9c64.pdf,20250704_ANTM_Laporan Informasi dan Fakta Material_31911711_lamp1.pdf,,
"04 Jul 2025
					18:37:23",https://www.idx.co.id/StaticData/NewsAndAnnouncement/ANNOUNCEMENTSTOCK/From_EREP/202507/383780e077_f52d13eda7.pdf,ANTAM - IBC Wujudkan Ekosistem Industri EV Terintegrasi Bersama CBL [],ANTM,https://www.idx.co.id/StaticData/NewsAndAnnouncement/ANNOUNCEMENTSTOCK/From_EREP/202507/5a16db1d41_c7ce3aa7a8.pdf,20250704_ANTM_Laporan Informasi dan Fakta Material_31911934_lamp2.pdf,https://www.idx.co.id/StaticData/NewsAndAnnouncement/ANNOUNCEMENTSTOCK/From_EREP/202507/6b8f997bd1_cf30aaac2e.pdf,20250704_ANTM_Laporan Informasi dan Fakta Material_31911934_lamp1.pdf,,
"07 Jul 2025
					17:02:55",https://www.idx.co.id/StaticData/NewsAndAnnouncement/ANNOUNCEMENTSTOCK/From_EREP/202507/64c8862ce4_4c168105f2.pdf,Laporan Bulanan Registrasi Pemegang Efek [],ANTM,https://www.idx.co.id/StaticData/NewsAndAnnouncement/ANNOUNCEMENTSTOCK/From_EREP/202507/f186eb5c61_e8e3f604b3.pdf,20250707_ANTM_Laporan Bulanan Registrasi Pemegang Efek/Perubahan Struktur Pemegang Saham_31912461_lamp1.pdf,,,,
"07 Jul 2025
					17:44:59",https://www.idx.co.id/StaticData/NewsAndAnnouncement/ANNOUNCEMENTSTOCK/From_EREP/202507/b836267d23_29dc4f5d5a.pdf,57 Tahun ANTAM jadi Pelopor Hilirisasi Mineral Strategis Nasional [],ANTM,https://www.idx.co.id/StaticData/NewsAndAnnouncement/ANNOUNCEMENTSTOCK/From_EREP/202507/91407c7507_1e0f754747.pdf,20250707_ANTM_Laporan Informasi dan Fakta Material_31912505_lamp1.pdf,https://www.idx.co.id/StaticData/NewsAndAnnouncement/ANNOUNCEMENTSTOCK/From_EREP/202507/b56d269d25_5ce5102157.pdf,20250707_ANTM_Laporan Informasi dan Fakta Material_31912505_lamp2.pdf,,
"10 Jul 2025
					17:57:30",https://www.idx.co.id/StaticData/NewsAndAnnouncement/ANNOUNCEMENTSTOCK/From_EREP/202507/4b6be9fea1_bec0840209.pdf,ANTAM Raih Apresiasi ICDX Berkat Komitmen Energi Bersih di UBPP Logam Mulia [],ANTM,https://www.idx.co.id/StaticData/NewsAndAnnouncement/ANNOUNCEMENTSTOCK/From_EREP/202507/2d4bebb069_f19c46814f.pdf,20250710_ANTM_Laporan Informasi dan Fakta Material_31913953_lamp1.pdf,https://www.idx.co.id/StaticData/NewsAndAnnouncement/ANNOUNCEMENTSTOCK/From_EREP/202507/a5312552cc_2693da9d04.pdf,20250710_ANTM_Laporan Informasi dan Fakta Material_31913953_lamp2.pdf,,
"10 Jul 2025
					18:08:53",https://www.idx.co.id/StaticData/NewsAndAnnouncement/ANNOUNCEMENTSTOCK/From_EREP/202507/29b48207c1_76633a3b3a.pdf,Laporan Bulanan Aktivitas Eksplorasi [],ANTM,https://www.idx.co.id/StaticData/NewsAndAnnouncement/ANNOUNCEMENTSTOCK/From_EREP/202507/2aa6eae2a9_fa6dcb72bc.pdf,20250710_ANTM_Laporan Bulanan Aktivitas Eksplorasi_31913959_lamp2.pdf,https://www.idx.co.id/StaticData/NewsAndAnnouncement/ANNOUNCEMENTSTOCK/From_EREP/202507/3d3cf92424_6120d9896b.pdf,20250710_ANTM_Laporan Bulanan Aktivitas Eksplorasi_31913959_lamp1.pdf,,
"15 Jul 2025
					19:26:19",https://www.idx.co.id/StaticData/NewsAndAnnouncement/ANNOUNCEMENTSTOCK/From_EREP/202507/ff2629e635_e972711940.pdf,"Tunjukkan Fundamental Keuangan yang Kuat, ANTAM Bagikan 100% Laba Bersih 2024 Sebagai Dividen []",ANTM,https://www.idx.co.id/StaticData/NewsAndAnnouncement/ANNOUNCEMENTSTOCK/From_EREP/202507/7bfa70b93b_e4b2224072.pdf,20250715_ANTM_Laporan Informasi dan Fakta Material_31915060_lamp2.pdf,https://www.idx.co.id/StaticData/NewsAndAnnouncement/ANNOUNCEMENTSTOCK/From_EREP/202507/b4b8775c14_dfbd9a2f40.pdf,20250715_ANTM_Laporan Informasi dan Fakta Material_31915060_lamp1.pdf,,
"15 Jul 2025
					20:18:03",https://www.idx.co.id/StaticData/NewsAndAnnouncement/ANNOUNCEMENTSTOCK/From_EREP/202507/f5fee738b8_c2e127c946.pdf,Laporan Penggunaan Dana Hasil Penawaran Umum [],ANTM,https://www.idx.co.id/StaticData/NewsAndAnnouncement/ANNOUNCEMENTSTOCK/From_EREP/202507/500415eb80_a3c00f8427.pdf,20250715_ANTM_Laporan Penggunaan Dana Hasil Penawaran Umum_31915069_lamp1.pdf,,,,
"16 Jul 2025
					12:20:29",https://www.idx.co.id/StaticData/NewsAndAnnouncement/ANNOUNCEMENTSTOCK/From_EREP/202507/02db2c5168_2152e6a411.pdf,ANTAM Raih Penghargaan Indonesia Original Brand 2025 untuk Kategori Logam Mulia [],ANTM,https://www.idx.co.id/StaticData/NewsAndAnnouncement/ANNOUNCEMENTSTOCK/From_EREP/202507/4c1dca9460_14b1c106e7.pdf,20250716_ANTM_Laporan Informasi dan Fakta Material_31915202_lamp2.pdf,https://www.idx.co.id/StaticData/NewsAndAnnouncement/ANNOUNCEMENTSTOCK/From_EREP/202507/a8397077df_c57c7e2308.pdf,20250716_ANTM_Laporan Informasi dan Fakta Material_31915202_lamp1.pdf,,
"28 Jul 2025
					20:00:48",https://www.idx.co.id/StaticData/NewsAndAnnouncement/ANNOUNCEMENTSTOCK/From_EREP/202507/243535d9fb_75c4704233.pdf,Penyampaian Materi pada Acara Medan Investor Meeting & Connectivity 2025 [],ANTM,https://www.idx.co.id/StaticData/NewsAndAnnouncement/ANNOUNCEMENTSTOCK/From_EREP/202507/5ac81ec1d4_b776952113.pdf,20250728_ANTM_Laporan Informasi dan Fakta Material_31928055_lamp2.pdf,https://www.idx.co.id/StaticData/NewsAndAnnouncement/ANNOUNCEMENTSTOCK/From_EREP/202507/db6703099e_ca7b14c511.pdf,20250728_ANTM_Laporan Informasi dan Fakta Material_31928055_lamp1.pdf,,
"30 Jul 2025
					17:42:42",https://www.idx.co.id/StaticData/NewsAndAnnouncement/ANNOUNCEMENTSTOCK/From_EREP/202507/65d7a4ae54_55206a1328.pdf,Rencana Penyampaian Laporan Keuangan Kuartal II 2025 Ditelaah secara terbatas [],ANTM,https://www.idx.co.id/StaticData/NewsAndAnnouncement/ANNOUNCEMENTSTOCK/From_EREP/202507/3d70a50fdd_ccef8a64f2.pdf,20250730_ANTM_Rencana Penyampaian Laporan Keuangan_31928698_lamp1.pdf,,,,
"31 Jul 2025
					15:39:19",https://www.idx.co.id/StaticData/NewsAndAnnouncement/ANNOUNCEMENTSTOCK/From_EREP/202507/b5a0a041b9_5d768ecd9f.pdf,Penyampaian Laporan Kuartalan Periode Triwulan II Tahun 2025 [],ANTM,https://www.idx.co.id/StaticData/NewsAndAnnouncement/ANNOUNCEMENTSTOCK/From_EREP/202507/89ca09bf8f_022cb705ff.pdf,20250731_ANTM_Laporan Informasi dan Fakta Material_31928993_lamp2.pdf,https://www.idx.co.id/StaticData/NewsAndAnnouncement/ANNOUNCEMENTSTOCK/From_EREP/202507/b4ee734df4_626f1b9455.pdf,20250731_ANTM_Laporan Informasi dan Fakta Material_31928993_lamp1.pdf,,
"07 Jul 2025
					18:14:54",https://www.idx.co.id/StaticData/NewsAndAnnouncement/ANNOUNCEMENTSTOCK/From_EREP/202507/d21c400215_50e24ab964.pdf,Laporan Bulanan Registrasi Pemegang Efek [],ARTO,https://www.idx.co.id/StaticData/NewsAndAnnouncement/ANNOUNCEMENTSTOCK/From_EREP/202507/6ebcb8db88_75b64b6f8d.pdf,20250707_ARTO_Laporan Bulanan Registrasi Pemegang Efek/Perubahan Struktur Pemegang Saham_31912101_lamp1.pdf,https://www.idx.co.id/StaticData/NewsAndAnnouncement/ANNOUNCEMENTSTOCK/From_EREP/202507/a68fef647c_6e4a579bfc.pdf,20250707_ARTO_Laporan Bulanan Registrasi Pemegang Efek/Perubahan Struktur Pemegang Saham_31912101_lamp2.pdf,,
"24 Jul 2025
					15:48:31",https://www.idx.co.id/StaticData/NewsAndAnnouncement/ANNOUNCEMENTSTOCK/From_EREP/202507/20250724155905-55341-0/FinancialStatement-2025-II-ARTO.pdf,Penyampaian Laporan Keuangan Interim Yang Tidak Diaudit [],ARTO,https://www.idx.co.id/StaticData/NewsAndAnnouncement/ANNOUNCEMENTSTOCK/From_EREP/202507/20250724155905-55341-0/FINAL_Bapepam%20Checklist%2030%20June%202025_signed.pdf,FINAL_Bapepam Checklist 30 June 2025_signed.pdf,https://www.idx.co.id/StaticData/NewsAndAnnouncement/ANNOUNCEMENTSTOCK/From_EREP/202507/20250724155905-55341-0/FINAL_Dirstat%20Bank%20Jago_300625.pdf,FINAL_Dirstat Bank Jago_300625.pdf,https://www.idx.co.id/StaticData/NewsAndAnnouncement/ANNOUNCEMENTSTOCK/From_EREP/202507/20250724155905-55341-0/FINAL_LKFS_PT%20Bank%20Jago%20Tbk_30%20June%202025_combined.pdf,FINAL_LKFS_PT Bank Jago Tbk_30 June 2025_combined.pdf
"24 Jul 2025
					16:10:41",https://www.idx.co.id/StaticData/NewsAndAnnouncement/ANNOUNCEMENTSTOCK/From_EREP/202507/eaffd1db73_9315b95f16.pdf,Laporan Hasil Pelaksanaan Konversi ESOP MSOP [],ARTO,https://www.idx.co.id/StaticData/NewsAndAnnouncement/ANNOUNCEMENTSTOCK/From_EREP/202507/08ed663a11_fb3faf03b4.pdf,20250724_ARTO_Laporan Hasil Pelaksanaan Konversi ESOP MSOP_31917128_lamp1.pdf,,,,
"25 Jul 2025
					11:22:05",https://www.idx.co.id/StaticData/NewsAndAnnouncement/ANNOUNCEMENTSTOCK/From_EREP/202507/ed1b3cf248_e12c5326fe.pdf,Informasi atau Fakta Material lainnya. [],ARTO,https://www.idx.co.id/StaticData/NewsAndAnnouncement/ANNOUNCEMENTSTOCK/From_EREP/202507/7b805f5cd9_57e38bc312.pdf,20250725_ARTO_Laporan Informasi dan Fakta Material_31917447_lamp1.pdf,https://www.idx.co.id/StaticData/NewsAndAnnouncement/ANNOUNCEMENTSTOCK/From_EREP/202507/933e9112b0_0d28324b2c.pdf,20250725_ARTO_Laporan Informasi dan Fakta Material_31917447_lamp2.pdf,https://www.idx.co.id/StaticData/NewsAndAnnouncement/ANNOUNCEMENTSTOCK/From_EREP/202507/c3c9561e07_cce76f714d.pdf,20250725_ARTO_Laporan Informasi dan Fakta Material_31917447_lamp3.pdf
"02 Jul 2025
					17:02:11",https://www.idx.co.id/StaticData/NewsAndAnnouncement/ANNOUNCEMENTSTOCK/From_EREP/202507/d6d53a885c_9c626c6c6a.pdf,Transaksi Afiliasi [],ASII,https://www.idx.co.id/StaticData/NewsAndAnnouncement/ANNOUNCEMENTSTOCK/From_EREP/202507/ea7eadb73a_2baa0d118e.pdf,20250702_ASII_Informasi Transaksi Afiliasi_31910767_lamp2.pdf,https://www.idx.co.id/StaticData/NewsAndAnnouncement/ANNOUNCEMENTSTOCK/From_EREP/202507/f0df6e4ce0_38722e1133.pdf,20250702_ASII_Informasi Transaksi Afiliasi_31910767_lamp1.pdf,,
"08 Jul 2025
					17:19:04",https://www.idx.co.id/StaticData/NewsAndAnnouncement/ANNOUNCEMENTSTOCK/From_EREP/202507/bb59b8cbd0_6ae58688da.pdf,Laporan Bulanan Registrasi Pemegang Efek [],ASII,https://www.idx.co.id/StaticData/NewsAndAnnouncement/ANNOUNCEMENTSTOCK/From_EREP/202507/c60b5e6b61_d2c258c874.pdf,20250702_ASII_Laporan Bulanan Registrasi Pemegang Efek/Perubahan Struktur Pemegang Saham_31910810_lamp1.pdf,,,,
"22 Jul 2025
					08:46:53",https://www.idx.co.id/StaticData/NewsAndAnnouncement/ANNOUNCEMENTSTOCK/From_EREP/202507/ccd8c0de35_dd5a87b8a9.pdf,"Penandatanganan Perjanjian Jual Beli Saham Bersyarat antara PT Saka Industrial Arjaya dengan PT Suwarna Arta Mandiri, Bridge Lee Limited dan beberapa pemegang saham minoritas PT Mega Manunggal Property Tbk []",ASII,https://www.idx.co.id/StaticData/NewsAndAnnouncement/ANNOUNCEMENTSTOCK/From_EREP/202507/6e00eba0b6_b506eb1daf.pdf,20250722_ASII_Laporan Informasi dan Fakta Material_31916387_lamp1.pdf,,,,
"30 Jul 2025
					17:20:38",https://www.idx.co.id/StaticData/NewsAndAnnouncement/ANNOUNCEMENTSTOCK/From_EREP/202507/e728910025_6b8f032025.pdf,Penyampaian Laporan Keuangan [],ASII,https://www.idx.co.id/StaticData/NewsAndAnnouncement/ANNOUNCEMENTSTOCK/From_EREP/202507/16b725df17_3449af55c6.pdf,20250730_ASII_Laporan Informasi dan Fakta Material_31928659_lamp3.pdf,https://www.idx.co.id/StaticData/NewsAndAnnouncement/ANNOUNCEMENTSTOCK/From_EREP/202507/775ad8787e_0ffee1cfe1.pdf,20250730_ASII_Laporan Informasi dan Fakta Material_31928659_lamp2.pdf,https://www.idx.co.id/StaticData/NewsAndAnnouncement/ANNOUNCEMENTSTOCK/From_EREP/202507/edd371a392_97ee730cc6.pdf,20250730_ASII_Laporan Informasi dan Fakta Material_31928659_lamp1.pdf
"30 Jul 2025
					19:55:23",https://www.idx.co.id/StaticData/NewsAndAnnouncement/ANNOUNCEMENTSTOCK/From_EREP/202507/20250730200659-55028-0/FinancialStatement-2025-II-ASII.pdf,Penyampaian Laporan Keuangan Interim Yang Tidak Diaudit [],ASII,https://www.idx.co.id/StaticData/NewsAndAnnouncement/ANNOUNCEMENTSTOCK/From_EREP/202507/20250730200659-55028-0/Astra%20Account%20June%202025.pdf,Astra Account June 2025.pdf,https://www.idx.co.id/StaticData/NewsAndAnnouncement/ANNOUNCEMENTSTOCK/From_EREP/202507/20250730200659-55028-0/Director%20Statement%200625.pdf,Director Statement 0625.pdf,https://www.idx.co.id/StaticData/NewsAndAnnouncement/ANNOUNCEMENTSTOCK/From_EREP/202507/20250730200659-55028-0/FinancialStatement-2025-II-ASII.xlsx,FinancialStatement-2025-II-ASII.xlsx
"03 Jul 2025
					17:48:30",https://www.idx.co.id/StaticData/NewsAndAnnouncement/ANNOUNCEMENTSTOCK/From_EREP/202507/385834cf72_a6471fd1d0.pdf,Laporan Bulanan Registrasi Pemegang Efek [],BBCA,,,,,,
"04 Jul 2025
					17:24:18",https://www.idx.co.id/StaticData/NewsAndAnnouncement/ANNOUNCEMENTSTOCK/From_EREP/202507/dca039a3b9_ea44fc74dd.pdf,Jatuh Tempo Obligasi / Sukuk Korporasi [],BBCA,https://www.idx.co.id/StaticData/NewsAndAnnouncement/ANNOUNCEMENTSTOCK/From_EREP/202507/6cd5240b80_a30cf6df6e.pdf,20250704_BBCA_Pengumuman Jatuh Tempo Obligasi dan Sukuk_31911748_lamp1.pdf,https://www.idx.co.id/StaticData/NewsAndAnnouncement/ANNOUNCEMENTSTOCK/From_EREP/202507/af11621aec_13db3ab222.pdf,20250704_BBCA_Pengumuman Jatuh Tempo Obligasi dan Sukuk_31911748_lamp2.pdf,,
"28 Jul 2025
					16:00:46",https://www.idx.co.id/StaticData/NewsAndAnnouncement/ANNOUNCEMENTSTOCK/From_EREP/202507/308bea93dc_620f47ccec.pdf,Penyampaian Materi pada Acara Medan Investor Meeting & Connectivity 2025 [],BBCA,https://www.idx.co.id/StaticData/NewsAndAnnouncement/ANNOUNCEMENTSTOCK/From_EREP/202507/863449708a_e58b25f0da.pdf,20250728_BBCA_Laporan Informasi dan Fakta Material_31927805_lamp3.pdf,https://www.idx.co.id/StaticData/NewsAndAnnouncement/ANNOUNCEMENTSTOCK/From_EREP/202507/d808cf6f70_a778692b1a.pdf,20250728_BBCA_Laporan Informasi dan Fakta Material_31927805_lamp1.pdf,https://www.idx.co.id/StaticData/NewsAndAnnouncement/ANNOUNCEMENTSTOCK/From_EREP/202507/ee5a3423c7_1cfd28f0e8.pdf,20250728_BBCA_Laporan Informasi dan Fakta Material_31927805_lamp2.pdf
"29 Jul 2025
					15:58:57",https://www.idx.co.id/StaticData/NewsAndAnnouncement/ANNOUNCEMENTSTOCK/From_EREP/202507/b7a5942d3c_6a19eaa5c8.pdf,Laporan Pengalihan Kembali Saham Hasil Buy Back [],BBCA,https://www.idx.co.id/StaticData/NewsAndAnnouncement/ANNOUNCEMENTSTOCK/From_EREP/202507/d2e8c9152b_294ea7f9e7.pdf,20250729_BBCA_Laporan Pengalihan Saham Hasil Buy Back_31928242_lamp1.pdf,,,,
"30 Jul 2025
					16:46:38",https://www.idx.co.id/StaticData/NewsAndAnnouncement/ANNOUNCEMENTSTOCK/From_EREP/202507/20250730165608-56279-0/FinancialStatement-2025-II-BBCA.pdf,Penyampaian Laporan Keuangan Interim Yang Tidak Diaudit [],BBCA,https://www.idx.co.id/StaticData/NewsAndAnnouncement/ANNOUNCEMENTSTOCK/From_EREP/202507/20250730165608-56279-0/FinancialStatement-2025-II-BBCA.xlsx,FinancialStatement-2025-II-BBCA.xlsx,https://www.idx.co.id/StaticData/NewsAndAnnouncement/ANNOUNCEMENTSTOCK/From_EREP/202507/20250730165608-56279-0/inlineXBRL.zip,inlineXBRL.zip,https://www.idx.co.id/StaticData/NewsAndAnnouncement/ANNOUNCEMENTSTOCK/From_EREP/202507/20250730165608-56279-0/instance.zip,instance.zip
"30 Jul 2025
					17:57:47",https://www.idx.co.id/StaticData/NewsAndAnnouncement/ANNOUNCEMENTSTOCK/From_EREP/202507/bccdb76f94_7324deaa9a.pdf,"Penyampaian Press Release terkait Informasi Ringkasan Kinerja Keuangan Semester I Tahun 2025 (unaudited) PT Bank Central Asia Tbk (""Perseroan"") []",BBCA,https://www.idx.co.id/StaticData/NewsAndAnnouncement/ANNOUNCEMENTSTOCK/From_EREP/202507/33cb2b9a53_37ed23d1d4.pdf,20250730_BBCA_Laporan Informasi dan Fakta Material_31928637_lamp1.pdf,https://www.idx.co.id/StaticData/NewsAndAnnouncement/ANNOUNCEMENTSTOCK/From_EREP/202507/9582ae1983_71c0d78e6d.pdf,20250730_BBCA_Laporan Informasi dan Fakta Material_31928637_lamp2.pdf,,
"31 Jul 2025
					17:42:39",https://www.idx.co.id/StaticData/NewsAndAnnouncement/ANNOUNCEMENTSTOCK/From_EREP/202507/834da1080b_3a3cac2851.pdf,Penyampaian Bukti Iklan Informasi Laporan Keuangan Interim [],BBCA,https://www.idx.co.id/StaticData/NewsAndAnnouncement/ANNOUNCEMENTSTOCK/From_EREP/202507/8351cf4dd4_52c16e8a9e.pdf,20250731_BBCA_Penyampaian Bukti Iklan_31928828_lamp2.pdf,https://www.idx.co.id/StaticData/NewsAndAnnouncement/ANNOUNCEMENTSTOCK/From_EREP/202507/bc83750d21_ecc068e822.pdf,20250731_BBCA_Penyampaian Bukti Iklan_31928828_lamp1.pdf,,
"05 Jul 2025
					00:33:20",https://www.idx.co.id/StaticData/NewsAndAnnouncement/ANNOUNCEMENTSTOCK/From_EREP/202507/1c19aa0a95_c647a95b54.pdf,Pengumuman Bursa Pencatatan Awal Obligasi dan Sukuk [],BBNI,https://www.idx.co.id/StaticData/NewsAndAnnouncement/ANNOUNCEMENTSTOCK/From_EREP/202507/e814ef6dad_512cdee21a.pdf,20250704_BBNI_Pengumuman Pencatatan Awal Obligasi dan Sukuk_31911819_lamp1.pdf,,,,
"07 Jul 2025
					19:15:30",https://www.idx.co.id/StaticData/NewsAndAnnouncement/ANNOUNCEMENTSTOCK/From_EREP/202507/a9ec86aafa_0d03f2f9f5.pdf,Laporan Bulanan Registrasi Pemegang Efek [],BBNI,https://www.idx.co.id/StaticData/NewsAndAnnouncement/ANNOUNCEMENTSTOCK/From_EREP/202507/a2217e168d_d400f4201a.pdf,20250707_BBNI_Laporan Bulanan Registrasi Pemegang Efek/Perubahan Struktur Pemegang Saham_31912383_lamp1.pdf,,,,
"08 Jul 2025
					06:30:47",https://www.idx.co.id/StaticData/NewsAndAnnouncement/ANNOUNCEMENTSTOCK/From_EREP/202507/d3481e64bf_2e3c30b9dd.pdf,Penyampaian Informasi Pencatatan Efek atas Penerbitan Obligasi Berlandaskan Keberlanjutan (Sustainability Bond) Berkelanjutan I Bank BNI Tahap I Tahun 2025. [],BBNI,https://www.idx.co.id/StaticData/NewsAndAnnouncement/ANNOUNCEMENTSTOCK/From_EREP/202507/bb062db2fe_195c7a56f6.pdf,20250707_BBNI_Laporan Informasi dan Fakta Material_31912549_lamp1.pdf,,,,
"25 Jul 2025
					09:37:09",https://www.idx.co.id/StaticData/NewsAndAnnouncement/ANNOUNCEMENTSTOCK/From_EREP/202507/20250725094258-55172-0/FinancialStatement-2025-II-BBNI.pdf,Penyampaian Laporan Keuangan Interim Yang Tidak Diaudit [],BBNI,https://www.idx.co.id/StaticData/NewsAndAnnouncement/ANNOUNCEMENTSTOCK/From_EREP/202507/20250725094258-55172-0/Ceklist%20LFR%2030%20Juni%202025_compressed.pdf,Ceklist LFR 30 Juni 2025_compressed.pdf,https://www.idx.co.id/StaticData/NewsAndAnnouncement/ANNOUNCEMENTSTOCK/From_EREP/202507/20250725094258-55172-0/FinancialStatement-2025-II-BBNI.xlsx,FinancialStatement-2025-II-BBNI.xlsx,https://www.idx.co.id/StaticData/NewsAndAnnouncement/ANNOUNCEMENTSTOCK/From_EREP/202507/20250725094258-55172-0/inlineXBRL.zip,inlineXBRL.zip
"25 Jul 2025
					14:14:02",https://www.idx.co.id/StaticData/NewsAndAnnouncement/ANNOUNCEMENTSTOCK/From_EREP/202507/e83a974587_ba60c938a5.pdf,Penyampaian Bukti Iklan Informasi Laporan Keuangan Interim [],BBNI,https://www.idx.co.id/StaticData/NewsAndAnnouncement/ANNOUNCEMENTSTOCK/From_EREP/202507/12bdf9ba90_9fb92e9236.pdf,20250725_BBNI_Penyampaian Bukti Iklan_31917451_lamp1.pdf,,,,
"25 Jul 2025
					16:37:16",https://www.idx.co.id/StaticData/NewsAndAnnouncement/ANNOUNCEMENTSTOCK/From_EREP/202507/be8bbafc87_df029169d7.pdf,Perseroan menyelenggarakan Earnings Call Kinerja 30 Juni 2025 [],BBNI,https://www.idx.co.id/StaticData/NewsAndAnnouncement/ANNOUNCEMENTSTOCK/From_EREP/202507/e0e58d08c2_b7073ef50d.pdf,20250725_BBNI_Laporan Informasi dan Fakta Material_31917584_lamp1.pdf,,,,
"30 Jul 2025
					18:29:30",https://www.idx.co.id/StaticData/NewsAndAnnouncement/ANNOUNCEMENTSTOCK/From_EREP/202507/9c43314deb_e9c694aec4.pdf,Laporan Kepemilikan atau Setiap Perubahan Kepemilikan Saham Perusahaan Terbuka [],BBNI,https://www.idx.co.id/StaticData/NewsAndAnnouncement/ANNOUNCEMENTSTOCK/From_EREP/202507/bfa1fa284c_61b5bc73d9.pdf,20250730_BBNI_Laporan Kepemilikan atau Setiap Perubahan Kepemilikan Saham Perusahaan Terbuka_31928611_lamp1.pdf,,,,
"01 Jul 2025
					18:23:49",https://www.idx.co.id/StaticData/NewsAndAnnouncement/ANNOUNCEMENTSTOCK/From_EREP/202507/7affb58ca3_9f8c8b7473.pdf,Penjelasan atas Pemberitaan Media Massa [],BBRI,https://www.idx.co.id/StaticData/NewsAndAnnouncement/ANNOUNCEMENTSTOCK/From_EREP/202507/617836af6e_b4e168d30b.pdf,20250701_BBRI_Tanggapan atas Permintaan Penjelasan Bursa_31910539_lamp1.pdf,https://www.idx.co.id/StaticData/NewsAndAnnouncement/ANNOUNCEMENTSTOCK/From_EREP/202507/97915af1e5_8045e15847.pdf,20250701_BBRI_Tanggapan atas Permintaan Penjelasan Bursa_31910539_lamp2.pdf,,
"10 Jul 2025
					14:37:34",https://www.idx.co.id/StaticData/NewsAndAnnouncement/ANNOUNCEMENTSTOCK/From_EREP/202507/9e564c6cd3_d1cde4662f.pdf,Perubahan Struktur Pemegang Saham [],BBRI,https://www.idx.co.id/StaticData/NewsAndAnnouncement/ANNOUNCEMENTSTOCK/From_EREP/202507/49476544c6_5e6f6f842f.pdf,20250709_BBRI_Laporan Bulanan Registrasi Pemegang Efek/Perubahan Struktur Pemegang Saham_31913393_lamp2.pdf,https://www.idx.co.id/StaticData/NewsAndAnnouncement/ANNOUNCEMENTSTOCK/From_EREP/202507/5f30af4ef0_aefd32a41b.pdf,20250709_BBRI_Laporan Bulanan Registrasi Pemegang Efek/Perubahan Struktur Pemegang Saham_31913393_lamp1.pdf,,
"15 Jul 2025
					15:50:59",https://www.idx.co.id/StaticData/NewsAndAnnouncement/ANNOUNCEMENTSTOCK/From_EREP/202507/696236d4da_4f7016aae2.pdf,Laporan Penggunaan Dana Hasil Penawaran Umum [],BBRI,,,,,,
"15 Jul 2025
					15:55:18",https://www.idx.co.id/StaticData/NewsAndAnnouncement/ANNOUNCEMENTSTOCK/From_EREP/202507/a909895cfb_0812cf0b84.pdf,Laporan Pengalihan Kembali Saham Hasil Buy Back [],BBRI,https://www.idx.co.id/StaticData/NewsAndAnnouncement/ANNOUNCEMENTSTOCK/From_EREP/202507/1fdd7f51b0_1dd562c331.pdf,20250711_BBRI_Laporan Pengalihan Saham Hasil Buy Back_31914251_lamp1.pdf,,,,
"15 Jul 2025
					15:56:17",https://www.idx.co.id/StaticData/NewsAndAnnouncement/ANNOUNCEMENTSTOCK/From_EREP/202507/4761e79130_d96b47e3b8.pdf,Laporan Pengalihan Kembali Saham Hasil Buy Back [],BBRI,https://www.idx.co.id/StaticData/NewsAndAnnouncement/ANNOUNCEMENTSTOCK/From_EREP/202507/6bb02c3cde_e9be53f42e.pdf,20250711_BBRI_Laporan Pengalihan Saham Hasil Buy Back_31914248_lamp1.pdf,,,,
"22 Jul 2025
					18:07:10",https://www.idx.co.id/StaticData/NewsAndAnnouncement/ANNOUNCEMENTSTOCK/From_EREP/202507/03b0b6841d_4223e99a63.pdf,Jatuh Tempo Obligasi / Sukuk Korporasi [],BBRI,https://www.idx.co.id/StaticData/NewsAndAnnouncement/ANNOUNCEMENTSTOCK/From_EREP/202507/3b1cd56d65_a160a90022.pdf,20250718_BBRI_Pengumuman Jatuh Tempo Obligasi dan Sukuk_31915790_lamp1.pdf,,,,
"31 Jul 2025
					14:10:09",https://www.idx.co.id/StaticData/NewsAndAnnouncement/ANNOUNCEMENTSTOCK/From_EREP/202507/20250731141340-54902-0/FinancialStatement-2025-II-BBRI.pdf,Penyampaian Laporan Keuangan Interim Yang Tidak Diaudit [],BBRI,https://www.idx.co.id/StaticData/NewsAndAnnouncement/ANNOUNCEMENTSTOCK/From_EREP/202507/20250731141340-54902-0/B.3677%20DIR%20FMA%20Laporan%20Keuangan_Sent.pdf,B.3677 DIR FMA Laporan Keuangan_Sent.pdf,https://www.idx.co.id/StaticData/NewsAndAnnouncement/ANNOUNCEMENTSTOCK/From_EREP/202507/20250731141340-54902-0/Checklist%20Bapepam%20Juni%202025-1.pdf,Checklist Bapepam Juni 2025-1.pdf,https://www.idx.co.id/StaticData/NewsAndAnnouncement/ANNOUNCEMENTSTOCK/From_EREP/202507/20250731141340-54902-0/FinancialStatement-2025-II-BBRI.xlsx,FinancialStatement-2025-II-BBRI.xlsx
"31 Jul 2025
					16:28:56",https://www.idx.co.id/StaticData/NewsAndAnnouncement/ANNOUNCEMENTSTOCK/From_EREP/202507/4d2b683718_07517f3e60.pdf,Analyst Meeting Kinerja Keuangan BRI Triwulan II Tahun 2025 [],BBRI,https://www.idx.co.id/StaticData/NewsAndAnnouncement/ANNOUNCEMENTSTOCK/From_EREP/202507/94fb02d0c1_0ea8f3c5b6.pdf,20250731_BBRI_Laporan Informasi dan Fakta Material_31929013_lamp2.pdf,https://www.idx.co.id/StaticData/NewsAndAnnouncement/ANNOUNCEMENTSTOCK/From_EREP/202507/ca722c80df_749b35193b.pdf,20250731_BBRI_Laporan Informasi dan Fakta Material_31929013_lamp1.pdf,https://www.idx.co.id/StaticData/NewsAndAnnouncement/ANNOUNCEMENTSTOCK/From_EREP/202507/e98e312f5f_adb51b5bce.pdf,20250731_BBRI_Laporan Informasi dan Fakta Material_31929013_lamp3.pdf
"02 Jul 2025
					16:28:45",https://www.idx.co.id/StaticData/NewsAndAnnouncement/ANNOUNCEMENTSTOCK/From_EREP/202507/f2aa7082a0_e9bcc5691f.pdf,Perubahan Komite Audit [],BBTN,https://www.idx.co.id/StaticData/NewsAndAnnouncement/ANNOUNCEMENTSTOCK/From_EREP/202507/d9d10a6d3c_0b9e0dcd8e.pdf,20250702_BBTN_Perubahan Corsec Komite Audit Alamat NPWP Internal Audit_31910649_lamp1.pdf,,,,
"02 Jul 2025
					18:35:19",https://www.idx.co.id/StaticData/NewsAndAnnouncement/ANNOUNCEMENTSTOCK/From_EREP/202507/89addae598_33d00445f7.pdf,Perubahan Komite Audit (KOREKSI) [],BBTN,https://www.idx.co.id/StaticData/NewsAndAnnouncement/ANNOUNCEMENTSTOCK/From_EREP/202507/5b683775c9_9733ad8b5d.pdf,20250702_BBTN_Perubahan Corsec Komite Audit Alamat NPWP Internal Audit_31910997_lamp1.pdf,,,,
"07 Jul 2025
					17:07:40",https://www.idx.co.id/StaticData/NewsAndAnnouncement/ANNOUNCEMENTSTOCK/From_EREP/202507/9b72781c4a_ccdea02317.pdf,Jatuh Tempo Obligasi / Sukuk Korporasi [],BBTN,,,,,,
"08 Jul 2025
					18:45:14",https://www.idx.co.id/StaticData/NewsAndAnnouncement/ANNOUNCEMENTSTOCK/From_EREP/202507/9e80217acd_8bc0f8d498.pdf,Laporan Bulanan Registrasi Pemegang Efek [],BBTN,https://www.idx.co.id/StaticData/NewsAndAnnouncement/ANNOUNCEMENTSTOCK/From_EREP/202507/03eef9b558_e1267bd21f.pdf,20250704_BBTN_Laporan Bulanan Registrasi Pemegang Efek/Perubahan Struktur Pemegang Saham_31911655_lamp1.pdf,,,,
"10 Jul 2025
					18:15:17",https://www.idx.co.id/StaticData/NewsAndAnnouncement/ANNOUNCEMENTSTOCK/From_EREP/202507/7d28994579_78b6aa9f71.pdf,Laporan Pembayaran Bunga Ke-40 (Empat Puluh) Obligasi Berkelanjutan II Bank BTN Tahap I Tahun 2015 Seri D [],BBTN,https://www.idx.co.id/StaticData/NewsAndAnnouncement/ANNOUNCEMENTSTOCK/From_EREP/202507/16fbfd4270_befc804e37.pdf,20250710_BBTN_Laporan Informasi dan Fakta Material_31913904_lamp1.pdf,,,,
"16 Jul 2025
					19:22:24",https://www.idx.co.id/StaticData/NewsAndAnnouncement/ANNOUNCEMENTSTOCK/From_EREP/202507/9d73542c3e_0db61c5234.pdf,Informasi Kupon [],BBTN,https://www.idx.co.id/StaticData/NewsAndAnnouncement/ANNOUNCEMENTSTOCK/From_EREP/202507/d965ae6a24_8e91211187.pdf,20250716_BBTN_Pembayaran Kupon/Bagi Hasil/Ijarah/Pokok_31915277_lamp1.pdf,,,,
"21 Jul 2025
					22:31:03",https://www.idx.co.id/StaticData/NewsAndAnnouncement/ANNOUNCEMENTSTOCK/From_EREP/202507/24d5c7e6b6_2e94d5a96f.pdf,Transaksi Afiliasi [],BBTN,https://www.idx.co.id/StaticData/NewsAndAnnouncement/ANNOUNCEMENTSTOCK/From_EREP/202507/00d0ce1bba_51f90c96d1.pdf,20250721_BBTN_Informasi Transaksi Afiliasi_31916218_lamp2.pdf,https://www.idx.co.id/StaticData/NewsAndAnnouncement/ANNOUNCEMENTSTOCK/From_EREP/202507/6316740b12_b1f5ff1c1e.pdf,20250721_BBTN_Informasi Transaksi Afiliasi_31916218_lamp5.pdf,https://www.idx.co.id/StaticData/NewsAndAnnouncement/ANNOUNCEMENTSTOCK/From_EREP/202507/79f34390f5_2317d5e896.pdf,20250721_BBTN_Informasi Transaksi Afiliasi_31916218_lamp3.pdf
"21 Jul 2025
					22:31:51",https://www.idx.co.id/StaticData/NewsAndAnnouncement/ANNOUNCEMENTSTOCK/From_EREP/202507/c2c7e1dd30_32a6e94e35.pdf,Transaksi Afiliasi [],BBTN,https://www.idx.co.id/StaticData/NewsAndAnnouncement/ANNOUNCEMENTSTOCK/From_EREP/202507/19e61543d4_58c91fbafc.pdf,20250721_BBTN_Informasi Transaksi Afiliasi_31916251_lamp5.pdf,https://www.idx.co.id/StaticData/NewsAndAnnouncement/ANNOUNCEMENTSTOCK/From_EREP/202507/34b854a2f0_8335307827.pdf,20250721_BBTN_Informasi Transaksi Afiliasi_31916251_lamp3.pdf,https://www.idx.co.id/StaticData/NewsAndAnnouncement/ANNOUNCEMENTSTOCK/From_EREP/202507/6d16530067_efa77c9b1b.pdf,20250721_BBTN_Informasi Transaksi Afiliasi_31916251_lamp2.pdf
"28 Jul 2025
					18:10:10",https://www.idx.co.id/StaticData/NewsAndAnnouncement/ANNOUNCEMENTSTOCK/From_EREP/202507/46cf847ce6_7d3e4c9e3a.pdf,Perubahan Nama Kantor Akuntan Publik [],BBTN,https://www.idx.co.id/StaticData/NewsAndAnnouncement/ANNOUNCEMENTSTOCK/From_EREP/202507/e963e6a958_4a92fffb23.pdf,20250728_BBTN_Laporan Informasi dan Fakta Material_31927897_lamp1.pdf,,,,
"01 Jul 2025
					18:36:47",https://www.idx.co.id/StaticData/NewsAndAnnouncement/ANNOUNCEMENTSTOCK/From_EREP/202507/9fa45e747d_d87142a5c5.pdf,Penyampaian Bukti Iklan Pemberitahuan RUPS [],BMRI,https://www.idx.co.id/StaticData/NewsAndAnnouncement/ANNOUNCEMENTSTOCK/From_EREP/202507/335efd48b3_cd6ae546c1.pdf,20250701_BMRI_Penyampaian Bukti Iklan_31910247_lamp1.pdf,https://www.idx.co.id/StaticData/NewsAndAnnouncement/ANNOUNCEMENTSTOCK/From_EREP/202507/8b85d8ece1_3d2baaf75b.pdf,20250701_BMRI_Penyampaian Bukti Iklan_31910247_lamp2.pdf,,
"09 Jul 2025
					18:03:09",https://www.idx.co.id/StaticData/NewsAndAnnouncement/ANNOUNCEMENTSTOCK/From_EREP/202507/dd5eabe034_a8808fcc33.pdf,Laporan Bulanan Registrasi Pemegang Efek [],BMRI,https://www.idx.co.id/StaticData/NewsAndAnnouncement/ANNOUNCEMENTSTOCK/From_EREP/202507/0df270b991_b28d70acff.pdf,20250707_BMRI_Laporan Bulanan Registrasi Pemegang Efek/Perubahan Struktur Pemegang Saham_31912339_lamp3.pdf,https://www.idx.co.id/StaticData/NewsAndAnnouncement/ANNOUNCEMENTSTOCK/From_EREP/202507/3858167c4b_95f304e0c9.pdf,20250707_BMRI_Laporan Bulanan Registrasi Pemegang Efek/Perubahan Struktur Pemegang Saham_31912339_lamp1.pdf,https://www.idx.co.id/StaticData/NewsAndAnnouncement/ANNOUNCEMENTSTOCK/From_EREP/202507/3d7a55bd21_39e50dbc7f.pdf,20250707_BMRI_Laporan Bulanan Registrasi Pemegang Efek/Perubahan Struktur Pemegang Saham_31912339_lamp4.pdf
"13 Jul 2025
					06:11:20",https://www.idx.co.id/StaticData/NewsAndAnnouncement/ANNOUNCEMENTSTOCK/From_EREP/202507/c2c472b4c2_f10ae0a379.pdf,Pemanggilan Rapat Umum Pemegang Saham Luar Biasa [],BMRI,https://www.idx.co.id/StaticData/NewsAndAnnouncement/ANNOUNCEMENTSTOCK/From_EREP/202507/b0421265e3_977a6bdec1.pdf,20250711_BMRI_Pemanggilan RUPS_31914184_lamp1.pdf,https://www.idx.co.id/StaticData/NewsAndAnnouncement/ANNOUNCEMENTSTOCK/From_EREP/202507/b83187fdaa_3383d6f085.pdf,20250711_BMRI_Pemanggilan RUPS_31914184_lamp3.pdf,https://www.idx.co.id/StaticData/NewsAndAnnouncement/ANNOUNCEMENTSTOCK/From_EREP/202507/d8ce670e1e_a7894702bf.pdf,20250711_BMRI_Pemanggilan RUPS_31914184_lamp2.pdf
"14 Jul 2025
					17:32:08",https://www.idx.co.id/StaticData/NewsAndAnnouncement/ANNOUNCEMENTSTOCK/From_EREP/202507/6ce52ed62a_0a5f81adf0.pdf,Penyampaian Bukti Iklan Panggilan RUPS [],BMRI,https://www.idx.co.id/StaticData/NewsAndAnnouncement/ANNOUNCEMENTSTOCK/From_EREP/202507/17a837d07d_a9ceadc8c2.pdf,20250714_BMRI_Penyampaian Bukti Iklan_31914510_lamp2.pdf,https://www.idx.co.id/StaticData/NewsAndAnnouncement/ANNOUNCEMENTSTOCK/From_EREP/202507/632c933f2d_89c327b778.pdf,20250714_BMRI_Penyampaian Bukti Iklan_31914510_lamp1.pdf,,
"24 Jul 2025
					20:10:35",https://www.idx.co.id/StaticData/NewsAndAnnouncement/ANNOUNCEMENTSTOCK/From_EREP/202507/3a0ea1224d_1cba677fa1.pdf,Perubahan Nama Kantor Akuntan Publik [],BMRI,https://www.idx.co.id/StaticData/NewsAndAnnouncement/ANNOUNCEMENTSTOCK/From_EREP/202507/5e729ac43a_693d32b459.pdf,20250724_BMRI_Laporan Informasi dan Fakta Material_31917285_lamp1.pdf,,,,
"04 Jul 2025
					17:55:00",https://www.idx.co.id/StaticData/NewsAndAnnouncement/ANNOUNCEMENTSTOCK/From_EREP/202507/cf3642c0bc_a062985c81.pdf,Rencana Penyampaian Laporan Keuangan Kuartal II 2025 Diaudit [],BRIS,https://www.idx.co.id/StaticData/NewsAndAnnouncement/ANNOUNCEMENTSTOCK/From_EREP/202507/2615fea98a_8581640518.pdf,20250704_BRIS_Rencana Penyampaian Laporan Keuangan_31911824_lamp1.pdf,,,,
"07 Jul 2025
					18:32:49",https://www.idx.co.id/StaticData/NewsAndAnnouncement/ANNOUNCEMENTSTOCK/From_EREP/202507/b3d90bba64_9f4b95b29b.pdf,Laporan Bulanan Registrasi Pemegang Efek [],BRIS,https://www.idx.co.id/StaticData/NewsAndAnnouncement/ANNOUNCEMENTSTOCK/From_EREP/202507/510358bfca_2b55855946.pdf,20250707_BRIS_Laporan Bulanan Registrasi Pemegang Efek/Perubahan Struktur Pemegang Saham_31912384_lamp1.pdf,,,,
"14 Jul 2025
					17:52:01",https://www.idx.co.id/StaticData/NewsAndAnnouncement/ANNOUNCEMENTSTOCK/From_EREP/202507/085c5780d8_a02f5a65a3.pdf,Laporan Penggunaan Dana Hasil Penawaran Umum [],BRIS,https://www.idx.co.id/StaticData/NewsAndAnnouncement/ANNOUNCEMENTSTOCK/From_EREP/202507/02f3e4f00a_141960373a.pdf,20250714_BRIS_Laporan Penggunaan Dana Hasil Penawaran Umum_31914518_lamp1.pdf,,,,
"04 Jul 2025
					17:05:02",https://www.idx.co.id/StaticData/NewsAndAnnouncement/ANNOUNCEMENTSTOCK/From_EREP/202507/49995a0f2a_b0482248d8.pdf,Laporan Pengalihan Kembali Saham Hasil Buy Back [],BRPT,https://www.idx.co.id/StaticData/NewsAndAnnouncement/ANNOUNCEMENTSTOCK/From_EREP/202507/a581e1ea56_4d418101d7.pdf,20250704_BRPT_Laporan Pengalihan Saham Hasil Buy Back_31911765_lamp1.pdf,,,,
"08 Jul 2025
					16:27:59",https://www.idx.co.id/StaticData/NewsAndAnnouncement/ANNOUNCEMENTSTOCK/From_EREP/202507/ccb7e6d86c_0685a6cc61.pdf,Laporan Bulanan Registrasi Pemegang Efek [],BRPT,https://www.idx.co.id/StaticData/NewsAndAnnouncement/ANNOUNCEMENTSTOCK/From_EREP/202507/125bf538ce_96fa98539e.pdf,20250703_BRPT_Laporan Bulanan Registrasi Pemegang Efek/Perubahan Struktur Pemegang Saham_31911228_lamp1.pdf,,,,
"10 Jul 2025
					16:01:39",https://www.idx.co.id/StaticData/NewsAndAnnouncement/ANNOUNCEMENTSTOCK/From_EREP/202507/32c383b250_b25af5afad.pdf,Laporan Penggunaan Dana Hasil Penawaran Umum [],BRPT,https://www.idx.co.id/StaticData/NewsAndAnnouncement/ANNOUNCEMENTSTOCK/From_EREP/202507/956021fadd_1c189f38e1.pdf,20250707_BRPT_Laporan Penggunaan Dana Hasil Penawaran Umum_31912059_lamp1.pdf,,,,
"10 Jul 2025
					18:26:23",https://www.idx.co.id/StaticData/NewsAndAnnouncement/ANNOUNCEMENTSTOCK/From_EREP/202507/4a7546d51a_40deb8e7ad.pdf,Pengumuman Bursa Pencatatan Awal Obligasi dan Sukuk [],BRPT,https://www.idx.co.id/StaticData/NewsAndAnnouncement/ANNOUNCEMENTSTOCK/From_EREP/202507/0fccd85c37_8991508b04.pdf,20250710_BRPT_Pengumuman Pencatatan Awal Obligasi dan Sukuk_31913766_lamp1.pdf,,,,
"31 Jul 2025
					19:50:32",https://www.idx.co.id/StaticData/NewsAndAnnouncement/ANNOUNCEMENTSTOCK/From_EREP/202507/20250731200056-55342-0/FinancialStatement-2025-II-BRPT.pdf,Penyampaian Laporan Keuangan Interim Yang Tidak Diaudit [],BRPT,https://www.idx.co.id/StaticData/NewsAndAnnouncement/ANNOUNCEMENTSTOCK/From_EREP/202507/20250731200056-55342-0/BRPT%20CHECKLIST%20LK%2030%20JUNI%202025.pdf,BRPT CHECKLIST LK 30 JUNI 2025.pdf,https://www.idx.co.id/StaticData/NewsAndAnnouncement/ANNOUNCEMENTSTOCK/From_EREP/202507/20250731200056-55342-0/BRPT%20Surat%20Pengantar%20LK%2030%20Juni%202025.pdf,BRPT Surat Pengantar LK 30 Juni 2025.pdf,https://www.idx.co.id/StaticData/NewsAndAnnouncement/ANNOUNCEMENTSTOCK/From_EREP/202507/20250731200056-55342-0/FinancialStatement-2025-II-BRPT.xlsx,FinancialStatement-2025-II-BRPT.xlsx
"31 Jul 2025
					20:03:40",https://www.idx.co.id/StaticData/NewsAndAnnouncement/ANNOUNCEMENTSTOCK/From_EREP/202507/c9665f8a26_fe907cfc4f.pdf,Siaran Pers PT Barito Pacific Tbk terkait dengan Kinerja Konsolidasian Perseroan Yang Tidak Diaudit Untuk Periode per 30 Juni 2025 [],BRPT,https://www.idx.co.id/StaticData/NewsAndAnnouncement/ANNOUNCEMENTSTOCK/From_EREP/202507/0f45498d87_d85ade4881.pdf,20250731_BRPT_Laporan Informasi dan Fakta Material_31929118_lamp2.pdf,https://www.idx.co.id/StaticData/NewsAndAnnouncement/ANNOUNCEMENTSTOCK/From_EREP/202507/81e34d5400_5485cfc2fc.pdf,20250731_BRPT_Laporan Informasi dan Fakta Material_31929118_lamp1.pdf,https://www.idx.co.id/StaticData/NewsAndAnnouncement/ANNOUNCEMENTSTOCK/From_EREP/202507/fe73da88c0_6f81558de6.pdf,20250731_BRPT_Laporan Informasi dan Fakta Material_31929118_lamp3.pdf
"07 Jul 2025
					16:39:45",https://www.idx.co.id/StaticData/NewsAndAnnouncement/ANNOUNCEMENTSTOCK/From_EREP/202507/c8dbafff6d_381fcb8012.pdf,Laporan Bulanan Registrasi Pemegang Efek [],CPIN,https://www.idx.co.id/StaticData/NewsAndAnnouncement/ANNOUNCEMENTSTOCK/From_EREP/202507/5beea1e1b8_b439e37dcc.pdf,20250707_CPIN_Laporan Bulanan Registrasi Pemegang Efek/Perubahan Struktur Pemegang Saham_31912431_lamp1.pdf,,,,
"31 Jul 2025
					15:57:46",https://www.idx.co.id/StaticData/NewsAndAnnouncement/ANNOUNCEMENTSTOCK/From_EREP/202507/20250731160705-55358-0/FinancialStatement-2025-II-CPIN.pdf,Penyampaian Laporan Keuangan Interim Yang Tidak Diaudit [],CPIN,https://www.idx.co.id/StaticData/NewsAndAnnouncement/ANNOUNCEMENTSTOCK/From_EREP/202507/20250731160705-55358-0/CPIN%20027%20CPIN-PM%20VII%202025.pdf,CPIN 027 CPIN-PM VII 2025.pdf,https://www.idx.co.id/StaticData/NewsAndAnnouncement/ANNOUNCEMENTSTOCK/From_EREP/202507/20250731160705-55358-0/CPIN-250630IE-Check%20List.pdf,CPIN-250630IE-Check List.pdf,https://www.idx.co.id/StaticData/NewsAndAnnouncement/ANNOUNCEMENTSTOCK/From_EREP/202507/20250731160705-55358-0/CPIN-250630IE.pdf,CPIN-250630IE.pdf
"10 Jul 2025
					10:34:21",https://www.idx.co.id/StaticData/NewsAndAnnouncement/ANNOUNCEMENTSTOCK/From_EREP/202507/5dc77e0ea2_bcca148c74.pdf,Laporan Bulanan Registrasi Pemegang Efek [],CTRA,https://www.idx.co.id/StaticData/NewsAndAnnouncement/ANNOUNCEMENTSTOCK/From_EREP/202507/34da8606b3_77fd5f8653.pdf,20250710_CTRA_Laporan Bulanan Registrasi Pemegang Efek/Perubahan Struktur Pemegang Saham_31913601_lamp1.pdf,,,,
"31 Jul 2025
					11:59:12",https://www.idx.co.id/StaticData/NewsAndAnnouncement/ANNOUNCEMENTSTOCK/From_EREP/202507/20250731120809-54710-0/FinancialStatement-2025-II-CTRA.pdf,Penyampaian Laporan Keuangan Interim Yang Tidak Diaudit [],CTRA,https://www.idx.co.id/StaticData/NewsAndAnnouncement/ANNOUNCEMENTSTOCK/From_EREP/202507/20250731120809-54710-0/FinancialStatement-2025-II-CTRA.xlsx,FinancialStatement-2025-II-CTRA.xlsx,https://www.idx.co.id/StaticData/NewsAndAnnouncement/ANNOUNCEMENTSTOCK/From_EREP/202507/20250731120809-54710-0/inlineXBRL.zip,inlineXBRL.zip,https://www.idx.co.id/StaticData/NewsAndAnnouncement/ANNOUNCEMENTSTOCK/From_EREP/202507/20250731120809-54710-0/instance.zip,instance.zip
"04 Jul 2025
					10:42:18",https://www.idx.co.id/StaticData/NewsAndAnnouncement/ANNOUNCEMENTSTOCK/From_EREP/202507/e96fa45276_70f6196202.pdf,Pemberitahuan Rencana Rapat Umum Pemegang Saham Luar Biasa [],EXCL,https://www.idx.co.id/StaticData/NewsAndAnnouncement/ANNOUNCEMENTSTOCK/From_EREP/202507/75cd2aa2ff_8ee70c9566.pdf,20250704_EXCL_Pengumuman RUPS_31911547_lamp1.pdf,https://www.idx.co.id/StaticData/NewsAndAnnouncement/ANNOUNCEMENTSTOCK/From_EREP/202507/ea43bd1ccb_5938eb4b3d.pdf,20250704_EXCL_Pengumuman RUPS_31911547_lamp2.pdf,,
"07 Jul 2025
					18:50:30",https://www.idx.co.id/StaticData/NewsAndAnnouncement/ANNOUNCEMENTSTOCK/From_EREP/202507/7c94e2d2f7_b00cb7aeae.pdf,Rencana Penyampaian Laporan Keuangan Kuartal II 2025 Diaudit [],EXCL,,,,,,
"10 Jul 2025
					13:13:23",https://www.idx.co.id/StaticData/NewsAndAnnouncement/ANNOUNCEMENTSTOCK/From_EREP/202507/4c562b61b4_51d132ca5f.pdf,Laporan Bulanan Registrasi Pemegang Efek [],EXCL,,,,,,
"15 Jul 2025
					20:04:21",https://www.idx.co.id/StaticData/NewsAndAnnouncement/ANNOUNCEMENTSTOCK/From_EREP/202507/6049ebd377_76647ae059.pdf,Laporan Pengalihan Kembali Saham Hasil Buy Back [],EXCL,https://www.idx.co.id/StaticData/NewsAndAnnouncement/ANNOUNCEMENTSTOCK/From_EREP/202507/6d1d0ecc1e_14c556e2fe.pdf,20250715_EXCL_Laporan Pengalihan Saham Hasil Buy Back_31915059_lamp1.pdf,https://www.idx.co.id/StaticData/NewsAndAnnouncement/ANNOUNCEMENTSTOCK/From_EREP/202507/96ae3259e8_1e54965db1.pdf,20250715_EXCL_Laporan Pengalihan Saham Hasil Buy Back_31915059_lamp2.pdf,,
"18 Jul 2025
					20:58:33",https://www.idx.co.id/StaticData/NewsAndAnnouncement/ANNOUNCEMENTSTOCK/From_EREP/202507/a64cf9db58_377ff42d06.pdf,Informasi Ijarah Fee [],EXCL,https://www.idx.co.id/StaticData/NewsAndAnnouncement/ANNOUNCEMENTSTOCK/From_EREP/202507/c8ce327288_dde2e521cc.pdf,20250718_EXCL_Pembayaran Kupon/Bagi Hasil/Ijarah/Pokok_31915972_lamp1.pdf,,,,
"18 Jul 2025
					21:00:03",https://www.idx.co.id/StaticData/NewsAndAnnouncement/ANNOUNCEMENTSTOCK/From_EREP/202507/83a5b512a7_3e6ccc2dbe.pdf,Informasi Kupon [],EXCL,https://www.idx.co.id/StaticData/NewsAndAnnouncement/ANNOUNCEMENTSTOCK/From_EREP/202507/c04834999b_85ccd44819.pdf,20250718_EXCL_Pembayaran Kupon/Bagi Hasil/Ijarah/Pokok_31915962_lamp1.pdf,,,,
"21 Jul 2025
					16:54:43",https://www.idx.co.id/StaticData/NewsAndAnnouncement/ANNOUNCEMENTSTOCK/From_EREP/202507/486dc52bd7_55fb8d1c0e.pdf,Pemanggilan Rapat Umum Pemegang Saham Luar Biasa [],EXCL,https://www.idx.co.id/StaticData/NewsAndAnnouncement/ANNOUNCEMENTSTOCK/From_EREP/202507/3fde6030d4_842b55e944.pdf,20250721_EXCL_Pemanggilan RUPS_31916227_lamp1.pdf,https://www.idx.co.id/StaticData/NewsAndAnnouncement/ANNOUNCEMENTSTOCK/From_EREP/202507/99dde06a26_fa8d92bc81.pdf,20250721_EXCL_Pemanggilan RUPS_31916227_lamp2.pdf,,
"28 Jul 2025
					16:24:45",https://www.idx.co.id/StaticData/NewsAndAnnouncement/ANNOUNCEMENTSTOCK/From_EREP/202507/f6a64fcb08_7f3ede3ea2.pdf,Informasi Ijarah Fee [],EXCL,https://www.idx.co.id/StaticData/NewsAndAnnouncement/ANNOUNCEMENTSTOCK/From_EREP/202507/e0d04b6263_c8eb732b78.pdf,20250728_EXCL_Pembayaran Kupon/Bagi Hasil/Ijarah/Pokok_31927884_lamp1.pdf,,,,
"30 Jul 2025
					19:08:54",https://www.idx.co.id/StaticData/NewsAndAnnouncement/ANNOUNCEMENTSTOCK/From_EREP/202507/1199d3ec5e_9393a951bb.pdf,Laporan Kepemilikan atau Setiap Perubahan Kepemilikan Saham Perusahaan Terbuka [],EXCL,https://www.idx.co.id/StaticData/NewsAndAnnouncement/ANNOUNCEMENTSTOCK/From_EREP/202507/87aeb2fb45_ca4ea9b67d.pdf,20250730_EXCL_Laporan Kepemilikan atau Setiap Perubahan Kepemilikan Saham Perusahaan Terbuka_31928514_lamp1.pdf,,,,
"09 Jul 2025
					18:20:40",https://www.idx.co.id/StaticData/NewsAndAnnouncement/ANNOUNCEMENTSTOCK/From_EREP/202507/227f04b850_03841663c7.pdf,Laporan Bulanan Registrasi Pemegang Efek [],GOTO,https://www.idx.co.id/StaticData/NewsAndAnnouncement/ANNOUNCEMENTSTOCK/From_EREP/202507/bf60b64483_fb487f07dd.pdf,20250709_GOTO_Laporan Bulanan Registrasi Pemegang Efek/Perubahan Struktur Pemegang Saham_31913392_lamp1.pdf,,,,
"14 Jul 2025
					18:01:53",https://www.idx.co.id/StaticData/NewsAndAnnouncement/ANNOUNCEMENTSTOCK/From_EREP/202507/5eddbd0910_b50b1ee877.pdf,Laporan Perubahan Penggunaan Dana Hasil Penawaran Umum [],GOTO,https://www.idx.co.id/StaticData/NewsAndAnnouncement/ANNOUNCEMENTSTOCK/From_EREP/202507/f4b00f455b_43854a6d91.pdf,20250714_GOTO_Laporan Penggunaan Dana Hasil Penawaran Umum_31914487_lamp1.pdf,,,,
"15 Jul 2025
					16:56:09",https://www.idx.co.id/StaticData/NewsAndAnnouncement/ANNOUNCEMENTSTOCK/From_EREP/202507/39018c6115_912e4982ee.pdf,Penjelasan atas Pemberitaan Media Massa [],GOTO,https://www.idx.co.id/StaticData/NewsAndAnnouncement/ANNOUNCEMENTSTOCK/From_EREP/202507/6ed3b35b8a_37a59ee64c.pdf,20250715_GOTO_Tanggapan atas Permintaan Penjelasan Bursa_31914974_lamp1.pdf,,,,
"18 Jul 2025
					16:44:11",https://www.idx.co.id/StaticData/NewsAndAnnouncement/ANNOUNCEMENTSTOCK/From_EREP/202507/bcf8e30ce4_270573bc4e.pdf,Rencana Penyampaian Laporan Keuangan Kuartal II 2025 Ditelaah secara terbatas [],GOTO,https://www.idx.co.id/StaticData/NewsAndAnnouncement/ANNOUNCEMENTSTOCK/From_EREP/202507/728f0f5cd7_4e146d7634.pdf,20250718_GOTO_Rencana Penyampaian Laporan Keuangan_31915916_lamp1.pdf,,,,
"10 Jul 2025
					17:06:43",https://www.idx.co.id/StaticData/NewsAndAnnouncement/ANNOUNCEMENTSTOCK/From_EREP/202507/4400c4939e_59a9ad55e8.pdf,Laporan Bulanan Registrasi Pemegang Efek [],ICBP,,,,,,
"31 Jul 2025
					18:46:18",https://www.idx.co.id/StaticData/NewsAndAnnouncement/ANNOUNCEMENTSTOCK/From_EREP/202507/20250731185635-54880-0/FinancialStatement-2025-II-ICBP.pdf,Penyampaian Laporan Keuangan Interim Yang Tidak Diaudit [],ICBP,https://www.idx.co.id/StaticData/NewsAndAnnouncement/ANNOUNCEMENTSTOCK/From_EREP/202507/20250731185635-54880-0/CHECKLIST%20_%20LAPORAN%20KEUANGAN_ICBP%20Jun25.pdf,CHECKLIST _ LAPORAN KEUANGAN_ICBP Jun25.pdf,https://www.idx.co.id/StaticData/NewsAndAnnouncement/ANNOUNCEMENTSTOCK/From_EREP/202507/20250731185635-54880-0/FinancialStatement-2025-II-ICBP.xlsx,FinancialStatement-2025-II-ICBP.xlsx,https://www.idx.co.id/StaticData/NewsAndAnnouncement/ANNOUNCEMENTSTOCK/From_EREP/202507/20250731185635-54880-0/ICBP_billingual_30Jun25.pdf,ICBP_billingual_30Jun25.pdf
"31 Jul 2025
					19:00:32",https://www.idx.co.id/StaticData/NewsAndAnnouncement/ANNOUNCEMENTSTOCK/From_EREP/202507/58aac1c304_0c0a162ecc.pdf,Penyampaian Siaran Pers Kinerja Keuangan PT Indofood CBP Sukses Makmur Tbk untuk Periode yang Berakhir pada Tanggal 30 Juni 2025 [],ICBP,https://www.idx.co.id/StaticData/NewsAndAnnouncement/ANNOUNCEMENTSTOCK/From_EREP/202507/c90115f90a_9f33081e5a.pdf,20250730_ICBP_Laporan Informasi dan Fakta Material_31928631_lamp1.pdf,,,,
"07 Jul 2025
					16:12:07",https://www.idx.co.id/StaticData/NewsAndAnnouncement/ANNOUNCEMENTSTOCK/From_EREP/202507/bec4a05540_a1645f4fda.pdf,Laporan Kepemilikan atau Setiap Perubahan Kepemilikan Saham Perusahaan Terbuka [],INCO,https://www.idx.co.id/StaticData/NewsAndAnnouncement/ANNOUNCEMENTSTOCK/From_EREP/202507/ad62854c8c_021762f892.pdf,20250707_INCO_Laporan Kepemilikan atau Setiap Perubahan Kepemilikan Saham Perusahaan Terbuka_31912394_lamp1.pdf,,,,
"07 Jul 2025
					16:43:46",https://www.idx.co.id/StaticData/NewsAndAnnouncement/ANNOUNCEMENTSTOCK/From_EREP/202507/a77176577b_29e24ffefe.pdf,Laporan Bulanan Registrasi Pemegang Efek [],INCO,https://www.idx.co.id/StaticData/NewsAndAnnouncement/ANNOUNCEMENTSTOCK/From_EREP/202507/387492fd13_d005c7bb30.pdf,20250707_INCO_Laporan Bulanan Registrasi Pemegang Efek/Perubahan Struktur Pemegang Saham_31912134_lamp1.pdf,,,,
"09 Jul 2025
					15:58:09",https://www.idx.co.id/StaticData/NewsAndAnnouncement/ANNOUNCEMENTSTOCK/From_EREP/202507/238aac5f19_1d4e66e4ba.pdf,Laporan Penggunaan Dana Hasil Penawaran Umum [],INCO,https://www.idx.co.id/StaticData/NewsAndAnnouncement/ANNOUNCEMENTSTOCK/From_EREP/202507/f7ea57aadc_1e6abc6b76.pdf,20250709_INCO_Laporan Penggunaan Dana Hasil Penawaran Umum_31913314_lamp1.pdf,,,,
"10 Jul 2025
					16:27:22",https://www.idx.co.id/StaticData/NewsAndAnnouncement/ANNOUNCEMENTSTOCK/From_EREP/202507/d2562a5429_269fa3fdbf.pdf,Laporan Bulanan Aktivitas Eksplorasi [],INCO,https://www.idx.co.id/StaticData/NewsAndAnnouncement/ANNOUNCEMENTSTOCK/From_EREP/202507/6248fab0f0_8cae8f2af9.pdf,20250710_INCO_Laporan Bulanan Aktivitas Eksplorasi_31913851_lamp1.pdf,,,,
"15 Jul 2025
					11:35:10",https://www.idx.co.id/StaticData/NewsAndAnnouncement/ANNOUNCEMENTSTOCK/From_EREP/202507/334e3ea504_b356a36476.pdf,Laporan Bulanan Aktivitas Eksplorasi (KOREKSI) [],INCO,https://www.idx.co.id/StaticData/NewsAndAnnouncement/ANNOUNCEMENTSTOCK/From_EREP/202507/8cd088d8d0_6d6118252f.pdf,20250715_INCO_Laporan Bulanan Aktivitas Eksplorasi_31914795_lamp1.pdf,,,,
"21 Jul 2025
					13:26:31",https://www.idx.co.id/StaticData/NewsAndAnnouncement/ANNOUNCEMENTSTOCK/From_EREP/202507/15609d9885_fa6460de9c.pdf,Ringkasan Risalah Rapat Umum Para Pemegang Saham Luar Biasa [],INCO,https://www.idx.co.id/StaticData/NewsAndAnnouncement/ANNOUNCEMENTSTOCK/From_EREP/202507/5d0aaf3f49_01cc8883f1.pdf,20250721_INCO_Ringkasan Risalah/Risalah RUPS_31916160_lamp1.pdf,,,,
"21 Jul 2025
					22:25:23",https://www.idx.co.id/StaticData/NewsAndAnnouncement/ANNOUNCEMENTSTOCK/From_EREP/202507/d88130b133_1f20ec75f1.pdf,Pemanggilan Rapat Umum Pemegang Saham Luar Biasa [],INCO,https://www.idx.co.id/StaticData/NewsAndAnnouncement/ANNOUNCEMENTSTOCK/From_EREP/202507/7de97180c5_b1f24c568e.pdf,20250721_INCO_Pemanggilan RUPS_31916381_lamp1.pdf,,,,
"23 Jul 2025
					21:23:30",https://www.idx.co.id/StaticData/NewsAndAnnouncement/ANNOUNCEMENTSTOCK/From_EREP/202507/6750b3b1b1_e761546c7b.pdf,Penyampaian Bukti Iklan Panggilan RUPS [],INCO,https://www.idx.co.id/StaticData/NewsAndAnnouncement/ANNOUNCEMENTSTOCK/From_EREP/202507/a5a12670d8_c93ce71cfd.pdf,20250723_INCO_Penyampaian Bukti Iklan_31917061_lamp1.pdf,,,,
"24 Jul 2025
					11:20:45",https://www.idx.co.id/StaticData/NewsAndAnnouncement/ANNOUNCEMENTSTOCK/From_EREP/202507/4fb69366a2_6c75060914.pdf,Penjelasan atas Pemberitaan Media Massa [],INCO,https://www.idx.co.id/StaticData/NewsAndAnnouncement/ANNOUNCEMENTSTOCK/From_EREP/202507/d5e5d608d9_c288c6749f.pdf,20250724_INCO_Tanggapan atas Permintaan Penjelasan Bursa_31917148_lamp1.pdf,,,,
"28 Jul 2025
					10:22:15",https://www.idx.co.id/StaticData/NewsAndAnnouncement/ANNOUNCEMENTSTOCK/From_EREP/202507/aef0965450_e147f26675.pdf,Penyampaian Materi dan Risalah Sesi Tanya Jawab pada Acara Medan IMC 2025 [],INCO,https://www.idx.co.id/StaticData/NewsAndAnnouncement/ANNOUNCEMENTSTOCK/From_EREP/202507/0fa7a38950_a56354a7f5.pdf,20250728_INCO_Laporan Informasi dan Fakta Material_31927800_lamp1.pdf,https://www.idx.co.id/StaticData/NewsAndAnnouncement/ANNOUNCEMENTSTOCK/From_EREP/202507/a4c9ac1d40_53c6241ddb.pdf,20250728_INCO_Laporan Informasi dan Fakta Material_31927800_lamp2.pdf,,
"28 Jul 2025
					18:21:23",https://www.idx.co.id/StaticData/NewsAndAnnouncement/ANNOUNCEMENTSTOCK/From_EREP/202507/4d39297ed8_ec86902ce8.pdf,Siaran Pers Rapat Umum Pemegang Saham Luar Biasa  [],INCO,https://www.idx.co.id/StaticData/NewsAndAnnouncement/ANNOUNCEMENTSTOCK/From_EREP/202507/0c13802cad_732fc16f05.pdf,20250728_INCO_Laporan Informasi dan Fakta Material_31928019_lamp2.pdf,https://www.idx.co.id/StaticData/NewsAndAnnouncement/ANNOUNCEMENTSTOCK/From_EREP/202507/e568049aa9_56103d8e29.pdf,20250728_INCO_Laporan Informasi dan Fakta Material_31928019_lamp1.pdf,,
"29 Jul 2025
					18:05:07",https://www.idx.co.id/StaticData/NewsAndAnnouncement/ANNOUNCEMENTSTOCK/From_EREP/202507/d1a295cd10_2e6e0ae38a.pdf,Penerimaan Surat Permohonan Pengunduran Diri Direktur PT Vale Indonesia Tbk [],INCO,https://www.idx.co.id/StaticData/NewsAndAnnouncement/ANNOUNCEMENTSTOCK/From_EREP/202507/3686e8b48a_da8f6013f1.pdf,20250729_INCO_Laporan Informasi dan Fakta Material_31928294_lamp1.pdf,,,,
"30 Jul 2025
					16:28:46",https://www.idx.co.id/StaticData/NewsAndAnnouncement/ANNOUNCEMENTSTOCK/From_EREP/202507/6735dec6c6_f71f00d4a3.pdf,Perubahan Corporate Secretary [],INCO,https://www.idx.co.id/StaticData/NewsAndAnnouncement/ANNOUNCEMENTSTOCK/From_EREP/202507/4bcf5e2294_ad46397571.pdf,20250730_INCO_Perubahan Corsec Komite Audit Alamat NPWP Internal Audit_31928624_lamp1.pdf,,,,
"30 Jul 2025
					18:06:41",https://www.idx.co.id/StaticData/NewsAndAnnouncement/ANNOUNCEMENTSTOCK/From_EREP/202507/20250730182043-55501-0/FinancialStatement-2025-II-INCO.pdf,Penyampaian Laporan Keuangan Interim Yang Tidak Diaudit [],INCO,https://www.idx.co.id/StaticData/NewsAndAnnouncement/ANNOUNCEMENTSTOCK/From_EREP/202507/20250730182043-55501-0/Financial%20Statements%2030%20June%202025.pdf,Financial Statements 30 June 2025.pdf,https://www.idx.co.id/StaticData/NewsAndAnnouncement/ANNOUNCEMENTSTOCK/From_EREP/202507/20250730182043-55501-0/FinancialStatement-2025-II-INCO.xlsx,FinancialStatement-2025-II-INCO.xlsx,https://www.idx.co.id/StaticData/NewsAndAnnouncement/ANNOUNCEMENTSTOCK/From_EREP/202507/20250730182043-55501-0/inlineXBRL.zip,inlineXBRL.zip
"30 Jul 2025
					18:29:48",https://www.idx.co.id/StaticData/NewsAndAnnouncement/ANNOUNCEMENTSTOCK/From_EREP/202507/a9b0d457c3_f796c28ef8.pdf,Siaran Pers Pencapaian Kinerja Keuangan dan Operasional Triwulan Kedua Tahun 2025 [],INCO,https://www.idx.co.id/StaticData/NewsAndAnnouncement/ANNOUNCEMENTSTOCK/From_EREP/202507/1b547aee8e_b37ab739d6.pdf,20250730_INCO_Laporan Informasi dan Fakta Material_31928723_lamp2.pdf,https://www.idx.co.id/StaticData/NewsAndAnnouncement/ANNOUNCEMENTSTOCK/From_EREP/202507/30e5ef123c_43abcbb293.pdf,20250730_INCO_Laporan Informasi dan Fakta Material_31928723_lamp4.pdf,https://www.idx.co.id/StaticData/NewsAndAnnouncement/ANNOUNCEMENTSTOCK/From_EREP/202507/bfdbcc691c_b4cecc7a29.pdf,20250730_INCO_Laporan Informasi dan Fakta Material_31928723_lamp3.pdf
"30 Jul 2025
					18:40:58",https://www.idx.co.id/StaticData/NewsAndAnnouncement/ANNOUNCEMENTSTOCK/From_EREP/202507/b0009bc4e1_478118b45d.pdf,Ringkasan Risalah Rapat Umum Para Pemegang Saham Luar Biasa [],INCO,https://www.idx.co.id/StaticData/NewsAndAnnouncement/ANNOUNCEMENTSTOCK/From_EREP/202507/3247108251_b48f33a11c.pdf,20250730_INCO_Ringkasan Risalah/Risalah RUPS_31928694_lamp2.pdf,https://www.idx.co.id/StaticData/NewsAndAnnouncement/ANNOUNCEMENTSTOCK/From_EREP/202507/ec99726ec5_670dbd0ede.pdf,20250730_INCO_Ringkasan Risalah/Risalah RUPS_31928694_lamp1.pdf,,
"31 Jul 2025
					13:29:44",https://www.idx.co.id/StaticData/NewsAndAnnouncement/ANNOUNCEMENTSTOCK/From_EREP/202507/68a0297c74_6422562d79.pdf,Penyampaian Bukti Iklan Informasi Laporan Keuangan Interim [],INCO,https://www.idx.co.id/StaticData/NewsAndAnnouncement/ANNOUNCEMENTSTOCK/From_EREP/202507/48d8948dbc_543a668bb7.pdf,20250731_INCO_Penyampaian Bukti Iklan_31928884_lamp1.pdf,,,,
"31 Jul 2025
					14:02:33",https://www.idx.co.id/StaticData/NewsAndAnnouncement/ANNOUNCEMENTSTOCK/From_EREP/202507/5c76e76982_2086713489.pdf,Penyampaian Bukti Iklan Hasil RUPS [],INCO,https://www.idx.co.id/StaticData/NewsAndAnnouncement/ANNOUNCEMENTSTOCK/From_EREP/202507/d1995c0afa_ef1ba52511.pdf,20250731_INCO_Penyampaian Bukti Iklan_31928889_lamp1.pdf,,,,
"31 Jul 2025
					17:25:53",https://www.idx.co.id/StaticData/NewsAndAnnouncement/ANNOUNCEMENTSTOCK/From_EREP/202507/4a91a57f51_642536e95e.pdf,Siaran Pers Katalis Baru bagi Operasional PT Vale [],INCO,https://www.idx.co.id/StaticData/NewsAndAnnouncement/ANNOUNCEMENTSTOCK/From_EREP/202507/6dcffc9dbc_7f61d67fbe.pdf,20250731_INCO_Laporan Informasi dan Fakta Material_31929062_lamp1.pdf,https://www.idx.co.id/StaticData/NewsAndAnnouncement/ANNOUNCEMENTSTOCK/From_EREP/202507/d6a9d12939_24bd77e208.pdf,20250731_INCO_Laporan Informasi dan Fakta Material_31929062_lamp2.pdf,,
"25 Jul 2025
					16:55:30",https://www.idx.co.id/StaticData/NewsAndAnnouncement/ANNOUNCEMENTSTOCK/Exchange/Indeks%20Peng-00139-No.%20Peng-00139BEI.POP07-2025.pdf,"Evaluasi Indeks IDX30, LQ45, IDX80, KOMPAS100, BISNIS-27, MNC36, SMinfra18, dan IDXESGL []",INDEKS,https://www.idx.co.id/StaticData/NewsAndAnnouncement/ANNOUNCEMENTSTOCK/Exchange/No.%20Peng-00139_BEI.POP_07-2025-ID.zip,No. Peng-00139_BEI.POP_07-2025-ID.zip,,,,
"10 Jul 2025
					17:23:25",https://www.idx.co.id/StaticData/NewsAndAnnouncement/ANNOUNCEMENTSTOCK/From_EREP/202507/c6158f622f_f1a3fdfd31.pdf,Laporan Bulanan Registrasi Pemegang Efek [],INDF,,,,,,
"31 Jul 2025
					18:55:46",https://www.idx.co.id/StaticData/NewsAndAnnouncement/ANNOUNCEMENTSTOCK/From_EREP/202507/20250731190656-54879-0/FinancialStatement-2025-II-INDF.pdf,Penyampaian Laporan Keuangan Interim Yang Tidak Diaudit [],INDF,https://www.idx.co.id/StaticData/NewsAndAnnouncement/ANNOUNCEMENTSTOCK/From_EREP/202507/20250731190656-54879-0/Checklist%20pengungkapan%20lap%20keu%20ISM%20Jun%2025.pdf,Checklist pengungkapan lap keu ISM Jun 25.pdf,https://www.idx.co.id/StaticData/NewsAndAnnouncement/ANNOUNCEMENTSTOCK/From_EREP/202507/20250731190656-54879-0/FinancialStatement-2025-II-INDF.xlsx,FinancialStatement-2025-II-INDF.xlsx,https://www.idx.co.id/StaticData/NewsAndAnnouncement/ANNOUNCEMENTSTOCK/From_EREP/202507/20250731190656-54879-0/Indofood%20Sukses%20Makmur%20Tbk_Billingual_30_Juni_2025.pdf,Indofood Sukses Makmur Tbk_Billingual_30_Juni_2025.pdf
"31 Jul 2025
					19:12:54",https://www.idx.co.id/StaticData/NewsAndAnnouncement/ANNOUNCEMENTSTOCK/From_EREP/202507/0c9455d4d5_243a42064e.pdf,Penyampaian Siaran Pers Kinerja Keuangan PT Indofood Sukses Makmur Tbk untuk Periode yang Berakhir pada Tanggal 30 Juni 2025 [],INDF,https://www.idx.co.id/StaticData/NewsAndAnnouncement/ANNOUNCEMENTSTOCK/From_EREP/202507/1f7be54a3d_7e4df2d5c5.pdf,20250730_INDF_Laporan Informasi dan Fakta Material_31928636_lamp1.pdf,,,,
"02 Jul 2025
					10:23:51",https://www.idx.co.id/StaticData/NewsAndAnnouncement/ANNOUNCEMENTSTOCK/From_EREP/202507/0d19369e20_c1ccaf2db4.pdf,Pelunasan Obligasi [],INKP,https://www.idx.co.id/StaticData/NewsAndAnnouncement/ANNOUNCEMENTSTOCK/From_EREP/202507/4eff366e14_9c511ba2bc.pdf,20250701_INKP_Laporan Informasi dan Fakta Material_31910131_lamp1.pdf,,,,
"02 Jul 2025
					10:26:01",https://www.idx.co.id/StaticData/NewsAndAnnouncement/ANNOUNCEMENTSTOCK/From_EREP/202507/8fddfd5505_9ce25d9eb5.pdf,Pelunasan Obligasi USD [],INKP,https://www.idx.co.id/StaticData/NewsAndAnnouncement/ANNOUNCEMENTSTOCK/From_EREP/202507/085fc6cf29_416a3ea8b0.pdf,20250701_INKP_Laporan Informasi dan Fakta Material_31910133_lamp1.pdf,,,,
"04 Jul 2025
					16:03:20",https://www.idx.co.id/StaticData/NewsAndAnnouncement/ANNOUNCEMENTSTOCK/From_EREP/202507/a23f8b3dd9_c8d8dfbe8b.pdf,Laporan Bulanan Registrasi Pemegang Efek [],INKP,https://www.idx.co.id/StaticData/NewsAndAnnouncement/ANNOUNCEMENTSTOCK/From_EREP/202507/f2ec6f4b5b_93072ce5e9.pdf,20250703_INKP_Laporan Bulanan Registrasi Pemegang Efek/Perubahan Struktur Pemegang Saham_31911340_lamp1.pdf,,,,
"14 Jul 2025
					16:44:41",https://www.idx.co.id/StaticData/NewsAndAnnouncement/ANNOUNCEMENTSTOCK/From_EREP/202507/4317dccc22_2aba264b47.pdf,Laporan Penggunaan Dana Hasil Penawaran Umum [],INKP,https://www.idx.co.id/StaticData/NewsAndAnnouncement/ANNOUNCEMENTSTOCK/From_EREP/202507/695c8feb4a_23e7b65b25.pdf,20250711_INKP_Laporan Penggunaan Dana Hasil Penawaran Umum_31914023_lamp1.pdf,https://www.idx.co.id/StaticData/NewsAndAnnouncement/ANNOUNCEMENTSTOCK/From_EREP/202507/7fe8c126de_306a2a4714.pdf,20250711_INKP_Laporan Penggunaan Dana Hasil Penawaran Umum_31914023_lamp2.pdf,,
"30 Jul 2025
					15:06:42",https://www.idx.co.id/StaticData/NewsAndAnnouncement/ANNOUNCEMENTSTOCK/From_EREP/202507/f05cecc0ed_ff402a1308.pdf,Informasi Pelunasan Efek [],INKP,https://www.idx.co.id/StaticData/NewsAndAnnouncement/ANNOUNCEMENTSTOCK/From_EREP/202507/2118c142e4_d60f72ee8b.pdf,20250730_INKP_Pembayaran Kupon/Bagi Hasil/Ijarah/Pokok_31928561_lamp1.pdf,,,,
"30 Jul 2025
					15:10:31",https://www.idx.co.id/StaticData/NewsAndAnnouncement/ANNOUNCEMENTSTOCK/From_EREP/202507/32cd59edec_a1c4356fb1.pdf,Informasi Pelunasan Efek [],INKP,https://www.idx.co.id/StaticData/NewsAndAnnouncement/ANNOUNCEMENTSTOCK/From_EREP/202507/7ae9a85bbc_c72b793652.pdf,20250730_INKP_Pembayaran Kupon/Bagi Hasil/Ijarah/Pokok_31928564_lamp1.pdf,,,,
"31 Jul 2025
					16:25:54",https://www.idx.co.id/StaticData/NewsAndAnnouncement/ANNOUNCEMENTSTOCK/From_EREP/202507/20250731163226-55781-0/FinancialStatement-2025-II-INKP.pdf,Penyampaian Laporan Keuangan Interim Yang Tidak Diaudit [],INKP,https://www.idx.co.id/StaticData/NewsAndAnnouncement/ANNOUNCEMENTSTOCK/From_EREP/202507/20250731163226-55781-0/054%20IK-Laporan%20Keuangan%2030%20Juni%202025%20(31).pdf,054 IK-Laporan Keuangan 30 Juni 2025 (31).pdf,https://www.idx.co.id/StaticData/NewsAndAnnouncement/ANNOUNCEMENTSTOCK/From_EREP/202507/20250731163226-55781-0/Bapepam%20Checklist%20Jun%202025%20-%20signed.pdf,Bapepam Checklist Jun 2025 - signed.pdf,https://www.idx.co.id/StaticData/NewsAndAnnouncement/ANNOUNCEMENTSTOCK/From_EREP/202507/20250731163226-55781-0/Director%20Statment%20INKP%2030%20Jun%202025.pdf,Director Statment INKP 30 Jun 2025.pdf
"10 Jul 2025
					17:21:34",https://www.idx.co.id/StaticData/NewsAndAnnouncement/ANNOUNCEMENTSTOCK/From_EREP/202507/d1670251aa_a2f34439f2.pdf,Laporan Bulanan Registrasi Pemegang Efek [],ISAT,https://www.idx.co.id/StaticData/NewsAndAnnouncement/ANNOUNCEMENTSTOCK/From_EREP/202507/73233a73a8_161a974ebb.pdf,20250710_ISAT_Laporan Bulanan Registrasi Pemegang Efek/Perubahan Struktur Pemegang Saham_31913877_lamp1.pdf,https://www.idx.co.id/StaticData/NewsAndAnnouncement/ANNOUNCEMENTSTOCK/From_EREP/202507/d1f3fe9354_8ee97b7a9d.pdf,20250710_ISAT_Laporan Bulanan Registrasi Pemegang Efek/Perubahan Struktur Pemegang Saham_31913877_lamp2.pdf,,
"30 Jul 2025
					11:20:30",https://www.idx.co.id/StaticData/NewsAndAnnouncement/ANNOUNCEMENTSTOCK/From_EREP/202507/20250730113423-55545-0/FinancialStatement-2025-II-ISAT.pdf,Penyampaian Laporan Keuangan Interim Yang Ditelaah Secara Terbatas [],ISAT,https://www.idx.co.id/StaticData/NewsAndAnnouncement/ANNOUNCEMENTSTOCK/From_EREP/202507/20250730113423-55545-0/Final%20Signed%20FS%20PT%20Indosat%20Tbk%200625.pdf,Final Signed FS PT Indosat Tbk 0625.pdf,https://www.idx.co.id/StaticData/NewsAndAnnouncement/ANNOUNCEMENTSTOCK/From_EREP/202507/20250730113423-55545-0/FinancialStatement-2025-II-ISAT.xlsx,FinancialStatement-2025-II-ISAT.xlsx,https://www.idx.co.id/StaticData/NewsAndAnnouncement/ANNOUNCEMENTSTOCK/From_EREP/202507/20250730113423-55545-0/Info%20Memo%201H25%20Ind%20vFinal.pdf,Info Memo 1H25 Ind vFinal.pdf
"31 Jul 2025
					19:17:27",https://www.idx.co.id/StaticData/NewsAndAnnouncement/ANNOUNCEMENTSTOCK/From_EREP/202507/8bb52dd21a_0d18e64302.pdf,Penerimaan Surat Permohonan Pengunduran Diri Komisaris PT Indosat Tbk (Perseroan) [],ISAT,https://www.idx.co.id/StaticData/NewsAndAnnouncement/ANNOUNCEMENTSTOCK/From_EREP/202507/af5ed86cdb_945f1394d7.pdf,20250731_ISAT_Laporan Informasi dan Fakta Material_31929128_lamp1.pdf,,,,
"08 Jul 2025
					12:59:16",https://www.idx.co.id/StaticData/NewsAndAnnouncement/ANNOUNCEMENTSTOCK/From_EREP/202507/001f2fbf6c_e368a4d397.pdf,Laporan Bulanan Registrasi Pemegang Efek [],ITMG,https://www.idx.co.id/StaticData/NewsAndAnnouncement/ANNOUNCEMENTSTOCK/From_EREP/202507/c3805eba23_bfb4bc6d82.pdf,20250708_ITMG_Laporan Bulanan Registrasi Pemegang Efek/Perubahan Struktur Pemegang Saham_31912660_lamp1.pdf,https://www.idx.co.id/StaticData/NewsAndAnnouncement/ANNOUNCEMENTSTOCK/From_EREP/202507/cf83b19f92_35951c149d.pdf,20250708_ITMG_Laporan Bulanan Registrasi Pemegang Efek/Perubahan Struktur Pemegang Saham_31912660_lamp2.pdf,,
"08 Jul 2025
					16:28:44",https://www.idx.co.id/StaticData/NewsAndAnnouncement/ANNOUNCEMENTSTOCK/From_EREP/202507/18461218f6_94ea329fe5.pdf,Laporan Kepemilikan atau Setiap Perubahan Kepemilikan Saham Perusahaan Terbuka [],ITMG,https://www.idx.co.id/StaticData/NewsAndAnnouncement/ANNOUNCEMENTSTOCK/From_EREP/202507/2d4cfe9056_12aaaa43d1.pdf,20250708_ITMG_Laporan Kepemilikan atau Setiap Perubahan Kepemilikan Saham Perusahaan Terbuka_31912861_lamp1.pdf,,,,
"10 Jul 2025
					19:12:39",https://www.idx.co.id/StaticData/NewsAndAnnouncement/ANNOUNCEMENTSTOCK/From_EREP/202507/d3ff2fa5c8_7ff66bbbf7.pdf,Laporan Bulanan Aktivitas Eksplorasi [],ITMG,https://www.idx.co.id/StaticData/NewsAndAnnouncement/ANNOUNCEMENTSTOCK/From_EREP/202507/11011492ef_82a563a97f.pdf,20250710_ITMG_Laporan Bulanan Aktivitas Eksplorasi_31913594_lamp1.pdf,https://www.idx.co.id/StaticData/NewsAndAnnouncement/ANNOUNCEMENTSTOCK/From_EREP/202507/2c44118c95_5aa86e6d73.pdf,20250710_ITMG_Laporan Bulanan Aktivitas Eksplorasi_31913594_lamp2.pdf,,
"28 Jul 2025
					13:49:45",https://www.idx.co.id/StaticData/NewsAndAnnouncement/ANNOUNCEMENTSTOCK/From_EREP/202507/4418405ba6_a666176bc9.pdf,Rencana Penyampaian Laporan Keuangan Kuartal II 2025 Ditelaah secara terbatas [],ITMG,https://www.idx.co.id/StaticData/NewsAndAnnouncement/ANNOUNCEMENTSTOCK/From_EREP/202507/28309680ea_b09b6220b3.pdf,20250728_ITMG_Rencana Penyampaian Laporan Keuangan_31927862_lamp1.pdf,,,,
"08 Jul 2025
					16:41:08",https://www.idx.co.id/StaticData/NewsAndAnnouncement/ANNOUNCEMENTSTOCK/From_EREP/202507/18255f9773_b084008d53.pdf,Laporan Bulanan Registrasi Pemegang Efek [],JPFA,https://www.idx.co.id/StaticData/NewsAndAnnouncement/ANNOUNCEMENTSTOCK/From_EREP/202507/23c7025549_4139f7a8ab.pdf,20250708_JPFA_Laporan Bulanan Registrasi Pemegang Efek/Perubahan Struktur Pemegang Saham_31912909_lamp1.pdf,https://www.idx.co.id/StaticData/NewsAndAnnouncement/ANNOUNCEMENTSTOCK/From_EREP/202507/e87a7a7f83_471cf44490.pdf,20250708_JPFA_Laporan Bulanan Registrasi Pemegang Efek/Perubahan Struktur Pemegang Saham_31912909_lamp2.pdf,,
"31 Jul 2025
					17:26:47",https://www.idx.co.id/StaticData/NewsAndAnnouncement/ANNOUNCEMENTSTOCK/From_EREP/202507/20250731190057-54820-0/FinancialStatement-2025-II-JPFA.pdf,Penyampaian Laporan Keuangan Interim Yang Tidak Diaudit [],JPFA,https://www.idx.co.id/StaticData/NewsAndAnnouncement/ANNOUNCEMENTSTOCK/From_EREP/202507/20250731190057-54820-0/FinancialStatement-2025-II-JPFA.xlsx,FinancialStatement-2025-II-JPFA.xlsx,https://www.idx.co.id/StaticData/NewsAndAnnouncement/ANNOUNCEMENTSTOCK/From_EREP/202507/20250731190057-54820-0/inlineXBRL.zip,inlineXBRL.zip,https://www.idx.co.id/StaticData/NewsAndAnnouncement/ANNOUNCEMENTSTOCK/From_EREP/202507/20250731190057-54820-0/instance.zip,instance.zip
"31 Jul 2025
					17:38:19",https://www.idx.co.id/StaticData/NewsAndAnnouncement/ANNOUNCEMENTSTOCK/From_EREP/202507/b82b1e0e2a_11a10c89ec.pdf,Penunjukan Auditor PT Japfa Comfeed Indonesia Tbk [],JPFA,https://www.idx.co.id/StaticData/NewsAndAnnouncement/ANNOUNCEMENTSTOCK/From_EREP/202507/3b34e7803f_a4adf9db68.pdf,20250731_JPFA_Laporan Informasi dan Fakta Material_31929081_lamp1.pdf,,,,
"02 Jul 2025
					06:55:01",https://www.idx.co.id/StaticData/NewsAndAnnouncement/ANNOUNCEMENTSTOCK/From_EREP/202507/5779081921_adc5a08dc4.pdf,Transaksi Afiliasi [],JSMR,https://www.idx.co.id/StaticData/NewsAndAnnouncement/ANNOUNCEMENTSTOCK/From_EREP/202507/16eedd66ef_a61003ef03.pdf,20250702_JSMR_Informasi Transaksi Afiliasi_31910591_lamp3.pdf,https://www.idx.co.id/StaticData/NewsAndAnnouncement/ANNOUNCEMENTSTOCK/From_EREP/202507/27d77b3266_15d2d4d257.pdf,20250702_JSMR_Informasi Transaksi Afiliasi_31910591_lamp1.pdf,https://www.idx.co.id/StaticData/NewsAndAnnouncement/ANNOUNCEMENTSTOCK/From_EREP/202507/49d7a051d1_9709d78185.pdf,20250702_JSMR_Informasi Transaksi Afiliasi_31910591_lamp4.pdf
"02 Jul 2025
					18:06:01",https://www.idx.co.id/StaticData/NewsAndAnnouncement/ANNOUNCEMENTSTOCK/From_EREP/202507/ce0e94831d_65a0a53d96.pdf,Transaksi Afiliasi [],JSMR,https://www.idx.co.id/StaticData/NewsAndAnnouncement/ANNOUNCEMENTSTOCK/From_EREP/202507/8183623a5a_492d39d873.pdf,20250702_JSMR_Informasi Transaksi Afiliasi_31910988_lamp5.pdf,https://www.idx.co.id/StaticData/NewsAndAnnouncement/ANNOUNCEMENTSTOCK/From_EREP/202507/b6697e4a51_4fe199a5bc.pdf,20250702_JSMR_Informasi Transaksi Afiliasi_31910988_lamp4.pdf,https://www.idx.co.id/StaticData/NewsAndAnnouncement/ANNOUNCEMENTSTOCK/From_EREP/202507/ba07132de2_cfb7629f21.pdf,20250702_JSMR_Informasi Transaksi Afiliasi_31910988_lamp2.pdf
"02 Jul 2025
					19:59:32",https://www.idx.co.id/StaticData/NewsAndAnnouncement/ANNOUNCEMENTSTOCK/From_EREP/202507/22cf78c281_e29e48644e.pdf,Transaksi Afiliasi [],JSMR,https://www.idx.co.id/StaticData/NewsAndAnnouncement/ANNOUNCEMENTSTOCK/From_EREP/202507/1b0b53231f_f6140b75e2.pdf,20250702_JSMR_Informasi Transaksi Afiliasi_31911032_lamp4.pdf,https://www.idx.co.id/StaticData/NewsAndAnnouncement/ANNOUNCEMENTSTOCK/From_EREP/202507/55412599ff_d1a85392ad.pdf,20250702_JSMR_Informasi Transaksi Afiliasi_31911032_lamp3.pdf,https://www.idx.co.id/StaticData/NewsAndAnnouncement/ANNOUNCEMENTSTOCK/From_EREP/202507/6789e0b51a_15dfc791a6.pdf,20250702_JSMR_Informasi Transaksi Afiliasi_31911032_lamp6.pdf
"04 Jul 2025
					16:37:52",https://www.idx.co.id/StaticData/NewsAndAnnouncement/ANNOUNCEMENTSTOCK/From_EREP/202507/f779adaf9f_ef8bb5ac2f.pdf,Laporan Bulanan Registrasi Pemegang Efek [],JSMR,https://www.idx.co.id/StaticData/NewsAndAnnouncement/ANNOUNCEMENTSTOCK/From_EREP/202507/2749682c69_93186fb44b.pdf,20250704_JSMR_Laporan Bulanan Registrasi Pemegang Efek/Perubahan Struktur Pemegang Saham_31911828_lamp4.pdf,https://www.idx.co.id/StaticData/NewsAndAnnouncement/ANNOUNCEMENTSTOCK/From_EREP/202507/4dc4ed8495_52386a7d54.pdf,20250704_JSMR_Laporan Bulanan Registrasi Pemegang Efek/Perubahan Struktur Pemegang Saham_31911828_lamp2.pdf,https://www.idx.co.id/StaticData/NewsAndAnnouncement/ANNOUNCEMENTSTOCK/From_EREP/202507/82e7867d76_75d8aa91b5.pdf,20250704_JSMR_Laporan Bulanan Registrasi Pemegang Efek/Perubahan Struktur Pemegang Saham_31911828_lamp3.pdf
"14 Jul 2025
					15:25:50",https://www.idx.co.id/StaticData/NewsAndAnnouncement/ANNOUNCEMENTSTOCK/From_EREP/202507/5e58b34527_4dc3f31c86.pdf,Transaksi Afiliasi (KOREKSI) [],JSMR,https://www.idx.co.id/StaticData/NewsAndAnnouncement/ANNOUNCEMENTSTOCK/From_EREP/202507/3837e42942_d7e024278d.pdf,20250714_JSMR_Informasi Transaksi Afiliasi_31914527_lamp2.pdf,https://www.idx.co.id/StaticData/NewsAndAnnouncement/ANNOUNCEMENTSTOCK/From_EREP/202507/7c1100e03a_c0d24b19b7.pdf,20250714_JSMR_Informasi Transaksi Afiliasi_31914527_lamp1.pdf,https://www.idx.co.id/StaticData/NewsAndAnnouncement/ANNOUNCEMENTSTOCK/From_EREP/202507/b250c8f44b_bfb04fcb90.pdf,20250714_JSMR_Informasi Transaksi Afiliasi_31914527_lamp3.pdf
"14 Jul 2025
					15:28:49",https://www.idx.co.id/StaticData/NewsAndAnnouncement/ANNOUNCEMENTSTOCK/From_EREP/202507/9d2171efb1_96ab143d5d.pdf,Transaksi Afiliasi (KOREKSI) [],JSMR,https://www.idx.co.id/StaticData/NewsAndAnnouncement/ANNOUNCEMENTSTOCK/From_EREP/202507/0f3602ef65_6bf1d02b05.pdf,20250714_JSMR_Informasi Transaksi Afiliasi_31914530_lamp2.pdf,https://www.idx.co.id/StaticData/NewsAndAnnouncement/ANNOUNCEMENTSTOCK/From_EREP/202507/c2db69c1be_13fd1c3d41.pdf,20250714_JSMR_Informasi Transaksi Afiliasi_31914530_lamp3.pdf,https://www.idx.co.id/StaticData/NewsAndAnnouncement/ANNOUNCEMENTSTOCK/From_EREP/202507/ccb4077eea_b9dd779b59.pdf,20250714_JSMR_Informasi Transaksi Afiliasi_31914530_lamp1.pdf
"14 Jul 2025
					15:30:44",https://www.idx.co.id/StaticData/NewsAndAnnouncement/ANNOUNCEMENTSTOCK/From_EREP/202507/2e956b41c4_bf696f6847.pdf,Transaksi Afiliasi (KOREKSI) [],JSMR,https://www.idx.co.id/StaticData/NewsAndAnnouncement/ANNOUNCEMENTSTOCK/From_EREP/202507/7238da522e_d10037e8f7.pdf,20250714_JSMR_Informasi Transaksi Afiliasi_31914533_lamp2.pdf,https://www.idx.co.id/StaticData/NewsAndAnnouncement/ANNOUNCEMENTSTOCK/From_EREP/202507/cc89518a98_b289c50d89.pdf,20250714_JSMR_Informasi Transaksi Afiliasi_31914533_lamp3.pdf,https://www.idx.co.id/StaticData/NewsAndAnnouncement/ANNOUNCEMENTSTOCK/From_EREP/202507/ee35961f67_aad7888ac6.pdf,20250714_JSMR_Informasi Transaksi Afiliasi_31914533_lamp1.pdf
"14 Jul 2025
					15:33:34",https://www.idx.co.id/StaticData/NewsAndAnnouncement/ANNOUNCEMENTSTOCK/From_EREP/202507/1ca82b7722_a7dd52808b.pdf,Transaksi Afiliasi (KOREKSI) [],JSMR,https://www.idx.co.id/StaticData/NewsAndAnnouncement/ANNOUNCEMENTSTOCK/From_EREP/202507/7a0532d518_76225ddac8.pdf,20250714_JSMR_Informasi Transaksi Afiliasi_31914535_lamp1.pdf,https://www.idx.co.id/StaticData/NewsAndAnnouncement/ANNOUNCEMENTSTOCK/From_EREP/202507/cf553ed409_fca0714983.pdf,20250714_JSMR_Informasi Transaksi Afiliasi_31914535_lamp3.pdf,https://www.idx.co.id/StaticData/NewsAndAnnouncement/ANNOUNCEMENTSTOCK/From_EREP/202507/d312ce20fc_c55d2b4b37.pdf,20250714_JSMR_Informasi Transaksi Afiliasi_31914535_lamp4.pdf
"14 Jul 2025
					15:35:16",https://www.idx.co.id/StaticData/NewsAndAnnouncement/ANNOUNCEMENTSTOCK/From_EREP/202507/e99701e974_3569e81549.pdf,Transaksi Afiliasi (KOREKSI) [],JSMR,https://www.idx.co.id/StaticData/NewsAndAnnouncement/ANNOUNCEMENTSTOCK/From_EREP/202507/21d639c9a8_e567a15403.pdf,20250714_JSMR_Informasi Transaksi Afiliasi_31914537_lamp1.pdf,https://www.idx.co.id/StaticData/NewsAndAnnouncement/ANNOUNCEMENTSTOCK/From_EREP/202507/e8df3e46ff_60f77bae98.pdf,20250714_JSMR_Informasi Transaksi Afiliasi_31914537_lamp2.pdf,https://www.idx.co.id/StaticData/NewsAndAnnouncement/ANNOUNCEMENTSTOCK/From_EREP/202507/f0351af7ce_91a64f425d.pdf,20250714_JSMR_Informasi Transaksi Afiliasi_31914537_lamp3.pdf
"24 Jul 2025
					08:52:39",https://www.idx.co.id/StaticData/NewsAndAnnouncement/ANNOUNCEMENTSTOCK/From_EREP/202507/4c6bd15707_de05b35a3a.pdf,Perubahan Pengendalian PT Jasamarga Jogja Solo (JMJ) [],JSMR,https://www.idx.co.id/StaticData/NewsAndAnnouncement/ANNOUNCEMENTSTOCK/From_EREP/202507/7bd616daf5_91f01b27fd.pdf,20250724_JSMR_Laporan Informasi dan Fakta Material_31917083_lamp2.pdf,https://www.idx.co.id/StaticData/NewsAndAnnouncement/ANNOUNCEMENTSTOCK/From_EREP/202507/a923ee160e_4885c3263d.pdf,20250724_JSMR_Laporan Informasi dan Fakta Material_31917083_lamp1.pdf,,
"24 Jul 2025
					17:13:13",https://www.idx.co.id/StaticData/NewsAndAnnouncement/ANNOUNCEMENTSTOCK/From_EREP/202507/10c20c2798_4ba26ec700.pdf,Perubahan Pengendalian PT Jasamarga Jogja Solo (JMJ) (KOREKSI) [],JSMR,https://www.idx.co.id/StaticData/NewsAndAnnouncement/ANNOUNCEMENTSTOCK/From_EREP/202507/00628b0d7a_50b32f06d9.pdf,20250724_JSMR_Laporan Informasi dan Fakta Material_31917310_lamp2.pdf,https://www.idx.co.id/StaticData/NewsAndAnnouncement/ANNOUNCEMENTSTOCK/From_EREP/202507/a63d2e4ab0_ec97b378b1.pdf,20250724_JSMR_Laporan Informasi dan Fakta Material_31917310_lamp1.pdf,,
"28 Jul 2025
					09:03:59",https://www.idx.co.id/StaticData/NewsAndAnnouncement/ANNOUNCEMENTSTOCK/From_EREP/202507/20250728091117-55562-0/FinancialStatement-2025-II-JSMR.pdf,Penyampaian Laporan Keuangan Interim Yang Tidak Diaudit [],JSMR,https://www.idx.co.id/StaticData/NewsAndAnnouncement/ANNOUNCEMENTSTOCK/From_EREP/202507/20250728091117-55562-0/AB.KU.14.06.194.pdf,AB.KU.14.06.194.pdf,https://www.idx.co.id/StaticData/NewsAndAnnouncement/ANNOUNCEMENTSTOCK/From_EREP/202507/20250728091117-55562-0/FinancialStatement-2025-II-JSMR.xlsx,FinancialStatement-2025-II-JSMR.xlsx,https://www.idx.co.id/StaticData/NewsAndAnnouncement/ANNOUNCEMENTSTOCK/From_EREP/202507/20250728091117-55562-0/inlineXBRL.zip,inlineXBRL.zip
"29 Jul 2025
					17:21:17",https://www.idx.co.id/StaticData/NewsAndAnnouncement/ANNOUNCEMENTSTOCK/From_EREP/202507/20250729173220-56408-0/FinancialStatement-2025-II-JSMR.pdf,Penyampaian Laporan Keuangan Interim (KOREKSI) [],JSMR,https://www.idx.co.id/StaticData/NewsAndAnnouncement/ANNOUNCEMENTSTOCK/From_EREP/202507/20250729173220-56408-0/AB.KU.14.06.194.pdf,AB.KU.14.06.194.pdf,https://www.idx.co.id/StaticData/NewsAndAnnouncement/ANNOUNCEMENTSTOCK/From_EREP/202507/20250729173220-56408-0/FinancialStatement-2025-II-JSMR.xlsx,FinancialStatement-2025-II-JSMR.xlsx,https://www.idx.co.id/StaticData/NewsAndAnnouncement/ANNOUNCEMENTSTOCK/From_EREP/202507/20250729173220-56408-0/inlineXBRL.zip,inlineXBRL.zip
"07 Jul 2025
					16:48:08",https://www.idx.co.id/StaticData/NewsAndAnnouncement/ANNOUNCEMENTSTOCK/From_EREP/202507/819f6d2345_8d429ee77a.pdf,Laporan Bulanan Registrasi Pemegang Efek [],KLBF,https://www.idx.co.id/StaticData/NewsAndAnnouncement/ANNOUNCEMENTSTOCK/From_EREP/202507/4662ee2035_ea5fd03e35.pdf,20250707_KLBF_Laporan Bulanan Registrasi Pemegang Efek/Perubahan Struktur Pemegang Saham_31912279_lamp1.pdf,,,,
"10 Jul 2025
					17:21:16",https://www.idx.co.id/StaticData/NewsAndAnnouncement/ANNOUNCEMENTSTOCK/From_EREP/202507/71101f108f_d64a32df9d.pdf,Laporan Pengalihan Kembali Saham Hasil Buy Back [],KLBF,https://www.idx.co.id/StaticData/NewsAndAnnouncement/ANNOUNCEMENTSTOCK/From_EREP/202507/47e72386ae_898b931f7b.pdf,20250710_KLBF_Laporan Pengalihan Saham Hasil Buy Back_31913870_lamp1.pdf,,,,
"31 Jul 2025
					11:54:52",https://www.idx.co.id/StaticData/NewsAndAnnouncement/ANNOUNCEMENTSTOCK/From_EREP/202507/20250731120458-55167-0/FinancialStatement-2025-II-KLBF.pdf,Penyampaian Laporan Keuangan Interim Yang Tidak Diaudit [],KLBF,https://www.idx.co.id/StaticData/NewsAndAnnouncement/ANNOUNCEMENTSTOCK/From_EREP/202507/20250731120458-55167-0/0625%20OJK%20Checklist%20-%20signed.pdf,0625 OJK Checklist - signed.pdf,https://www.idx.co.id/StaticData/NewsAndAnnouncement/ANNOUNCEMENTSTOCK/From_EREP/202507/20250731120458-55167-0/FinancialStatement-2025-II-KLBF.xlsx,FinancialStatement-2025-II-KLBF.xlsx,https://www.idx.co.id/StaticData/NewsAndAnnouncement/ANNOUNCEMENTSTOCK/From_EREP/202507/20250731120458-55167-0/inlineXBRL.zip,inlineXBRL.zip
"02 Jul 2025
					18:41:02",https://www.idx.co.id/StaticData/NewsAndAnnouncement/ANNOUNCEMENTSTOCK/From_EREP/202507/f9a4137c85_ad3b148ecc.pdf,Ringkasan Risalah Rapat Umum Para Pemegang Saham Tahunan [],MAPA,https://www.idx.co.id/StaticData/NewsAndAnnouncement/ANNOUNCEMENTSTOCK/From_EREP/202507/832c7eae8d_1ff4f8a6de.pdf,20250701_MAPA_Ringkasan Risalah/Risalah RUPS_31910261_lamp2.pdf,https://www.idx.co.id/StaticData/NewsAndAnnouncement/ANNOUNCEMENTSTOCK/From_EREP/202507/9350b6a606_24b800c64c.pdf,20250701_MAPA_Ringkasan Risalah/Risalah RUPS_31910261_lamp4.pdf,https://www.idx.co.id/StaticData/NewsAndAnnouncement/ANNOUNCEMENTSTOCK/From_EREP/202507/b1d13f9f81_1a9fb058dd.pdf,20250701_MAPA_Ringkasan Risalah/Risalah RUPS_31910261_lamp1.pdf
"02 Jul 2025
					19:04:40",https://www.idx.co.id/StaticData/NewsAndAnnouncement/ANNOUNCEMENTSTOCK/From_EREP/202507/d1f0ee7c00_84b176109b.pdf,Keterbukaan Informasi terkait Aksi Korporasi - Dividen Tunai - 02072025 [],MAPA,,,,,,
"03 Jul 2025
					15:50:58",https://www.idx.co.id/StaticData/NewsAndAnnouncement/ANNOUNCEMENTSTOCK/From_EREP/202507/5261dcb8aa_b50def7d95.pdf,Laporan Hasil Public Expose - Tahunan [],MAPA,https://www.idx.co.id/StaticData/NewsAndAnnouncement/ANNOUNCEMENTSTOCK/From_EREP/202507/951990363f_c12c5334dd.pdf,20250703_MAPA_Public Expose_31911247_lamp1.pdf,https://www.idx.co.id/StaticData/NewsAndAnnouncement/ANNOUNCEMENTSTOCK/From_EREP/202507/a0736823d9_e0508dc2c3.pdf,20250703_MAPA_Public Expose_31911247_lamp2.pdf,,
"07 Jul 2025
					13:17:36",https://www.idx.co.id/StaticData/NewsAndAnnouncement/ANNOUNCEMENTSTOCK/From_EREP/202507/59ced9bf23_a127947932.pdf,Laporan Hasil Public Expose - Tahunan (KOREKSI) [],MAPA,https://www.idx.co.id/StaticData/NewsAndAnnouncement/ANNOUNCEMENTSTOCK/From_EREP/202507/9813d2ef05_cb79be719d.pdf,20250707_MAPA_Public Expose_31912178_lamp2.pdf,https://www.idx.co.id/StaticData/NewsAndAnnouncement/ANNOUNCEMENTSTOCK/From_EREP/202507/c20521f181_78f00dcc94.pdf,20250707_MAPA_Public Expose_31912178_lamp1.pdf,,
"09 Jul 2025
					16:38:33",https://www.idx.co.id/StaticData/NewsAndAnnouncement/ANNOUNCEMENTSTOCK/From_EREP/202507/2a58020b0c_d4705a28ac.pdf,Laporan Bulanan Registrasi Pemegang Efek [],MAPA,https://www.idx.co.id/StaticData/NewsAndAnnouncement/ANNOUNCEMENTSTOCK/From_EREP/202507/1ce8efc66c_82a1b0c135.pdf,20250707_MAPA_Laporan Bulanan Registrasi Pemegang Efek/Perubahan Struktur Pemegang Saham_31912128_lamp2.pdf,https://www.idx.co.id/StaticData/NewsAndAnnouncement/ANNOUNCEMENTSTOCK/From_EREP/202507/c9c6b7b240_268ea536dc.pdf,20250707_MAPA_Laporan Bulanan Registrasi Pemegang Efek/Perubahan Struktur Pemegang Saham_31912128_lamp1.pdf,https://www.idx.co.id/StaticData/NewsAndAnnouncement/ANNOUNCEMENTSTOCK/From_EREP/202507/ed12b6f854_dbb8e32468.pdf,20250707_MAPA_Laporan Bulanan Registrasi Pemegang Efek/Perubahan Struktur Pemegang Saham_31912128_lamp3.pdf
"22 Jul 2025
					16:54:06",https://www.idx.co.id/StaticData/NewsAndAnnouncement/ANNOUNCEMENTSTOCK/From_EREP/202507/cf294164ab_0ba3084790.pdf,Transaksi Afiliasi [],MAPA,https://www.idx.co.id/StaticData/NewsAndAnnouncement/ANNOUNCEMENTSTOCK/From_EREP/202507/a4ab1461dc_0f7efbe26b.pdf,20250721_MAPA_Informasi Transaksi Afiliasi_31916239_lamp1.pdf,,,,
"22 Jul 2025
					17:13:13",https://www.idx.co.id/StaticData/NewsAndAnnouncement/ANNOUNCEMENTSTOCK/From_EREP/202507/b59b4f9384_d0c2d37e8f.pdf,Transaksi Afiliasi (KOREKSI) [],MAPA,,,,,,
"23 Jul 2025
					10:27:11",https://www.idx.co.id/StaticData/NewsAndAnnouncement/ANNOUNCEMENTSTOCK/From_EREP/202507/bb0c11d85a_0a577f0ef3.pdf,Keterbukaan Informasi terkait Aksi Korporasi - Dividen Tunai (KOREKSI) - 23072025 [],MAPA,,,,,,
"30 Jul 2025
					18:57:49",https://www.idx.co.id/StaticData/NewsAndAnnouncement/ANNOUNCEMENTSTOCK/From_EREP/202507/20250730191702-55432-0/FinancialStatement-2025-II-MAPA.pdf,Penyampaian Laporan Keuangan Interim Yang Tidak Diaudit [],MAPA,https://www.idx.co.id/StaticData/NewsAndAnnouncement/ANNOUNCEMENTSTOCK/From_EREP/202507/20250730191702-55432-0/FinancialStatement-2025-II-MAPA.xlsx,FinancialStatement-2025-II-MAPA.xlsx,https://www.idx.co.id/StaticData/NewsAndAnnouncement/ANNOUNCEMENTSTOCK/From_EREP/202507/20250730191702-55432-0/inlineXBRL.zip,inlineXBRL.zip,https://www.idx.co.id/StaticData/NewsAndAnnouncement/ANNOUNCEMENTSTOCK/From_EREP/202507/20250730191702-55432-0/instance.zip,instance.zip
"30 Jul 2025
					19:28:24",https://www.idx.co.id/StaticData/NewsAndAnnouncement/ANNOUNCEMENTSTOCK/From_EREP/202507/6b059190a4_3c61874ab1.pdf,Siaran Pers - Laporan Keuangan 1H 2025 (tidak diaudit) PT Map Aktif Adiperkasa Tbk [],MAPA,https://www.idx.co.id/StaticData/NewsAndAnnouncement/ANNOUNCEMENTSTOCK/From_EREP/202507/43a9d6c8e0_8911c017ec.pdf,20250730_MAPA_Laporan Informasi dan Fakta Material_31928458_lamp2.pdf,https://www.idx.co.id/StaticData/NewsAndAnnouncement/ANNOUNCEMENTSTOCK/From_EREP/202507/9610593f29_1183adca82.pdf,20250730_MAPA_Laporan Informasi dan Fakta Material_31928458_lamp1.pdf,,
"02 Jul 2025
					18:35:32",https://www.idx.co.id/StaticData/NewsAndAnnouncement/ANNOUNCEMENTSTOCK/From_EREP/202507/7a81327fb4_b46eeaaaae.pdf,Ringkasan Risalah Rapat Umum Para Pemegang Saham Tahunan [],MAPI,https://www.idx.co.id/StaticData/NewsAndAnnouncement/ANNOUNCEMENTSTOCK/From_EREP/202507/4d5440f3b7_1c18ce1b3a.pdf,20250701_MAPI_Ringkasan Risalah/Risalah RUPS_31910265_lamp2.pdf,https://www.idx.co.id/StaticData/NewsAndAnnouncement/ANNOUNCEMENTSTOCK/From_EREP/202507/c051a71e9d_08ee814937.pdf,20250701_MAPI_Ringkasan Risalah/Risalah RUPS_31910265_lamp3.pdf,https://www.idx.co.id/StaticData/NewsAndAnnouncement/ANNOUNCEMENTSTOCK/From_EREP/202507/dd56ad7d09_39e5d321c4.pdf,20250701_MAPI_Ringkasan Risalah/Risalah RUPS_31910265_lamp1.pdf
"02 Jul 2025
					19:18:29",https://www.idx.co.id/StaticData/NewsAndAnnouncement/ANNOUNCEMENTSTOCK/From_EREP/202507/9566ea128d_311c9ff2c8.pdf,Keterbukaan Informasi terkait Aksi Korporasi - Dividen Tunai - 02072025 [],MAPI,,,,,,
"03 Jul 2025
					15:55:52",https://www.idx.co.id/StaticData/NewsAndAnnouncement/ANNOUNCEMENTSTOCK/From_EREP/202507/379505789f_0503018d61.pdf,Laporan Hasil Public Expose - Tahunan [],MAPI,https://www.idx.co.id/StaticData/NewsAndAnnouncement/ANNOUNCEMENTSTOCK/From_EREP/202507/110a7cf105_64744077d8.pdf,20250703_MAPI_Public Expose_31911245_lamp1.pdf,https://www.idx.co.id/StaticData/NewsAndAnnouncement/ANNOUNCEMENTSTOCK/From_EREP/202507/7a94ec67d9_a6fd43a6b9.pdf,20250703_MAPI_Public Expose_31911245_lamp2.pdf,,
"07 Jul 2025
					13:20:40",https://www.idx.co.id/StaticData/NewsAndAnnouncement/ANNOUNCEMENTSTOCK/From_EREP/202507/ae7a099dc1_cc3bfa5d35.pdf,Laporan Hasil Public Expose - Tahunan (KOREKSI) [],MAPI,https://www.idx.co.id/StaticData/NewsAndAnnouncement/ANNOUNCEMENTSTOCK/From_EREP/202507/65fac3229b_201c0ad80f.pdf,20250707_MAPI_Public Expose_31912179_lamp2.pdf,https://www.idx.co.id/StaticData/NewsAndAnnouncement/ANNOUNCEMENTSTOCK/From_EREP/202507/76cbdb01fe_20350ba1fe.pdf,20250707_MAPI_Public Expose_31912179_lamp1.pdf,,
"07 Jul 2025
					13:59:10",https://www.idx.co.id/StaticData/NewsAndAnnouncement/ANNOUNCEMENTSTOCK/From_EREP/202507/cba3f6d24a_4dd0e5a2b7.pdf,Laporan Bulanan Registrasi Pemegang Efek (KOREKSI) [],MAPI,https://www.idx.co.id/StaticData/NewsAndAnnouncement/ANNOUNCEMENTSTOCK/From_EREP/202507/2a5379b350_f4ed11e19a.pdf,20250707_MAPI_Laporan Bulanan Registrasi Pemegang Efek/Perubahan Struktur Pemegang Saham_31912234_lamp2.pdf,https://www.idx.co.id/StaticData/NewsAndAnnouncement/ANNOUNCEMENTSTOCK/From_EREP/202507/4d1bd3196c_62e6e3ae5d.pdf,20250707_MAPI_Laporan Bulanan Registrasi Pemegang Efek/Perubahan Struktur Pemegang Saham_31912234_lamp1.pdf,https://www.idx.co.id/StaticData/NewsAndAnnouncement/ANNOUNCEMENTSTOCK/From_EREP/202507/5407e63157_a9d7995ae7.pdf,20250707_MAPI_Laporan Bulanan Registrasi Pemegang Efek/Perubahan Struktur Pemegang Saham_31912234_lamp3.pdf
"10 Jul 2025
					09:16:25",https://www.idx.co.id/StaticData/NewsAndAnnouncement/ANNOUNCEMENTSTOCK/From_EREP/202507/86efdc82c8_c4321f5535.pdf,Laporan Bulanan Registrasi Pemegang Efek (KOREKSI) [],MAPI,https://www.idx.co.id/StaticData/NewsAndAnnouncement/ANNOUNCEMENTSTOCK/From_EREP/202507/52bc74662e_b0558ecebb.pdf,20250710_MAPI_Laporan Bulanan Registrasi Pemegang Efek/Perubahan Struktur Pemegang Saham_31913561_lamp1.pdf,https://www.idx.co.id/StaticData/NewsAndAnnouncement/ANNOUNCEMENTSTOCK/From_EREP/202507/5bb7fd8636_b30172c8e7.pdf,20250710_MAPI_Laporan Bulanan Registrasi Pemegang Efek/Perubahan Struktur Pemegang Saham_31913561_lamp3.pdf,https://www.idx.co.id/StaticData/NewsAndAnnouncement/ANNOUNCEMENTSTOCK/From_EREP/202507/f19f64de00_a617ed5936.pdf,20250710_MAPI_Laporan Bulanan Registrasi Pemegang Efek/Perubahan Struktur Pemegang Saham_31913561_lamp2.pdf
"10 Jul 2025
					09:23:28",https://www.idx.co.id/StaticData/NewsAndAnnouncement/ANNOUNCEMENTSTOCK/From_EREP/202507/ec07267dd3_3ace4e5a2b.pdf,Laporan Bulanan Registrasi Pemegang Efek (KOREKSI) [],MAPI,https://www.idx.co.id/StaticData/NewsAndAnnouncement/ANNOUNCEMENTSTOCK/From_EREP/202507/0d8e71ef69_3d5ee6c433.pdf,20250710_MAPI_Laporan Bulanan Registrasi Pemegang Efek/Perubahan Struktur Pemegang Saham_31913569_lamp3.pdf,https://www.idx.co.id/StaticData/NewsAndAnnouncement/ANNOUNCEMENTSTOCK/From_EREP/202507/e5ee899852_afd19c90ee.pdf,20250710_MAPI_Laporan Bulanan Registrasi Pemegang Efek/Perubahan Struktur Pemegang Saham_31913569_lamp1.pdf,https://www.idx.co.id/StaticData/NewsAndAnnouncement/ANNOUNCEMENTSTOCK/From_EREP/202507/f3f6a97192_81f7c64052.pdf,20250710_MAPI_Laporan Bulanan Registrasi Pemegang Efek/Perubahan Struktur Pemegang Saham_31913569_lamp2.pdf
"10 Jul 2025
					14:50:25",https://www.idx.co.id/StaticData/NewsAndAnnouncement/ANNOUNCEMENTSTOCK/From_EREP/202507/e538a04f71_e50e03345d.pdf,Laporan Bulanan Registrasi Pemegang Efek [],MAPI,https://www.idx.co.id/StaticData/NewsAndAnnouncement/ANNOUNCEMENTSTOCK/From_EREP/202507/0096cd9e95_0a23789eac.pdf,20250707_MAPI_Laporan Bulanan Registrasi Pemegang Efek/Perubahan Struktur Pemegang Saham_31912162_lamp1.pdf,https://www.idx.co.id/StaticData/NewsAndAnnouncement/ANNOUNCEMENTSTOCK/From_EREP/202507/5ec66f5087_7a3117e745.pdf,20250707_MAPI_Laporan Bulanan Registrasi Pemegang Efek/Perubahan Struktur Pemegang Saham_31912162_lamp3.pdf,https://www.idx.co.id/StaticData/NewsAndAnnouncement/ANNOUNCEMENTSTOCK/From_EREP/202507/d016631144_73b7704951.pdf,20250707_MAPI_Laporan Bulanan Registrasi Pemegang Efek/Perubahan Struktur Pemegang Saham_31912162_lamp2.pdf
"30 Jul 2025
					19:13:05",https://www.idx.co.id/StaticData/NewsAndAnnouncement/ANNOUNCEMENTSTOCK/From_EREP/202507/20250730193854-55151-0/FinancialStatement-2025-II-MAPI.pdf,Penyampaian Laporan Keuangan Interim Yang Tidak Diaudit [],MAPI,https://www.idx.co.id/StaticData/NewsAndAnnouncement/ANNOUNCEMENTSTOCK/From_EREP/202507/20250730193854-55151-0/FinancialStatement-2025-II-MAPI.xlsx,FinancialStatement-2025-II-MAPI.xlsx,https://www.idx.co.id/StaticData/NewsAndAnnouncement/ANNOUNCEMENTSTOCK/From_EREP/202507/20250730193854-55151-0/inlineXBRL.zip,inlineXBRL.zip,https://www.idx.co.id/StaticData/NewsAndAnnouncement/ANNOUNCEMENTSTOCK/From_EREP/202507/20250730193854-55151-0/instance.zip,instance.zip
"30 Jul 2025
					19:46:36",https://www.idx.co.id/StaticData/NewsAndAnnouncement/ANNOUNCEMENTSTOCK/From_EREP/202507/ced7642e03_54c17a58b2.pdf,Siaran Pers - Laporan Keuangan 1H 2025 [],MAPI,https://www.idx.co.id/StaticData/NewsAndAnnouncement/ANNOUNCEMENTSTOCK/From_EREP/202507/b76a52b6b5_0fa51f9f89.pdf,20250730_MAPI_Laporan Informasi dan Fakta Material_31928457_lamp1.pdf,https://www.idx.co.id/StaticData/NewsAndAnnouncement/ANNOUNCEMENTSTOCK/From_EREP/202507/d2e837c32c_9793ce9fc8.pdf,20250730_MAPI_Laporan Informasi dan Fakta Material_31928457_lamp2.pdf,,
"02 Jul 2025
					18:23:44",https://www.idx.co.id/StaticData/NewsAndAnnouncement/ANNOUNCEMENTSTOCK/From_EREP/202507/5a8a383a9e_3ab812875b.pdf,Transaksi Afiliasi Perjanjian Pinjaman dan Akad Mudharabah antara Perseroan dan MTI [],MBMA,https://www.idx.co.id/StaticData/NewsAndAnnouncement/ANNOUNCEMENTSTOCK/From_EREP/202507/3a94f0f048_c71077dd5b.pdf,20250702_MBMA_Laporan Informasi dan Fakta Material_31910987_lamp1.pdf,,,,
"08 Jul 2025
					17:46:29",https://www.idx.co.id/StaticData/NewsAndAnnouncement/ANNOUNCEMENTSTOCK/From_EREP/202507/d4c9aec724_8280f75a6a.pdf,Pengumuman Bursa Pencatatan Awal Obligasi dan Sukuk [],MBMA,https://www.idx.co.id/StaticData/NewsAndAnnouncement/ANNOUNCEMENTSTOCK/From_EREP/202507/7b4a36e901_ff15e100ba.pdf,20250708_MBMA_Pengumuman Pencatatan Awal Obligasi dan Sukuk_31912877_lamp1.pdf,,,,
"10 Jul 2025
					14:44:33",https://www.idx.co.id/StaticData/NewsAndAnnouncement/ANNOUNCEMENTSTOCK/From_EREP/202507/8cb24f4101_bc2e0b9c15.pdf,Laporan Bulanan Aktivitas Eksplorasi [],MBMA,https://www.idx.co.id/StaticData/NewsAndAnnouncement/ANNOUNCEMENTSTOCK/From_EREP/202507/94997a069e_33f85b640e.pdf,20250710_MBMA_Laporan Bulanan Aktivitas Eksplorasi_31913710_lamp1.pdf,,,,
"10 Jul 2025
					16:26:08",https://www.idx.co.id/StaticData/NewsAndAnnouncement/ANNOUNCEMENTSTOCK/From_EREP/202507/15102d3056_53fcd870e0.pdf,Laporan Bulanan Registrasi Pemegang Efek [],MBMA,https://www.idx.co.id/StaticData/NewsAndAnnouncement/ANNOUNCEMENTSTOCK/From_EREP/202507/8dd3fd41f3_07b979015f.pdf,20250707_MBMA_Laporan Bulanan Registrasi Pemegang Efek/Perubahan Struktur Pemegang Saham_31912208_lamp3.pdf,https://www.idx.co.id/StaticData/NewsAndAnnouncement/ANNOUNCEMENTSTOCK/From_EREP/202507/ac9df9961f_00b68b19d3.pdf,20250707_MBMA_Laporan Bulanan Registrasi Pemegang Efek/Perubahan Struktur Pemegang Saham_31912208_lamp1.pdf,https://www.idx.co.id/StaticData/NewsAndAnnouncement/ANNOUNCEMENTSTOCK/From_EREP/202507/b35001c906_4efb6fb64d.pdf,20250707_MBMA_Laporan Bulanan Registrasi Pemegang Efek/Perubahan Struktur Pemegang Saham_31912208_lamp2.pdf
"11 Jul 2025
					17:19:29",https://www.idx.co.id/StaticData/NewsAndAnnouncement/ANNOUNCEMENTSTOCK/From_EREP/202507/257e42d6b6_bd52b33099.pdf,Rencana Penyampaian Laporan Keuangan Kuartal II 2025 Diaudit [],MBMA,https://www.idx.co.id/StaticData/NewsAndAnnouncement/ANNOUNCEMENTSTOCK/From_EREP/202507/14cb42dff6_2d60c65106.pdf,20250711_MBMA_Rencana Penyampaian Laporan Keuangan_31914231_lamp1.pdf,,,,
"10 Jul 2025
					14:18:59",https://www.idx.co.id/StaticData/NewsAndAnnouncement/ANNOUNCEMENTSTOCK/From_EREP/202507/138180c8f3_9a836eb6b1.pdf,Laporan Bulanan Aktivitas Eksplorasi [],MDKA,https://www.idx.co.id/StaticData/NewsAndAnnouncement/ANNOUNCEMENTSTOCK/From_EREP/202507/b6f8491a0a_4c0b07e17c.pdf,20250709_MDKA_Laporan Bulanan Aktivitas Eksplorasi_31913450_lamp1.pdf,,,,
"10 Jul 2025
					17:02:05",https://www.idx.co.id/StaticData/NewsAndAnnouncement/ANNOUNCEMENTSTOCK/From_EREP/202507/cc0152774d_1d7345f035.pdf,Laporan Bulanan Registrasi Pemegang Efek [],MDKA,https://www.idx.co.id/StaticData/NewsAndAnnouncement/ANNOUNCEMENTSTOCK/From_EREP/202507/1631fca4bf_a4493061c4.pdf,20250701_MDKA_Laporan Bulanan Registrasi Pemegang Efek/Perubahan Struktur Pemegang Saham_31910430_lamp2.pdf,https://www.idx.co.id/StaticData/NewsAndAnnouncement/ANNOUNCEMENTSTOCK/From_EREP/202507/3a3483e95f_aa26b19966.pdf,20250701_MDKA_Laporan Bulanan Registrasi Pemegang Efek/Perubahan Struktur Pemegang Saham_31910430_lamp1.pdf,https://www.idx.co.id/StaticData/NewsAndAnnouncement/ANNOUNCEMENTSTOCK/From_EREP/202507/3c3d688bc0_6259361871.pdf,20250701_MDKA_Laporan Bulanan Registrasi Pemegang Efek/Perubahan Struktur Pemegang Saham_31910430_lamp4.pdf
"10 Jul 2025
					17:50:42",https://www.idx.co.id/StaticData/NewsAndAnnouncement/ANNOUNCEMENTSTOCK/From_EREP/202507/13102515a2_1fd2a47b69.pdf,Laporan Penggunaan Dana Hasil Penawaran Umum [],MDKA,https://www.idx.co.id/StaticData/NewsAndAnnouncement/ANNOUNCEMENTSTOCK/From_EREP/202507/a84313347b_b99b8b9bed.pdf,20250708_MDKA_Laporan Penggunaan Dana Hasil Penawaran Umum_31912841_lamp1.pdf,,,,
"14 Jul 2025
					16:53:05",https://www.idx.co.id/StaticData/NewsAndAnnouncement/ANNOUNCEMENTSTOCK/From_EREP/202507/5a9e1dede4_caf1e9ce36.pdf,Kesiapan Dana untuk Pelunasan Pokok serta Pembayaran Bunga Keempat dari Obligasi Berkelanjutan IV Merdeka Copper Gold Tahap VI Tahun 2024 Seri A [],MDKA,https://www.idx.co.id/StaticData/NewsAndAnnouncement/ANNOUNCEMENTSTOCK/From_EREP/202507/df40ed7d96_0c9c34a6e4.pdf,20250709_MDKA_Laporan Informasi dan Fakta Material_31913375_lamp1.pdf,,,,
"15 Jul 2025
					20:26:45",https://www.idx.co.id/StaticData/NewsAndAnnouncement/ANNOUNCEMENTSTOCK/From_EREP/202507/a9373eb38a_baf416f1f3.pdf,Laporan Pengalihan Kembali Saham Hasil Buy Back [],MDKA,https://www.idx.co.id/StaticData/NewsAndAnnouncement/ANNOUNCEMENTSTOCK/From_EREP/202507/dae4e6b5a9_5b9ae43599.pdf,20250709_MDKA_Laporan Pengalihan Saham Hasil Buy Back_31913252_lamp1.pdf,,,,
"17 Jul 2025
					14:17:34",https://www.idx.co.id/StaticData/NewsAndAnnouncement/ANNOUNCEMENTSTOCK/From_EREP/202507/1d6a18990b_02794cea3c.pdf,Rencana Penyampaian Laporan Keuangan Kuartal II 2025 Diaudit [],MDKA,https://www.idx.co.id/StaticData/NewsAndAnnouncement/ANNOUNCEMENTSTOCK/From_EREP/202507/846d96a06b_77186d47f3.pdf,20250716_MDKA_Rencana Penyampaian Laporan Keuangan_31915283_lamp1.pdf,,,,
"31 Jul 2025
					17:29:33",https://www.idx.co.id/StaticData/NewsAndAnnouncement/ANNOUNCEMENTSTOCK/From_EREP/202507/71ff7ac6ce_d8292e465b.pdf,Perubahan Corporate Secretary [],MDKA,https://www.idx.co.id/StaticData/NewsAndAnnouncement/ANNOUNCEMENTSTOCK/From_EREP/202507/0829451998_c003623633.pdf,20250716_MDKA_Perubahan Corsec Komite Audit Alamat NPWP Internal Audit_31915213_lamp1.pdf,https://www.idx.co.id/StaticData/NewsAndAnnouncement/ANNOUNCEMENTSTOCK/From_EREP/202507/7ec9bac1e8_741358e90e.pdf,20250716_MDKA_Perubahan Corsec Komite Audit Alamat NPWP Internal Audit_31915213_lamp2.pdf,,
"01 Jul 2025
					11:45:51",https://www.idx.co.id/StaticData/NewsAndAnnouncement/ANNOUNCEMENTSTOCK/From_EREP/202507/0ac7afa3e4_d15fde95c8.pdf,Laporan Penggunaan Dana Hasil Penawaran Umum [],MEDC,https://www.idx.co.id/StaticData/NewsAndAnnouncement/ANNOUNCEMENTSTOCK/From_EREP/202507/9613d89a9c_109abe9888.pdf,20250701_MEDC_Laporan Penggunaan Dana Hasil Penawaran Umum_31910255_lamp1.pdf,,,,
"01 Jul 2025
					16:37:16",https://www.idx.co.id/StaticData/NewsAndAnnouncement/ANNOUNCEMENTSTOCK/From_EREP/202507/7b276f1037_50c7ee1384.pdf,Penandatanganan Perjanjian kredit  [],MEDC,https://www.idx.co.id/StaticData/NewsAndAnnouncement/ANNOUNCEMENTSTOCK/From_EREP/202507/e3ef0b2834_338dad9486.pdf,20250701_MEDC_Laporan Informasi dan Fakta Material_31910442_lamp1.pdf,,,,
"05 Jul 2025
					10:27:34",https://www.idx.co.id/StaticData/NewsAndAnnouncement/ANNOUNCEMENTSTOCK/From_EREP/202507/e93cfdc5e5_b19e867321.pdf,Laporan Bulanan Registrasi Pemegang Efek [],MEDC,https://www.idx.co.id/StaticData/NewsAndAnnouncement/ANNOUNCEMENTSTOCK/From_EREP/202507/840ef98964_2f32ebdf93.pdf,20250705_MEDC_Laporan Bulanan Registrasi Pemegang Efek/Perubahan Struktur Pemegang Saham_31911964_lamp2.pdf,https://www.idx.co.id/StaticData/NewsAndAnnouncement/ANNOUNCEMENTSTOCK/From_EREP/202507/a2991b0555_62f96ecf9b.pdf,20250705_MEDC_Laporan Bulanan Registrasi Pemegang Efek/Perubahan Struktur Pemegang Saham_31911964_lamp1.pdf,,
"07 Jul 2025
					18:10:30",https://www.idx.co.id/StaticData/NewsAndAnnouncement/ANNOUNCEMENTSTOCK/From_EREP/202507/34878209db_f0b963862e.pdf,"Perjanjian Pinjaman Antar Perusahaan antara Perseroan dengan PT Mitra Energi Pelayaran (MEP), anak perusahaan yang seluruh sahamnya dimiliki secara tidak langsung oleh Perseroan []",MEDC,https://www.idx.co.id/StaticData/NewsAndAnnouncement/ANNOUNCEMENTSTOCK/From_EREP/202507/543775f7dc_3592131344.pdf,20250707_MEDC_Laporan Informasi dan Fakta Material_31912408_lamp1.pdf,,,,
"07 Jul 2025
					18:11:43",https://www.idx.co.id/StaticData/NewsAndAnnouncement/ANNOUNCEMENTSTOCK/From_EREP/202507/40329575f3_9912db562c.pdf,"Penjaminan Perusahaan antara PT Mitra Energi Gas Sumatera (MEGS) dengan PT Mitra Energi Pelayaran (MEP), keduanya merupakan anak-anak perusahaan yang seluruh sahamnya dimiliki secara langsung dan tidak langsung oleh Perseroan []",MEDC,https://www.idx.co.id/StaticData/NewsAndAnnouncement/ANNOUNCEMENTSTOCK/From_EREP/202507/02fd309ea9_48a3b37318.pdf,20250707_MEDC_Laporan Informasi dan Fakta Material_31912442_lamp1.pdf,,,,
"09 Jul 2025
					06:38:28",https://www.idx.co.id/StaticData/NewsAndAnnouncement/ANNOUNCEMENTSTOCK/From_EREP/202507/4e3118c4ce_3212265a74.pdf,Penyampaian Bukti Iklan PENGUMUMAN RAPAT UMUM PEMEGANG OBLIGASI OBLIGASI BERKELANJUTAN IV MEDCO ENERGI INTERNASIONAL TAHAP I TAHUN 2021 [],MEDC,https://www.idx.co.id/StaticData/NewsAndAnnouncement/ANNOUNCEMENTSTOCK/From_EREP/202507/9752097d30_d0e06f70bd.pdf,20250708_MEDC_Penyampaian Bukti Iklan_31912928_lamp1.pdf,,,,
"09 Jul 2025
					06:38:50",https://www.idx.co.id/StaticData/NewsAndAnnouncement/ANNOUNCEMENTSTOCK/From_EREP/202507/a3849f6046_246c5b1380.pdf,Penyampaian Bukti Iklan PENGUMUMAN RAPAT UMUM PEMEGANG OBLIGASI OBLIGASI BERKELANJUTAN IV MEDCO ENERGI INTERNASIONAL TAHAP II TAHUN 2021 [],MEDC,https://www.idx.co.id/StaticData/NewsAndAnnouncement/ANNOUNCEMENTSTOCK/From_EREP/202507/9a8b1c70a7_c6610c17de.pdf,20250708_MEDC_Penyampaian Bukti Iklan_31912929_lamp1.pdf,,,,
"09 Jul 2025
					06:39:13",https://www.idx.co.id/StaticData/NewsAndAnnouncement/ANNOUNCEMENTSTOCK/From_EREP/202507/06a9fc7240_5c1f14155e.pdf,Penyampaian Bukti Iklan PENGUMUMAN RAPAT UMUM PEMEGANG OBLIGASI OBLIGASI BERKELANJUTAN IV MEDCO ENERGI INTERNASIONAL TAHAP III TAHUN 2021 [],MEDC,https://www.idx.co.id/StaticData/NewsAndAnnouncement/ANNOUNCEMENTSTOCK/From_EREP/202507/8bde289eea_7ae2dec7b0.pdf,20250708_MEDC_Penyampaian Bukti Iklan_31912931_lamp1.pdf,,,,
"09 Jul 2025
					16:36:20",https://www.idx.co.id/StaticData/NewsAndAnnouncement/ANNOUNCEMENTSTOCK/From_EREP/202507/47ae4e438b_c7bb5c0f45.pdf,Laporan Bulanan Aktivitas Eksplorasi [],MEDC,https://www.idx.co.id/StaticData/NewsAndAnnouncement/ANNOUNCEMENTSTOCK/From_EREP/202507/de75c7ccaf_00f3fac548.pdf,20250709_MEDC_Laporan Bulanan Aktivitas Eksplorasi_31913384_lamp2.pdf,https://www.idx.co.id/StaticData/NewsAndAnnouncement/ANNOUNCEMENTSTOCK/From_EREP/202507/e37a22ba2d_39c5ad7c89.pdf,20250709_MEDC_Laporan Bulanan Aktivitas Eksplorasi_31913384_lamp1.pdf,,
"15 Jul 2025
					14:28:14",https://www.idx.co.id/StaticData/NewsAndAnnouncement/ANNOUNCEMENTSTOCK/From_EREP/202507/3890c0072b_f1901e9cff.pdf,Laporan Penggunaan Dana Hasil Penawaran Umum [],MEDC,https://www.idx.co.id/StaticData/NewsAndAnnouncement/ANNOUNCEMENTSTOCK/From_EREP/202507/8a1f76f5de_3b6d56ac41.pdf,20250715_MEDC_Laporan Penggunaan Dana Hasil Penawaran Umum_31914867_lamp1.pdf,,,,
"17 Jul 2025
					16:55:51",https://www.idx.co.id/StaticData/NewsAndAnnouncement/ANNOUNCEMENTSTOCK/From_EREP/202507/510df1af12_8057441bb3.pdf,"Tambahan informasi terkait transaksi material berdasarkan POJK 17/2020 sehubungan dengan penandatanganan perjanjian kredit yang mengakibatkan (i) bertambahnya kewajiban keuangan Perseroan secara konsolidasian; dan (ii) menjadikan Perseroan sebagai penjamin yang sudah disampaikan sebelumnya dalam Laporan Informasi atas Fakta Material No. EXT-004/MGT/INA/MEDC/VII/2025 , tanggal 1 Juli 2025. []",MEDC,https://www.idx.co.id/StaticData/NewsAndAnnouncement/ANNOUNCEMENTSTOCK/From_EREP/202507/19d282a2c9_2175069247.pdf,20250717_MEDC_Laporan Informasi dan Fakta Material_31915631_lamp1.pdf,,,,
"22 Jul 2025
					11:17:02",https://www.idx.co.id/StaticData/NewsAndAnnouncement/ANNOUNCEMENTSTOCK/From_EREP/202507/4b8949ca91_08e6600e0a.pdf,Pemberitahuan Panggilan RUPO PT Medco Energi Internasional Tbk [],MEDC,,,,,,
"22 Jul 2025
					11:22:24",https://www.idx.co.id/StaticData/NewsAndAnnouncement/ANNOUNCEMENTSTOCK/From_EREP/202507/ff4b7e5386_dc347b5bab.pdf,Pemberitahuan Panggilan RUPO PT Medco Energi Internasional Tbk [],MEDC,,,,,,
"22 Jul 2025
					11:26:57",https://www.idx.co.id/StaticData/NewsAndAnnouncement/ANNOUNCEMENTSTOCK/From_EREP/202507/54e6587a3a_b7b67a0070.pdf,Pemberitahuan Panggilan RUPO PT Medco Energi Internasional Tbk [],MEDC,,,,,,
"23 Jul 2025
					15:06:29",https://www.idx.co.id/StaticData/NewsAndAnnouncement/ANNOUNCEMENTSTOCK/From_EREP/202507/45e64d086b_131951edbd.pdf,Penyampaian Bukti Iklan Bukti Iklan Panggilan RUPO Obligasi Berkelanjutan IV Medco Energi Internasional Tahap I Tahun 2021 [],MEDC,https://www.idx.co.id/StaticData/NewsAndAnnouncement/ANNOUNCEMENTSTOCK/From_EREP/202507/20fdc95555_f3f39c47cc.pdf,20250722_MEDC_Penyampaian Bukti Iklan_31916483_lamp1.pdf,,,,
"23 Jul 2025
					15:16:04",https://www.idx.co.id/StaticData/NewsAndAnnouncement/ANNOUNCEMENTSTOCK/From_EREP/202507/e38593bea4_1cffa5b421.pdf,Penyampaian Bukti Iklan Bukti Iklan Panggilan RUPO Obligasi Berkelanjutan IV Medco Energi Internasional Tahap II Tahun 2021 [],MEDC,https://www.idx.co.id/StaticData/NewsAndAnnouncement/ANNOUNCEMENTSTOCK/From_EREP/202507/6817392fca_6f7af6b74c.pdf,20250722_MEDC_Penyampaian Bukti Iklan_31916485_lamp1.pdf,,,,
"23 Jul 2025
					15:17:14",https://www.idx.co.id/StaticData/NewsAndAnnouncement/ANNOUNCEMENTSTOCK/From_EREP/202507/9b10fdba5c_4ee1b8f689.pdf,Penyampaian Bukti Iklan 	 Bukti Iklan Panggilan RUPO Obligasi Berkelanjutan IV Medco Energi Internasional Tahap III Tahun 2022 [],MEDC,https://www.idx.co.id/StaticData/NewsAndAnnouncement/ANNOUNCEMENTSTOCK/From_EREP/202507/ebfe910211_adf1944449.pdf,20250722_MEDC_Penyampaian Bukti Iklan_31916487_lamp1.pdf,,,,
"24 Jul 2025
					15:04:28",https://www.idx.co.id/StaticData/NewsAndAnnouncement/ANNOUNCEMENTSTOCK/From_EREP/202507/e3af27d0f1_d347cf459a.pdf,"Tambahan informasi terkait transaksi material berdasarkan POJK 17/2020 sehubungan dengan penandatanganan perjanjian kredit yang mengakibatkan (i) bertambahnya kewajiban keuangan Perseroan secara konsolidasian; dan (ii) menjadikan Perseroan sebagai penjamin yang sudah disampaikan sebelumnya dalam Laporan Informasi atas Fakta Material No. EXT-004/MGT/INA/MEDC/VII/2025 , tanggal 1 Juli 2025. (KOREKSI) []",MEDC,https://www.idx.co.id/StaticData/NewsAndAnnouncement/ANNOUNCEMENTSTOCK/From_EREP/202507/6365cc4060_3e1bf89542.pdf,20250724_MEDC_Laporan Informasi dan Fakta Material_31917235_lamp1.pdf,,,,
"25 Jul 2025
					14:56:34",https://www.idx.co.id/StaticData/NewsAndAnnouncement/ANNOUNCEMENTSTOCK/From_EREP/202507/83a3239921_dfe9fddb93.pdf,Jatuh Tempo Obligasi / Sukuk Korporasi [],MEDC,https://www.idx.co.id/StaticData/NewsAndAnnouncement/ANNOUNCEMENTSTOCK/From_EREP/202507/5cfdec943a_6544fa5147.pdf,20250725_MEDC_Pengumuman Jatuh Tempo Obligasi dan Sukuk_31917524_lamp1.pdf,,,,
"28 Jul 2025
					16:29:48",https://www.idx.co.id/StaticData/NewsAndAnnouncement/ANNOUNCEMENTSTOCK/From_EREP/202507/d16902e08a_719ee3f0c1.pdf,Siaran Pers MedcoEnergi Selesaikan Akuisisi Hak Partisipasi Repsol di PSC Corridor [],MEDC,https://www.idx.co.id/StaticData/NewsAndAnnouncement/ANNOUNCEMENTSTOCK/From_EREP/202507/0701893c2b_b06bee261f.pdf,20250728_MEDC_Laporan Informasi dan Fakta Material_31927954_lamp1.pdf,https://www.idx.co.id/StaticData/NewsAndAnnouncement/ANNOUNCEMENTSTOCK/From_EREP/202507/3304065f94_7c79799ed9.pdf,20250728_MEDC_Laporan Informasi dan Fakta Material_31927954_lamp2.pdf,,
"31 Jul 2025
					20:36:42",https://www.idx.co.id/StaticData/NewsAndAnnouncement/ANNOUNCEMENTSTOCK/From_EREP/202507/20250731204351-56750-0/FinancialStatement-2025-II-MEDC.pdf,Penyampaian Laporan Keuangan Interim Yang Tidak Diaudit [],MEDC,https://www.idx.co.id/StaticData/NewsAndAnnouncement/ANNOUNCEMENTSTOCK/From_EREP/202507/20250731204351-56750-0/Checklist%20Pengungkapan%20Lapkeu%20-%2030%20Jun%202025.pdf,Checklist Pengungkapan Lapkeu - 30 Jun 2025.pdf,https://www.idx.co.id/StaticData/NewsAndAnnouncement/ANNOUNCEMENTSTOCK/From_EREP/202507/20250731204351-56750-0/Cover%20Letter%20Laporan%20Keuangan%2030%20Jun%202025.pdf,Cover Letter Laporan Keuangan 30 Jun 2025.pdf,https://www.idx.co.id/StaticData/NewsAndAnnouncement/ANNOUNCEMENTSTOCK/From_EREP/202507/20250731204351-56750-0/FinancialStatement-2025-II-MEDC.xlsx,FinancialStatement-2025-II-MEDC.xlsx
"31 Jul 2025
					20:57:30",https://www.idx.co.id/StaticData/NewsAndAnnouncement/ANNOUNCEMENTSTOCK/From_EREP/202507/e088bc9e52_f40e77938c.pdf,Press Release MedcoEnergi Umumkan Kinerja Semester Pertama 2025 [],MEDC,https://www.idx.co.id/StaticData/NewsAndAnnouncement/ANNOUNCEMENTSTOCK/From_EREP/202507/62ef3ca4d5_f391ac5432.pdf,20250731_MEDC_Laporan Informasi dan Fakta Material_31929163_lamp2.pdf,https://www.idx.co.id/StaticData/NewsAndAnnouncement/ANNOUNCEMENTSTOCK/From_EREP/202507/c2efe6728d_044cdd67d0.pdf,20250731_MEDC_Laporan Informasi dan Fakta Material_31929163_lamp1.pdf,,
"31 Jul 2025
					21:13:27",https://www.idx.co.id/StaticData/NewsAndAnnouncement/ANNOUNCEMENTSTOCK/From_EREP/202507/9174e8ff03_e5dd051929.pdf,Press Release MedcoEnergi Mulai Produksi Perdana dari Proyek Terubuk WHP-M [],MEDC,https://www.idx.co.id/StaticData/NewsAndAnnouncement/ANNOUNCEMENTSTOCK/From_EREP/202507/615ebe9c83_d38b696565.pdf,20250731_MEDC_Laporan Informasi dan Fakta Material_31929165_lamp1.pdf,https://www.idx.co.id/StaticData/NewsAndAnnouncement/ANNOUNCEMENTSTOCK/From_EREP/202507/8703e0e1eb_1ac9117d43.pdf,20250731_MEDC_Laporan Informasi dan Fakta Material_31929165_lamp2.pdf,,
"02 Jul 2025
					19:35:43",https://www.idx.co.id/StaticData/NewsAndAnnouncement/ANNOUNCEMENTSTOCK/From_EREP/202507/dccf8767ec_0eb62d2d5b.pdf,Siaran Pers - PGN dan Mubadala Energy Jajaki Potensi Pasokan Gas dari Blok Andaman [],PGAS,https://www.idx.co.id/StaticData/NewsAndAnnouncement/ANNOUNCEMENTSTOCK/From_EREP/202507/774c183762_cda2e87eb8.pdf,20250702_PGAS_Laporan Informasi dan Fakta Material_31911025_lamp2.pdf,https://www.idx.co.id/StaticData/NewsAndAnnouncement/ANNOUNCEMENTSTOCK/From_EREP/202507/b921f9a21a_b2439fac02.pdf,20250702_PGAS_Laporan Informasi dan Fakta Material_31911025_lamp1.pdf,,
"04 Jul 2025
					16:51:34",https://www.idx.co.id/StaticData/NewsAndAnnouncement/ANNOUNCEMENTSTOCK/From_EREP/202507/6b377da113_1f42b1fbe2.pdf,Laporan Bulanan Registrasi Pemegang Efek [],PGAS,https://www.idx.co.id/StaticData/NewsAndAnnouncement/ANNOUNCEMENTSTOCK/From_EREP/202507/2be903a637_52baf32282.pdf,20250704_PGAS_Laporan Bulanan Registrasi Pemegang Efek/Perubahan Struktur Pemegang Saham_31911838_lamp5.pdf,https://www.idx.co.id/StaticData/NewsAndAnnouncement/ANNOUNCEMENTSTOCK/From_EREP/202507/45d9ddb48e_72d032ece3.pdf,20250704_PGAS_Laporan Bulanan Registrasi Pemegang Efek/Perubahan Struktur Pemegang Saham_31911838_lamp4.pdf,https://www.idx.co.id/StaticData/NewsAndAnnouncement/ANNOUNCEMENTSTOCK/From_EREP/202507/60d5dd7560_1a003d7172.pdf,20250704_PGAS_Laporan Bulanan Registrasi Pemegang Efek/Perubahan Struktur Pemegang Saham_31911838_lamp1.pdf
"09 Jul 2025
					11:55:24",https://www.idx.co.id/StaticData/NewsAndAnnouncement/ANNOUNCEMENTSTOCK/From_EREP/202507/39c779563e_68d033a078.pdf,Pengangkatan Sdr. Harry Budi Sidharta (anggota Direksi Perseroan) sebagai anggota Direksi PT Pertamina International Shipping (PIS).  [],PGAS,https://www.idx.co.id/StaticData/NewsAndAnnouncement/ANNOUNCEMENTSTOCK/From_EREP/202507/ab3b3a2537_e9ef35ce62.pdf,20250709_PGAS_Laporan Informasi dan Fakta Material_31913193_lamp1.pdf,,,,
"21 Jul 2025
					13:02:05",https://www.idx.co.id/StaticData/NewsAndAnnouncement/ANNOUNCEMENTSTOCK/From_EREP/202507/72cee55638_05698a3bef.pdf,Pemberitahuan Rencana Rapat Umum Pemegang Saham Luar Biasa [],PGAS,https://www.idx.co.id/StaticData/NewsAndAnnouncement/ANNOUNCEMENTSTOCK/From_EREP/202507/2ab3ef404c_759fbe110d.pdf,20250721_PGAS_Pengumuman RUPS_31916158_lamp1.pdf,https://www.idx.co.id/StaticData/NewsAndAnnouncement/ANNOUNCEMENTSTOCK/From_EREP/202507/ad2c04687e_930a46b25a.pdf,20250721_PGAS_Pengumuman RUPS_31916158_lamp3.pdf,https://www.idx.co.id/StaticData/NewsAndAnnouncement/ANNOUNCEMENTSTOCK/From_EREP/202507/c05a72ad3f_9524249949.pdf,20250721_PGAS_Pengumuman RUPS_31916158_lamp2.pdf
"21 Jul 2025
					16:10:08",https://www.idx.co.id/StaticData/NewsAndAnnouncement/ANNOUNCEMENTSTOCK/From_EREP/202507/4ae9cc56c4_79180fbb9d.pdf,Rencana Penyampaian Laporan Keuangan Kuartal II 2025 Ditelaah secara terbatas [],PGAS,https://www.idx.co.id/StaticData/NewsAndAnnouncement/ANNOUNCEMENTSTOCK/From_EREP/202507/5b30ff9e4a_6c9355d770.pdf,20250721_PGAS_Rencana Penyampaian Laporan Keuangan_31916255_lamp1.pdf,,,,
"21 Jul 2025
					20:12:26",https://www.idx.co.id/StaticData/NewsAndAnnouncement/ANNOUNCEMENTSTOCK/From_EREP/202507/f6c268d08f_02a5d99f60.pdf,Penyampaian Bukti Iklan Pemberitahuan RUPS [],PGAS,https://www.idx.co.id/StaticData/NewsAndAnnouncement/ANNOUNCEMENTSTOCK/From_EREP/202507/fa19c9a68b_6484ebbe83.pdf,20250721_PGAS_Penyampaian Bukti Iklan_31916354_lamp1.pdf,,,,
"01 Jul 2025
					22:57:07",https://www.idx.co.id/StaticData/NewsAndAnnouncement/ANNOUNCEMENTSTOCK/From_EREP/202507/34bd50fd45_086c5f441c.pdf,"PLTP Lumut Balai Unit 2 Beroperasi Penuh, PGE Tambah Kapasitas Terpasang 55 MW Menuju Target 1 GW []",PGEO,,,,,,
"07 Jul 2025
					16:07:44",https://www.idx.co.id/StaticData/NewsAndAnnouncement/ANNOUNCEMENTSTOCK/From_EREP/202507/b4164312f2_0f0e22e182.pdf,Laporan Bulanan Registrasi Pemegang Efek [],PGEO,https://www.idx.co.id/StaticData/NewsAndAnnouncement/ANNOUNCEMENTSTOCK/From_EREP/202507/0a3ede5812_ede75ee498.pdf,20250707_PGEO_Laporan Bulanan Registrasi Pemegang Efek/Perubahan Struktur Pemegang Saham_31912392_lamp5.pdf,https://www.idx.co.id/StaticData/NewsAndAnnouncement/ANNOUNCEMENTSTOCK/From_EREP/202507/3f32f03948_a19dcc597d.pdf,20250707_PGEO_Laporan Bulanan Registrasi Pemegang Efek/Perubahan Struktur Pemegang Saham_31912392_lamp4.pdf,https://www.idx.co.id/StaticData/NewsAndAnnouncement/ANNOUNCEMENTSTOCK/From_EREP/202507/6ddacea838_b5bf66c500.pdf,20250707_PGEO_Laporan Bulanan Registrasi Pemegang Efek/Perubahan Struktur Pemegang Saham_31912392_lamp1.pdf
"14 Jul 2025
					22:03:01",https://www.idx.co.id/StaticData/NewsAndAnnouncement/ANNOUNCEMENTSTOCK/From_EREP/202507/fad5042354_b1abb285fe.pdf,Pemberitahuan Rencana Rapat Umum Pemegang Saham Luar Biasa [],PGEO,https://www.idx.co.id/StaticData/NewsAndAnnouncement/ANNOUNCEMENTSTOCK/From_EREP/202507/36a517ea06_6bc18e4f6f.pdf,20250714_PGEO_Pengumuman RUPS_31914594_lamp1.pdf,https://www.idx.co.id/StaticData/NewsAndAnnouncement/ANNOUNCEMENTSTOCK/From_EREP/202507/3f3edb40d2_74972c95b0.pdf,20250714_PGEO_Pengumuman RUPS_31914594_lamp2.pdf,,
"15 Jul 2025
					15:00:08",https://www.idx.co.id/StaticData/NewsAndAnnouncement/ANNOUNCEMENTSTOCK/From_EREP/202507/8436169f7c_3bb269cabf.pdf,Laporan Penggunaan Dana Hasil Penawaran Umum [],PGEO,https://www.idx.co.id/StaticData/NewsAndAnnouncement/ANNOUNCEMENTSTOCK/From_EREP/202507/2b1ecf6919_1e176b2db5.pdf,20250715_PGEO_Laporan Penggunaan Dana Hasil Penawaran Umum_31914774_lamp1.pdf,,,,
"15 Jul 2025
					16:03:37",https://www.idx.co.id/StaticData/NewsAndAnnouncement/ANNOUNCEMENTSTOCK/From_EREP/202507/63a2219d7b_799f562ac2.pdf,Penyampaian Bukti Iklan Pemberitahuan RUPS [],PGEO,https://www.idx.co.id/StaticData/NewsAndAnnouncement/ANNOUNCEMENTSTOCK/From_EREP/202507/701a8922c8_a3e34245c1.pdf,20250715_PGEO_Penyampaian Bukti Iklan_31914921_lamp1.pdf,,,,
"15 Jul 2025
					16:20:40",https://www.idx.co.id/StaticData/NewsAndAnnouncement/ANNOUNCEMENTSTOCK/From_EREP/202507/a265702d00_3794066c71.pdf,Perubahan Internal Audit [],PGEO,https://www.idx.co.id/StaticData/NewsAndAnnouncement/ANNOUNCEMENTSTOCK/From_EREP/202507/f669bf7ca2_c208b11123.pdf,20250715_PGEO_Perubahan Corsec Komite Audit Alamat NPWP Internal Audit_31914933_lamp1.pdf,,,,
"22 Jul 2025
					18:24:51",https://www.idx.co.id/StaticData/NewsAndAnnouncement/ANNOUNCEMENTSTOCK/From_EREP/202507/774467f5fa_aae538411e.pdf,"Bisnis Tumbuh, Komunitas Naik Kelas: PGE Bawa Kopi Kamojang Tembus Pasar Asia dan Eropa dengan Teknologi  Geothermal Dry House []",PGEO,,,,,,
"29 Jul 2025
					15:56:00",https://www.idx.co.id/StaticData/NewsAndAnnouncement/ANNOUNCEMENTSTOCK/From_EREP/202507/20250729162047-55301-0/FinancialStatement-2025-II-PGEO.pdf,Penyampaian Laporan Keuangan Interim Yang Tidak Diaudit [],PGEO,https://www.idx.co.id/StaticData/NewsAndAnnouncement/ANNOUNCEMENTSTOCK/From_EREP/202507/20250729162047-55301-0/FinancialStatement-2025-II-PGEO.xlsx,FinancialStatement-2025-II-PGEO.xlsx,https://www.idx.co.id/StaticData/NewsAndAnnouncement/ANNOUNCEMENTSTOCK/From_EREP/202507/20250729162047-55301-0/inlineXBRL.zip,inlineXBRL.zip,https://www.idx.co.id/StaticData/NewsAndAnnouncement/ANNOUNCEMENTSTOCK/From_EREP/202507/20250729162047-55301-0/instance.zip,instance.zip
"29 Jul 2025
					18:20:48",https://www.idx.co.id/StaticData/NewsAndAnnouncement/ANNOUNCEMENTSTOCK/From_EREP/202507/29b4087657_f371accd19.pdf,Pemanggilan Rapat Umum Pemegang Saham Luar Biasa [],PGEO,https://www.idx.co.id/StaticData/NewsAndAnnouncement/ANNOUNCEMENTSTOCK/From_EREP/202507/3c7da6ecae_570ddd96f9.pdf,20250729_PGEO_Pemanggilan RUPS_31928352_lamp2.pdf,https://www.idx.co.id/StaticData/NewsAndAnnouncement/ANNOUNCEMENTSTOCK/From_EREP/202507/8ce9f72b19_69fba1fa02.pdf,20250729_PGEO_Pemanggilan RUPS_31928352_lamp1.pdf,,
"30 Jul 2025
					11:47:51",https://www.idx.co.id/StaticData/NewsAndAnnouncement/ANNOUNCEMENTSTOCK/From_EREP/202507/b7e3d7b5d3_ef7aa52cac.pdf,Penyampaian Bukti Iklan Panggilan RUPS [],PGEO,https://www.idx.co.id/StaticData/NewsAndAnnouncement/ANNOUNCEMENTSTOCK/From_EREP/202507/40adc702ce_128da6464d.pdf,20250730_PGEO_Penyampaian Bukti Iklan_31928481_lamp1.pdf,,,,
"31 Jul 2025
					18:48:40",https://www.idx.co.id/StaticData/NewsAndAnnouncement/ANNOUNCEMENTSTOCK/From_EREP/202507/e1e6779f0e_834800b039.pdf,Pemanggilan Rapat Umum Pemegang Saham Luar Biasa (KOREKSI) [],PGEO,https://www.idx.co.id/StaticData/NewsAndAnnouncement/ANNOUNCEMENTSTOCK/From_EREP/202507/16a7d9d48e_8d57eabedb.pdf,20250731_PGEO_Pemanggilan RUPS_31929115_lamp1.pdf,https://www.idx.co.id/StaticData/NewsAndAnnouncement/ANNOUNCEMENTSTOCK/From_EREP/202507/ad60566956_2f25b0f158.pdf,20250731_PGEO_Pemanggilan RUPS_31929115_lamp2.pdf,,
"07 Jul 2025
					10:13:10",https://www.idx.co.id/StaticData/NewsAndAnnouncement/ANNOUNCEMENTSTOCK/From_EREP/202507/7a2067da03_b7a419b7a0.pdf,Laporan Bulanan Aktivitas Eksplorasi [],PTBA,https://www.idx.co.id/StaticData/NewsAndAnnouncement/ANNOUNCEMENTSTOCK/From_EREP/202507/59ddad6561_db67a4fc02.pdf,20250707_PTBA_Laporan Bulanan Aktivitas Eksplorasi_31912048_lamp2.pdf,https://www.idx.co.id/StaticData/NewsAndAnnouncement/ANNOUNCEMENTSTOCK/From_EREP/202507/84a7dd5c1d_f1c85e946a.pdf,20250707_PTBA_Laporan Bulanan Aktivitas Eksplorasi_31912048_lamp1.pdf,,
"07 Jul 2025
					11:40:49",https://www.idx.co.id/StaticData/NewsAndAnnouncement/ANNOUNCEMENTSTOCK/From_EREP/202507/ef0816b81b_12088b79f8.pdf,Laporan Bulanan Registrasi Pemegang Efek [],PTBA,https://www.idx.co.id/StaticData/NewsAndAnnouncement/ANNOUNCEMENTSTOCK/From_EREP/202507/3828de7e59_e6b94a1e79.pdf,20250707_PTBA_Laporan Bulanan Registrasi Pemegang Efek/Perubahan Struktur Pemegang Saham_31912131_lamp1.pdf,https://www.idx.co.id/StaticData/NewsAndAnnouncement/ANNOUNCEMENTSTOCK/From_EREP/202507/5223d91cc5_97311ceaea.pdf,20250707_PTBA_Laporan Bulanan Registrasi Pemegang Efek/Perubahan Struktur Pemegang Saham_31912131_lamp3.pdf,https://www.idx.co.id/StaticData/NewsAndAnnouncement/ANNOUNCEMENTSTOCK/From_EREP/202507/5ae55b531d_47e4c8b196.pdf,20250707_PTBA_Laporan Bulanan Registrasi Pemegang Efek/Perubahan Struktur Pemegang Saham_31912131_lamp4.pdf
"10 Jul 2025
					09:59:50",https://www.idx.co.id/StaticData/NewsAndAnnouncement/ANNOUNCEMENTSTOCK/From_EREP/202507/0129cb2d6c_327420793e.pdf,Laporan Bulanan Aktivitas Eksplorasi (KOREKSI) [],PTBA,https://www.idx.co.id/StaticData/NewsAndAnnouncement/ANNOUNCEMENTSTOCK/From_EREP/202507/69e3ee217d_ef5249101e.pdf,20250710_PTBA_Laporan Bulanan Aktivitas Eksplorasi_31913595_lamp2.pdf,https://www.idx.co.id/StaticData/NewsAndAnnouncement/ANNOUNCEMENTSTOCK/From_EREP/202507/e9cf06e7b1_a4c4cbbfb7.pdf,20250710_PTBA_Laporan Bulanan Aktivitas Eksplorasi_31913595_lamp1.pdf,,
"15 Jul 2025
					21:47:07",https://www.idx.co.id/StaticData/NewsAndAnnouncement/ANNOUNCEMENTSTOCK/From_EREP/202507/9c083137fa_59863760fe.pdf,Perubahan Komite Nominasi dan Remunerasi Emiten atau Perusahaan Publik [],PTBA,https://www.idx.co.id/StaticData/NewsAndAnnouncement/ANNOUNCEMENTSTOCK/From_EREP/202507/80576b4009_f818848758.pdf,20250715_PTBA_Perubahan Corsec Komite Audit Alamat NPWP Internal Audit_31915010_lamp1.pdf,,,,
"31 Jul 2025
					12:56:39",https://www.idx.co.id/StaticData/NewsAndAnnouncement/ANNOUNCEMENTSTOCK/From_EREP/202507/20250731130515-55999-0/FinancialStatement-2025-II-PTBA.pdf,Penyampaian Laporan Keuangan Interim Yang Tidak Diaudit [],PTBA,https://www.idx.co.id/StaticData/NewsAndAnnouncement/ANNOUNCEMENTSTOCK/From_EREP/202507/20250731130515-55999-0/2025_646%20Laporan%20Keuangan%20TW%20II%202025.pdf,2025_646 Laporan Keuangan TW II 2025.pdf,https://www.idx.co.id/StaticData/NewsAndAnnouncement/ANNOUNCEMENTSTOCK/From_EREP/202507/20250731130515-55999-0/Checklist%20Pengungkapan%20TW%202%20Tahun%202025%20Update.pdf,Checklist Pengungkapan TW 2 Tahun 2025 Update.pdf,https://www.idx.co.id/StaticData/NewsAndAnnouncement/ANNOUNCEMENTSTOCK/From_EREP/202507/20250731130515-55999-0/FinancialStatement-2025-II-PTBA.xlsx,FinancialStatement-2025-II-PTBA.xlsx
"10 Jul 2025
					17:14:54",https://www.idx.co.id/StaticData/NewsAndAnnouncement/ANNOUNCEMENTSTOCK/From_EREP/202507/76df4d7d42_3fbb733e10.pdf,Laporan Bulanan Registrasi Pemegang Efek [],SCMA,https://www.idx.co.id/StaticData/NewsAndAnnouncement/ANNOUNCEMENTSTOCK/From_EREP/202507/105e16adb6_97b4869a45.pdf,20250710_SCMA_Laporan Bulanan Registrasi Pemegang Efek/Perubahan Struktur Pemegang Saham_31913638_lamp1.pdf,,,,
"31 Jul 2025
					17:32:27",https://www.idx.co.id/StaticData/NewsAndAnnouncement/ANNOUNCEMENTSTOCK/From_EREP/202507/20250731181645-55368-0/FinancialStatement-2025-II-SCMA.pdf,Penyampaian Laporan Keuangan Interim Yang Tidak Diaudit [],SCMA,https://www.idx.co.id/StaticData/NewsAndAnnouncement/ANNOUNCEMENTSTOCK/From_EREP/202507/20250731181645-55368-0/FinancialStatement-2025-II-SCMA.xlsx,FinancialStatement-2025-II-SCMA.xlsx,https://www.idx.co.id/StaticData/NewsAndAnnouncement/ANNOUNCEMENTSTOCK/From_EREP/202507/20250731181645-55368-0/inlineXBRL.zip,inlineXBRL.zip,https://www.idx.co.id/StaticData/NewsAndAnnouncement/ANNOUNCEMENTSTOCK/From_EREP/202507/20250731181645-55368-0/instance.zip,instance.zip
"01 Jul 2025
					15:36:25",https://www.idx.co.id/StaticData/NewsAndAnnouncement/ANNOUNCEMENTSTOCK/From_EREP/202507/4fca478244_3ad069baeb.pdf,Pemegang Saham di atas 5% (KSEI) [],Semua Emiten Saham,https://www.idx.co.id/StaticData/NewsAndAnnouncement/ANNOUNCEMENTSTOCK/From_EREP/202507/2831698ad5_d33dae1a67.pdf,20250701_Semua Emiten Saham_Pengumuman Bursa_31910346_lamp1.pdf,,,,
"03 Jul 2025
					16:36:29",https://www.idx.co.id/StaticData/NewsAndAnnouncement/ANNOUNCEMENTSTOCK/From_EREP/202507/2f6e366e88_021c74da19.pdf,Pemegang Saham di atas 5% (KSEI) [],Semua Emiten Saham,https://www.idx.co.id/StaticData/NewsAndAnnouncement/ANNOUNCEMENTSTOCK/From_EREP/202507/159e586afd_9520910491.pdf,20250703_Semua Emiten Saham_Pengumuman Bursa_31911153_lamp1.pdf,,,,
"04 Jul 2025
					13:49:30",https://www.idx.co.id/StaticData/NewsAndAnnouncement/ANNOUNCEMENTSTOCK/From_EREP/202507/0a3e3e7b98_f2df273c4a.pdf,Pemegang Saham di atas 5% (KSEI) [],Semua Emiten Saham,https://www.idx.co.id/StaticData/NewsAndAnnouncement/ANNOUNCEMENTSTOCK/From_EREP/202507/2874a3521a_0d355018f1.pdf,20250704_Semua Emiten Saham_Pengumuman Bursa_31911584_lamp1.pdf,,,,
"07 Jul 2025
					15:25:57",https://www.idx.co.id/StaticData/NewsAndAnnouncement/ANNOUNCEMENTSTOCK/From_EREP/202507/3fb2fd59ca_c8c642da39.pdf,Pemegang Saham di atas 5% (KSEI) [],Semua Emiten Saham,https://www.idx.co.id/StaticData/NewsAndAnnouncement/ANNOUNCEMENTSTOCK/From_EREP/202507/45cef5b4b8_a4b56746fe.pdf,20250707_Semua Emiten Saham_Pengumuman Bursa_31912119_lamp1.pdf,,,,
"08 Jul 2025
					15:09:11",https://www.idx.co.id/StaticData/NewsAndAnnouncement/ANNOUNCEMENTSTOCK/From_EREP/202507/2905574dbd_72a43e9850.pdf,Pemegang Saham di atas 5% (KSEI) [],Semua Emiten Saham,https://www.idx.co.id/StaticData/NewsAndAnnouncement/ANNOUNCEMENTSTOCK/From_EREP/202507/eea94826a9_bd4a5d28b7.pdf,20250708_Semua Emiten Saham_Pengumuman Bursa_31912774_lamp1.pdf,,,,
"09 Jul 2025
					14:54:47",https://www.idx.co.id/StaticData/NewsAndAnnouncement/ANNOUNCEMENTSTOCK/From_EREP/202507/44864a7d41_3e230c8e66.pdf,Pemegang Saham di atas 5% (KSEI) [],Semua Emiten Saham,https://www.idx.co.id/StaticData/NewsAndAnnouncement/ANNOUNCEMENTSTOCK/From_EREP/202507/569ecdb756_ed333841ba.pdf,20250709_Semua Emiten Saham_Pengumuman Bursa_31913198_lamp1.pdf,,,,
"10 Jul 2025
					14:16:59",https://www.idx.co.id/StaticData/NewsAndAnnouncement/ANNOUNCEMENTSTOCK/From_EREP/202507/4eea1f6f7a_53f448c826.pdf,Pemegang Saham di atas 5% (KSEI) [],Semua Emiten Saham,https://www.idx.co.id/StaticData/NewsAndAnnouncement/ANNOUNCEMENTSTOCK/From_EREP/202507/05efb4c9dd_36c1be814e.pdf,20250710_Semua Emiten Saham_Pengumuman Bursa_31913685_lamp1.pdf,,,,
"11 Jul 2025
					13:21:29",https://www.idx.co.id/StaticData/NewsAndAnnouncement/ANNOUNCEMENTSTOCK/From_EREP/202507/21a3ba7bb2_600804c344.pdf,Pemegang Saham di atas 5% (KSEI) [],Semua Emiten Saham,https://www.idx.co.id/StaticData/NewsAndAnnouncement/ANNOUNCEMENTSTOCK/From_EREP/202507/712c4b1cf5_4d7858c822.pdf,20250711_Semua Emiten Saham_Pengumuman Bursa_31914086_lamp1.pdf,,,,
"14 Jul 2025
					14:45:01",https://www.idx.co.id/StaticData/NewsAndAnnouncement/ANNOUNCEMENTSTOCK/From_EREP/202507/960ef7cff8_9e097cc4c0.pdf,Pemegang Saham di atas 5% (KSEI) [],Semua Emiten Saham,https://www.idx.co.id/StaticData/NewsAndAnnouncement/ANNOUNCEMENTSTOCK/From_EREP/202507/15e06a55df_0022800b1e.pdf,20250714_Semua Emiten Saham_Pengumuman Bursa_31914449_lamp1.pdf,,,,
"15 Jul 2025
					15:51:56",https://www.idx.co.id/StaticData/NewsAndAnnouncement/ANNOUNCEMENTSTOCK/From_EREP/202507/3aa4f0c90f_caa8c931a8.pdf,Pemegang Saham di atas 5% (KSEI) [],Semua Emiten Saham,https://www.idx.co.id/StaticData/NewsAndAnnouncement/ANNOUNCEMENTSTOCK/From_EREP/202507/be39266d29_f6c06e4dd5.pdf,20250715_Semua Emiten Saham_Pengumuman Bursa_31914874_lamp1.pdf,,,,
"16 Jul 2025
					16:43:35",https://www.idx.co.id/StaticData/NewsAndAnnouncement/ANNOUNCEMENTSTOCK/From_EREP/202507/89e2825771_04d032f080.pdf,Pemegang Saham di atas 5% (KSEI) [],Semua Emiten Saham,https://www.idx.co.id/StaticData/NewsAndAnnouncement/ANNOUNCEMENTSTOCK/From_EREP/202507/ef6b2229c3_8eff43fcb4.pdf,20250716_Semua Emiten Saham_Pengumuman Bursa_31915222_lamp1.pdf,,,,
"17 Jul 2025
					18:12:00",https://www.idx.co.id/StaticData/NewsAndAnnouncement/ANNOUNCEMENTSTOCK/From_EREP/202507/840013ba25_4f8e2bd75d.pdf,Pemegang Saham di atas 5% (KSEI) [],Semua Emiten Saham,https://www.idx.co.id/StaticData/NewsAndAnnouncement/ANNOUNCEMENTSTOCK/From_EREP/202507/a960345b03_435a697d55.pdf,20250717_Semua Emiten Saham_Pengumuman Bursa_31915481_lamp1.pdf,,,,
"18 Jul 2025
					17:28:46",https://www.idx.co.id/StaticData/NewsAndAnnouncement/ANNOUNCEMENTSTOCK/From_EREP/202507/7b59193590_faff420ee1.pdf,Pemegang Saham di atas 5% (KSEI) [],Semua Emiten Saham,https://www.idx.co.id/StaticData/NewsAndAnnouncement/ANNOUNCEMENTSTOCK/From_EREP/202507/48acb9a0f8_d851761163.pdf,20250718_Semua Emiten Saham_Pengumuman Bursa_31915931_lamp1.pdf,,,,
"18 Jul 2025
					17:30:26",https://www.idx.co.id/StaticData/NewsAndAnnouncement/ANNOUNCEMENTSTOCK/From_EREP/202507/5595d32651_bd499de7f2.pdf,Pemegang Saham di atas 5% (KSEI) (KOREKSI) [],Semua Emiten Saham,https://www.idx.co.id/StaticData/NewsAndAnnouncement/ANNOUNCEMENTSTOCK/From_EREP/202507/0c3ca50a0f_1f0c905442.pdf,20250718_Semua Emiten Saham_Pengumuman Bursa_31915947_lamp1.pdf,,,,
"21 Jul 2025
					18:10:13",https://www.idx.co.id/StaticData/NewsAndAnnouncement/ANNOUNCEMENTSTOCK/From_EREP/202507/ed421bdc3d_f1d7396079.pdf,Pemegang Saham di atas 5% (KSEI) [],Semua Emiten Saham,https://www.idx.co.id/StaticData/NewsAndAnnouncement/ANNOUNCEMENTSTOCK/From_EREP/202507/b839595263_daa1f9481a.pdf,20250721_Semua Emiten Saham_Pengumuman Bursa_31916171_lamp1.pdf,,,,
"22 Jul 2025
					15:36:33",https://www.idx.co.id/StaticData/NewsAndAnnouncement/ANNOUNCEMENTSTOCK/From_EREP/202507/6888c8e782_7ca329d046.pdf,Pemegang Saham di atas 5% (KSEI) [],Semua Emiten Saham,https://www.idx.co.id/StaticData/NewsAndAnnouncement/ANNOUNCEMENTSTOCK/From_EREP/202507/a93ca9c1e0_fd385ab987.pdf,20250722_Semua Emiten Saham_Pengumuman Bursa_31916466_lamp1.pdf,,,,
"23 Jul 2025
					16:21:37",https://www.idx.co.id/StaticData/NewsAndAnnouncement/ANNOUNCEMENTSTOCK/From_EREP/202507/d5515a1429_96342342a2.pdf,Pemegang Saham di atas 5% (KSEI) [],Semua Emiten Saham,https://www.idx.co.id/StaticData/NewsAndAnnouncement/ANNOUNCEMENTSTOCK/From_EREP/202507/5a9fce5ce3_ad209b71a1.pdf,20250723_Semua Emiten Saham_Pengumuman Bursa_31916866_lamp1.pdf,,,,
"24 Jul 2025
					16:30:08",https://www.idx.co.id/StaticData/NewsAndAnnouncement/ANNOUNCEMENTSTOCK/From_EREP/202507/f582d8c345_f5f0b41c33.pdf,Pemegang Saham di atas 5% (KSEI) [],Semua Emiten Saham,https://www.idx.co.id/StaticData/NewsAndAnnouncement/ANNOUNCEMENTSTOCK/From_EREP/202507/3c29ff4775_c76094b4ec.pdf,20250724_Semua Emiten Saham_Pengumuman Bursa_31917141_lamp1.pdf,,,,
"25 Jul 2025
					14:46:39",https://www.idx.co.id/StaticData/NewsAndAnnouncement/ANNOUNCEMENTSTOCK/From_EREP/202507/9a9491d76d_0c2dafcb74.pdf,Pemegang Saham di atas 5% (KSEI) [],Semua Emiten Saham,https://www.idx.co.id/StaticData/NewsAndAnnouncement/ANNOUNCEMENTSTOCK/From_EREP/202507/4b951d57b6_15c7fb1ccd.pdf,20250725_Semua Emiten Saham_Pengumuman Bursa_31917501_lamp1.pdf,,,,
"28 Jul 2025
					18:28:35",https://www.idx.co.id/StaticData/NewsAndAnnouncement/ANNOUNCEMENTSTOCK/From_EREP/202507/462c1bd431_205128135c.pdf,Pemegang Saham di atas 5% (KSEI) [],Semua Emiten Saham,https://www.idx.co.id/StaticData/NewsAndAnnouncement/ANNOUNCEMENTSTOCK/From_EREP/202507/d54ae33c5a_1f35f1838c.pdf,20250728_Semua Emiten Saham_Pengumuman Bursa_31927842_lamp1.pdf,,,,
"29 Jul 2025
					19:06:35",https://www.idx.co.id/StaticData/NewsAndAnnouncement/ANNOUNCEMENTSTOCK/From_EREP/202507/32cb54df26_274117d667.pdf,Pemegang Saham di atas 5% (KSEI) [],Semua Emiten Saham,https://www.idx.co.id/StaticData/NewsAndAnnouncement/ANNOUNCEMENTSTOCK/From_EREP/202507/a3334e16d6_c65b867a26.pdf,20250729_Semua Emiten Saham_Pengumuman Bursa_31928146_lamp1.pdf,,,,
"31 Jul 2025
					17:19:49",https://www.idx.co.id/StaticData/NewsAndAnnouncement/ANNOUNCEMENTSTOCK/From_EREP/202507/705597e783_81122e5298.pdf,Pemegang Saham di atas 5% (KSEI) [],Semua Emiten Saham,https://www.idx.co.id/StaticData/NewsAndAnnouncement/ANNOUNCEMENTSTOCK/From_EREP/202507/8eaf7aa36f_0db87114c1.pdf,20250731_Semua Emiten Saham_Pengumuman Bursa_31928873_lamp1.pdf,,,,
"31 Jul 2025
					17:35:43",https://www.idx.co.id/StaticData/NewsAndAnnouncement/ANNOUNCEMENTSTOCK/From_EREP/202507/bc212ec106_1da33cceb3.pdf,Pemegang Saham di atas 5% (KSEI) [],Semua Emiten Saham,https://www.idx.co.id/StaticData/NewsAndAnnouncement/ANNOUNCEMENTSTOCK/From_EREP/202507/24d0304b18_4b4810cb53.pdf,20250730_Semua Emiten Saham_Pengumuman Bursa_31928489_lamp1.pdf,,,,
"07 Jul 2025
					14:24:36",https://www.idx.co.id/StaticData/NewsAndAnnouncement/ANNOUNCEMENTSTOCK/From_EREP/202507/fecc5e9dee_ecb44a8a34.pdf,Laporan Bulanan Registrasi Pemegang Efek [],SMGR,https://www.idx.co.id/StaticData/NewsAndAnnouncement/ANNOUNCEMENTSTOCK/From_EREP/202507/309affdcdc_d2825d0ac0.pdf,20250707_SMGR_Laporan Bulanan Registrasi Pemegang Efek/Perubahan Struktur Pemegang Saham_31912252_lamp1.pdf,,,,
"23 Jul 2025
					22:01:45",https://www.idx.co.id/StaticData/NewsAndAnnouncement/ANNOUNCEMENTSTOCK/From_EREP/202507/4665c9a9da_15f8dacd3e.pdf,Laporan Penggunaan Dana Hasil Penawaran Umum [],SMGR,https://www.idx.co.id/StaticData/NewsAndAnnouncement/ANNOUNCEMENTSTOCK/From_EREP/202507/943bfa1bb2_d88faaa1a0.pdf,20250723_SMGR_Laporan Penggunaan Dana Hasil Penawaran Umum_31916937_lamp1.pdf,,,,
"31 Jul 2025
					22:33:20",https://www.idx.co.id/StaticData/NewsAndAnnouncement/ANNOUNCEMENTSTOCK/From_EREP/202507/20250731224327-55805-0/FinancialStatement-2025-II-SMGR.pdf,Penyampaian Laporan Keuangan Interim Yang Tidak Diaudit [],SMGR,https://www.idx.co.id/StaticData/NewsAndAnnouncement/ANNOUNCEMENTSTOCK/From_EREP/202507/20250731224327-55805-0/Checklist%20LK%20SMGR%20Q2%202025%20R1_Signed%20Dirkeu.pdf,Checklist LK SMGR Q2 2025 R1_Signed Dirkeu.pdf,https://www.idx.co.id/StaticData/NewsAndAnnouncement/ANNOUNCEMENTSTOCK/From_EREP/202507/20250731224327-55805-0/FinancialStatement-2025-II-SMGR.xlsx,FinancialStatement-2025-II-SMGR.xlsx,https://www.idx.co.id/StaticData/NewsAndAnnouncement/ANNOUNCEMENTSTOCK/From_EREP/202507/20250731224327-55805-0/inlineXBRL.zip,inlineXBRL.zip
"04 Jul 2025
					15:30:40",https://www.idx.co.id/StaticData/NewsAndAnnouncement/ANNOUNCEMENTSTOCK/From_EREP/202507/550abc1d7f_06fe376d0a.pdf,Laporan Bulanan Registrasi Pemegang Efek [],SMRA,https://www.idx.co.id/StaticData/NewsAndAnnouncement/ANNOUNCEMENTSTOCK/From_EREP/202507/73b02c80e1_084a86712b.pdf,20250703_SMRA_Laporan Bulanan Registrasi Pemegang Efek/Perubahan Struktur Pemegang Saham_31911298_lamp1.pdf,,,,
"10 Jul 2025
					16:25:11",https://www.idx.co.id/StaticData/NewsAndAnnouncement/ANNOUNCEMENTSTOCK/From_EREP/202507/9b391d4465_fd6800c274.pdf,Laporan Penggunaan Dana Hasil Penawaran Umum [],SMRA,https://www.idx.co.id/StaticData/NewsAndAnnouncement/ANNOUNCEMENTSTOCK/From_EREP/202507/5aba57ad32_064f0885f3.pdf,20250710_SMRA_Laporan Penggunaan Dana Hasil Penawaran Umum_31913568_lamp1.pdf,,,,
"16 Jul 2025
					15:52:05",https://www.idx.co.id/StaticData/NewsAndAnnouncement/ANNOUNCEMENTSTOCK/From_EREP/202507/5bf6d9e3ec_de18d14421.pdf,Laporan Transaksi Afiliasi [],SMRA,https://www.idx.co.id/StaticData/NewsAndAnnouncement/ANNOUNCEMENTSTOCK/From_EREP/202507/6630606fae_3b9847a364.pdf,20250716_SMRA_Laporan Informasi dan Fakta Material_31915212_lamp1.pdf,,,,
"31 Jul 2025
					10:51:01",https://www.idx.co.id/StaticData/NewsAndAnnouncement/ANNOUNCEMENTSTOCK/From_EREP/202507/e4cc4cfd89_69f50182a6.pdf,Rencana Penyampaian Laporan Keuangan Kuartal II 2025 Diaudit [],SMRA,https://www.idx.co.id/StaticData/NewsAndAnnouncement/ANNOUNCEMENTSTOCK/From_EREP/202507/116545bd3b_b0928c7df5.pdf,20250731_SMRA_Rencana Penyampaian Laporan Keuangan_31928820_lamp1.pdf,,,,
"01 Jul 2025
					16:28:39",https://www.idx.co.id/StaticData/NewsAndAnnouncement/ANNOUNCEMENTSTOCK/From_EREP/202507/137dcf68da_3079da51fb.pdf,Penerbitan SKS Pengganti Karena Hilang PT Telkom Indonesia (Persero) Tbk [],TLKM,https://www.idx.co.id/StaticData/NewsAndAnnouncement/ANNOUNCEMENTSTOCK/From_EREP/202507/4eb9021335_33d80befd6.pdf,20250701_TLKM_Pengumuman Bursa_31910413_lamp1.pdf,,,,
"08 Jul 2025
					12:28:56",https://www.idx.co.id/StaticData/NewsAndAnnouncement/ANNOUNCEMENTSTOCK/From_EREP/202507/a71ab5f6b6_c4df9d747b.pdf,Penerbitan SKS Pengganti Karena Hilang PT Telkom Indonesia (Persero) Tbk [],TLKM,https://www.idx.co.id/StaticData/NewsAndAnnouncement/ANNOUNCEMENTSTOCK/From_EREP/202507/ac44952213_5058e9780a.pdf,20250707_TLKM_Pengumuman Bursa_31912480_lamp1.pdf,,,,
"09 Jul 2025
					11:50:56",https://www.idx.co.id/StaticData/NewsAndAnnouncement/ANNOUNCEMENTSTOCK/From_EREP/202507/48062390bf_06ea09ece5.pdf,Laporan Bulanan Registrasi Pemegang Efek [],TLKM,https://www.idx.co.id/StaticData/NewsAndAnnouncement/ANNOUNCEMENTSTOCK/From_EREP/202507/3ba193dcef_b0298482ca.pdf,20250709_TLKM_Laporan Bulanan Registrasi Pemegang Efek/Perubahan Struktur Pemegang Saham_31913119_lamp1.pdf,,,,
"14 Jul 2025
					14:25:26",https://www.idx.co.id/StaticData/NewsAndAnnouncement/ANNOUNCEMENTSTOCK/From_EREP/202507/43ef02842d_4bb803cdc9.pdf,Saham Hilang [],TLKM,https://www.idx.co.id/StaticData/NewsAndAnnouncement/ANNOUNCEMENTSTOCK/From_EREP/202507/31ebb8b794_2c7e26d27f.pdf,20250714_TLKM_Pengumuman Bursa_31914457_lamp1.pdf,,,,
"28 Jul 2025
					17:24:32",https://www.idx.co.id/StaticData/NewsAndAnnouncement/ANNOUNCEMENTSTOCK/From_EREP/202507/ae0b33a77f_33376cd005.pdf,Pemberitahuan Rencana Rapat Umum Pemegang Saham Luar Biasa [],TLKM,https://www.idx.co.id/StaticData/NewsAndAnnouncement/ANNOUNCEMENTSTOCK/From_EREP/202507/3f20761a25_6f189609b0.pdf,20250728_TLKM_Pengumuman RUPS_31927975_lamp2.pdf,https://www.idx.co.id/StaticData/NewsAndAnnouncement/ANNOUNCEMENTSTOCK/From_EREP/202507/46687266f4_08f99dda60.pdf,20250728_TLKM_Pengumuman RUPS_31927975_lamp1.pdf,,
"31 Jul 2025
					19:21:50",https://www.idx.co.id/StaticData/NewsAndAnnouncement/ANNOUNCEMENTSTOCK/From_EREP/202507/20250731192749-55843-0/FinancialStatement-2025-II-TLKM.pdf,Penyampaian Laporan Keuangan Interim Yang Tidak Diaudit [],TLKM,https://www.idx.co.id/StaticData/NewsAndAnnouncement/ANNOUNCEMENTSTOCK/From_EREP/202507/20250731192749-55843-0/Checklist%20OJK%20Telkom%20Q2%202025_rilis.pdf,Checklist OJK Telkom Q2 2025_rilis.pdf,https://www.idx.co.id/StaticData/NewsAndAnnouncement/ANNOUNCEMENTSTOCK/From_EREP/202507/20250731192749-55843-0/FinancialStatement-2025-II-TLKM.xlsx,FinancialStatement-2025-II-TLKM.xlsx,https://www.idx.co.id/StaticData/NewsAndAnnouncement/ANNOUNCEMENTSTOCK/From_EREP/202507/20250731192749-55843-0/FS%20Telkom%20Triwulan%20II%202025_Bahasa%20Rilis.pdf,FS Telkom Triwulan II 2025_Bahasa Rilis.pdf
"02 Jul 2025
					09:44:06",https://www.idx.co.id/StaticData/NewsAndAnnouncement/ANNOUNCEMENTSTOCK/From_EREP/202507/0d8b2e10db_d556528482.pdf,Penyampaian Prospektus [],TOWR,https://www.idx.co.id/StaticData/NewsAndAnnouncement/ANNOUNCEMENTSTOCK/From_EREP/202507/8e0fe066eb_18759b962a.pdf,20250702_TOWR_Penyampaian Prospektus/Informasi Tambahan_31910612_lamp3.pdf,https://www.idx.co.id/StaticData/NewsAndAnnouncement/ANNOUNCEMENTSTOCK/From_EREP/202507/deace99065_e0b249bf7b.pdf,20250702_TOWR_Penyampaian Prospektus/Informasi Tambahan_31910612_lamp4.pdf,https://www.idx.co.id/StaticData/NewsAndAnnouncement/ANNOUNCEMENTSTOCK/From_EREP/202507/e7b2a4619a_5c38c6f3d5.pdf,20250702_TOWR_Penyampaian Prospektus/Informasi Tambahan_31910612_lamp2.pdf
"02 Jul 2025
					11:30:49",https://www.idx.co.id/StaticData/NewsAndAnnouncement/ANNOUNCEMENTSTOCK/From_EREP/202507/5cd4d97395_d750f6aafd.pdf,Keterbukaan Informasi terkait Aksi Korporasi - HMETD - 02072025 [],TOWR,https://www.idx.co.id/StaticData/NewsAndAnnouncement/ANNOUNCEMENTSTOCK/From_EREP/202507/05079bf96e_779766a072.pdf,20250702_TOWR_Keterbukaan Informasi terkait Aksi Korporasi_31910673_lamp1.pdf,https://www.idx.co.id/StaticData/NewsAndAnnouncement/ANNOUNCEMENTSTOCK/From_EREP/202507/48a1b84852_d6f23210a8.pdf,20250702_TOWR_Keterbukaan Informasi terkait Aksi Korporasi_31910673_lamp3.pdf,https://www.idx.co.id/StaticData/NewsAndAnnouncement/ANNOUNCEMENTSTOCK/From_EREP/202507/86bdfac66d_4cd87b11fc.pdf,20250702_TOWR_Keterbukaan Informasi terkait Aksi Korporasi_31910673_lamp4.pdf
"02 Jul 2025
					15:49:45",https://www.idx.co.id/StaticData/NewsAndAnnouncement/ANNOUNCEMENTSTOCK/From_EREP/202507/55f12d8bfe_e60d7b4747.pdf,Penyampaian Bukti Iklan Penambahan Modal Dengan Memberikan Hak Memesan Efek Terlebih Dahulu I [],TOWR,https://www.idx.co.id/StaticData/NewsAndAnnouncement/ANNOUNCEMENTSTOCK/From_EREP/202507/43e48d8880_e63e9a5e69.pdf,20250702_TOWR_Penyampaian Bukti Iklan_31910826_lamp1.pdf,https://www.idx.co.id/StaticData/NewsAndAnnouncement/ANNOUNCEMENTSTOCK/From_EREP/202507/c4b6c25bc3_239e8ebd5b.pdf,20250702_TOWR_Penyampaian Bukti Iklan_31910826_lamp2.pdf,,
"06 Jul 2025
					10:19:13",https://www.idx.co.id/StaticData/NewsAndAnnouncement/ANNOUNCEMENTSTOCK/From_EREP/202507/0ba305e699_ffd347b2b2.pdf,Laporan Bulanan Registrasi Pemegang Efek [],TOWR,https://www.idx.co.id/StaticData/NewsAndAnnouncement/ANNOUNCEMENTSTOCK/From_EREP/202507/2e5df30e55_bc6639deec.pdf,20250706_TOWR_Laporan Bulanan Registrasi Pemegang Efek/Perubahan Struktur Pemegang Saham_31911974_lamp1.pdf,,,,
"09 Jul 2025
					16:59:48",https://www.idx.co.id/StaticData/NewsAndAnnouncement/ANNOUNCEMENTSTOCK/From_EREP/202507/3b4dae777b_9dbdc79fbd.pdf,Penandatangan Perjanjian Kredit antara Protelindo dengan PT Bank ICBC Indonesia [],TOWR,https://www.idx.co.id/StaticData/NewsAndAnnouncement/ANNOUNCEMENTSTOCK/From_EREP/202507/27d61f1e35_cf0a8d8f1b.pdf,20250709_TOWR_Laporan Informasi dan Fakta Material_31913395_lamp1.pdf,,,,
"11 Jul 2025
					09:06:43",https://www.idx.co.id/StaticData/NewsAndAnnouncement/ANNOUNCEMENTSTOCK/From_EREP/202507/c40dd9bbff_65aed8a967.pdf,Pencatatan Efek Bersifat Ekuitas dan Pra Pencatatan Saham [],TOWR,https://www.idx.co.id/StaticData/NewsAndAnnouncement/ANNOUNCEMENTSTOCK/From_EREP/202507/7c0a04a3ee_6aa5fbcf38.pdf,20250711_TOWR_Pencatatan Efek Bersifat Ekuitas dan Pra Pencatatan Saham_31914038_lamp1.pdf,,,,
"11 Jul 2025
					18:31:57",https://www.idx.co.id/StaticData/NewsAndAnnouncement/ANNOUNCEMENTSTOCK/From_EREP/202507/4d4238a12d_f6f13a2804.pdf,"Penandatangan Perjanjian Perubahan atas Perjanjian Fasilitas antara Protelindo, Iforte, SUPR, IEN, BIT, IBST dengan PT Bank Mizuho Indonesia []",TOWR,https://www.idx.co.id/StaticData/NewsAndAnnouncement/ANNOUNCEMENTSTOCK/From_EREP/202507/42f89bbdb7_3b2ca6b1ce.pdf,20250711_TOWR_Laporan Informasi dan Fakta Material_31914311_lamp1.pdf,,,,
"15 Jul 2025
					16:35:35",https://www.idx.co.id/StaticData/NewsAndAnnouncement/ANNOUNCEMENTSTOCK/From_EREP/202507/0d4c17b356_4f2884e4c7.pdf,Pencatatan Saham [],TOWR,https://www.idx.co.id/StaticData/NewsAndAnnouncement/ANNOUNCEMENTSTOCK/From_EREP/202507/aacc970892_8a336a6b64.pdf,20250715_TOWR_Pencatatan Saham Tambahan dari Konversi_31914821_lamp1.pdf,,,,
"16 Jul 2025
					15:44:10",https://www.idx.co.id/StaticData/NewsAndAnnouncement/ANNOUNCEMENTSTOCK/From_EREP/202507/39deff7fd5_9a5146885e.pdf,Pencatatan Saham [],TOWR,https://www.idx.co.id/StaticData/NewsAndAnnouncement/ANNOUNCEMENTSTOCK/From_EREP/202507/706962ee0f_4227cdfbf7.pdf,20250716_TOWR_Pencatatan Saham Tambahan dari Konversi_31915183_lamp1.pdf,,,,
"17 Jul 2025
					14:22:52",https://www.idx.co.id/StaticData/NewsAndAnnouncement/ANNOUNCEMENTSTOCK/From_EREP/202507/72afb782f6_4d669dc2f4.pdf,Pencatatan Saham [],TOWR,https://www.idx.co.id/StaticData/NewsAndAnnouncement/ANNOUNCEMENTSTOCK/From_EREP/202507/05f1e96e54_953a2731a1.pdf,20250717_TOWR_Pencatatan Saham Tambahan dari Konversi_31915530_lamp1.pdf,,,,
"17 Jul 2025
					18:45:00",https://www.idx.co.id/StaticData/NewsAndAnnouncement/ANNOUNCEMENTSTOCK/Exchange/TOWR-R%20Peng-00136-No.%20Peng-00136BEI.POP07-2025.pdf,Batas Akhir Perdagangan HMETD Sarana Menara Nusantara Tbk. (TOWR-R) [],TOWR,https://www.idx.co.id/StaticData/NewsAndAnnouncement/ANNOUNCEMENTSTOCK/Exchange/No.%20Peng-00136_BEI.POP_07-2025-ID.zip,No. Peng-00136_BEI.POP_07-2025-ID.zip,,,,
"18 Jul 2025
					16:07:40",https://www.idx.co.id/StaticData/NewsAndAnnouncement/ANNOUNCEMENTSTOCK/From_EREP/202507/835adfadb3_96d7681c91.pdf,Pencatatan Saham [],TOWR,https://www.idx.co.id/StaticData/NewsAndAnnouncement/ANNOUNCEMENTSTOCK/From_EREP/202507/0525b1d4f0_293cf03b3a.pdf,20250718_TOWR_Pencatatan Saham Tambahan dari Konversi_31915827_lamp1.pdf,,,,
"21 Jul 2025
					15:49:59",https://www.idx.co.id/StaticData/NewsAndAnnouncement/ANNOUNCEMENTSTOCK/From_EREP/202507/79a7139a26_e70707639d.pdf,Pencatatan Saham [],TOWR,https://www.idx.co.id/StaticData/NewsAndAnnouncement/ANNOUNCEMENTSTOCK/From_EREP/202507/cedf67189f_2fa035eda5.pdf,20250721_TOWR_Pencatatan Saham Tambahan dari Konversi_31916183_lamp1.pdf,,,,
"23 Jul 2025
					16:41:35",https://www.idx.co.id/StaticData/NewsAndAnnouncement/ANNOUNCEMENTSTOCK/From_EREP/202507/7813a356a8_1f5d6d5429.pdf,Pencatatan Saham [],TOWR,https://www.idx.co.id/StaticData/NewsAndAnnouncement/ANNOUNCEMENTSTOCK/From_EREP/202507/309cf9c85b_6c97c3e578.pdf,20250723_TOWR_Pencatatan Saham Tambahan dari Konversi_31916868_lamp1.pdf,,,,
"29 Jul 2025
					18:17:07",https://www.idx.co.id/StaticData/NewsAndAnnouncement/ANNOUNCEMENTSTOCK/From_EREP/202507/5ebf2f1972_0f5217f85f.pdf,Transaksi Material Tanpa Persetujuan RUPS [],TOWR,https://www.idx.co.id/StaticData/NewsAndAnnouncement/ANNOUNCEMENTSTOCK/From_EREP/202507/bb4a45a3d0_83ebf64aed.pdf,20250729_TOWR_Transaksi Material Tanpa Persetujuan RUPS_31928342_lamp1.pdf,,,,
"31 Jul 2025
					10:00:27",https://www.idx.co.id/StaticData/NewsAndAnnouncement/ANNOUNCEMENTSTOCK/From_EREP/202507/20250731101430-55794-0/FinancialStatement-2025-II-TOWR.pdf,Penyampaian Laporan Keuangan Interim Yang Tidak Diaudit [],TOWR,https://www.idx.co.id/StaticData/NewsAndAnnouncement/ANNOUNCEMENTSTOCK/From_EREP/202507/20250731101430-55794-0/FinancialStatement-2025-II-TOWR.xlsx,FinancialStatement-2025-II-TOWR.xlsx,https://www.idx.co.id/StaticData/NewsAndAnnouncement/ANNOUNCEMENTSTOCK/From_EREP/202507/20250731101430-55794-0/FS%20PT%20SMN%20Tbk%20as%20of%20June%2030%202025.pdf,FS PT SMN Tbk as of June 30 2025.pdf,https://www.idx.co.id/StaticData/NewsAndAnnouncement/ANNOUNCEMENTSTOCK/From_EREP/202507/20250731101430-55794-0/inlineXBRL.zip,inlineXBRL.zip
"02 Jul 2025
					16:05:21",https://www.idx.co.id/StaticData/NewsAndAnnouncement/ANNOUNCEMENTSTOCK/From_EREP/202507/44211f7861_b575fa411f.pdf,Transaksi Afiliasi [],UNTR,https://www.idx.co.id/StaticData/NewsAndAnnouncement/ANNOUNCEMENTSTOCK/From_EREP/202507/5dbea54997_cf76025804.pdf,20250702_UNTR_Informasi Transaksi Afiliasi_31910791_lamp7.pdf,https://www.idx.co.id/StaticData/NewsAndAnnouncement/ANNOUNCEMENTSTOCK/From_EREP/202507/66fbeba4d2_49603d07d6.pdf,20250702_UNTR_Informasi Transaksi Afiliasi_31910791_lamp4.pdf,https://www.idx.co.id/StaticData/NewsAndAnnouncement/ANNOUNCEMENTSTOCK/From_EREP/202507/6721b52381_460fe8ab57.pdf,20250702_UNTR_Informasi Transaksi Afiliasi_31910791_lamp5.pdf
"02 Jul 2025
					16:08:22",https://www.idx.co.id/StaticData/NewsAndAnnouncement/ANNOUNCEMENTSTOCK/From_EREP/202507/73497fb42c_1d1103e159.pdf,Transaksi Afiliasi [],UNTR,https://www.idx.co.id/StaticData/NewsAndAnnouncement/ANNOUNCEMENTSTOCK/From_EREP/202507/17f284fce4_df1c41ee71.pdf,20250702_UNTR_Informasi Transaksi Afiliasi_31910802_lamp7.pdf,https://www.idx.co.id/StaticData/NewsAndAnnouncement/ANNOUNCEMENTSTOCK/From_EREP/202507/6a2562e8b2_1d3254836b.pdf,20250702_UNTR_Informasi Transaksi Afiliasi_31910802_lamp5.pdf,https://www.idx.co.id/StaticData/NewsAndAnnouncement/ANNOUNCEMENTSTOCK/From_EREP/202507/6bee059f8e_56cb5ebb70.pdf,20250702_UNTR_Informasi Transaksi Afiliasi_31910802_lamp4.pdf
"02 Jul 2025
					16:10:07",https://www.idx.co.id/StaticData/NewsAndAnnouncement/ANNOUNCEMENTSTOCK/From_EREP/202507/4f28531bce_fc7a2e252a.pdf,Transaksi Afiliasi [],UNTR,https://www.idx.co.id/StaticData/NewsAndAnnouncement/ANNOUNCEMENTSTOCK/From_EREP/202507/0512f434ed_a1a561f311.pdf,20250702_UNTR_Informasi Transaksi Afiliasi_31910807_lamp4.pdf,https://www.idx.co.id/StaticData/NewsAndAnnouncement/ANNOUNCEMENTSTOCK/From_EREP/202507/22f0d9ce8b_9410ee1488.pdf,20250702_UNTR_Informasi Transaksi Afiliasi_31910807_lamp7.pdf,https://www.idx.co.id/StaticData/NewsAndAnnouncement/ANNOUNCEMENTSTOCK/From_EREP/202507/6ead5ebad9_a1205025cb.pdf,20250702_UNTR_Informasi Transaksi Afiliasi_31910807_lamp6.pdf
"02 Jul 2025
					16:22:23",https://www.idx.co.id/StaticData/NewsAndAnnouncement/ANNOUNCEMENTSTOCK/From_EREP/202507/c4b2f438ac_a1f7985ff8.pdf,Transaksi Afiliasi [],UNTR,https://www.idx.co.id/StaticData/NewsAndAnnouncement/ANNOUNCEMENTSTOCK/From_EREP/202507/2580b79386_aed4e583a4.pdf,20250702_UNTR_Informasi Transaksi Afiliasi_31910845_lamp4.pdf,https://www.idx.co.id/StaticData/NewsAndAnnouncement/ANNOUNCEMENTSTOCK/From_EREP/202507/2d0d64dd02_a291c7bbfd.pdf,20250702_UNTR_Informasi Transaksi Afiliasi_31910845_lamp1.pdf,https://www.idx.co.id/StaticData/NewsAndAnnouncement/ANNOUNCEMENTSTOCK/From_EREP/202507/6d8c87ee78_c0904077d4.pdf,20250702_UNTR_Informasi Transaksi Afiliasi_31910845_lamp3.pdf
"02 Jul 2025
					16:30:13",https://www.idx.co.id/StaticData/NewsAndAnnouncement/ANNOUNCEMENTSTOCK/From_EREP/202507/ae0e100567_ac88c30ae5.pdf,Transaksi Afiliasi [],UNTR,https://www.idx.co.id/StaticData/NewsAndAnnouncement/ANNOUNCEMENTSTOCK/From_EREP/202507/369d1ac5e4_fc6f8b4408.pdf,20250702_UNTR_Informasi Transaksi Afiliasi_31910851_lamp4.pdf,https://www.idx.co.id/StaticData/NewsAndAnnouncement/ANNOUNCEMENTSTOCK/From_EREP/202507/4261e458fc_ed3b866b04.pdf,20250702_UNTR_Informasi Transaksi Afiliasi_31910851_lamp1.pdf,https://www.idx.co.id/StaticData/NewsAndAnnouncement/ANNOUNCEMENTSTOCK/From_EREP/202507/428c3bf267_b94283ceaf.pdf,20250702_UNTR_Informasi Transaksi Afiliasi_31910851_lamp3.pdf
"02 Jul 2025
					16:31:06",https://www.idx.co.id/StaticData/NewsAndAnnouncement/ANNOUNCEMENTSTOCK/From_EREP/202507/e5599b0930_375b2f6a4e.pdf,Transaksi Afiliasi [],UNTR,https://www.idx.co.id/StaticData/NewsAndAnnouncement/ANNOUNCEMENTSTOCK/From_EREP/202507/02289a1e01_8aee56a240.pdf,20250702_UNTR_Informasi Transaksi Afiliasi_31910857_lamp3.pdf,https://www.idx.co.id/StaticData/NewsAndAnnouncement/ANNOUNCEMENTSTOCK/From_EREP/202507/04e619f0d1_592812cf83.pdf,20250702_UNTR_Informasi Transaksi Afiliasi_31910857_lamp4.pdf,https://www.idx.co.id/StaticData/NewsAndAnnouncement/ANNOUNCEMENTSTOCK/From_EREP/202507/0b6634f562_955aa6fb21.pdf,20250702_UNTR_Informasi Transaksi Afiliasi_31910857_lamp7.pdf
"02 Jul 2025
					16:36:48",https://www.idx.co.id/StaticData/NewsAndAnnouncement/ANNOUNCEMENTSTOCK/From_EREP/202507/23fb0bf42f_73e6ddabda.pdf,Transaksi Afiliasi [],UNTR,https://www.idx.co.id/StaticData/NewsAndAnnouncement/ANNOUNCEMENTSTOCK/From_EREP/202507/1dec38c164_5f8da24910.pdf,20250702_UNTR_Informasi Transaksi Afiliasi_31910860_lamp6.pdf,https://www.idx.co.id/StaticData/NewsAndAnnouncement/ANNOUNCEMENTSTOCK/From_EREP/202507/32fdcdcdbb_98486a700e.pdf,20250702_UNTR_Informasi Transaksi Afiliasi_31910860_lamp4.pdf,https://www.idx.co.id/StaticData/NewsAndAnnouncement/ANNOUNCEMENTSTOCK/From_EREP/202507/35e0e89883_3c1ae82efb.pdf,20250702_UNTR_Informasi Transaksi Afiliasi_31910860_lamp2.pdf
"02 Jul 2025
					21:06:44",https://www.idx.co.id/StaticData/NewsAndAnnouncement/ANNOUNCEMENTSTOCK/From_EREP/202507/df526f9e00_903f1d2710.pdf,Transaksi Afiliasi (KOREKSI) [],UNTR,https://www.idx.co.id/StaticData/NewsAndAnnouncement/ANNOUNCEMENTSTOCK/From_EREP/202507/0d2b34fd76_01e1f08b6f.pdf,20250702_UNTR_Informasi Transaksi Afiliasi_31911035_lamp6.pdf,https://www.idx.co.id/StaticData/NewsAndAnnouncement/ANNOUNCEMENTSTOCK/From_EREP/202507/1250839ef0_818fecf30e.pdf,20250702_UNTR_Informasi Transaksi Afiliasi_31911035_lamp2.pdf,https://www.idx.co.id/StaticData/NewsAndAnnouncement/ANNOUNCEMENTSTOCK/From_EREP/202507/23a002d524_2226ddab74.pdf,20250702_UNTR_Informasi Transaksi Afiliasi_31911035_lamp7.pdf
"07 Jul 2025
					17:33:26",https://www.idx.co.id/StaticData/NewsAndAnnouncement/ANNOUNCEMENTSTOCK/From_EREP/202507/4fb1d03109_6fead1864a.pdf,Laporan Bulanan Registrasi Pemegang Efek [],UNTR,https://www.idx.co.id/StaticData/NewsAndAnnouncement/ANNOUNCEMENTSTOCK/From_EREP/202507/0a6ead7086_f128a64eb0.pdf,20250703_UNTR_Laporan Bulanan Registrasi Pemegang Efek/Perubahan Struktur Pemegang Saham_31911346_lamp2.pdf,https://www.idx.co.id/StaticData/NewsAndAnnouncement/ANNOUNCEMENTSTOCK/From_EREP/202507/99ec3f780c_5f07d39b67.pdf,20250703_UNTR_Laporan Bulanan Registrasi Pemegang Efek/Perubahan Struktur Pemegang Saham_31911346_lamp1.pdf,,
"10 Jul 2025
					15:08:30",https://www.idx.co.id/StaticData/NewsAndAnnouncement/ANNOUNCEMENTSTOCK/From_EREP/202507/3978eecd90_ec1848d035.pdf,Laporan Bulanan Aktivitas Eksplorasi [],UNTR,https://www.idx.co.id/StaticData/NewsAndAnnouncement/ANNOUNCEMENTSTOCK/From_EREP/202507/96d15516e4_198ac074d8.pdf,20250710_UNTR_Laporan Bulanan Aktivitas Eksplorasi_31913753_lamp1.pdf,,,,
"11 Jul 2025
					13:45:36",https://www.idx.co.id/StaticData/NewsAndAnnouncement/ANNOUNCEMENTSTOCK/From_EREP/202507/7b5d8aa9d9_be4a7611dd.pdf,Laporan Bulanan Aktivitas Eksplorasi (KOREKSI) [],UNTR,https://www.idx.co.id/StaticData/NewsAndAnnouncement/ANNOUNCEMENTSTOCK/From_EREP/202507/d284dff50c_1207c58513.pdf,20250711_UNTR_Laporan Bulanan Aktivitas Eksplorasi_31914130_lamp1.pdf,,,,
"16 Jul 2025
					15:39:55",https://www.idx.co.id/StaticData/NewsAndAnnouncement/ANNOUNCEMENTSTOCK/From_EREP/202507/dc9ced8730_6a47640549.pdf,Transaksi Afiliasi [],UNTR,https://www.idx.co.id/StaticData/NewsAndAnnouncement/ANNOUNCEMENTSTOCK/From_EREP/202507/8c76db6f48_79aec8d3b3.pdf,20250716_UNTR_Informasi Transaksi Afiliasi_31915153_lamp1.pdf,,,,
"25 Jul 2025
					15:52:31",https://www.idx.co.id/StaticData/NewsAndAnnouncement/ANNOUNCEMENTSTOCK/From_EREP/202507/8b75a57d45_935cd0ddff.pdf,Perubahan Komite Audit [],UNTR,https://www.idx.co.id/StaticData/NewsAndAnnouncement/ANNOUNCEMENTSTOCK/From_EREP/202507/45316b2143_57211b0ca9.pdf,20250725_UNTR_Perubahan Corsec Komite Audit Alamat NPWP Internal Audit_31917430_lamp1.pdf,,,,
"30 Jul 2025
					16:56:29",https://www.idx.co.id/StaticData/NewsAndAnnouncement/ANNOUNCEMENTSTOCK/From_EREP/202507/c5b8c1b7c2_c20775238f.pdf,Rencana Penyampaian Laporan Keuangan Kuartal II 2025 Ditelaah secara terbatas [],UNTR,https://www.idx.co.id/StaticData/NewsAndAnnouncement/ANNOUNCEMENTSTOCK/From_EREP/202507/27f8999127_d43f7c7d1a.pdf,20250730_UNTR_Rencana Penyampaian Laporan Keuangan_31928652_lamp1.pdf,,,,
"30 Jul 2025
					18:02:09",https://www.idx.co.id/StaticData/NewsAndAnnouncement/ANNOUNCEMENTSTOCK/From_EREP/202507/20250730181656-55130-0/FinancialStatement-2025-II-UNTR.pdf,Penyampaian Laporan Keuangan Interim Yang Tidak Diaudit [],UNTR,https://www.idx.co.id/StaticData/NewsAndAnnouncement/ANNOUNCEMENTSTOCK/From_EREP/202507/20250730181656-55130-0/FinancialStatement-2025-II-UNTR.xlsx,FinancialStatement-2025-II-UNTR.xlsx,https://www.idx.co.id/StaticData/NewsAndAnnouncement/ANNOUNCEMENTSTOCK/From_EREP/202507/20250730181656-55130-0/FS%20UNTR%200625.pdf,FS UNTR 0625.pdf,https://www.idx.co.id/StaticData/NewsAndAnnouncement/ANNOUNCEMENTSTOCK/From_EREP/202507/20250730181656-55130-0/inlineXBRL.zip,inlineXBRL.zip
"10 Jul 2025
					16:12:58",https://www.idx.co.id/StaticData/NewsAndAnnouncement/ANNOUNCEMENTSTOCK/From_EREP/202507/1429c7104f_023ddd662d.pdf,Laporan Bulanan Registrasi Pemegang Efek [],UNVR,https://www.idx.co.id/StaticData/NewsAndAnnouncement/ANNOUNCEMENTSTOCK/From_EREP/202507/0694603825_ccca383dec.pdf,20250710_UNVR_Laporan Bulanan Registrasi Pemegang Efek/Perubahan Struktur Pemegang Saham_31913829_lamp1.pdf,https://www.idx.co.id/StaticData/NewsAndAnnouncement/ANNOUNCEMENTSTOCK/From_EREP/202507/7702c5cfc9_518561bc9b.pdf,20250710_UNVR_Laporan Bulanan Registrasi Pemegang Efek/Perubahan Struktur Pemegang Saham_31913829_lamp2.pdf,,
"18 Jul 2025
					16:27:11",https://www.idx.co.id/StaticData/NewsAndAnnouncement/ANNOUNCEMENTSTOCK/From_EREP/202507/56ab968f09_51fc330be5.pdf,Perubahan anggota Direksi dan/atau anggota Dewan Komisaris [],UNVR,https://www.idx.co.id/StaticData/NewsAndAnnouncement/ANNOUNCEMENTSTOCK/From_EREP/202507/d61210f84f_ab692cef37.pdf,20250718_UNVR_Laporan Informasi dan Fakta Material_31915938_lamp1.pdf,,,,
"22 Jul 2025
					15:32:24",https://www.idx.co.id/StaticData/NewsAndAnnouncement/ANNOUNCEMENTSTOCK/From_EREP/202507/f598b00412_35abced2f5.pdf,Saham Hilang [],UNVR,https://www.idx.co.id/StaticData/NewsAndAnnouncement/ANNOUNCEMENTSTOCK/From_EREP/202507/74596f8fb2_aa21b0eb8f.pdf,20250722_UNVR_Pengumuman Bursa_31916589_lamp1.pdf,,,,
"28 Jul 2025
					17:24:47",https://www.idx.co.id/StaticData/NewsAndAnnouncement/ANNOUNCEMENTSTOCK/From_EREP/202507/85da839295_40abc91d6e.pdf,Saham Hilang [],UNVR,https://www.idx.co.id/StaticData/NewsAndAnnouncement/ANNOUNCEMENTSTOCK/From_EREP/202507/133263654f_e0f3924faa.pdf,20250728_UNVR_Pengumuman Bursa_31927901_lamp1.pdf,,,,
"30 Jul 2025
					19:02:59",https://www.idx.co.id/StaticData/NewsAndAnnouncement/ANNOUNCEMENTSTOCK/From_EREP/202507/ae20c8ef6e_beeea2ad05.pdf,Laporan Kepemilikan Saham [],UNVR,https://www.idx.co.id/StaticData/NewsAndAnnouncement/ANNOUNCEMENTSTOCK/From_EREP/202507/5e58fade75_d37b188dff.pdf,20250730_UNVR_Pengumuman Bursa_31928545_lamp1.pdf,,,,
"31 Jul 2025
					06:28:34",https://www.idx.co.id/StaticData/NewsAndAnnouncement/ANNOUNCEMENTSTOCK/From_EREP/202507/20250731063427-55019-0/FinancialStatement-2025-II-UNVR.pdf,Penyampaian Laporan Keuangan Interim Yang Tidak Diaudit [],UNVR,https://www.idx.co.id/StaticData/NewsAndAnnouncement/ANNOUNCEMENTSTOCK/From_EREP/202507/20250731063427-55019-0/Checklist%20UNVR%20Q2%202025.pdf,Checklist UNVR Q2 2025.pdf,https://www.idx.co.id/StaticData/NewsAndAnnouncement/ANNOUNCEMENTSTOCK/From_EREP/202507/20250731063427-55019-0/Director%20Statement%20Q2%202025.pdf,Director Statement Q2 2025.pdf,https://www.idx.co.id/StaticData/NewsAndAnnouncement/ANNOUNCEMENTSTOCK/From_EREP/202507/20250731063427-55019-0/FinancialStatement-2025-II-UNVR.xlsx,FinancialStatement-2025-II-UNVR.xlsx
"31 Jul 2025
					07:27:33",https://www.idx.co.id/StaticData/NewsAndAnnouncement/ANNOUNCEMENTSTOCK/From_EREP/202507/9104176abe_6dc08e8c0c.pdf,Rencana Pembelian Kembali Saham Dalam Kondisi Pasar Yang Berfluktuasi Secara Signifikan [],UNVR,https://www.idx.co.id/StaticData/NewsAndAnnouncement/ANNOUNCEMENTSTOCK/From_EREP/202507/82c2958df1_c6e232e93d.pdf,20250731_UNVR_Laporan Informasi dan Fakta Material_31928780_lamp2.pdf,https://www.idx.co.id/StaticData/NewsAndAnnouncement/ANNOUNCEMENTSTOCK/From_EREP/202507/94acb96a7f_d66ba1cbc4.pdf,20250731_UNVR_Laporan Informasi dan Fakta Material_31928780_lamp1.pdf,https://www.idx.co.id/StaticData/NewsAndAnnouncement/ANNOUNCEMENTSTOCK/From_EREP/202507/de7ec27b45_4e1f84f2e2.pdf,20250731_UNVR_Laporan Informasi dan Fakta Material_31928780_lamp3.pdf
"01 Jul 2025
					09:32:02",https://www.idx.co.id/StaticData/NewsAndAnnouncement/ANNOUNCEMENTSTOCK/From_EREP/202507/b77bab4b86_2007f1adc9.pdf,Penghentian Sementara Perdagangan Efek [],,https://www.idx.co.id/StaticData/NewsAndAnnouncement/ANNOUNCEMENTSTOCK/From_EREP/202507/a2ca2e3b0e_d70251fbac.pdf,20250630_Suspensi dan Pembukaan Suspensi_31909947_lamp1.pdf,,,,
"01 Jul 2025
					16:29:38",https://www.idx.co.id/StaticData/NewsAndAnnouncement/ANNOUNCEMENTSTOCK/From_EREP/202507/e3bc3b6093_e2af6d1a35.pdf,Pencabutan Efek Bersifat Ekuitas Dari Pemantauan Khusus [],,,,,,,
"02 Jul 2025
					16:42:55",https://www.idx.co.id/StaticData/NewsAndAnnouncement/ANNOUNCEMENTSTOCK/From_EREP/202507/943f3b6236_93a1c7894b.pdf,Pencabutan Efek Bersifat Ekuitas Dari Pemantauan Khusus [],,,,,,,
"07 Jul 2025
					16:19:37",https://www.idx.co.id/StaticData/NewsAndAnnouncement/ANNOUNCEMENTSTOCK/From_EREP/202507/c3b2179056_685ea2b772.pdf,Pencabutan Efek Bersifat Ekuitas Dari Pemantauan Khusus [],,,,,,,
"08 Jul 2025
					16:16:07",https://www.idx.co.id/StaticData/NewsAndAnnouncement/ANNOUNCEMENTSTOCK/From_EREP/202507/89ffa9497f_0834d30d60.pdf,Pencabutan Efek Bersifat Ekuitas Dari Pemantauan Khusus [],,,,,,,
"09 Jul 2025
					17:13:51",https://www.idx.co.id/StaticData/NewsAndAnnouncement/ANNOUNCEMENTSTOCK/From_EREP/202507/e084399a11_fdf56be73f.pdf,Pencabutan Efek Bersifat Ekuitas Dari Pemantauan Khusus [],,,,,,,
"09 Jul 2025
					17:21:04",https://www.idx.co.id/StaticData/NewsAndAnnouncement/ANNOUNCEMENTSTOCK/From_EREP/202507/425c8d1e55_0785915093.pdf,Efek Bersifat Ekuitas Dalam Pemantauan Khusus [],,,,,,,
"10 Jul 2025
					15:21:34",https://www.idx.co.id/StaticData/NewsAndAnnouncement/ANNOUNCEMENTSTOCK/From_EREP/202507/314240babd_18c2e5b9ad.pdf,Sanksi atas Penyampaian Laporan Keuangan Interim per 31 Maret 2025 [],,https://www.idx.co.id/StaticData/NewsAndAnnouncement/ANNOUNCEMENTSTOCK/From_EREP/202507/cd90f031ce_138703fc3b.pdf,20250710_Pengumuman Bursa_31913782_lamp1.pdf,,,,
"15 Jul 2025
					15:44:47",https://www.idx.co.id/StaticData/NewsAndAnnouncement/ANNOUNCEMENTSTOCK/From_EREP/202507/260428f29c_c862b4c610.pdf,Perubahan Efek Bersifat Ekuitas Dalam Pemantauan Khusus [],,,,,,,
"15 Jul 2025
					15:58:22",https://www.idx.co.id/StaticData/NewsAndAnnouncement/ANNOUNCEMENTSTOCK/From_EREP/202507/e5994af490_b37b38d2ae.pdf,Pencabutan Efek Bersifat Ekuitas Dari Pemantauan Khusus [],,,,,,,
"15 Jul 2025
					15:59:42",https://www.idx.co.id/StaticData/NewsAndAnnouncement/ANNOUNCEMENTSTOCK/From_EREP/202507/111c641288_594defb431.pdf,Efek Bersifat Ekuitas Dalam Pemantauan Khusus [],,,,,,,
"16 Jul 2025
					10:14:18",https://www.idx.co.id/StaticData/NewsAndAnnouncement/ANNOUNCEMENTSTOCK/From_EREP/202507/0720546341_be8d4e3106.pdf,Kode Efek Waran Terstruktur PT RHB Sekuritas Indonesia (DR) [],,https://www.idx.co.id/StaticData/NewsAndAnnouncement/ANNOUNCEMENTSTOCK/From_EREP/202507/8febd83d3c_fc317db04a.pdf,20250715_Pengumuman Bursa_31914908_lamp1.pdf,,,,
"18 Jul 2025
					17:13:30",https://www.idx.co.id/StaticData/NewsAndAnnouncement/ANNOUNCEMENTSTOCK/From_EREP/202507/391ecc3384_1526fa1f15.pdf,Pencabutan Efek Bersifat Ekuitas Dari Pemantauan Khusus [],,,,,,,
"18 Jul 2025
					18:13:49",https://www.idx.co.id/StaticData/NewsAndAnnouncement/ANNOUNCEMENTSTOCK/From_EREP/202507/f89f290e30_bb93ff7db8.pdf,Kode Efek Waran Terstruktur PT Maybank Sekuritas Indonesia (ZP) [],,https://www.idx.co.id/StaticData/NewsAndAnnouncement/ANNOUNCEMENTSTOCK/From_EREP/202507/6606801db1_f69fdb456c.pdf,20250717_Pengumuman Bursa_31915559_lamp1.pdf,,,,
"18 Jul 2025
					18:37:58",https://www.idx.co.id/StaticData/NewsAndAnnouncement/ANNOUNCEMENTSTOCK/From_EREP/202507/cf5902f552_a1bbb8345b.pdf,Pencabutan Efek Bersifat Ekuitas Dari Pemantauan Khusus [],,,,,,,
"21 Jul 2025
					16:53:58",https://www.idx.co.id/StaticData/NewsAndAnnouncement/ANNOUNCEMENTSTOCK/From_EREP/202507/451d82b116_43e371b802.pdf,Efek Bersifat Ekuitas Dalam Pemantauan Khusus [],,,,,,,
"23 Jul 2025
					17:18:38",https://www.idx.co.id/StaticData/NewsAndAnnouncement/ANNOUNCEMENTSTOCK/From_EREP/202507/36292ca807_d6c743294e.pdf,Efek Bersifat Ekuitas Dalam Pemantauan Khusus [],,,,,,,
"24 Jul 2025
					16:23:20",https://www.idx.co.id/StaticData/NewsAndAnnouncement/ANNOUNCEMENTSTOCK/From_EREP/202507/a4240ec3ea_12dcdae533.pdf,Efek Bersifat Ekuitas Dalam Pemantauan Khusus [],,,,,,,
"24 Jul 2025
					16:24:40",https://www.idx.co.id/StaticData/NewsAndAnnouncement/ANNOUNCEMENTSTOCK/From_EREP/202507/324ea0a063_d18b859397.pdf,Pencabutan Efek Bersifat Ekuitas Dari Pemantauan Khusus [],,,,,,,
"25 Jul 2025
					16:19:39",https://www.idx.co.id/StaticData/NewsAndAnnouncement/ANNOUNCEMENTSTOCK/From_EREP/202507/d72955cafa_4f6b855155.pdf,Efek Bersifat Ekuitas Dalam Pemantauan Khusus [],,,,,,,
"25 Jul 2025
					18:06:50",https://www.idx.co.id/StaticData/NewsAndAnnouncement/ANNOUNCEMENTSTOCK/From_EREP/202507/3bb133b088_512e444f84.pdf,Kode Efek Waran Terstruktur PT Korea Investment and Sekuritas Indonesia (BQ) [],,https://www.idx.co.id/StaticData/NewsAndAnnouncement/ANNOUNCEMENTSTOCK/From_EREP/202507/ef434803ad_797b366d2f.pdf,20250725_Pengumuman Bursa_31917624_lamp1.pdf,,,,
"28 Jul 2025
					13:48:20",https://www.idx.co.id/StaticData/NewsAndAnnouncement/ANNOUNCEMENTSTOCK/From_EREP/202507/f3abe99c60_7be3e08361.pdf,Kode Efek Waran Terstruktur PT Korea Investment and Sekuritas Indonesia (BQ) [],,https://www.idx.co.id/StaticData/NewsAndAnnouncement/ANNOUNCEMENTSTOCK/From_EREP/202507/398aeb6646_b794066d04.pdf,20250725_Pengumuman Bursa_31917621_lamp1.pdf,,,,
"28 Jul 2025
					16:35:58",https://www.idx.co.id/StaticData/NewsAndAnnouncement/ANNOUNCEMENTSTOCK/From_EREP/202507/0c3655cf9b_8c13d0de68.pdf,Kode Efek Waran Terstruktur PT CGS International Sekuritas Indonesia (YU) [],,https://www.idx.co.id/StaticData/NewsAndAnnouncement/ANNOUNCEMENTSTOCK/From_EREP/202507/d21eff4db7_baf80b15cf.pdf,20250725_Pengumuman Bursa_31917629_lamp1.pdf,,,,
"28 Jul 2025
					18:54:36",https://www.idx.co.id/StaticData/NewsAndAnnouncement/ANNOUNCEMENTSTOCK/From_EREP/202507/91e6e9bf4f_82643a7aa3.pdf,Kode Efek Waran Terstruktur PT KGI Sekuritas Indonesia (HD) [],,https://www.idx.co.id/StaticData/NewsAndAnnouncement/ANNOUNCEMENTSTOCK/From_EREP/202507/68e1192f03_2e3f4796cd.pdf,20250725_Pengumuman Bursa_31917626_lamp1.pdf,,,,
"30 Jul 2025
					10:15:22",https://www.idx.co.id/StaticData/NewsAndAnnouncement/ANNOUNCEMENTSTOCK/From_EREP/202507/a52019c1bd_273dbc1bbb.pdf,Penghentian Sementara Perdagangan Efek atas Sanksi Penyampaian Laporan Keuangan Interim per 31 Maret 2025 [],,https://www.idx.co.id/StaticData/NewsAndAnnouncement/ANNOUNCEMENTSTOCK/From_EREP/202507/182a34c5b5_5584946ef7.pdf,20250730_Pengumuman Bursa_31928400_lamp1.pdf,,,,
"30 Jul 2025
					16:34:46",https://www.idx.co.id/StaticData/NewsAndAnnouncement/ANNOUNCEMENTSTOCK/From_EREP/202507/6b674d3bb1_ecf50ddd8c.pdf,Efek Bersifat Ekuitas Dalam Pemantauan Khusus [],,,,,,,
"30 Jul 2025
					17:42:44",https://www.idx.co.id/StaticData/NewsAndAnnouncement/ANNOUNCEMENTSTOCK/From_EREP/202507/81ef3fb094_89d7d9a746.pdf,Pencabutan Efek Bersifat Ekuitas Dari Pemantauan Khusus [],,,,,,,
"30 Jul 2025
					17:45:08",https://www.idx.co.id/StaticData/NewsAndAnnouncement/ANNOUNCEMENTSTOCK/From_EREP/202507/81ef3fb094_89d7d9a746.pdf,Pencabutan Efek Bersifat Ekuitas Dari Pemantauan Khusus [],,,,,,,
"30 Jul 2025
					19:04:44",https://www.idx.co.id/StaticData/NewsAndAnnouncement/ANNOUNCEMENTSTOCK/From_EREP/202507/0269d357c8_302799a922.pdf,Penghentian Sementara Perdagangan Efek [],,https://www.idx.co.id/StaticData/NewsAndAnnouncement/ANNOUNCEMENTSTOCK/From_EREP/202507/4b4003e991_a32aefd678.pdf,20250730_Suspensi dan Pembukaan Suspensi_31928443_lamp1.pdf,,,,
"31 Jul 2025
					11:28:01",https://www.idx.co.id/StaticData/NewsAndAnnouncement/ANNOUNCEMENTSTOCK/From_EREP/202507/6f1b5f97dd_ddc83f1751.pdf,Penghentian Sementara Perdagangan Efek atas Sanksi Pemenuhan Saham Free Float per 30 Juni 2025 [],,https://www.idx.co.id/StaticData/NewsAndAnnouncement/ANNOUNCEMENTSTOCK/From_EREP/202507/eaf03a5fc4_c58519da09.pdf,20250731_Pengumuman Bursa_31928790_lamp1.pdf,,,,
"31 Jul 2025
					16:07:23",https://www.idx.co.id/StaticData/NewsAndAnnouncement/ANNOUNCEMENTSTOCK/From_EREP/202507/2bd5304386_7046036c93.pdf,Efek Bersifat Ekuitas Dalam Pemantauan Khusus [],,,,,,,