text-small,f-m-20,f-m-20 2,d-iblock,d-iblock 2,d-iblock 3,d-iblock 4,d-iblock 5,
"10 Okt 2025
					19:04:12",Laporan Bulanan Registrasi Pemegang Efek [],AADI,20251007_AADI_Laporan Bulanan Registrasi Pemegang Efek/Perubahan Struktur Pemegang Saham_31965104_lamp1.pdf,,,,,"Laporan Bulanan Registrasi Pemegang Efek AADI menunjukkan perubahan saham scripless dari 19,4863% menjadi 18,8104%, penurunan porsi free float dari 19,49% menjadi 18,81% dan penurunan jumlah pemegang saham sejumlah 6.190 pemegang"
"10 Okt 2025
					20:26:45",Laporan Bulanan Aktivitas Eksplorasi [],AADI,,,,,,AADI menyatakan bahwa aktivitas eksplorasi oleh PT Pari Coal berupa pemodelan geologi dan kajian aspek penambangan di area Nyerubungan tanpa mengeluarkan biaya eksplorasi
"31 Okt 2025
					19:19:17",Penyampaian Laporan Keuangan Interim Yang Tidak Diaudit [],AADI,Director Statement AAI 30 September 2025.pdf,FinancialStatement-2025-III-AADI.xlsx,FS Adaro Andalan Indonesia Tbk 30 September 2025.pdf,inlineXBRL.zip,instance.zip,"Laporan keuangan AADI yang tidak diaudit menunjukkan kinerja keuangan solid dengan perolehan laba bersih mencapai 587,32 juta. Sepanjang periode tersebut, penjualan dan pendapatan usaha perseroan tercatat sebesar 3,61 miliar. Selain itu, total aset AADI tercatat mencapai 6,11 miliar pada akhir periode tersebut"
"06 Okt 2025
					16:56:56",Laporan Bulanan Registrasi Pemegang Efek [],ACES,20251006_ACES_Laporan Bulanan Registrasi Pemegang Efek/Perubahan Struktur Pemegang Saham_31964900_lamp1.pdf,,,,,Laporan Bulanan Registrasi Pemegang Efek ACES menunjukkan peningkatan pemegang saham sebanyak 464 pemegang.
"31 Okt 2025
					15:44:08",Penyampaian Laporan Keuangan Interim Yang Tidak Diaudit [],ACES,Checklist LK AHI 3Q25.pdf,Cover Letter LK 3Q25.pdf,FinancialStatement-2025-III-ACES.xlsx,inlineXBRL.zip,instance.zip,"Laporan keuangan ACES yang tidak diaudit menunjukkan kinerja keuangan solid dengan perolehan laba bersih mencapai 476,74 milliar. Sepanjang periode sembilan bulan tersebut, penjualan dan pendapatan usaha perseroan tercatat sebesar 6,23 triliun. Selain itu, total aset ACES mencapai 8,16 triliun pada akhir periode tersebut"
"08 Okt 2025
					16:04:05",Laporan Bulanan Registrasi Pemegang Efek [],ADMR,20251006_ADMR_Laporan Bulanan Registrasi Pemegang Efek/Perubahan Struktur Pemegang Saham_31964876_lamp1.pdf,,,,,Laporan Bulanan Registrasi Pemegang Efek ADMR menunjukkan peningkatan pemegang saham sebanyak 336 pemegang.
"08 Okt 2025
					16:04:48",Laporan Bulanan Aktivitas Eksplorasi [],ADMR,,,,,,ADMR melaporkan bahwa aktivitas eksplorasi oleh PT Maruwai Coal berupa pengeboran open hole dan coring di area East Maruwai dengan total biaya sebesar 5.201.426
"13 Okt 2025
					20:45:58",Penjelasan atas Permintaan Penjelasan Bursa [],ADMR,20251013_ADMR_Tanggapan atas Permintaan Penjelasan Bursa_31967103_lamp1.pdf,,,,,ADMR menyampaikan surat tanggapan kepada PT Bursa Efek Indonesia (BEI) atas surat permintaan penjelasan dari BEI perihal klarifikasi atau penjelasan tertulis dari perseroan
"13 Okt 2025
					20:48:14",Penjelasan atas Volatilitas Transaksi [],ADMR,,,,,,"ADMR memberikan penjelasan kepada PT Bursa Efek Indonesia terkait volatilitas transaksi efek dengan menyatakan tidak ada informasi material, kejadian penting, atau rencana aksi korporasi yang belum diungkapkan kepada publik"
"31 Okt 2025
					17:39:12",Penyampaian Laporan Keuangan Interim Yang Tidak Diaudit [],ADMR,ADMR - Directors Statement 30 Sep 2025.pdf,ADMR - Kenaikan Aset  Liabilitas September 2025.pdf,ADMR - Laporan Keuangan Konsolidasian 30 Sept 2025.pdf,FinancialStatement-2025-III-ADMR.xlsx,inlineXBRL.zip,"Laporan keuangan ADMR yang tidak diaudit menunjukkan kinerja keuangan dengan perolehan laba bersih mencapai 3,36 triliun. Sepanjang periode tersebut, pendapatan usaha perseroan tercatat sebesar 11,26 triliun, sementara total aset ADMR tumbuh dan mencapai 44,21 triliun pada akhir periode tersebut"
"08 Okt 2025
					16:05:13",Laporan Bulanan Registrasi Pemegang Efek [],ADRO,20251007_ADRO_Laporan Bulanan Registrasi Pemegang Efek/Perubahan Struktur Pemegang Saham_31965267_lamp1.pdf,,,,,Laporan Bulanan Registrasi Pemegang Efek ADRO menunjukkan peningkatan pemegang saham sebanyak 10.664 pemegang
"09 Okt 2025
					16:03:36",Laporan Bulanan Aktivitas Eksplorasi [],ADRO,,,,,,ADRO melaporkan bahwa aktivitas eksplorasi oleh PT Maruwai Coal berupa pengeboran open hole dan coring di area East Maruwai dengan total biaya dikeluarkan sebesar 5.201.426
"14 Okt 2025
					21:19:52",Penjelasan atas Pemberitaan Media Massa [],ADRO,,,,,,"ADRO menyampaikan penjelasan kepada PT Bursa Efek Indonesia terkait pemberitaan media massa mengenai dugaan penjualan BBM solar di bawah harga pasar, dengan menyatakan bahwa transaksi dilakukan anak usaha melalui tender kompetitif berpatokan MOPS serta menegaskan tidak ada dampak terhadap operasional, hukum, maupun kinerja keuangan perseroan"
"17 Okt 2025
					22:27:59",Laporan Kepemilikan atau Setiap Perubahan Kepemilikan Saham Perusahaan Terbuka [],ADRO,20251017_ADRO_Laporan Kepemilikan atau Setiap Perubahan Kepemilikan Saham Perusahaan Terbuka_31968069_lamp1.pdf,,,,,"ADRO melaporkan perubahan kepemilikan saham oleh PT Alamtri Resources Indonesia Tbk yang membeli sejumlah 0,565% saham ADMR untuk investasi tambahan"
"31 Okt 2025
					16:28:15",Penyampaian Laporan Keuangan Interim Yang Tidak Diaudit [],ADRO,FinancialStatement-2025-III-ADRO.xlsx,FS AlamTri 0925.pdf,inlineXBRL.zip,instance.zip,,"Laporan keuangan ADRO yang tidak diaudit menunjukkan kinerja keuangan yang baik dengan perolehan laba bersih mencapai 5,03 triliun. Sepanjang periode sembilan bulan tersebut, pendapatan usaha perseroan tercatat sebesar 22,49 triliun, sementara total aset ADRO mencapai 110,01 triliun"
"09 Okt 2025
					19:40:39",Laporan Bulanan Registrasi Pemegang Efek [],AKRA,20251009_AKRA_Laporan Bulanan Registrasi Pemegang Efek/Perubahan Struktur Pemegang Saham_31966455_lamp1.pdf,,,,,Laporan Bulanan Registrasi Pemegang Efek AKRA menunjukkan peningkatan pemegang saham sebanyak 444 pemegang
"23 Okt 2025
					10:17:50",Penyampaian Laporan Keuangan Interim Yang Tidak Diaudit [],AKRA,FinancialStatement-2025-III-AKRA.xlsx,inlineXBRL.zip,instance.zip,PT AKR Corporindo Tbk. 30 September 2025_release.pdf,surat akra no.076.L.AKR.CS.2025.pdf,"Laporan keuangan AKRA yang tidak diaudit menunjukkan kinerja keuangan solid dengan perolehan laba bersih mencapai 1,84 triliun. Sepanjang periode tersebut, penjualan dan pendapatan usaha perseroan tercatat sebesar 32,39 triliun. Selain itu, total aset AKRA tumbuh dan mencapai 33,72 triliun pada akhir periode tersebut"
"27 Okt 2025
					17:23:50",Penurunan Modal PT Jakarta Tank Terminal [],AKRA,20251027_AKRA_Laporan Informasi dan Fakta Material_31979925_lamp1.pdf,,,,,"AKRA melaporkan fakta material terkait penandatanganan akta penurunan modal ditempatkan dan disetor oleh anak perusahaannya, PT Jakarta Tank Terminal"
"28 Okt 2025
					13:36:32",Peningkatan Modal PT Anugerah Krida Retailindo [],AKRA,20251028_AKRA_Laporan Informasi dan Fakta Material_31980061_lamp1.pdf,,,,,"AKRA melaporkan fakta material terkait penandatanganan akta peningkatan modal ditempatkan dan disetor oleh anak perusahaannya, PT Anugerah Krida Retailindo"
"02 Okt 2025
					16:41:42",Laporan Kepemilikan atau Setiap Perubahan Kepemilikan Saham Perusahaan Terbuka [],AMMN,20251002_AMMN_Laporan Kepemilikan atau Setiap Perubahan Kepemilikan Saham Perusahaan Terbuka_31953894_lamp1.pdf,,,,,"AMMN melaporkan perubahan kepemilikan saham oleh komisaris yang menjual sejumlah 0,014% saham untuk investasi pribadi"
"03 Okt 2025
					21:31:57",Laporan Kepemilikan atau Setiap Perubahan Kepemilikan Saham Perusahaan Terbuka [],AMMN,20251003_AMMN_Laporan Kepemilikan atau Setiap Perubahan Kepemilikan Saham Perusahaan Terbuka_31954189_lamp1.pdf,,,,,"AMMN melaporkan perubahan kepemilikan saham oleh komisaris yang menjual sejumlah 0,062% saham untuk investasi pribadi"
"10 Okt 2025
					16:01:42",Laporan Bulanan Registrasi Pemegang Efek [],AMMN,20251008_AMMN_Laporan Bulanan Registrasi Pemegang Efek/Perubahan Struktur Pemegang Saham_31965863_lamp1.pdf,20251008_AMMN_Laporan Bulanan Registrasi Pemegang Efek/Perubahan Struktur Pemegang Saham_31965863_lamp2.pdf,,,,"Laporan Bulanan Registrasi Pemegang Efek AMMN menunjukkan penurunan porsi saham scripless dari 18,759% menjadi 18,507% serta penurunan porsi free float dari 18,76% menjadi 18,51%"
"10 Okt 2025
					16:24:12",Laporan Bulanan Aktivitas Eksplorasi [],AMMN,20251010_AMMN_Laporan Bulanan Aktivitas Eksplorasi_31966635_lamp1.pdf,20251010_AMMN_Laporan Bulanan Aktivitas Eksplorasi_31966635_lamp2.pdf,,,,"AMMN melaporkan bahwa aktivitas eksplorasi oleh PT Amman Mineral Nusa Tenggara berupa pengeboran inti sumber daya, pengeboran eksplorasi, pengeboran sterilisasi, pemetaan geologi, pengambilan sampel geokimia, serta pemetaan alterasi di Blok II Elang dengan biaya 2.339.305,83, serta pengambilan data survei IP dan pemetaan geologi di Blok III Rinti dengan biaya 351.862,43"
"20 Okt 2025
					16:30:23",Penjelasan atas Pemberitaan Media Massa [],AMMN,20251020_AMMN_Tanggapan atas Permintaan Penjelasan Bursa_31978464_lamp1.pdf,,,,,"AMMN menyampaikan penjelasan kepada PT Bursa Efek Indonesia terkait pemberitaan media massa mengenai transaksi saham bernilai besar, dengan menyatakan belum dapat mengonfirmasi kebenarannya hingga menerima salinan Daftar Pemegang Saham resmi namun memastikan tidak ada anggota direksi atau komisaris yang melakukan transaksi saham tersebut"
"22 Okt 2025
					15:09:52",Penjelasan atas Pemberitaan Media Massa (KOREKSI) [],AMMN,20251022_AMMN_Tanggapan atas Permintaan Penjelasan Bursa_31978996_lamp1.pdf,,,,,"AMMN menyampaikan koreksi klarifikasi kepada PT Bursa Efek Indonesia terkait pemberitaan media massa mengenai transaksi saham jumbo, dengan menginformasikan adanya pengalihan 0,097% saham oleh beberapa pemegang saham di bawah 5% serta menegaskan tidak ada keterlibatan direksi maupun komisaris dalam transaksi tersebut"
"27 Okt 2025
					16:17:49",Penjelasan atas Pemberitaan Media Massa [],AMMN,20251027_AMMN_Tanggapan atas Permintaan Penjelasan Bursa_31979830_lamp1.pdf,,,,,"AMMN menyampaikan klarifikasi kepada PT Bursa Efek Indonesia membenarkan pemberitaan media massa mengenai izin ekspor konsentrat entitas anak perseroan, PT Amman Mineral Nusa Tenggara, yang hingga saat ini belum diterbitkan oleh Menteri Perdagangan Republik Indonesia"
"30 Okt 2025
					11:57:33",Penyampaian Laporan Keuangan Interim Yang Tidak Diaudit [],AMMN,AMMN - Penyampaian Laporan Keuangan Q325.pdf,FinancialStatement-2025-III-AMMN.xlsx,FS PT AMMN Tbk - 30 September 2025.pdf,inlineXBRL.zip,instance.zip,"Laporan keuangan AMMN yang tidak diaudit menunjukkan kinerja keuangan yang tertekan dengan mencatatkan rugi bersih sebesar 2,82 triliun. Sepanjang periode tersebut, penjualan dan pendapatan usaha perseroan tercatat sebesar 8,62 triliun, sementara total aset AMMN mencapai 202,60 triliun"
"30 Okt 2025
					12:10:53",Hasil Kinerja 9M 2025 AMMAN [],AMMN,20251030_AMMN_Laporan Informasi dan Fakta Material_31980692_lamp1.pdf,20251030_AMMN_Laporan Informasi dan Fakta Material_31980692_lamp2.pdf,,,,AMMN melaporkan fakta material terkait penyampaian siaran pers mengenai hasil kinerja keuangan perseroan untuk periode sembilan bulan tahun 
"06 Okt 2025
					15:42:35",Laporan Kepemilikan Saham [],AMRT,20251006_AMRT_Pengumuman Bursa_31964671_lamp1.pdf,,,,,"AMRT menyampaikan laporan perubahan kepemilikan saham oleh Morgan Stanley & Co. International plc yang melakukan pembelian 109.800 saham dan penjualan 43.234.308 saham untuk tujuan investasi sehingga kepemilikan sahamnya menjadi 8,9048%"
"07 Okt 2025
					09:56:10",Laporan Bulanan Registrasi Pemegang Efek [],AMRT,,,,,,"Laporan Bulanan Registrasi Pemegang Efek AMRT menunjukkan penurunan porsi free float dari 42,5% menjadi 42,41%"
"31 Okt 2025
					16:25:25",Penyampaian Laporan Keuangan Interim Yang Tidak Diaudit [],AMRT,022_OJK_Penyampaian Laporan Keuangan Q3 2025.pdf,AMRT LK Q3 2025.pdf,FinancialStatement-2025-III-AMRT.xlsx,inlineXBRL.zip,instance.zip,"Laporan keuangan AMRT yang tidak diaudit menunjukkan kinerja keuangan solid dengan perolehan laba bersih mencapai 2.420,88 miliar. Selama periode tersebut, penjualan dan pendapatan usaha perseroan tercatat sebesar 94.475,92 miliar. Selain itu, total aset AMRT tumbuh dan mencapai 40.020,78 miliar pada akhir periode tersebut"
"01 Okt 2025
					05:40:57",Transaksi Afiliasi [],ANTM,20251001_ANTM_Informasi Transaksi Afiliasi_31953443_lamp1.pdf,,,,,"ANTM melaporkan transaksi afiliasi dengan entitas afiliasi minoritasnya, PT Feni Haltim, senilai 159.642.000"
"03 Okt 2025
					16:29:01",Perubahan Corporate Secretary [],ANTM,20251003_ANTM_Perubahan Corsec Komite Audit Alamat NPWP Internal Audit_31954321_lamp1.pdf,,,,,ANTM melaporkan perubahan corporate secretary yang efektif pada tanggal pemberitahuan
"07 Okt 2025
					20:34:47",Laporan Kepemilikan atau Setiap Perubahan Kepemilikan Saham Perusahaan Terbuka [],ANTM,20251007_ANTM_Laporan Kepemilikan atau Setiap Perubahan Kepemilikan Saham Perusahaan Terbuka_31965557_lamp2.pdf,20251007_ANTM_Laporan Kepemilikan atau Setiap Perubahan Kepemilikan Saham Perusahaan Terbuka_31965557_lamp1.pdf,,,,"ANTM melaporkan perubahan kepemilikan saham oleh direksi yang membeli sejumlah 0,0000012% saham untuk trading/pembelian"
"08 Okt 2025
					09:28:43",Laporan Bulanan Registrasi Pemegang Efek [],ANTM,20251008_ANTM_Laporan Bulanan Registrasi Pemegang Efek/Perubahan Struktur Pemegang Saham_31965617_lamp1.pdf,,,,,Laporan Bulanan Registrasi Pemegang Efek ANTM menunjukkan peningkatan pemegang saham sebanyak 983 pemegang
"10 Okt 2025
					15:53:36",Laporan Bulanan Aktivitas Eksplorasi [],ANTM,20251010_ANTM_Laporan Bulanan Aktivitas Eksplorasi_31966768_lamp1.pdf,20251010_ANTM_Laporan Bulanan Aktivitas Eksplorasi_31966768_lamp2.pdf,,,,ANTM melaporkan bahwa aktivitas eksplorasi oleh PT Aneka Tambang Tbk mencakup area terlampir dengan rincian hasil dan metode pengujian terlampir serta mengeluarkan biaya sebesar 176.946.064.278
"14 Okt 2025
					18:36:20",Penjelasan atas Pemberitaan Media Massa [],ANTM,20251014_ANTM_Tanggapan atas Permintaan Penjelasan Bursa_31967452_lamp2.pdf,20251014_ANTM_Tanggapan atas Permintaan Penjelasan Bursa_31967452_lamp1.pdf,,,,"ANTM menyampaikan surat tanggapan kepada PT Bursa Efek Indonesia terkait permintaan klarifikasi atas pemberitaan media massa mengenai penjualan solar di bawah harga pasar, dengan melampirkan dokumen penjelasan resmi dari perseroan"
"20 Okt 2025
					20:12:34",Penyampaian Materi pada Acara Indonesia Day [],ANTM,20251020_ANTM_Laporan Informasi dan Fakta Material_31978574_lamp1.pdf,20251020_ANTM_Laporan Informasi dan Fakta Material_31978574_lamp2.pdf,,,,ANTM melaporkan fakta material terkait penyampaian materi presentasi investor dalam acara Indonesia Day 
"21 Okt 2025
					18:59:16",Penjelasan atas Pemberitaan Media Massa [],ANTM,20251021_ANTM_Tanggapan atas Permintaan Penjelasan Bursa_31978847_lamp2.pdf,20251021_ANTM_Tanggapan atas Permintaan Penjelasan Bursa_31978847_lamp1.pdf,,,,"ANTM menyampaikan surat penjelasan kepada PT Bursa Efek Indonesia terkait permintaan klarifikasi atas pemberitaan media massa mengenai pemanggilan mantan direksi dan pejabat perseroan oleh KPK dalam kasus dugaan korupsi pengolahan anoda logam dengan tersangka korporasi PT Loco Montrado, dengan melampirkan dokumen penjelasan resmi dari perseroan"
"27 Okt 2025
					21:33:48",Penyampaian Laporan Keuangan Interim Yang Tidak Diaudit [],ANTM,5101 - OJK - Penyampaian Laporan Keuangan 3Q25.pdf,5102 - IDX- Penyampaian Laporan Keuangan 3Q25.pdf,ANTAM FINAL FS Q3 2025.pdf,FinancialStatement-2025-III-ANTM.xlsx,inlineXBRL.zip,"Laporan keuangan ANTM yang tidak diaudit menunjukkan kinerja keuangan solid dengan perolehan laba bersih mencapai Rp6,61 triliun. Sepanjang periode sembilan bulan tersebut, penjualan dan pendapatan usaha perseroan tercatat sebesar Rp72,03 triliun. Selain itu, total aset Aneka Tambang Tbk. tumbuh dan mencapai Rp48,07 triliun "
"27 Okt 2025
					21:39:46",Laba ANTAM Melonjak Signifikan 197% Pada Sembilan Bulan Pertama Tahun Ini [],ANTM,20251027_ANTM_Laporan Informasi dan Fakta Material_31979970_lamp1.pdf,20251027_ANTM_Laporan Informasi dan Fakta Material_31979970_lamp2.pdf,,,,ANTM melaporkan fakta material terkait penyampaian siaran pers mengenai lonjakan laba perseroan yang signifikan sebesar 197% pada sembilan bulan pertama 
"27 Okt 2025
					21:47:15",Penyampaian Laporan Kuartalan Periode Triwulan III Tahun Ini [],ANTM,20251027_ANTM_Laporan Informasi dan Fakta Material_31979972_lamp1.pdf,20251027_ANTM_Laporan Informasi dan Fakta Material_31979972_lamp2.pdf,,,,ANTM melaporkan fakta material terkait penyampaian Laporan Kuartalan perseroan untuk periode triwulan III tahun 
"28 Okt 2025
					16:32:28",ANTAM dan PT Gag Nikel Raih Penghargaan di Subroto Award [],ANTM,20251028_ANTM_Laporan Informasi dan Fakta Material_31980182_lamp2.pdf,20251028_ANTM_Laporan Informasi dan Fakta Material_31980182_lamp1.pdf,,,,"ANTM melaporkan fakta material terkait penyampaian siaran pers mengenai raihan penghargaan Subroto Award oleh perseroan dan anak perusahaannya, PT Gag Nikel"
"30 Okt 2025
					16:31:54",ANTAM - BRIN Tandatangani Nota Kesepahaman untuk Tingkatkan Kualitas Sumber Daya Alam [],ANTM,20251030_ANTM_Laporan Informasi dan Fakta Material_31980871_lamp1.pdf,20251030_ANTM_Laporan Informasi dan Fakta Material_31980871_lamp2.pdf,,,,ANTM melaporkan fakta material terkait penyampaian siaran pers mengenai penandatanganan Nota Kesepahaman antara perseroan dengan Badan Riset dan Inovasi Nasional untuk meningkatkan kualitas sumber daya alam
"09 Okt 2025
					09:59:26",Laporan Bulanan Registrasi Pemegang Efek [],ARTO,20251008_ARTO_Laporan Bulanan Registrasi Pemegang Efek/Perubahan Struktur Pemegang Saham_31965829_lamp1.pdf,20251008_ARTO_Laporan Bulanan Registrasi Pemegang Efek/Perubahan Struktur Pemegang Saham_31965829_lamp2.pdf,,,,Laporan Bulanan Registrasi Pemegang Efek ARTO menunjukkan penurunan pemegang saham sebanyak 331 pemegang
"29 Okt 2025
					15:33:51",Penyampaian Laporan Keuangan Interim Yang Tidak Diaudit [],ARTO,Bapepam Checklist 30 September 2025_signed.pdf,FINAL_Dirstat 300925.pdf,FINAL_LKFS_PT Bank Jago Tbk_300925 (combined).pdf,FinancialStatement-2025-III-ARTO.xlsx,inlineXBRL.zip,"Laporan keuangan ARTO yang tidak diaudit menunjukkan kinerja keuangan yang tumbuh positif dengan perolehan laba bersih mencapai Rp199,13 miliar pada sembilan bulan pertama tahun tersebut. Sepanjang periode tersebut, pendapatan bunga perseroan tercatat sebesar Rp2,47 triliun, sementara total asetnya mencapai Rp34,50 triliun pada akhir periode tersebut"
"29 Okt 2025
					15:39:49",Siaran Pers [],ARTO,20251029_ARTO_Laporan Informasi dan Fakta Material_31980503_lamp3.pdf,20251029_ARTO_Laporan Informasi dan Fakta Material_31980503_lamp1.pdf,20251029_ARTO_Laporan Informasi dan Fakta Material_31980503_lamp2.pdf,,,ARTO melaporkan fakta material terkait penyampaian siaran pers mengenai keberhasilan perseroan dalam mempertahankan laju pertumbuhan kinerja hingga kuartal III
"30 Okt 2025
					09:20:52",Penyampaian Bukti Iklan Informasi Laporan Keuangan Interim [],ARTO,20251029_ARTO_Penyampaian Bukti Iklan_31980517_lamp2.pdf,20251029_ARTO_Penyampaian Bukti Iklan_31980517_lamp1.pdf,,,,ARTO menyampaikan penyampaian bukti iklan atas Informasi Laporan Keuangan Interim perseroan yang dipublikasikan melalui situs web resmi perusahaan
"01 Okt 2025
					08:21:21","Penyelesaian Transaksi Pembelian 83,67% Saham PT Mega Manunggal Property Tbk oleh PT Saka Industrial Arjaya []",ASII,20251001_ASII_Laporan Informasi dan Fakta Material_31953444_lamp1.pdf,,,,,"ASII melaporkan fakta material terkait penyelesaian transaksi pembelian 83,67% saham PT Mega Manunggal Property Tbk oleh anak perusahaannya, PT Saka Industrial Arjaya"
"03 Okt 2025
					17:09:40",Jadwal Dividen Tunai Interim [],ASII,20251003_ASII_Jadwal Aksi Korporasi (Khusus Penyampaian Dividen Interim)_31954126_lamp1.pdf,,,,,ASII melaporkan rencana pembagian dividen tunai interim 
"03 Okt 2025
					17:10:29",Pembagian dividen interim [],ASII,20251003_ASII_Laporan Informasi dan Fakta Material_31954256_lamp1.pdf,,,,,ASII melaporkan fakta material terkait rencana pembagian dividen interim perseroan 
"08 Okt 2025
					16:33:26",Laporan Bulanan Registrasi Pemegang Efek [],ASII,20251003_ASII_Laporan Bulanan Registrasi Pemegang Efek/Perubahan Struktur Pemegang Saham_31954150_lamp1.pdf,,,,,Laporan Bulanan Registrasi Pemegang Efek ASII menunjukkan penurunan pemegang saham sebanyak 10.211 pemegang
"13 Okt 2025
					18:56:11",Pemberitahuan Rencana Rapat Umum Pemegang Saham Luar Biasa [],ASII,20251013_ASII_Pengumuman RUPS_31966979_lamp1.pdf,20251013_ASII_Pengumuman RUPS_31966979_lamp2.pdf,,,,ASII menginformasikan rencana RUPSLB (Rapat Umum Pemegang Saham Luar Biasa) yang akan dilaksanakan pada bulan depan
"13 Okt 2025
					19:12:17",Pengunduran Diri Anggota Dewan Komisaris dan Direksi Perseroan [],ASII,20251013_ASII_Laporan Informasi dan Fakta Material_31967137_lamp1.pdf,,,,,ASII melaporkan fakta material terkait penerimaan surat pengunduran diri dari dua anggota Dewan Komisaris dan satu anggota Direksi perseroan
"28 Okt 2025
					16:39:24",Pemanggilan Rapat Umum Pemegang Saham Luar Biasa [],ASII,20251028_ASII_Pemanggilan RUPS_31980132_lamp3.pdf,20251028_ASII_Pemanggilan RUPS_31980132_lamp1.pdf,20251028_ASII_Pemanggilan RUPS_31980132_lamp2.pdf,,,ASII menyampaikan pemanggilan Rapat Umum Pemegang Saham Luar Biasa dengan agenda perubahan susunan anggota Dewan Komisaris dan Direksi perseroan
"31 Okt 2025
					16:02:04",Penyampaian Laporan Keuangan Interim Yang Tidak Diaudit [],ASII,Astra Account September 2025.pdf,FinancialStatement-2025-III-ASII.xlsx,inlineXBRL.zip,instance.zip,LACC- 245 - Report to OJK 0925.pdf,"Laporan keuangan ASII yang tidak diaudit menunjukkan kinerja keuangan solid dengan perolehan laba bersih mencapai 24,47 triliun. Sepanjang periode sembilan bulan tersebut, pendapatan perseroan tercatat sebesar 243,61 triliun. Selain itu, total aset Astra International Tbk tumbuh dan mencapai 505,44 triliun"
"31 Okt 2025
					17:23:07",Penyampaian Laporan Keuangan [],ASII,20251031_ASII_Laporan Informasi dan Fakta Material_31981265_lamp2.pdf,20251031_ASII_Laporan Informasi dan Fakta Material_31981265_lamp1.pdf,20251031_ASII_Laporan Informasi dan Fakta Material_31981265_lamp3.pdf,,,ASII menyampaikan laporan keuangan konsolidasian tidak diaudit untuk periode kuartal III 
"31 Okt 2025
					17:40:46",Rencana Pembelian Kembali Saham dalam Kondisi Pasar Yang Berfluktuasi Secara Signifikan  [],ASII,20251031_ASII_Laporan Informasi dan Fakta Material_31981228_lamp1.pdf,20251031_ASII_Laporan Informasi dan Fakta Material_31981228_lamp2.pdf,,,,ASII melaporkan fakta material terkait rencana pembelian kembali saham perseroan dalam kondisi pasar yang berfluktuasi secara signifikan
"03 Okt 2025
					16:13:27",Laporan Bulanan Registrasi Pemegang Efek [],BBCA,,,,,,Laporan Bulanan Registrasi Pemegang Efek BBCA menunjukkan kenaikan jumlah pemegang saham sebanyak 89.259 pemegang
"06 Okt 2025
					16:59:51",Laporan Kepemilikan atau Setiap Perubahan Kepemilikan Saham Perusahaan Terbuka [],BBCA,20251006_BBCA_Laporan Kepemilikan atau Setiap Perubahan Kepemilikan Saham Perusahaan Terbuka_31964775_lamp1.pdf,,,,,"BBCA melaporkan perubahan kepemilikan saham oleh direksi yang membeli sejumlah 0,003% saham untuk investasi"
"20 Okt 2025
					16:21:17",Rencana Pembelian Kembali Saham dalam Kondisi Pasar yang Berfluktuasi secara Signifikan [],BBCA,20251020_BBCA_Laporan Informasi dan Fakta Material_31978494_lamp2.pdf,20251020_BBCA_Laporan Informasi dan Fakta Material_31978494_lamp1.pdf,,,,BBCA melaporkan fakta material terkait rencana pembelian kembali saham perseroan dalam kondisi pasar yang berfluktuasi secara signifikan
"20 Okt 2025
					16:36:02",Penyampaian Laporan Keuangan Interim Yang Tidak Diaudit [],BBCA,FinancialStatement-2025-III-BBCA.xlsx,inlineXBRL.zip,,,,"Laporan keuangan BBCA yang tidak diaudit menunjukkan kinerja keuangan solid dengan perolehan laba bersih mencapai Rp43,41 triliun. Sepanjang periode tersebut, pendapatan bunga perseroan tercatat sebesar Rp73,99 triliun. Selain itu, total aset BCA tumbuh dan mencapai Rp1.538,50 triliun pada akhir periode tersebut"
"20 Okt 2025
					18:19:35",Penyampaian Materi pada Acara Indonesia Day [],BBCA,20251020_BBCA_Laporan Informasi dan Fakta Material_31978562_lamp2.pdf,20251020_BBCA_Laporan Informasi dan Fakta Material_31978562_lamp1.pdf,,,,BBCA melaporkan fakta material terkait penyampaian materi presentasi perseroan pada acara Indonesia Day yang diselenggarakan di Singapura
"20 Okt 2025
					18:24:52","Penyampaian Press Release terkait Informasi Ringkasan Kinerja Keuangan Kuartal III (unaudited) PT Bank Central Asia Tbk (""Perseroan"") []",BBCA,20251020_BBCA_Laporan Informasi dan Fakta Material_31978564_lamp2.pdf,20251020_BBCA_Laporan Informasi dan Fakta Material_31978564_lamp1.pdf,,,,BBCA melaporkan fakta material terkait penyampaian siaran pers mengenai ringkasan kinerja keuangan tidak diaudit perseroan untuk kuartal III 
"21 Okt 2025
					16:23:09",Penyampaian Bukti Iklan Informasi Laporan Keuangan Interim [],BBCA,20251021_BBCA_Penyampaian Bukti Iklan_31978624_lamp2.pdf,20251021_BBCA_Penyampaian Bukti Iklan_31978624_lamp1.pdf,,,,BBCA menyampaikan penyampaian bukti iklan atas Informasi Laporan Keuangan Interim perseroan untuk posisi kuartal III yang dipublikasikan melalui situs web resmi perusahaan dan Bursa Efek Indonesia
"08 Okt 2025
					16:43:35",Laporan Bulanan Registrasi Pemegang Efek [],BBNI,20251008_BBNI_Laporan Bulanan Registrasi Pemegang Efek/Perubahan Struktur Pemegang Saham_31965849_lamp1.pdf,,,,,"Laporan Bulanan Registrasi Pemegang Efek BBNI menunjukkan penurunan free float dari 39,44% menjadi 39,4% dan kenaikan jumlah pemegang saham sebanyak 6.569 pemegang"
"10 Okt 2025
					18:25:45",Berakhirnya Jabatan Anggota Dewan Komisaris Perseroan [],BBNI,20251010_BBNI_Laporan Informasi dan Fakta Material_31966877_lamp1.pdf,,,,,BBNI melaporkan terkait berakhirnya masa jabatan anggota Dewan Komisaris perseroan
"16 Okt 2025
					19:10:54",Laporan Tanggal Efektif Pengangkatan Anggota Dewan Komisaris PT Bank Negara Indonesia (Persero) Tbk [],BBNI,20251016_BBNI_Laporan Informasi dan Fakta Material_31967994_lamp1.pdf,,,,,BBNI melaporkan terkait tanggal efektif pengangkatan anggota Dewan Komisaris perseroan
"24 Okt 2025
					09:21:12",Penyampaian Laporan Keuangan Interim Yang Tidak Diaudit [],BBNI,Ceklist LFR_30 Sept 2025_Optimized.pdf,FinancialStatement-2025-III-BBNI.xlsx,inlineXBRL.zip,instance.zip,LKFS BNI_Bilingual_30_Sep_2025_Released.pdf,"Laporan keuangan BBNI yang tidak diaudit menunjukkan kinerja keuangan solid dengan perolehan laba bersih mencapai Rp15,23 triliun. Sepanjang periode tersebut, pendapatan bunga perseroan tercatat sebesar Rp51,17 triliun. Selain itu, total aset BNI tumbuh dan mencapai Rp1.269,49 triliun pada akhir periode tersebut"
"24 Okt 2025
					16:44:32",Penyampaian Bukti Iklan Informasi Laporan Keuangan Interim [],BBNI,20251024_BBNI_Penyampaian Bukti Iklan_31979573_lamp1.pdf,,,,,BBNI menyampaikan bukti iklan publikasi laporan keuangan interim yang telah dimuat di media cetak dan situs web resmi
"24 Okt 2025
					16:48:27",Perseroan menyelenggarakan Earnings Call Kinerja [],BBNI,20251024_BBNI_Laporan Informasi dan Fakta Material_31979533_lamp1.pdf,,,,,BBNI melaporkan fakta material terkait penyelenggaraan earnings call atas kinerja keuangan perseroan posisi kuartal ketiga
"10 Okt 2025
					17:32:19",Laporan Bulanan Registrasi Pemegang Efek [],BBRI,20251010_BBRI_Laporan Bulanan Registrasi Pemegang Efek/Perubahan Struktur Pemegang Saham_31966723_lamp1.pdf,,,,,Laporan Bulanan Registrasi Pemegang Efek BBRI menunjukkan penurunan pemegang saham sebanyak 7.988 pemegang
"16 Okt 2025
					19:01:15",Jatuh Tempo Obligasi / Sukuk Korporasi [],BBRI,20251016_BBRI_Pengumuman Jatuh Tempo Obligasi dan Sukuk_31967861_lamp1.pdf,,,,,BBRI mengumumkan penghentian pencatatan dan perdagangan Obligasi Berwawasan Lingkungan Berkelanjutan I Tahap II Seri B di Bursa Efek Indonesia sehubungan dengan tanggal jatuh tempo
"30 Okt 2025
					18:17:07",Penyampaian Materi Kinerja Keuangan BRI Triwulan III [],BBRI,20251030_BBRI_Laporan Informasi dan Fakta Material_31980945_lamp1.pdf,,,,,BBRI melaporkan fakta material terkait penyampaian materi pemaparan kinerja keuangan perseroan untuk triwulan ketiga
"30 Okt 2025
					18:17:38",Penyampaian Laporan Keuangan Interim Yang Tidak Diaudit [],BBRI,BEI.pdf,BRI_Billingual_Konsol_30 September 2025 Released.pdf,Checklist Bapepam September 2025.pdf,FinancialStatement-2025-III-BBRI.xlsx,inlineXBRL.zip,"Laporan keuangan BBRI yang tidak diaudit menunjukkan kinerja keuangan solid dengan perolehan laba bersih mencapai 40,78 triliun. Sepanjang periode tersebut, pendapatan bunga perseroan tercatat sebesar 155,16 triliun. Selain itu, total aset BBRI tumbuh dan mencapai 2.123,45 triliun pada akhir periode tersebut"
"31 Okt 2025
					17:26:28",Penyampaian Bukti Iklan Informasi Laporan Keuangan Interim [],BBRI,20251031_BBRI_Penyampaian Bukti Iklan_31981207_lamp5.pdf,20251031_BBRI_Penyampaian Bukti Iklan_31981207_lamp4.pdf,20251031_BBRI_Penyampaian Bukti Iklan_31981207_lamp1.pdf,20251031_BBRI_Penyampaian Bukti Iklan_31981207_lamp3.pdf,20251031_BBRI_Penyampaian Bukti Iklan_31981207_lamp7.pdf,BBRI menyampaikan bukti iklan publikasi informasi Laporan Keuangan Konsolidasian yang telah diiklankan di beberapa media cetak nasional serta situs web resmi
"31 Okt 2025
					17:30:23",Laporan Kesiapan Dana Pelunasan MTN Bank BRI Seri B [],BBRI,20251031_BBRI_Laporan Informasi dan Fakta Material_31981282_lamp1.pdf,,,,,BBRI melaporkan kesiapan dana sebesar Rp3.000.000.000.000 yang ditempatkan pada High Quality Liquid Asset untuk pelunasan pokok Medium Term Notes Seri B yang tidak memberikan dampak material negatif terhadap likuiditas maupun kelangsungan usaha perseroan
"09 Okt 2025
					17:01:24",Laporan Bulanan Registrasi Pemegang Efek [],BBTN,20251008_BBTN_Laporan Bulanan Registrasi Pemegang Efek/Perubahan Struktur Pemegang Saham_31965712_lamp1.pdf,,,,,Laporan Bulanan Registrasi Pemegang Efek BBTN menunjukkan peningkatan pemegang saham sebanyak 5.306 pemegang
"10 Okt 2025
					08:15:45",Pemberitahuan Rencana Rapat Umum Pemegang Saham Luar Biasa [],BBTN,20251010_BBTN_Pengumuman RUPS_31966499_lamp1.pdf,,,,,BBTN menyampaikan pemberitahuan terkait rencana penyelenggaraan Rapat Umum Pemegang Saham Luar Biasa yang dijadwalkan pada bulan depan
"13 Okt 2025
					16:36:45",Penyampaian Bukti Iklan Pemberitahuan RUPS [],BBTN,20251010_BBTN_Penyampaian Bukti Iklan_31966615_lamp1.pdf,,,,,"BBTN menyampaikan bukti iklan pemberitahuan Rapat Umum Pemegang Saham Luar Biasa perseroan yang telah dipublikasikan melalui situs web resmi perusahaan, Bursa Efek Indonesia, dan KSEI"
"20 Okt 2025
					21:14:18",Laporan Hasil Pemeringkatan Pemeringkatan Tahunan [],BBTN,20251020_BBTN_Laporan Hasil Pemeringkatan_31978503_lamp1.pdf,,,,,BBTN melaporkan hasil pemeringkatan tahunan atas instrumen obligasi perseroan dari Fitch Ratings Indonesia dengan peringkat AAA(idn) serta prospek stabil
"23 Okt 2025
					19:40:02",Penyampaian Materi Analyst Meeting PT Bank Tabungan Negara (Persero) Tbk per September [],BBTN,20251023_BBTN_Laporan Informasi dan Fakta Material_31979365_lamp1.pdf,,,,,BBTN melaporkan fakta material terkait penyampaian materi analyst meeting perseroan untuk kinerja keuangan posisi kuartal ketiga
"24 Okt 2025
					21:18:39",Penyampaian Laporan Keuangan Interim Yang Tidak Diaudit [],BBTN,1803.DIR.CSD.X.2025.pdf,btn_billingual_30_september_25_released.pdf,Checklist BBTN 30 September 2025.pdf,FinancialStatement-2025-III-BBTN.xlsx,inlineXBRL.zip,"Laporan keuangan BBTN yang tidak diaudit menunjukkan kinerja keuangan solid dengan perolehan laba bersih mencapai Rp2,30 triliun. Sepanjang periode tersebut, pendapatan bunga perseroan tercatat sebesar Rp23,27 triliun. Selain itu, total aset BTN tumbuh dan mencapai Rp510,86 triliun pada akhir periode tersebut"
"24 Okt 2025
					21:35:55",Penyampaian Bukti Iklan Informasi Laporan Keuangan Interim [],BBTN,20251024_BBTN_Penyampaian Bukti Iklan_31979661_lamp2.pdf,20251024_BBTN_Penyampaian Bukti Iklan_31979661_lamp1.pdf,,,,BBTN menyampaikan bukti iklan atas Informasi Laporan Keuangan Interim perseroan untuk triwulan ketiga yang telah dipublikasikan melalui situs web resmi perusahaan
"27 Okt 2025
					20:01:19",Pemanggilan Rapat Umum Pemegang Saham Luar Biasa [],BBTN,20251026_BBTN_Pemanggilan RUPS_31979669_lamp1.pdf,,,,,BBTN menyampaikan pemanggilan Rapat Umum Pemegang Saham Luar Biasa yang akan dilaksanakan pada bulan depan dengan agenda persetujuan spin-off Unit Usaha Syariah kepada PT Bank Syariah Nasional serta perubahan Anggaran Dasar perseroan
"28 Okt 2025
					18:57:28",Penyampaian Bukti Iklan Panggilan RUPS [],BBTN,20251028_BBTN_Penyampaian Bukti Iklan_31980022_lamp1.pdf,,,,,"BBTN menyampaikan bukti iklan pemanggilan Rapat Umum Pemegang Saham Luar Biasa perseroan yang telah dipublikasikan melalui situs web resmi perusahaan, Bursa Efek Indonesia, dan KSEI"
"08 Okt 2025
					17:40:39",Laporan Bulanan Registrasi Pemegang Efek [],BMRI,20251006_BMRI_Laporan Bulanan Registrasi Pemegang Efek/Perubahan Struktur Pemegang Saham_31964558_lamp2.pdf,20251006_BMRI_Laporan Bulanan Registrasi Pemegang Efek/Perubahan Struktur Pemegang Saham_31964558_lamp3.pdf,,,,"Laporan Bulanan Registrasi Pemegang Efek BMRI menunjukkan saham free float meningkat menjadi 38,34% dan pemegang saham bertambah sebanyak 42.263 pemegang"
"28 Okt 2025
					17:53:41",Penyampaian Laporan Keuangan Interim Yang Tidak Diaudit [],BMRI,FinancialStatement-2025-III-BMRI.xlsx,inlineXBRL.zip,instance.zip,LK PT Bank Mandiri-September 2025.pdf,Surat Pengantar Corsec - BEI September 2025.pdf,"Laporan keuangan BMRI yang tidak diaudit menunjukkan kinerja keuangan solid dengan perolehan laba bersih mencapai Rp41,37 triliun. Sepanjang periode tersebut, pendapatan bunga perseroan tercatat sebesar Rp122,30 triliun. Selain itu, total aset Bank Mandiri tumbuh dan mencapai Rp2.563,36 triliun pada akhir periode tersebut"
"28 Okt 2025
					19:45:48",Penyampaian Press Release Pemaparan Kinerja Perseroan [],BMRI,20251028_BMRI_Laporan Informasi dan Fakta Material_31980248_lamp1.pdf,,,,,BMRI menyampaikan fakta material terkait penyerahan siaran pers pemaparan kinerja keuangan perseroan
"28 Okt 2025
					19:46:32",Penyampaian Bukti Iklan Informasi Laporan Keuangan Interim [],BMRI,20251028_BMRI_Penyampaian Bukti Iklan_31980264_lamp2.pdf,20251028_BMRI_Penyampaian Bukti Iklan_31980264_lamp1.pdf,,,,BMRI menyampaikan bukti iklan atas Informasi Laporan Keuangan Interim perseroan untuk triwulan ketiga yang telah dipublikasikan di surat kabar harian Kompas
"09 Okt 2025
					16:37:51",Laporan Bulanan Registrasi Pemegang Efek [],BRIS,20251008_BRIS_Laporan Bulanan Registrasi Pemegang Efek/Perubahan Struktur Pemegang Saham_31965720_lamp1.pdf,,,,,Laporan Bulanan Registrasi Pemegang Efek BRIS menunjukkan peningkatan pemegang saham sebanyak 3.044 pemegang
"13 Okt 2025
					17:15:51",Laporan Informasi Efektif Pengangkatan Direktur Perseroan [],BRIS,20251013_BRIS_Laporan Informasi dan Fakta Material_31967113_lamp1.pdf,,,,,BRIS melaporkan fakta material terkait tanggal efektif pengangkatan Kemas Erwan Husainy sebagai Direktur Retail Banking dan Muharto Hadi Suprapto sebagai Direktur Information Technology setelah memperoleh persetujuan Otoritas Jasa Keuangan
"29 Okt 2025
					20:18:07",Penyampaian Laporan Keuangan Interim Yang Tidak Diaudit [],BRIS,051894-3DIR-CFA.pdf,Checklist Bappepam 30 Sep 2025.pdf,FinancialStatement-2025-III-BRIS.xlsx,inlineXBRL.zip,instance.zip,"Laporan keuangan BRIS yang tidak diaudit menunjukkan kinerja keuangan solid dengan perolehan laba bersih mencapai 5,57 triliun. Sepanjang periode tersebut, pendapatan pengelolaan dana perseroan tercatat sebesar 21,04 triliun. Selain itu, total aset BSI tumbuh dan mencapai 416,57 triliun pada akhir periode tersebut"
"30 Okt 2025
					17:58:35",Penyampaian Bukti Iklan Informasi Laporan Keuangan Interim [],BRIS,20251030_BRIS_Penyampaian Bukti Iklan_31980710_lamp2.pdf,20251030_BRIS_Penyampaian Bukti Iklan_31980710_lamp1.pdf,,,,"BRIS menyampaikan bukti iklan atas Informasi Laporan Keuangan Interim perseroan untuk triwulan ketiga yang telah dipublikasikan di surat kabar Media Indonesia, situs web resmi perusahaan, dan situs web Bursa Efek Indonesia"
"07 Okt 2025
					16:03:07",Laporan Bulanan Registrasi Pemegang Efek [],BRPT,20251002_BRPT_Laporan Bulanan Registrasi Pemegang Efek/Perubahan Struktur Pemegang Saham_31953919_lamp1.pdf,,,,,"Laporan Bulanan Registrasi Pemegang Efek BRPT menunjukkan kenaikan saham scripless dari 27,97% menjadi 27,98%, penurunan saham treasury dari 0,05% menjadi 0,04%, kenaikan free float dari 27,19% menjadi 27,2%, dan penurunan pemegang saham sebanyak 5.329 pemegang"
"13 Okt 2025
					16:16:12",Laporan Kepemilikan atau Setiap Perubahan Kepemilikan Saham Perusahaan Terbuka [],BRPT,20251013_BRPT_Laporan Kepemilikan atau Setiap Perubahan Kepemilikan Saham Perusahaan Terbuka_31966959_lamp1.pdf,,,,,"BRPT melaporkan perubahan kepemilikan saham oleh direksi yang melakukan transaksi pembelian dan penjualan sejumlah 0,0006% saham untuk keperluan pribadi"
"29 Okt 2025
					17:05:12",Rencana Penyelenggaraan Public Expose - Tahunan [],BRPT,20251027_BRPT_Public Expose_31979797_lamp1.pdf,,,,,BRPT melaporkan rencana penyelenggaraan Public Expose Tahunan secara elektronik yang dijadwalkan pada bulan depan
"31 Okt 2025
					16:23:46",Penyampaian Laporan Keuangan Interim Yang Tidak Diaudit [],BRPT,BRPT Financial Statement - 30 Sept. 2025.pdf,BRPT SP LK 30 September 2025.pdf,FinancialStatement-2025-III-BRPT.xlsx,inlineXBRL.zip,instance.zip,"Laporan keuangan BRPT yang tidak diaudit menunjukkan kinerja keuangan solid dengan perolehan laba bersih mencapai 30,36 milliar. Sepanjang periode tersebut, penjualan dan pendapatan usaha perseroan tercatat sebesar 92,80 triliun, serta total aset BRPT tumbuh dan mencapai 267,08 triliun"
"31 Okt 2025
					17:07:14",Siaran Pers PT Barito Pacific Tbk terkait dengan Kinerja Konsolidasian Perseroan Yang Tidak Diaudit [],BRPT,20251031_BRPT_Laporan Informasi dan Fakta Material_31981261_lamp3.pdf,20251031_BRPT_Laporan Informasi dan Fakta Material_31981261_lamp1.pdf,20251031_BRPT_Laporan Informasi dan Fakta Material_31981261_lamp2.pdf,,,BRPT menyampaikan fakta material terkait penerbitan siaran pers mengenai kinerja keuangan konsolidasian perseroan yang tidak diaudit untuk periode kuartal ketiga
"07 Okt 2025
					08:28:08",Laporan Bulanan Registrasi Pemegang Efek [],CPIN,20251007_CPIN_Laporan Bulanan Registrasi Pemegang Efek/Perubahan Struktur Pemegang Saham_31965068_lamp1.pdf,,,,,Laporan Bulanan Registrasi Pemegang Efek CPIN menunjukkan penurunan pemegang saham sebanyak 3.092 pemegang
"29 Okt 2025
					16:40:58",Penjelasan atas Pemberitaan Media Massa [],CPIN,,,,,,"CPIN menyampaikan klarifikasi kepada PT Bursa Efek Indonesia terkait pemberitaan mengenai kontaminasi radioaktif di Cikande, dengan mengonfirmasi bahwa perseroan dan entitas anaknya tidak memiliki fasilitas produksi di kawasan industri tersebut yang terdampak proses dekontaminasi"
"31 Okt 2025
					15:59:07",Penyampaian Laporan Keuangan Interim Yang Tidak Diaudit [],CPIN,CPIN 036 CPIN-PM X 2025.pdf,CPIN Surat Pernyataan Direksi 311025.pdf,CPIN-250930IE.pdf,FinancialStatement-2025-III-CPIN.xlsx,inlineXBRL.zip,"Laporan keuangan CPIN yang tidak diaudit menunjukkan kinerja keuangan solid dengan perolehan laba bersih mencapai 3,37 triliun. Sepanjang periode tersebut, penjualan dan pendapatan usaha perseroan tercatat sebesar 50,60 triliun. Selain itu, total aset Charoen Pokphand Indonesia tumbuh dan mencapai 43,72 triliun pada akhir periode tersebut."
"10 Okt 2025
					10:27:19",Laporan Bulanan Registrasi Pemegang Efek [],CTRA,20251010_CTRA_Laporan Bulanan Registrasi Pemegang Efek/Perubahan Struktur Pemegang Saham_31966531_lamp1.pdf,,,,,Laporan Bulanan Registrasi Pemegang Efek CTRA menunjukkan peningkatan pemegang saham sebanyak 3.820 pemegang
"31 Okt 2025
					10:42:41",Penyampaian Laporan Keuangan Interim Yang Tidak Diaudit [],CTRA,FinancialStatement-2025-III-CTRA.xlsx,inlineXBRL.zip,instance.zip,PT Ciputra Development Tbk 30 September 2025.pdf,,"Laporan keuangan CTRA yang tidak diaudit menunjukkan kinerja keuangan solid dengan perolehan laba bersih mencapai 1,75 triliun. Sepanjang periode tersebut, penjualan dan pendapatan usaha perseroan tercatat sebesar 8,39 triliun. Selain itu, total aset Ciputra Development Tbk mencapai 46,20 triliun"
"01 Okt 2025
					06:07:39",Laporan Kepemilikan atau Setiap Perubahan Kepemilikan Saham Perusahaan Terbuka [],EXCL,20250930_EXCL_Laporan Kepemilikan atau Setiap Perubahan Kepemilikan Saham Perusahaan Terbuka_31953439_lamp1.pdf,,,,,"EXCL melaporkan perubahan kepemilikan saham oleh direksi yang membeli sejumlah 0,0027% saham untuk transaksi pembelian saham"
"01 Okt 2025
					17:10:02",Perubahan Internal Audit [],EXCL,,,,,,EXCL melaporkan informasi terkait pergantian ketua unit audit internal perseroan
"07 Okt 2025
					18:23:31",Rencana Penyampaian Laporan Keuangan Kuartal III Ditelaah secara terbatas [],EXCL,,,,,,EXCL melaporkan informasi terkait pergantian ketua unit audit internal perseroan
"09 Okt 2025
					16:04:54",Laporan Bulanan Registrasi Pemegang Efek [],EXCL,,,,,,"Laporan Bulanan Registrasi Pemegang Efek EXCL menunjukkan penurunan saham scrip dari 0,72% menjadi 0,7199%, penurunan saham scripless dari 26,495% menjadi 26,463%, penurunan free float dari 23,88% menjadi 23,85%, dan penurunan pemegang saham sebanyak 561 pemegang"
"15 Okt 2025
					14:51:28",Pemberitahuan Rencana Rapat Umum Pemegang Saham Luar Biasa [],EXCL,20251015_EXCL_Pengumuman RUPS_31967641_lamp1.pdf,20251015_EXCL_Pengumuman RUPS_31967641_lamp2.pdf,,,,EXCL menyampaikan pemberitahuan rencana penyelenggaraan Rapat Umum Pemegang Saham Luar Biasa yang dilaksanakan secara fisik dan elektronik di Gedung XLSMART Tower beserta ketentuan penentuan daftar pemegang saham yang berhak hadir
"15 Okt 2025
					18:24:54",Jatuh Tempo Obligasi / Sukuk Korporasi [],EXCL,,,,,,EXCL mengumumkan delisting instrumen Obligasi Berkelanjutan I Tahap I Seri D dan Sukuk Ijarah Berkelanjutan II Tahap I Seri D dari Bursa Efek Indonesia seiring dengan datangnya tanggal jatuh tempo instrumen tersebut
"15 Okt 2025
					22:07:46",Informasi Kupon [],EXCL,,,,,,EXCL melaporkan informasi terkait pelaksanaan pembayaran kupon ke-28 untuk Obligasi Berkelanjutan I XL Axiata Tahap I Seri D dan Seri E pada pertengahan bulan depan
"15 Okt 2025
					22:13:40",Informasi Ijarah Fee [],EXCL,,,,,,EXCL melaporkan informasi terkait pelaksanaan pembayaran Ijarah Fee ke-28 untuk Sukuk Ijarah Berkelanjutan II XL Axiata Tahap I Seri D dan Seri E pada pertengahan bulan depan
"16 Okt 2025
					17:06:46",Pelunasan Pokok dan Bunga Obligasi dan Sukuk Ijarah Berkelanjutan [],EXCL,,,,,,EXCL melaporkan fakta material terkait pelunasan pokok dan bunga Obligasi Berkelanjutan I Tahap I Seri D serta Sukuk Ijarah Berkelanjutan II Tahap I Seri D pada pertengahan bulan lalu
"28 Okt 2025
					11:41:37",Informasi Ijarah Fee [],EXCL,20251027_EXCL_Pembayaran Kupon/Bagi Hasil/Ijarah/Pokok_31979898_lamp1.pdf,,,,,EXCL melaporkan informasi terkait pelaksanaan pembayaran Ijarah Fee ke-34 untuk Sukuk Ijarah Berkelanjutan I XL Axiata Tahap II Seri E yang dilengkapi dengan penyesuaian penambahan cicilan fee akibat penurunan peringkat kredit perseroan pada akhir bulan lalu
"30 Okt 2025
					16:15:36",Laporan Pengalihan Kembali Saham Hasil Buy Back [],EXCL,20251030_EXCL_Laporan Pengalihan Saham Hasil Buy Back_31980811_lamp1.pdf,,,,,EXCL melaporkan pelaksanaan pengalihan kembali seluruh saham hasil buyback perseroan yang dilakukan pada akhir bulan lalu
"30 Okt 2025
					17:01:00",Pemanggilan Rapat Umum Pemegang Saham Luar Biasa [],EXCL,20251030_EXCL_Pemanggilan RUPS_31980743_lamp2.pdf,20251030_EXCL_Pemanggilan RUPS_31980743_lamp1.pdf,,,,EXCL menyampaikan pemanggilan Rapat Umum Pemegang Saham Luar Biasa yang dijadwalkan pada bulan depan dengan agenda persetujuan penggunaan sebagian saldo laba ditahan perseroan untuk dibagikan sebagai tambahan dividen tunai final
"08 Okt 2025
					16:24:59",Laporan Bulanan Registrasi Pemegang Efek [],GOTO,20251008_GOTO_Laporan Bulanan Registrasi Pemegang Efek/Perubahan Struktur Pemegang Saham_31965803_lamp1.pdf,,,,,"Laporan Bulanan Registrasi Pemegang Efek GOTO menunjukkan penurunan saham scripless dari 77,04% menjadi 77%, kenaikan saham treasury dari 2,7% menjadi 2,74%, dan kenaikan pemegang saham sebanyak 6.285 pemegang"
"29 Okt 2025
					16:24:45",Penyampaian Laporan Keuangan Interim Yang Tidak Diaudit [],GOTO,FinancialStatement-2025-III-GOTO.xlsx,inlineXBRL.zip,instance.zip,LKFS - 30 September 2025.pdf,Surat Pengantar_LK Q3 2025.pdf,"Laporan keuangan GOTO yang tidak diaudit menunjukkan perolehan pendapatan usaha mencapai 13,30 triliun dengan beban pokok pendapatan sebesar 5,63 triliun. Selain itu, total aset GOTO tercatat sebesar 42,11 triliun pada akhir periode tersebut"
"29 Okt 2025
					17:01:14",Penyampaian Laporan Keuangan [],GOTO,20251029_GOTO_Laporan Informasi dan Fakta Material_31980550_lamp2.pdf,20251029_GOTO_Laporan Informasi dan Fakta Material_31980550_lamp1.pdf,,,,GOTO menyampaikan laporan keuangan konsolidasian perseroan yang tidak diaudit untuk periode kuartal ketiga
"29 Okt 2025
					20:33:39",Siaran Pers_Grup GoTo Mencatatkan Laba Sebelum Pajak Yang Disesuaikan Kuartalan Pertama dan Menaikkan Pedoman Kinerja Tahunan dalam Laporan Kinerja Kuartal Ketiga [],GOTO,20251029_GOTO_Laporan Informasi dan Fakta Material_31980606_lamp1.pdf,,,,,GOTO menyampaikan siaran pers terkait capaian laba sebelum pajak yang disesuaikan untuk pertama kalinya pada kuartal ketiga serta penaikkan pedoman kinerja tahunan perseroan
"10 Okt 2025
					16:30:04",Laporan Bulanan Registrasi Pemegang Efek [],ICBP,,,,,,Laporan Bulanan Registrasi Pemegang Efek ICBP menunjukkan penurunan pemegang saham sebanyak 1.680 pemegang
"31 Okt 2025
					16:29:22",Penyampaian Laporan Keuangan Interim Yang Tidak Diaudit [],ICBP,FinancialStatement-2025-III-ICBP.xlsx,Icbp_billingual_30_Sep_25.pdf,ICBP_KI_Surat pengantar XBRL 9M25_251014.pdf,inlineXBRL.zip,instance.zip,"Laporan keuangan ICBP yang tidak diaudit mencatatkan laba bersih sebesar Rp7,11 triliun dengan total penjualan mencapai Rp56,27 triliun hingga kuartal ketiga tahun tersebut. Pertumbuhan ini turut menyokong jumlah aset perseroan yang meningkat hingga mencapai Rp132,41 triliun"
"31 Okt 2025
					16:31:40",Penyampaian Siaran Pers Kinerja Keuangan PT Indofood CBP Sukses Makmur Tbk [],ICBP,20251022_ICBP_Laporan Informasi dan Fakta Material_31978929_lamp1.pdf,,,,,ICBP menyampaikan fakta material terkait penerbitan siaran pers mengenai kinerja keuangan perseroan untuk periode kuartal ketiga
"06 Okt 2025
					11:16:34",Laporan Bulanan Registrasi Pemegang Efek [],INCO,20251006_INCO_Laporan Bulanan Registrasi Pemegang Efek/Perubahan Struktur Pemegang Saham_31964632_lamp1.pdf,,,,,Laporan Bulanan Registrasi Pemegang Efek INCO menunjukkan penurunan pemegang saham sebanyak 4.220 pemegang
"08 Okt 2025
					17:07:45",Saham Hilang [],INCO,20251008_INCO_Pengumuman Bursa_31965813_lamp1.pdf,,,,,INCO menyampaikan pengumuman Bursa Efek Indonesia terkait informasi kehilangan surat kolektif saham perseroan pada bulan lalu
"10 Okt 2025
					08:04:47",Laporan Bulanan Aktivitas Eksplorasi [],INCO,20251010_INCO_Laporan Bulanan Aktivitas Eksplorasi_31966496_lamp1.pdf,,,,,INCO melaporkan bahwa tidak ada aktivitas eksplorasi yang dilakukan oleh perseroan pada periode ini
"14 Okt 2025
					21:29:23",Penjelasan atas Pemberitaan Media Massa [],INCO,20251014_INCO_Tanggapan atas Permintaan Penjelasan Bursa_31967468_lamp1.pdf,,,,,"INCO menyampaikan klarifikasi kepada PT Bursa Efek Indonesia terkait pemberitaan media massa mengenai penjualan solar di bawah harga pasar, dengan menyatakan berita tersebut tidak benar karena perseroan selalu membeli solar sesuai harga pasar yang berlaku serta menerapkan prinsip tata kelola perusahaan yang baik (Good Corporate Governance)"
"17 Okt 2025
					16:52:22",Saham Hilang [],INCO,20251017_INCO_Pengumuman Bursa_31968142_lamp1.pdf,20251017_INCO_Pengumuman Bursa_31968142_lamp2.pdf,,,,INCO menyampaikan pengumuman Bursa Efek Indonesia terkait informasi kehilangan surat kolektif saham perseroan pada pertengahan bulan lalu
"29 Okt 2025
					15:23:37",Penerbitan SKS Pengganti Karena Saham Hilang PT Vale Indonesia Tbk [],INCO,20251029_INCO_Pengumuman Bursa_31980376_lamp1.pdf,,,,,INCO menyampaikan pengumuman Bursa Efek Indonesia terkait penerbitan surat kolektif saham pengganti atas saham perseroan yang hilang pada akhir bulan lalu
"29 Okt 2025
					16:04:16",Siaran Pers Pencapaian Produksi dan Kinerja Keuangan Perseroan pada Triwulan Ketiga [],INCO,20251029_INCO_Laporan Informasi dan Fakta Material_31980520_lamp1.pdf,20251029_INCO_Laporan Informasi dan Fakta Material_31980520_lamp3.pdf,20251029_INCO_Laporan Informasi dan Fakta Material_31980520_lamp4.pdf,20251029_INCO_Laporan Informasi dan Fakta Material_31980520_lamp2.pdf,,INCO menyampaikan fakta material terkait penerbitan siaran pers mengenai pencapaian produksi dan kinerja keuangan perseroan untuk periode triwulan ketiga
"29 Okt 2025
					16:05:06",Penyampaian Laporan Keuangan Interim Yang Tidak Diaudit [],INCO,FinancialStatement-2025-III-INCO.xlsx,inlineXBRL.zip,instance.zip,PT Vale FS 30 Sept 2025.pdf,,"Laporan keuangan INCO yang tidak diaudit menunjukkan kinerja keuangan dengan perolehan laba bersih mencapai 0,87 triliun. Sepanjang periode tersebut, pendapatan usaha Vale Indonesia Tbk tercatat sebesar 11,76 triliun. Selain itu, total aset INCO tumbuh dan mencapai 54,10 triliun pada akhir periode tersebut"
"27 Okt 2025
					18:14:17","Evaluasi Indeks IDX30, LQ45, IDX80, KOMPAS100, BISNIS-27, MNC36, SMinfra18, IDXESGL []",INDEKS,No. Peng-00198_BEI.POP_10-2025-ID.zip,,,,,
"10 Okt 2025
					16:22:45",Laporan Bulanan Registrasi Pemegang Efek [],INDF,,,,,,"Laporan Bulanan Registrasi Pemegang Efek INDF menunjukkan kenaikan persentase saham free float dari 48,21% menjadi 48,24% serta penurunan pemegang saham sebanyak 40 pemegang"
"31 Okt 2025
					16:28:30",Penyampaian Laporan Keuangan Interim Yang Tidak Diaudit [],INDF,FinancialStatement-2025-III-INDF.xlsx,INDF_KI_Surat Pengantar XBRL 9M25_251014.pdf,inlineXBRL.zip,instance.zip,ISM_Billingual_30_September_2025_.pdf,"Laporan keuangan INDF yang tidak diaudit menunjukkan kinerja keuangan yang baik dengan perolehan laba bersih sebesar 7.881,35 milyar. Sepanjang periode sembilan bulan tersebut, penjualan dan pendapatan usaha perseroan tercatat sebesar 90.981,09 milyar. Selain itu, total aset Indofood Sukses Makmur Tbk tumbuh dan mencapai 214.465,85 milyar"
"31 Okt 2025
					16:48:51",Penyampaian Siaran Pers Kinerja Keuangan PT Indofood Sukses Makmur Tbk [],INDF,20251022_INDF_Laporan Informasi dan Fakta Material_31978930_lamp1.pdf,,,,,INDF menyampaikan fakta material terkait penerbitan siaran pers mengenai kinerja keuangan perseroan untuk periode kuartal ketiga
"01 Okt 2025
					09:48:38",Pengumuman Bursa Pencatatan Awal Obligasi dan Sukuk [],INKP,20250930_INKP_Pengumuman Pencatatan Awal Obligasi dan Sukuk_31953266_lamp1.pdf,,,,,"INKP menyampaikan pengumuman Bursa Efek Indonesia terkait pencatatan awal untuk Obligasi Berkelanjutan V, Sukuk Mudharabah Berkelanjutan IV, serta Obligasi USD Berkelanjutan II yang mulai dicatatkan pada awal akhir tahun lalu"
"01 Okt 2025
					10:51:17",Laporan Hasil Pemeringkatan Pemeringkatan Tahunan [],INKP,20250924_INKP_Laporan Hasil Pemeringkatan_31951942_lamp1.pdf,20250924_INKP_Laporan Hasil Pemeringkatan_31951942_lamp2.pdf,,,,"INKP menyampaikan laporan hasil pemeringkatan tahunan dari PEFINDO atas Obligasi Berkelanjutan V , Sukuk Mudharabah Berkelanjutan IV, dan Obligasi USD Berkelanjutan II dengan peringkat idA+ dan prospek stabil"
"08 Okt 2025
					14:12:08",Laporan Bulanan Registrasi Pemegang Efek [],INKP,20251008_INKP_Laporan Bulanan Registrasi Pemegang Efek/Perubahan Struktur Pemegang Saham_31965637_lamp1.pdf,,,,,Laporan Bulanan Registrasi Pemegang Efek INKP menunjukkan penurunan pemegang saham sebanyak 383 pemegang
"10 Okt 2025
					17:08:34",Jatuh Tempo Obligasi / Sukuk Korporasi [],INKP,20251010_INKP_Pengumuman Jatuh Tempo Obligasi dan Sukuk_31966690_lamp2.pdf,20251010_INKP_Pengumuman Jatuh Tempo Obligasi dan Sukuk_31966690_lamp1.pdf,,,,INKP menyampaikan pengumuman Bursa Efek Indonesia terkait penghapusan pencatatan Obligasi Berkelanjutan III Seri B dan Sukuk Mudharabah Berkelanjutan II Seri B seiring dengan telah jatuh temponya kedua efek tersebut
"13 Okt 2025
					18:27:23",Jatuh Tempo Obligasi / Sukuk Korporasi [],INKP,20251013_INKP_Pengumuman Jatuh Tempo Obligasi dan Sukuk_31967052_lamp2.pdf,20251013_INKP_Pengumuman Jatuh Tempo Obligasi dan Sukuk_31967052_lamp1.pdf,,,,INKP menyampaikan pengumuman Bursa Efek Indonesia terkait penghapusan pencatatan Obligasi USD Berkelanjutan II Seri A seiring dengan telah jatuh temponya efek tersebut
"14 Okt 2025
					14:07:22",Pelunasan Obligasi danSukuk Mudharabah  [],INKP,20251013_INKP_Laporan Informasi dan Fakta Material_31966927_lamp1.pdf,,,,,INKP menyampaikan fakta material terkait pelaksanaan pelunasan pokok Obligasi Berkelanjutan III Seri B dan Sukuk Mudharabah Berkelanjutan II kepada para pemegang efek pertengahan bulan lalu
"15 Okt 2025
					09:24:29",Pelunasan Obligasi USD [],INKP,20251013_INKP_Laporan Informasi dan Fakta Material_31966928_lamp1.pdf,,,,,INKP menyampaikan fakta material terkait pelaksanaan pelunasan pokok Obligasi USD Berkelanjutan II Seri A kepada para pemegang efek pertengahan bulan lalu
"29 Okt 2025
					14:37:52",Informasi Pelunasan Efek [],INKP,20251029_INKP_Pembayaran Kupon/Bagi Hasil/Ijarah/Pokok_31980393_lamp1.pdf,,,,,INKP menyampaikan keterbukaan informasi terkait kesiapan dan rencana pembayaran pelunasan pokok Obligasi Berkelanjutan III Tahap III Seri B serta Sukuk Mudharabah Berkelanjutan II Tahap III Seri B yang dijadwalkan pada akhir tahun lalu
"29 Okt 2025
					14:46:59",Informasi Pelunasan Efek [],INKP,20251029_INKP_Pembayaran Kupon/Bagi Hasil/Ijarah/Pokok_31980331_lamp1.pdf,,,,,INKP menyampaikan keterbukaan informasi terkait kesiapan dan rencana pembayaran pelunasan pokok Obligasi Berkelanjutan V Tahap II Seri A serta Sukuk Mudharabah Berkelanjutan IV Tahap II Seri A yang dijadwalkan pada akhir tahun lalu
"29 Okt 2025
					14:56:19",Informasi Pelunasan Efek [],INKP,20251029_INKP_Pembayaran Kupon/Bagi Hasil/Ijarah/Pokok_31980373_lamp1.pdf,,,,,INKP menyampaikan keterbukaan informasi terkait kesiapan dan rencana pembayaran pelunasan pokok Obligasi Berkelanjutan III Tahap IV Seri A serta Sukuk Mudharabah Berkelanjutan II Tahap IV Seri B yang dijadwalkan pada awal tahun depan
"30 Okt 2025
					15:53:36",Rencana Penyampaian Laporan Keuangan Kuartal III 2025 Diaudit [],INKP,20251030_INKP_Rencana Penyampaian Laporan Keuangan_31980663_lamp1.pdf,,,,,INKP menyampaikan pemberitahuan mengenai rencana penyampaian laporan keuangan perseroan untuk kuartal ketiga yang akan diaudit oleh akuntan publik
"31 Okt 2025
					10:15:41","Konfirmasi Realisasi Nilai Emisi dan Penutupan Penawaran Umum Berkelanjutan Obligasi Berkelanjutan V Indah Kiat Pulp & Paper, Penawaran Umum Berkelanjutan Sukuk Mudharabah Berkelanjutan IV Indah Kiat Pulp & Paper, dan Penawaran Umum Berkelanjutan Obligasi USD Berkelanjutan II Indah Kiat Pulp & Paper. []",INKP,20251031_INKP_Laporan Informasi dan Fakta Material_31981061_lamp1.pdf,,,,,"INKP menyampaikan fakta material terkait konfirmasi realisasi nilai emisi serta penutupan Penawaran Umum Berkelanjutan atas Obligasi Berkelanjutan V, Sukuk Mudharabah Berkelanjutan IV, dan Obligasi USD Berkelanjutan II perseroan pada akhir bulan lalu"
"02 Okt 2025
					23:18:57",Ringkasan Risalah Rapat Umum Para Pemegang Saham Luar Biasa [],ISAT,20251002_ISAT_Ringkasan Risalah/Risalah RUPS_31954066_lamp1.pdf,,,,,ISAT menyampaikan ringkasan risalah RUPS Luar Biasa terkait persetujuan pengunduran diri dan pengangkatan anggota komisaris independen perseroan yang baru pada awal bulan lalu
"03 Okt 2025
					18:17:14",Perubahan Komite Audit [],ISAT,20251003_ISAT_Perubahan Corsec Komite Audit Alamat NPWP Internal Audit_31954391_lamp1.pdf,,,,,ISAT menyampaikan pemberitahuan mengenai perubahan susunan Komite Audit perseroan yang berlaku efektif sejak awal bulan lalu dengan penggantian salah satu anggota komite
"06 Okt 2025
					20:47:01",Kesiapan Pembayaran Obligasi Berkelanjutan IV Indosat Tahap I Seri A dan Pembayaran Sukuk Ijarah Berkelanjutan IV Indosat Tahap I Seri A [],ISAT,20251006_ISAT_Laporan Informasi dan Fakta Material_31965047_lamp1.pdf,,,,,ISAT menyampaikan fakta material terkait kesiapan dana untuk pembayaran Obligasi Berkelanjutan IV Tahap I Seri A dan Sukuk Ijarah Berkelanjutan IV Tahap I Seri A
"09 Okt 2025
					19:27:02",Laporan Bulanan Registrasi Pemegang Efek [],ISAT,20251009_ISAT_Laporan Bulanan Registrasi Pemegang Efek/Perubahan Struktur Pemegang Saham_31966084_lamp1.pdf,20251009_ISAT_Laporan Bulanan Registrasi Pemegang Efek/Perubahan Struktur Pemegang Saham_31966084_lamp2.pdf,,,,Laporan Bulanan Registrasi Pemegang Efek ISAT menunjukkan peningkatan pemegang saham sebanyak 3.150 pemegang
"24 Okt 2025
					17:26:48",Jatuh Tempo Obligasi / Sukuk Korporasi [],ISAT,20251024_ISAT_Pengumuman Jatuh Tempo Obligasi dan Sukuk_31979548_lamp2.pdf,20251024_ISAT_Pengumuman Jatuh Tempo Obligasi dan Sukuk_31979548_lamp1.pdf,,,,ISAT menyampaikan pengumuman jatuh tempo efek instrumen obligasi dan sukuk ijarah berkelanjutan dengan nilai masing-masing sebesar 875.000 juta Rupiah dan 375.000 juta Rupiah yang mengakibatkan efek tersebut tidak lagi dicatatkan dan diperdagangkan di Bursa Efek Indonesia
"29 Okt 2025
					12:14:01",Penyampaian Laporan Keuangan Interim Yang Ditelaah Secara Terbatas [],ISAT,FinancialStatement-2025-III-ISAT.xlsx,FS ISAT 30 September 2025.pdf,Info Memo 9M25 Eng Final version.pdf,Info Memo 9M25 Ind Final version.pdf,inlineXBRL.zip,"ISAT menyampaikan laporan keuangan interim konsolidasian untuk periode sembilan bulan yang ditelaah secara terbatas, dengan mencatatkan jumlah aset sebesar Rp113.726.789 juta, total liabilitas sebesar Rp76.151.328 juta, serta laba periode berjalan yang dapat diatribusikan kepada pemilik entitas induk sebesar Rp3.587.389 juta"
"01 Okt 2025
					17:14:45",Konfirmasi Emiten Grup [],ITMG,,,,,,ITMG menyampaikan konfirmasi pemenuhan kriteria satu grup perusahaan dengan PT Adhi Kartiko Pratama Tbk (NICE) berdasarkan kriteria kesamaan jajaran direksi
"03 Okt 2025
					10:52:31",Pemanggilan Rapat Umum Pemegang Saham Luar Biasa [],ITMG,20251003_ITMG_Pemanggilan RUPS_31954147_lamp1.pdf,20251003_ITMG_Pemanggilan RUPS_31954147_lamp2.pdf,,,,ITMG melaporkan pemanggilan Rapat Umum Pemegang Saham Luar Biasa yang dilaksanakan secara elektronik dengan mata acara persetujuan atas rencana pembelian kembali saham perseroan (buyback) senilai sebanyak-banyaknya Rp2.490.000.000.000 atau 10% dari total modal disetor perseroan
"06 Okt 2025
					15:18:32",Laporan Bulanan Registrasi Pemegang Efek [],ITMG,20251005_ITMG_Laporan Bulanan Registrasi Pemegang Efek/Perubahan Struktur Pemegang Saham_31964439_lamp2.pdf,20251005_ITMG_Laporan Bulanan Registrasi Pemegang Efek/Perubahan Struktur Pemegang Saham_31964439_lamp1.pdf,,,,Laporan Bulanan Registrasi Pemegang Efek ITMG menunjukkan penurunan pemegang saham sebanyak 1.467 pemegang
"10 Okt 2025
					09:10:40",Laporan Bulanan Aktivitas Eksplorasi [],ITMG,20251010_ITMG_Laporan Bulanan Aktivitas Eksplorasi_31966515_lamp1.pdf,,,,,"ITMG melaporkan bahwa aktivitas eksplorasi mencakup pengeboran preproduction dan eksplorasi oleh PT Trubaindo Coal Mining di Kutai Barat dengan biaya 2.330.452.772, PT Indominco Mandiri di Kutai Timur, Kutai Kartanegara, dan Bontang dengan biaya 810.671.930, PT Bharinto Ekatama di Kutai Barat dan Barito Utara dengan biaya 5.994.193.484, PT Tepian Indah Sukses di wilayah IUP dengan biaya 1.990.571.625, serta PT Nusa Persada Resources di Barito Utara yang belum melaksanakan pengeboran tanpa biaya"
"14 Okt 2025
					18:36:17",Penjelasan atas Pemberitaan Media Massa [],ITMG,,,,,,"ITMG menyampaikan klarifikasi kepada PT Bursa Efek Indonesia terkait pemberitaan media massa mengenai pembelian solar di bawah harga, dengan menegaskan bahwa transaksi dilakukan secara transparan melalui tender kompetitif berlandaskan tata kelola perusahaan yang baik serta tidak berdampak material pada kelangsungan usaha maupun harga saham perseroan"
"16 Okt 2025
					15:37:56",Laporan Bulanan Registrasi Pemegang Efek (KOREKSI) [],ITMG,20251016_ITMG_Laporan Bulanan Registrasi Pemegang Efek/Perubahan Struktur Pemegang Saham_31967908_lamp2.pdf,20251016_ITMG_Laporan Bulanan Registrasi Pemegang Efek/Perubahan Struktur Pemegang Saham_31967908_lamp1.pdf,,,,"ITMG melaporkan koreksi atas laporan bulanan registrasi pemegang efek dengan rincian kepemilikan saham pengendali sebesar 65,143% dan porsi saham free float masyarakat sebesar 34,74%"
"29 Okt 2025
					15:13:50",Rencana Penyampaian Laporan Keuangan Kuartal III Ditelaah secara terbatas [],ITMG,20251028_ITMG_Rencana Penyampaian Laporan Keuangan_31980128_lamp1.pdf,,,,,ITMG menyampaikan rencana penyampaian laporan keuangan kuartal III yang akan ditelaah secara terbatas oleh akuntan publik
"08 Okt 2025
					16:30:00",Laporan Bulanan Registrasi Pemegang Efek [],JPFA,20251008_JPFA_Laporan Bulanan Registrasi Pemegang Efek/Perubahan Struktur Pemegang Saham_31965891_lamp2.pdf,20251008_JPFA_Laporan Bulanan Registrasi Pemegang Efek/Perubahan Struktur Pemegang Saham_31965891_lamp1.pdf,,,,Laporan Bulanan Registrasi Pemegang Efek JPFA menunjukkan penurunan pemegang saham sebanyak 8.165 pemegang
"21 Okt 2025
					16:40:09",Penyampaian Materi pada Acara Indonesia Day [],JPFA,20251021_JPFA_Laporan Informasi dan Fakta Material_31978789_lamp1.pdf,,,,,JPFA menyampaikan keterbukaan informasi mengenai penyampaian materi presentasi investor pada acara Indonesia Day di Singapura yang materinya telah dapat diakses melalui situs web resmi perseroan
"31 Okt 2025
					16:32:37",Penyampaian Laporan Keuangan Interim Yang Tidak Diaudit [],JPFA,FinancialStatement-2025-III-JPFA.xlsx,inlineXBRL.zip,instance.zip,PT Japfa Tbk CFS as of 30 September 2025-Unaudited.pdf,SPD 30 Sept 2025.pdf,"Laporan keuangan JPFA yang tidak diaudit menunjukkan kinerja keuangan solid dengan perolehan laba bersih mencapai 2,63 triliun. Sepanjang periode tersebut, penjualan dan pendapatan usaha perseroan tercatat sebesar 43,10 triliun, sementara total aset JPFA tumbuh dan mencapai 37,30 triliun pada akhir periode tersebut"
"07 Okt 2025
					15:46:44",Laporan Bulanan Registrasi Pemegang Efek [],JSMR,20251007_JSMR_Laporan Bulanan Registrasi Pemegang Efek/Perubahan Struktur Pemegang Saham_31965409_lamp4.pdf,20251007_JSMR_Laporan Bulanan Registrasi Pemegang Efek/Perubahan Struktur Pemegang Saham_31965409_lamp1.pdf,,,,"Laporan Bulanan Registrasi Pemegang Efek JSMR menunjukkan penurunan persentase saham free float dari 25,03% menjadi 25% serta penurunan pemegang saham sebanyak 1.228 pemegang"
"30 Okt 2025
					08:42:48",Penyampaian Laporan Keuangan Interim Yang Tidak Diaudit [],JSMR,AB.KU.14.16.302.pdf,FinancialStatement-2025-III-JSMR.xlsx,inlineXBRL.zip,instance.zip,PT Jasa Marga (Persero) Tbk_30 September 2025.pdf,"Laporan keuangan JSMR yang tidak diaudit menunjukkan kinerja keuangan dengan laba bersih mencapai Rp2,73 triliun. Sepanjang periode tersebut, pendapatan usaha perseroan tercatat sebesar Rp21,08 triliun. Selain itu, total aset JSMR tumbuh dan mencapai Rp155,03 triliun pada akhir periode tersebut"
"02 Okt 2025
					16:12:44",Laporan Kepemilikan atau Setiap Perubahan Kepemilikan Saham Perusahaan Terbuka [],KLBF,20251002_KLBF_Laporan Kepemilikan atau Setiap Perubahan Kepemilikan Saham Perusahaan Terbuka_31953793_lamp1.pdf,,,,,"KLBF melaporkan perubahan kepemilikan saham oleh komisaris yang membeli sejumlah 0,001% saham untuk investasi"
"08 Okt 2025
					16:34:01",Laporan Bulanan Registrasi Pemegang Efek [],KLBF,20251006_KLBF_Laporan Bulanan Registrasi Pemegang Efek/Perubahan Struktur Pemegang Saham_31964883_lamp1.pdf,,,,,"Laporan Bulanan Registrasi Pemegang Efek KLBF menunjukkan penurunan saham scrip dari 0,16% menjadi 0,15%, penurunan saham scripless dari 38,49% menjadi 38,46%, kenaikan saham treasury dari 3,16% menjadi 3,2%, penurunan free float dari 38,49% menjadi 38,46%, dan kenaikan pemegang saham sebanyak 5.507 pemegang"
"27 Okt 2025
					15:01:09",Penyampaian Laporan Keuangan Interim Yang Tidak Diaudit [],KLBF,FinancialStatement-2025-III-KLBF.xlsx,inlineXBRL.zip,instance.zip,kalbe farma tbk_billingual_30_sept_2025_released.pdf,,"Laporan keuangan KLBF yang tidak diaudit menunjukkan kinerja keuangan solid dengan perolehan laba bersih mencapai 2,63 miliar. Sepanjang periode tersebut, penjualan dan pendapatan usaha perseroan tercatat sebesar 25,99 miliar. Selain itu, total aset Kalbe Farma tumbuh dan mencapai 30,10 miliar pada akhir periode tersebut"
"28 Okt 2025
					10:04:43",Penyampaian Laporan Keuangan Interim (KOREKSI) [],KLBF,FinancialStatement-2025-III-KLBF.xlsx,inlineXBRL.zip,instance.zip,kalbe farma tbk_billingual_30_sept_2025_released.pdf,,"KLBF menyampaikan Laporan Keuangan Interim konsolidasian tidak diaudit untuk periode sembilan bulan yang mencatatkan pertumbuhan penjualan sebesar Rp25,98 triliun dan laba bersih yang dapat diatribusikan kepada entitas induk sebesar Rp2,63 triliun"
"09 Okt 2025
					11:57:20",Laporan Bulanan Registrasi Pemegang Efek [],MAPA,20251007_MAPA_Laporan Bulanan Registrasi Pemegang Efek/Perubahan Struktur Pemegang Saham_31965226_lamp3.pdf,20251007_MAPA_Laporan Bulanan Registrasi Pemegang Efek/Perubahan Struktur Pemegang Saham_31965226_lamp1.pdf,,,,Laporan Bulanan Registrasi Pemegang Efek MAPA menunjukkan peningkatan pemegang saham sebanyak 1.191 pemegang
"31 Okt 2025
					17:15:03",Penyampaian Laporan Keuangan Interim Yang Tidak Diaudit [],MAPA,FinancialStatement-2025-III-MAPA.xlsx,inlineXBRL.zip,instance.zip,Report FS MAPA 0925.pdf,SPD MAPA 0925.pdf,"Laporan keuangan MAPA yang tidak diaudit menunjukkan kinerja keuangan solid dengan perolehan laba bersih mencapai 1.162,02 miliar. Sepanjang periode tersebut, penjualan dan pendapatan usaha perseroan tercatat sebesar 13.945,29 miliar. Selain itu, total aset PT Map Aktif Adiperkasa Tbk tumbuh dan mencapai 13.207,35 miliar pada akhir periode tersebut"
"31 Okt 2025
					17:40:15",Siaran Pers - Laporan Keuangan (Tidak diaudit) PT Map Aktif Adiperkasa Tbk [],MAPA,20251031_MAPA_Laporan Informasi dan Fakta Material_31981106_lamp1.pdf,20251031_MAPA_Laporan Informasi dan Fakta Material_31981106_lamp2.pdf,,,,"MAPA menyampaikan laporan keuangan yang tidak diaudit dengan mencatatkan pendapatan bersih sebesar 13,9 triliun Rupiah, laba kotor sebesar 6,5 triliun Rupiah, laba usaha sebesar 1,7 triliun Rupiah, EBITDA sebesar 2,1 triliun Rupiah, serta perolehan laba bersih sebesar 1,1 triliun Rupiah"
"09 Okt 2025
					12:02:00",Laporan Bulanan Registrasi Pemegang Efek [],MAPI,20251007_MAPI_Laporan Bulanan Registrasi Pemegang Efek/Perubahan Struktur Pemegang Saham_31965232_lamp1.pdf,20251007_MAPI_Laporan Bulanan Registrasi Pemegang Efek/Perubahan Struktur Pemegang Saham_31965232_lamp3.pdf,,,,Laporan Bulanan Registrasi Pemegang Efek MAPI menunjukkan peningkatan pemegang saham sebanyak 3.247 pemegang
"31 Okt 2025
					17:01:09",Penyampaian Laporan Keuangan Interim Yang Tidak Diaudit [],MAPI,FinancialStatement-2025-III-MAPI.xlsx,inlineXBRL.zip,instance.zip,Laporan keuangan MAP 30 Sep 2025.pdf,SPD MAPI Sep25.pdf,"Laporan keuangan MAPI yang tidak diaudit menunjukkan kinerja keuangan solid dengan perolehan laba bersih mencapai 1,70 triliun. Sepanjang periode tersebut, penjualan dan pendapatan usaha perseroan tercatat sebesar 30,04 triliun. Selain itu, total aset Mitra Adiperkasa tumbuh dan mencapai 30,84 triliun pada akhir periode tersebut"
"31 Okt 2025
					17:39:07",Siaran Pers - Laporan Keuangan (Tidak diaudit) PT Mitra Adiperkasa Tbk [],MAPI,20251031_MAPI_Laporan Informasi dan Fakta Material_31981105_lamp2.pdf,20251031_MAPI_Laporan Informasi dan Fakta Material_31981105_lamp1.pdf,,,,"MAPI menyampaikan siaran pers laporan keuangan yang tidak diaudit dengan mencatatkan pendapatan bersih sebesar 30,0 triliun Rupiah, laba kotor sebesar 12,7 triliun Rupiah, laba usaha sebesar 2,5 triliun Rupiah, EBITDA sebesar 3,4 triliun Rupiah, serta perolehan laba bersih sebesar 1,7 triliun Rupiah"
"02 Okt 2025
					10:14:07",Transaksi Afiliasi Perjanjian Pinjaman Pemegang Saham antara MIN dan ZHN [],MBMA,20251001_MBMA_Laporan Informasi dan Fakta Material_31953646_lamp1.pdf,,,,,MBMA menyampaikan laporan informasi atau fakta material mengenai transaksi afiliasi perjanjian pinjaman pemegang saham antara PT Merdeka Industri Mineral dan PT Zhao Hui Nickel sebesar 46.693.200 untuk keperluan korporasi umum
"02 Okt 2025
					13:21:01",Perubahan Internal Audit [],MBMA,20250801_MBMA_Perubahan Corsec Komite Audit Alamat NPWP Internal Audit_31929244_lamp1.pdf,,,,,MBMA menyampaikan perubahan internal audit perseroan melalui pemberhentian kepala unit audit internal lama sekaligus pengangkatan kepala unit audit internal baru untuk masa jabatan yang efektif sejak tanggal pengangkatan hingga waktu yang tidak terbatas
"10 Okt 2025
					15:41:17",Laporan Bulanan Aktivitas Eksplorasi [],MBMA,20251007_MBMA_Laporan Bulanan Aktivitas Eksplorasi_31965075_lamp1.pdf,,,,,"MBMA melaporkan bahwa aktivitas eksplorasi oleh PT Sulawesi Cahaya Mineral dilakukan di area Tambang SCM, Konawe, Sulawesi Tenggara dengan total biaya yang telah dikeluarkan sebesar 45.460.000.000"
"10 Okt 2025
					15:43:30",Laporan Bulanan Registrasi Pemegang Efek [],MBMA,20251007_MBMA_Laporan Bulanan Registrasi Pemegang Efek/Perubahan Struktur Pemegang Saham_31965123_lamp4.pdf,20251007_MBMA_Laporan Bulanan Registrasi Pemegang Efek/Perubahan Struktur Pemegang Saham_31965123_lamp1.pdf,,,,Laporan Bulanan Registrasi Pemegang Efek MBMA menunjukkan penurunan pemegang saham sebanyak 14.571 pemegang
"14 Okt 2025
					18:05:42",Jatuh Tempo Obligasi / Sukuk Korporasi [],MBMA,20251014_MBMA_Pengumuman Jatuh Tempo Obligasi dan Sukuk_31967342_lamp1.pdf,,,,,"MBMA menyampaikan pengumuman bursa terkait jatuh tempo Obligasi II Merdeka Battery Materials Seri A, yang akan dihapuskan dari pencatatan dan tidak lagi diperdagangkan di Bursa Efek Indonesia"
"15 Okt 2025
					14:09:58",Pembelian kembali atau pembayaran Efek Bersifat Utang dan/atau Sukuk [],MBMA,20251015_MBMA_Laporan Informasi dan Fakta Material_31967486_lamp1.pdf,,,,,MBMA menyampaikan keterbukaan informasi mengenai pelaksanaan pelunasan pokok sebesar Rp216.015.000.000 dan pembayaran bunga keempat sebesar Rp3.957.876.514 atas Obligasi II Merdeka Battery Materials Seri A menggunakan dana kas internal perseroan
"20 Okt 2025
					14:10:39",Rencana Penyampaian Laporan Keuangan Kuartal III Diaudit [],MBMA,20251020_MBMA_Rencana Penyampaian Laporan Keuangan_31978405_lamp1.pdf,,,,,MBMA menyampaikan pemberitahuan mengenai rencana penyampaian laporan keuangan kuartal III yang akan diaudit oleh akuntan publik sesuai dengan peraturan bursa
"02 Okt 2025
					18:24:20","Transaksi Afiliasi Perjanjian Penyediaan Jasa yang dibuat oleh dan antara MTS, dengan, masing-masing, PETS, GSM, dan PIN []",MDKA,20251002_MDKA_Laporan Informasi dan Fakta Material_31953884_lamp1.pdf,,,,,"MDKA menyampaikan keterbukaan informasi mengenai transaksi afiliasi berupa Perjanjian Penyediaan Jasa antara PT Merdeka Teknik Servis dengan PT Puncak Emas Tani Sejahtera, PT Gorontalo Sejahtera Mining, dan PT Pani Industri Nusantara untuk mendukung pengembangan proyek emas"
"10 Okt 2025
					10:04:37",Laporan Bulanan Aktivitas Eksplorasi [],MDKA,20251009_MDKA_Laporan Bulanan Aktivitas Eksplorasi_31966092_lamp1.pdf,,,,,"MDKA melaporkan bahwa aktivitas eksplorasi dilakukan oleh PT Bumi Suksesindo di Tujuh Bukit, Banyuwangi dengan biaya 75.090.000.000, PT Batutua Kharisma Permai di Pulau Wetar dengan biaya 15.320.000.000, PT Damai Suksesindo di Banyuwangi dengan biaya 520.000.000, serta PT Puncak Emas Tani Sejahtera dan PT Gorontalo Sejahtera Mining di Gorontalo dengan biaya 9.840.000.000"
"10 Okt 2025
					17:02:45",Laporan Bulanan Registrasi Pemegang Efek [],MDKA,20251006_MDKA_Laporan Bulanan Registrasi Pemegang Efek/Perubahan Struktur Pemegang Saham_31964537_lamp3.pdf,20251006_MDKA_Laporan Bulanan Registrasi Pemegang Efek/Perubahan Struktur Pemegang Saham_31964537_lamp2.pdf,,,,Laporan Bulanan Registrasi Pemegang Efek MDKA menunjukkan peningkatan pemegang saham sebanyak 22.655 pemegang
"15 Okt 2025
					17:07:02",Laporan Hasil Pemeringkatan Pemeringkatan Tahunan [],MDKA,20250903_MDKA_Laporan Hasil Pemeringkatan_31937172_lamp2.pdf,20250903_MDKA_Laporan Hasil Pemeringkatan_31937172_lamp1.pdf,,,,"MDKA menyampaikan laporan hasil pemeringkatan tahunan dari PEFINDO yang menetapkan peringkat ""idA+"" dengan prospek ""STABLE"" untuk seluruh seri Obligasi Berkelanjutan III, IV, dan V"
"29 Okt 2025
					16:24:21",Rencana Penyampaian Laporan Keuangan Kuartal III Diaudit [],MDKA,20251029_MDKA_Rencana Penyampaian Laporan Keuangan_31980526_lamp1.pdf,,,,,MDKA menyampaikan pemberitahuan mengenai rencana penyampaian laporan keuangan kuartal III yang akan diaudit oleh akuntan publik sesuai dengan Peraturan Bursa No. I-E
"07 Okt 2025
					16:16:48",Laporan Bulanan Registrasi Pemegang Efek [],MEDC,20251007_MEDC_Laporan Bulanan Registrasi Pemegang Efek/Perubahan Struktur Pemegang Saham_31965459_lamp1.pdf,20251007_MEDC_Laporan Bulanan Registrasi Pemegang Efek/Perubahan Struktur Pemegang Saham_31965459_lamp2.pdf,,,,Laporan Bulanan Registrasi Pemegang Efek MEDC menunjukkan penurunan pemegang saham sebanyak 3.883 pemegang
"10 Okt 2025
					16:25:14",Laporan Bulanan Aktivitas Eksplorasi [],MEDC,20251010_MEDC_Laporan Bulanan Aktivitas Eksplorasi_31966789_lamp1.pdf,20251010_MEDC_Laporan Bulanan Aktivitas Eksplorasi_31966789_lamp2.pdf,,,,MEDC melaporkan bahwa tidak ada aktivitas eksplorasi yang dilakukan oleh perseroan pada periode ini
"10 Okt 2025
					16:47:28",Penyampaian Laporan Tahunan (KOREKSI) [],MEDC,AnnualReport2024-MEDC-att1.pdf,AnnualReport2024-MEDC-att2.pdf,,,,MEDC menyampaikan koreksi penyampaian Laporan Tahunan periode tahun buku sebelumnya serta mengonfirmasi pelaksanaan panggilan Rapat Umum Pemegang Saham Tahunan
"13 Okt 2025
					11:36:37","Press Release MedcoEnergi Kurangi Konsumsi Bahan Bakar Gas, Tingkatkan Efisiensi Operasi dan Transisi Energi []",MEDC,20251013_MEDC_Laporan Informasi dan Fakta Material_31967008_lamp1.pdf,20251013_MEDC_Laporan Informasi dan Fakta Material_31967008_lamp2.pdf,,,,"MEDC menyampaikan siaran pers mengenai keberhasilan program optimalisasi penggunaan bahan bakar gas di berbagai aset minyak dan gas bumi perusahaan yang berfokus pada efisiensi operasional, pengurangan emisi karbon, serta mendukung transisi energi"
"22 Okt 2025
					15:33:49",Perjanjian Pinjaman antar Perusahaan antara MEI dengan MLI dan MLI dengan SRB  [],MEDC,20251022_MEDC_Laporan Informasi dan Fakta Material_31978984_lamp1.pdf,,,,,"MEDC melaporkan perjanjian pinjaman antar perusahaan tanpa bunga dengan nilai maksimum sebesar Rp1.500.000.000.000 antara perseroan sebagai pemberi pinjaman kepada anak perusahaan PT Medco LNG Indonesia, yang kemudian disalurkan kembali kepada PT Satria Raksa Buminusa"
"29 Okt 2025
					16:20:37",Jadwal Dividen Tunai Interim [],MEDC,20251029_MEDC_Jadwal Aksi Korporasi (Khusus Penyampaian Dividen Interim)_31980440_lamp1.pdf,20251029_MEDC_Jadwal Aksi Korporasi (Khusus Penyampaian Dividen Interim)_31980440_lamp2.pdf,,,,MEDC menyampaikan rencana pembagian dividen tunai interim dengan total nilai sebesar 42.000.000 Dolar AS berdasarkan laba bersih serta saldo laba ditahan yang tidak dibatasi penggunaannya
"31 Okt 2025
					21:47:38",Penyampaian Laporan Keuangan Interim Yang Tidak Diaudit [],MEDC,Checklist Pengungkapan FS 30 Sep 25.pdf,CL_FS 30 September 25.pdf,FinancialStatement-2025-III-MEDC.xlsx,FS 30 September 25_MedcoEnergi.pdf,inlineXBRL.zip,"Laporan keuangan MEDC yang tidak diaudit menunjukkan kinerja keuangan dengan perolehan laba bersih mencapai 85,64 juta. Pada periode tersebut, penjualan dan pendapatan usaha perseroan tercatat sebesar 1,75 milliar. Selain itu, total aset Medco Energi Internasional tumbuh dan mencapai 8,42 milliar pada akhir periode tersebut"
"31 Okt 2025
					21:59:09",Jadwal Dividen Tunai Interim (KOREKSI) [],MEDC,20251031_MEDC_Jadwal Aksi Korporasi (Khusus Penyampaian Dividen Interim)_31981094_lamp1.pdf,20251031_MEDC_Jadwal Aksi Korporasi (Khusus Penyampaian Dividen Interim)_31981094_lamp2.pdf,,,,MEDC melaporkan koreksi jadwal rencana pembagian dividen tunai interim dengan total nilai sebesar USD42.000.000 yang bersumber dari laba bersih yang dapat diatribusikan kepada entitas induk sebesar USD85.648.479
"07 Okt 2025
					11:02:20","Siaran Pers - PGN Terus Turunkan Emisi Karbon, Angkanya Capai 24.861 Ton CO2e []",PGAS,20251007_PGAS_Laporan Informasi dan Fakta Material_31965105_lamp2.pdf,20251007_PGAS_Laporan Informasi dan Fakta Material_31965105_lamp1.pdf,,,,"PGAS menyampaikan siaran pers mengenai keberhasilan perusahaan dalam menurunkan emisi karbon hingga mencapai 24.861 ton CO2e sebagai bentuk komitmen terhadap pencapaian target emisi nol bersih melalui efisiensi operasional, optimalisasi pemanfaatan gas bumi, serta pengembangan proyek biomethane"
"07 Okt 2025
					15:49:08",Laporan Bulanan Registrasi Pemegang Efek [],PGAS,20251007_PGAS_Laporan Bulanan Registrasi Pemegang Efek/Perubahan Struktur Pemegang Saham_31965407_lamp4.pdf,20251007_PGAS_Laporan Bulanan Registrasi Pemegang Efek/Perubahan Struktur Pemegang Saham_31965407_lamp2.pdf,,,,Laporan Bulanan Registrasi Pemegang Efek PGAS menunjukkan penurunan pemegang saham sebanyak 2.801 pemegang
"31 Okt 2025
					14:42:50",Penyampaian Laporan Keuangan Interim Yang Tidak Diaudit [],PGAS,9M-2025 Consolidated Financial Statement.pdf,FinancialStatement-2025-III-PGAS.xlsx,inlineXBRL.zip,instance.zip,K068300 Penyampaian LK PGN per 30 Sep 2025.pdf,"Laporan keuangan PGAS yang tidak diaudit menunjukkan kinerja keuangan yang tercatat dengan perolehan laba bersih mencapai 3,97 triliun. Sepanjang periode tersebut, pendapatan usaha perseroan tercatat sebesar 48,79 triliun. Selain itu, total aset PGAS tercatat mencapai 102,50 triliun pada akhir periode tersebut"
"31 Okt 2025
					15:05:13",Siaran Pers - PGN Perkuat Fundamental Bisnis dan Kelola Dinamika Bisnis di Triwulan III [],PGAS,20251031_PGAS_Laporan Informasi dan Fakta Material_31981188_lamp1.pdf,20251031_PGAS_Laporan Informasi dan Fakta Material_31981188_lamp2.pdf,,,,"PGAS menyampaikan siaran pers mengenai penguatan fundamental bisnis dan pengelolaan dinamika bisnis melalui pencapaian pendapatan sebesar USD 2,9 miliar, laba bersih sebesar USD 237,9 juta, serta pertumbuhan positif pada segmen operasional dan jumlah pelanggan"
"01 Okt 2025
					10:42:31",Pencatatan Saham [],PGEO,20250930_PGEO_Pencatatan Saham Tambahan dari Konversi_31953246_lamp1.pdf,,,,,"PGEO melaporkan penambahan saham baru hasil pelaksanaan program opsi saham manajemen dan karyawan untuk tahap satu, tahap dua, dan tahap tiga dengan total sebanyak 1.560.999 saham sehingga total saham ditempatkan dan disetor penuh meningkat menjadi 41.808.086.596 saham"
"02 Okt 2025
					20:14:51",Pencatatan Saham [],PGEO,20251002_PGEO_Pencatatan Saham Tambahan dari Konversi_31953849_lamp1.pdf,,,,,"PGEO melaporkan penambahan saham baru hasil pelaksanaan program opsi saham manajemen dan karyawan untuk tahap satu, tahap dua, dan tahap tiga dengan total sebanyak 1.802.673 saham sehingga jumlah saham ditempatkan dan disetor penuh bertambah menjadi 41.809.889.269 saham"
"02 Okt 2025
					20:27:49",Pencatatan Saham [],PGEO,20251001_PGEO_Pencatatan Saham Tambahan dari Konversi_31953566_lamp1.pdf,,,,,"PGEO melaporkan pencatatan saham tambahan hasil pelaksanaan program opsi saham manajemen dan karyawan untuk tahap satu sebanyak 589.354 saham, tahap dua sebanyak 496.900 saham, dan tahap tiga sebanyak 716.419 saham, sehingga total saham tercatat setelah pelaksanaan opsi bertambah menjadi 41.809.889.269 saham"
"03 Okt 2025
					17:19:07",Pencatatan Saham [],PGEO,20251003_PGEO_Pencatatan Saham Tambahan dari Konversi_31954202_lamp1.pdf,,,,,"PGEO melaporkan pencatatan saham tambahan hasil pelaksanaan program opsi saham manajemen dan karyawan untuk tahap satu sebanyak 170.374 saham, tahap dua sebanyak 2.416.085 saham, dan tahap tiga sebanyak 2.567.462 saham, sehingga total saham tercatat setelah pelaksanaan opsi bertambah menjadi 41.815.763.396 saham"
"06 Okt 2025
					17:06:16",Laporan Bulanan Registrasi Pemegang Efek [],PGEO,20251006_PGEO_Laporan Bulanan Registrasi Pemegang Efek/Perubahan Struktur Pemegang Saham_31964841_lamp8.pdf,20251006_PGEO_Laporan Bulanan Registrasi Pemegang Efek/Perubahan Struktur Pemegang Saham_31964841_lamp3.pdf,,,,"Laporan Bulanan Registrasi Pemegang Efek PGEO menunjukkan kenaikan saham scripless dari 10,826% menjadi 10,889%, kenaikan free float dari 10,83% menjadi 10,89%, dan kenaikan pemegang saham sebanyak 3.802 pemegang"
"07 Okt 2025
					17:39:27",Penyertaan modal ke anak usaha PT Pertamina Geothermal Energy Kotamobagu [],PGEO,20251007_PGEO_Laporan Informasi dan Fakta Material_31965524_lamp1.pdf,,,,,PGEO melaporkan penyertaan modal kepada anak usahanya yaitu PT Pertamina Geothermal Energy Kotamobagu guna mempercepat pengembangan proyek di WKP Kotamobagu yang berpotensi menghasilkan listrik panas bumi sebesar 280 MW serta mendukung target kapasitas terpasang mandiri 1 GW
"08 Okt 2025
					18:12:43",Perubahan Komite Audit [],PGEO,,,,,,PGEO melaporkan perubahan susunan keanggotaan komite audit perseroan dengan pengangkatan anggota baru menggantikan anggota lama untuk periode pertama
"14 Okt 2025
					21:46:59","Keterbukaan lnformasi Sehubungan dengan Hasil Pelaksanaan Program Management and Employee Stock  Option Program (MESOP) Tahap I (Exercise Keempat), Tahap II (Exercise Ketiga), dan Tahap III (Exercise Pertama) PT Pertamina Geothermal Energy Tbk []",PGEO,20251014_PGEO_Laporan Informasi dan Fakta Material_31967469_lamp1.pdf,,,,,"PGEO melaporkan hasil pelaksanaan Program Opsi Kepemilikan Saham Manajemen dan Karyawan untuk tahap satu pelaksanaan keempat, tahap dua pelaksanaan ketiga, dan tahap tiga pelaksanaan pertama"
"20 Okt 2025
					14:23:56",Rencana Penyelenggaraan Public Expose - Tahunan [],PGEO,20251020_PGEO_Public Expose_31978450_lamp1.pdf,,,,,"PGEO melaporkan rencana penyelenggaraan Public Expose Tahunan secara daring melalui Zoom Webinar dengan agenda pemaparan Direksi Perseroan terkait kinerja perusahaan periode sembilan bulan, mencakup kondisi terkini serta rencana pengembangan perseroan"
"20 Okt 2025
					19:08:58",Penyampaian Materi pada Acara Indonesia Day [],PGEO,20251020_PGEO_Laporan Informasi dan Fakta Material_31978569_lamp1.pdf,20251020_PGEO_Laporan Informasi dan Fakta Material_31978569_lamp2.pdf,,,,PGEO menyampaikan penyampaian materi presentasi perseroan sehubungan dengan keikutsertaannya dalam acara Indonesia Day di Singapura sebagai pemenuhan kewajiban keterbukaan informasi
"26 Okt 2025
					09:59:02",Penyampaian Laporan Keuangan Interim Yang Tidak Diaudit [],PGEO,FinancialStatement-2025-III-PGEO.xlsx,inlineXBRL.zip,instance.zip,OJK Checklist 30 September 2025.pdf,Pertamina Geothermal Energy 30 September 2025.pdf,"Laporan keuangan PGEO yang tidak diaudit menunjukkan kinerja keuangan yang mencatatkan laba bersih mencapai Rp1.740,60 miliar. Sepanjang periode sembilan bulan tersebut, pendapatan usaha perseroan tercatat sebesar Rp5.322,43 miliar. Selain itu, total aset PGEO tercatat mencapai Rp49.447,01 miliar pada akhir periode tersebut"
"29 Okt 2025
					20:54:20",Penyampaian Materi Public Expose - Tahunan [],PGEO,20251029_PGEO_Public Expose_31980613_lamp1.pdf,,,,,"PGEO menyampaikan materi presentasi Public Expose Tahunan mengenai capaian kinerja operasional dan keuangan, strategi pengembangan bisnis pembangkit listrik tenaga panas bumi, serta kinerja keberlanjutan perseroan"
"07 Okt 2025
					11:48:12",Laporan Bulanan Aktivitas Eksplorasi [],PTBA,20251007_PTBA_Laporan Bulanan Aktivitas Eksplorasi_31965259_lamp1.pdf,20251007_PTBA_Laporan Bulanan Aktivitas Eksplorasi_31965259_lamp2.pdf,,,,"PTBA melaporkan bahwa aktivitas eksplorasi oleh PT Bukit Asam Tbk berupa coring, open hole, dan logging geofisika dengan biaya 21.140.000.000, pengambilan sampel batubara dan batuan dengan biaya 7.520.000.000, pemantauan ToC-BoC front tambang dengan biaya 190.000.000, serta kegiatan penunjang eksplorasi dan biaya umum dengan biaya 2.840.000.000 di area Muara Tiga Besar, Air Laya, Banko Barat, Banko Tengah A, dan Banko Tengah B"
"07 Okt 2025
					14:13:40",Laporan Bulanan Registrasi Pemegang Efek [],PTBA,20251007_PTBA_Laporan Bulanan Registrasi Pemegang Efek/Perubahan Struktur Pemegang Saham_31965350_lamp4.pdf,20251007_PTBA_Laporan Bulanan Registrasi Pemegang Efek/Perubahan Struktur Pemegang Saham_31965350_lamp3.pdf,,,,Laporan Bulanan Registrasi Pemegang Efek PTBA menunjukkan peningkatan pemegang saham sebanyak 2.680 pemegang
"13 Okt 2025
					14:01:12",Perubahan Internal Audit [],PTBA,20251013_PTBA_Perubahan Corsec Komite Audit Alamat NPWP Internal Audit_31966982_lamp1.pdf,,,,,PTBA melaporkan penetapan pejabat definitif untuk posisi kepala divisi audit internal perseroan
"13 Okt 2025
					14:01:31",Perubahan Corporate Secretary [],PTBA,20251013_PTBA_Perubahan Corsec Komite Audit Alamat NPWP Internal Audit_31966977_lamp1.pdf,,,,,PTBA melaporkan perubahan corporate secretary yang efektif pada tanggal pemberitahuan
"30 Okt 2025
					15:36:38",Penyampaian Laporan Keuangan Interim Yang Tidak Diaudit [],PTBA,Checklist Pengungkapan TW 3 Tahun 2025_Final-1.pdf,FinancialStatement-2025-III-PTBA.xlsx,FS PTBA Triwulan III 2025.pdf,inlineXBRL.zip,instance.zip,"Laporan keuangan PTBA yang tidak diaudit menunjukkan kinerja keuangan dengan perolehan laba bersih mencapai 1,40 milliar. Sepanjang periode tersebut, penjualan dan pendapatan usaha perseroan tercatat sebesar 31,33 milliar. Selain itu, total aset Bukit Asam tumbuh dan mencapai 42,84 milliar pada akhir periode tersebut"
"30 Okt 2025
					15:42:13","Kinerja Operasional Terjaga, Bukit Asam (PTBA) Bukukan Laba Rp1,4 Triliun []",PTBA,20251030_PTBA_Laporan Informasi dan Fakta Material_31980834_lamp1.pdf,,,,,"PTBA melaporkan pembukuan laba bersih sebesar Rp1,4 Triliun dan pendapatan sebesar Rp31,3 Triliun yang didukung oleh kenaikan volume produksi serta penjualan di tengah penurunan harga batu bara global"
"10 Okt 2025
					02:37:10",Laporan Bulanan Registrasi Pemegang Efek [],SCMA,20251010_SCMA_Laporan Bulanan Registrasi Pemegang Efek/Perubahan Struktur Pemegang Saham_31966483_lamp1.pdf,,,,,"Laporan Bulanan Registrasi Pemegang Efek SCMA menunjukkan penurunan saham scripless dari 13,83% menjadi 13,24%, penurunan free float dari 13,82% menjadi 13,23%, dan penurunan pemegang saham sebanyak 3.821 pemegang"
"31 Okt 2025
					16:54:12",Penyampaian Laporan Keuangan Interim Yang Tidak Diaudit [],SCMA,FinancialStatement-2025-III-SCMA.xlsx,inlineXBRL.zip,instance.zip,SCMA - LapKeu Sep 2025.pdf,SPD_SCMA_September 2025_Signed.pdf,"SCMA menyampaikan laporan keuangan yang tidak diaudit dengan perolehan laba bersih sebesar 525,12 miliar, penjualan dan pendapatan usaha tercatat sebesar 5.046,43 miliar, serta total aset mencapai 10.032,53 miliar"
"07 Okt 2025
					11:55:22",Laporan Bulanan Registrasi Pemegang Efek [],SMGR,20251007_SMGR_Laporan Bulanan Registrasi Pemegang Efek/Perubahan Struktur Pemegang Saham_31965112_lamp1.pdf,,,,,Laporan Bulanan Registrasi Pemegang Efek SMGR menunjukkan penurunan pemegang saham sebanyak 1.353 pemegang
"20 Okt 2025
					13:52:37",Laporan Penyampaian Kesiapan Dana untuk Pembayaran Obligasi Berkelanjutan II Tahap I Seri A [],SMGR,20251020_SMGR_Laporan Informasi dan Fakta Material_31978437_lamp1.pdf,,,,,"SMGR menyampaikan kesiapan dana untuk pembayaran pokok Obligasi Berkelanjutan II Tahap I Seri A sebesar Rp290.850.000.000,00 beserta bunga ke-12 sebesar Rp5.235.300.000,00 yang akan dibayarkan kepada PT Kustodian Sentral Efek Indonesia tanpa memberikan dampak negatif terhadap kegiatan operasional, hukum, kondisi keuangan, maupun kelangsungan usaha perseroan"
"23 Okt 2025
					00:09:47",Perubahan Komite Audit [],SMGR,20251022_SMGR_Perubahan Corsec Komite Audit Alamat NPWP Internal Audit_31979112_lamp1.pdf,,,,,SMGR melaporkan perubahan susunan keanggotaan komite audit perseroan melalui pengangkatan anggota baru untuk menggantikan anggota lama guna memenuhi ketentuan regulator
"23 Okt 2025
					16:36:53",Perubahan Komite Audit (KOREKSI) [],SMGR,20251023_SMGR_Perubahan Corsec Komite Audit Alamat NPWP Internal Audit_31979301_lamp2.pdf,20251023_SMGR_Perubahan Corsec Komite Audit Alamat NPWP Internal Audit_31979301_lamp1.pdf,,,,SMGR melaporkan pengoreksian atas keterbukaan informasi sebelumnya terkait perubahan susunan keanggotaan komite audit perseroan sehubungan dengan berakhirnya masa jabatan salah satu anggota komite audit dan pengangkatan penggantinya untuk meneruskan sisa masa jabatan
"31 Okt 2025
					19:03:33",Penyampaian Laporan Keuangan Interim Yang Tidak Diaudit [],SMGR,FinancialStatement-2025-III-SMGR.xlsx,inlineXBRL.zip,instance.zip,PT SEMEN INDONESIA Q3 2025.pdf,SMGR_Surat Pengantar LK Q3 2025.pdf,"SMGR menyampaikan laporan keuangan interim tidak diaudit yang mencatatkan total aset sebesar 76.402.453 juta Rupiah, total liabilitas 28.657.088 juta Rupiah, total ekuitas 47.745.365 juta Rupiah, serta laba periode berjalan yang dapat diatribusikan kepada pemilik entitas induk sebesar 114.837 juta Rupiah"
"02 Okt 2025
					13:24:52",Laporan Transaksi Afiliasi [],SMRA,20251002_SMRA_Laporan Informasi dan Fakta Material_31953769_lamp1.pdf,,,,,"SMRA melaporkan transaksi afiliasi berupa pengurangan penyertaan modal oleh PT Summarecon Property Development dan PT Sumitomo Forestry (Singapore) Ltd. pada perusahaan terkendali perseroan, yaitu PT Summa Sinar Fajar, masing-masing sebesar Rp15,3 miliar dan Rp14,7 miliar"
"07 Okt 2025
					16:30:22",Laporan Bulanan Registrasi Pemegang Efek [],SMRA,20251006_SMRA_Laporan Bulanan Registrasi Pemegang Efek/Perubahan Struktur Pemegang Saham_31965038_lamp1.pdf,,,,,Laporan Bulanan Registrasi Pemegang Efek SMRA menunjukkan peningkatan pemegang saham sebanyak 859 pemegang
"21 Okt 2025
					13:31:37",Laporan Transaksi Afiliasi  [],SMRA,20251021_SMRA_Laporan Informasi dan Fakta Material_31978620_lamp1.pdf,,,,,"SMRA melaporkan transaksi afiliasi berupa penambahan penyertaan modal oleh PT Serpong Cipta Kreasi sebesar Rp583.387.200.000 dan PT Variatata sebesar Rp388.924.800.000 pada perusahaan terkendali perseroan, yaitu PT Serpong Cahaya Harmoni"
"31 Okt 2025
					12:54:45",Rencana Penyampaian Laporan Keuangan Kuartal III Ditelaah secara terbatas [],SMRA,20251031_SMRA_Rencana Penyampaian Laporan Keuangan_31980998_lamp1.pdf,,,,,SMRA menginformasikan rencana penyampaian laporan keuangan konsolidasi interim kuartal ketiga yang akan ditelaah secara terbatas oleh kantor akuntan publik sehubungan dengan rencana aksi korporasi yang akan dilakukan oleh perseroan
"09 Okt 2025
					08:57:23",Laporan Bulanan Registrasi Pemegang Efek [],TLKM,20251008_TLKM_Laporan Bulanan Registrasi Pemegang Efek/Perubahan Struktur Pemegang Saham_31965818_lamp1.pdf,,,,,"Laporan Bulanan Registrasi Pemegang Efek TLKM menunjukkan kenaikan saham scrip dari 0,0518% menjadi 0,0529%, kenaikan saham scripless dari 47,8447% menjadi 47,847%, dan penurunan pemegang saham sebanyak 3.515 pemegang"
"21 Okt 2025
					07:30:46",Penandatanganan Perjanjian Pemisahan Bersyarat dengan PT Telkom Infrastruktur Indonesia [],TLKM,20251020_TLKM_Laporan Informasi dan Fakta Material_31978572_lamp2.pdf,20251020_TLKM_Laporan Informasi dan Fakta Material_31978572_lamp1.pdf,,,,"TLKM melaporkan penandatanganan Perjanjian Pemisahan Bersyarat sehubungan dengan rencana pemisahan tidak murni atas sebagian bisnis dan aset Wholesale Fiber Connectivity senilai Rp35.787.258.000.000 kepada anak usahanya, PT Telkom Infrastruktur Indonesia"
"21 Okt 2025
					15:41:26",Pemberitahuan Rencana Rapat Umum Pemegang Saham Luar Biasa [],TLKM,20251021_TLKM_Pengumuman RUPS_31978673_lamp1.pdf,20251021_TLKM_Pengumuman RUPS_31978673_lamp2.pdf,,,,TLKM menyampaikan pemberitahuan rencana penyelenggaraan Rapat Umum Pemegang Saham Luar Biasa yang dilaksanakan secara daring melalui fasilitas Electronic General Meeting System KSEI beserta ketentuan penentuan daftar pemegang saham yang berhak hadir dan persyaratan pengusulan mata acara rapat
"21 Okt 2025
					15:51:02",Transaksi Material Tanpa Persetujuan RUPS [],TLKM,20251021_TLKM_Transaksi Material Tanpa Persetujuan RUPS_31978720_lamp1.pdf,20251021_TLKM_Transaksi Material Tanpa Persetujuan RUPS_31978720_lamp2.pdf,,,,"TLKM melaporkan keterbukaan informasi atas rencana transaksi material dan transaksi afiliasi tanpa persetujuan RUPS terkait pengalihan sebagian bisnis dan aset Wholesale Fiber Connectivity senilai Rp35.787.258.000.000 melalui pemisahan tidak murni (spin-off) kepada anak usahanya, PT Telkom Infrastruktur Indonesia, dengan kompensasi penerbitan saham baru"
"21 Okt 2025
					19:09:57",Penyampaian Materi pada Acara Indonesia Day [],TLKM,20251021_TLKM_Laporan Informasi dan Fakta Material_31978725_lamp1.pdf,20251021_TLKM_Laporan Informasi dan Fakta Material_31978725_lamp2.pdf,,,,"TLKM menyampaikan materi presentasi mengenai rencana transformasi perusahaan menuju strategic holding, strategi peningkatan total shareholder return, serta pembentukan struktur korporasi baru pada acara Indonesia Day"
"30 Okt 2025
					20:20:21",Penyampaian Laporan Keuangan Interim Yang Tidak Diaudit [],TLKM,FinancialStatement-2025-III-TLKM.xlsx,FS Telkom Triwulan III 2025_Bahasa rilis.pdf,FS Telkom Triwulan III 2025_Eng release.pdf,inlineXBRL.zip,instance.zip,"Laporan keuangan TLKM yang tidak diaudit menunjukkan kinerja keuangan dengan perolehan laba bersih mencapai Rp20,60 triliun. Sepanjang periode tersebut, penjualan dan pendapatan usaha perseroan tercatat sebesar Rp109,62 triliun. Selain itu, total aset Telkom tercatat sebesar Rp291,90 triliun pada akhir periode tersebut"
"06 Okt 2025
					10:59:09",Laporan Bulanan Registrasi Pemegang Efek [],TOWR,20251006_TOWR_Laporan Bulanan Registrasi Pemegang Efek/Perubahan Struktur Pemegang Saham_31964615_lamp1.pdf,,,,,"Laporan Bulanan Registrasi Pemegang Efek TOWR menunjukkan kenaikan saham scripless dari 32,6641% menjadi 32,8187%, penurunan saham treasury dari 1,6547% menjadi 1,5001%, kenaikan free float dari 32,66% menjadi 32,82%, dan kenaikan pemegang saham sebanyak 968 pemegang"
"10 Okt 2025
					17:41:04",Penandatanganan Perubahan Perjanjian Kredit dan Perubahan Perjanjian Transaksi Valuta Asing antara Protelindo dan Iforte sebagai Peminjam dengan PT Bank Maybank Indonesia Tbk [],TOWR,20251010_TOWR_Laporan Informasi dan Fakta Material_31966662_lamp1.pdf,,,,,"TOWR melaporkan penandatanganan Perubahan Perjanjian Kredit dan Perubahan Perjanjian Transaksi Valuta Asing antara entitas anak usahanya, PT Profesional Telekomunikasi Indonesia dan PT Iforte Solusi Infotek sebagai peminjam secara tanggung renteng, dengan PT Bank Maybank Indonesia Tbk selaku pemberi pinjaman sehubungan perpanjangan jangka waktu fasilitas hingga satu tahun ke depan"
"30 Okt 2025
					11:08:42",Penyampaian Laporan Keuangan Interim Yang Tidak Diaudit [],TOWR,FinancialStatement-2025-III-TOWR.xlsx,FS PT Sarana Menara Nusantara Tbk 30 Sep 2025.pdf,inlineXBRL.zip,instance.zip,,"Laporan keuangan TOWR yang tidak diaudit menunjukkan kinerja keuangan solid dengan perolehan laba bersih mencapai 2.553,17 miliar. Sepanjang periode tersebut, pendapatan usaha perseroan tercatat sebesar 9.686,70 miliar. Selain itu, total aset TOWR tumbuh dan mencapai 78.294,74 miliar pada akhir periode tersebut"
"30 Okt 2025
					18:53:51","Penandatanganan Perubahan Perjanjian Kredit atas Perjanjian Kredit antara Protelindo, Iforte, SUPR, IBST sebagai Peminjam dengan PT Bank CIMB Niaga Tbk []",TOWR,20251030_TOWR_Laporan Informasi dan Fakta Material_31980937_lamp1.pdf,,,,,"TOWR melaporkan penandatanganan Perubahan Perjanjian Kredit atas Perjanjian Kredit senilai Rp2.000.000.000.000 antara PT Bank CIMB Niaga Tbk selaku pemberi pinjaman dengan entitas anak usahanya, yaitu PT Profesional Telekomunikasi Indonesia, PT Iforte Solusi Infotek, PT Solusi Tunas Pratama Tbk, dan PT Inti Bangun Sejahtera Tbk selaku para peminjam sehubungan perpanjangan jangka waktu fasilitas kredit"
"01 Okt 2025
					17:15:14",Transaksi Afiliasi [],UNTR,20251001_UNTR_Informasi Transaksi Afiliasi_31953549_lamp1.pdf,,,,,"UNTR melaporkan transaksi afiliasi berupa peningkatan penyertaan saham senilai Rp41.496.000.000 yang melibatkan anak-anak usahanya, yaitu PT Energia Prima Nusantara, PT Supreme Energy Sriwijaya, dan PT Supreme Energy Rantau Dedap"
"03 Okt 2025
					16:19:42",Transaksi Afiliasi [],UNTR,20251003_UNTR_Informasi Transaksi Afiliasi_31954265_lamp1.pdf,,,,,UNTR melaporkan transaksi afiliasi berupa pengambilbagian 184.621.499 lembar saham baru senilai Rp18.462.149.900 oleh PT Energia Prima Nusantara pada PT Supreme Energy Sriwijaya guna mempertahankan porsi kepemilikan saham serta memenuhi kebutuhan tambahan modal kerja anak usahanya
"06 Okt 2025
					14:51:07",Laporan Bulanan Registrasi Pemegang Efek [],UNTR,20251006_UNTR_Laporan Bulanan Registrasi Pemegang Efek/Perubahan Struktur Pemegang Saham_31964598_lamp1.pdf,20251006_UNTR_Laporan Bulanan Registrasi Pemegang Efek/Perubahan Struktur Pemegang Saham_31964598_lamp3.pdf,,,,Laporan Bulanan Registrasi Pemegang Efek UNTR menunjukkan penurunan pemegang saham sebanyak 3.295 pemegang
"10 Okt 2025
					15:24:50",Laporan Bulanan Aktivitas Eksplorasi [],UNTR,20251010_UNTR_Laporan Bulanan Aktivitas Eksplorasi_31966591_lamp1.pdf,,,,,UNTR melaporkan bahwa aktivitas eksplorasi dilakukan sebagaimana rincian dalam file terlampir dengan biaya sebesar 12.352.596.629
"15 Okt 2025
					00:00:54",Penjelasan atas Pemberitaan Media Massa [],UNTR,20251014_UNTR_Tanggapan atas Permintaan Penjelasan Bursa_31967474_lamp1.pdf,,,,,"UNTR menyampaikan surat tanggapan kepada PT Bursa Efek Indonesia terkait permintaan klarifikasi atas pemberitaan media massa mengenai dugaan penjualan solar di bawah harga pasar, dengan melampirkan dokumen penjelasan resmi dari perseroan"
"15 Okt 2025
					07:38:16",Perubahan Corporate Secretary [],UNTR,20251015_UNTR_Perubahan Corsec Komite Audit Alamat NPWP Internal Audit_31967475_lamp1.pdf,,,,,UNTR melaporkan perubahan corporate secretary yang efektif pada tanggal pemberitahuan
"30 Okt 2025
					17:50:57",Penyampaian Laporan Keuangan Interim Yang Tidak Diaudit [],UNTR,FinancialStatement-2025-III-UNTR.xlsx,FS UNTR 0925.pdf,inlineXBRL.zip,instance.zip,Laporan Perkembangan Usaha 3Q 2025 .pdf,"Laporan keuangan UNTR yang tidak diaudit menunjukkan kinerja keuangan solid dengan perolehan laba bersih mencapai Rp11,48 triliun. Sepanjang periode tersebut, pendapatan usaha perseroan tercatat sebesar Rp100,47 triliun. Selain itu, total aset United Tractors tumbuh dan mencapai Rp178,71 triliun pada akhir periode tersebut"
"30 Okt 2025
					18:29:19",Rencana Pembelian Kembali Saham dalam Kondisi Pasar yang Berfluktuasi Secara Signifikan [],UNTR,20251030_UNTR_Laporan Informasi dan Fakta Material_31980939_lamp1.pdf,,,,,UNTR melaporkan rencana pembelian kembali saham (buyback) dalam kondisi pasar yang berfluktuasi secara signifikan dengan dana sebanyak-banyaknya Rp2.000.000.000.000 menggunakan dana internal guna menjaga stabilitas pasar modal dan meningkatkan nilai bagi pemegang saham
"30 Okt 2025
					18:39:03",Rencana Pembelian Kembali Saham dalam Kondisi Pasar yang Berfluktuasi Secara Signifikan (KOREKSI) [],UNTR,20251030_UNTR_Laporan Informasi dan Fakta Material_31980952_lamp1.pdf,20251030_UNTR_Laporan Informasi dan Fakta Material_31980952_lamp2.pdf,,,,UNTR melaporkan koreksi atas surat keterbukaan informasi sebelumnya mengenai rencana pembelian kembali saham (buyback) dalam kondisi pasar yang berfluktuasi secara signifikan dengan alokasi dana maksimal Rp2.000.000.000.000 dari dana internal perusahaan guna menjaga stabilitas pasar modal serta meningkatkan nilai bagi para pemegang saham
"31 Okt 2025
					00:03:15",Penjelasan atas Pemberitaan Media Massa [],UNTR,20251031_UNTR_Tanggapan atas Permintaan Penjelasan Bursa_31980975_lamp1.pdf,,,,,"UNTR menyampaikan surat penjelasan kepada PT Bursa Efek Indonesia terkait permintaan klarifikasi atas pemberitaan media massa mengenai dakwaan terhadap PT Acset Indonusa yang diduga menerima Rp179,99 miliar dalam kasus korupsi MBZ, dengan melampirkan dokumen penjelasan resmi dari perseroan"
"01 Okt 2025
					09:24:28",Rencana Penyelenggaraan Public Expose - Tahunan [],UNVR,20251001_UNVR_Public Expose_31953469_lamp1.pdf,,,,,UNVR melaporkan rencana penyelenggaraan Public Expose Tahunan yang bertempat di Grha Unilever dengan agenda paparan kinerja perseroan sampai dengan kuartal kedua
"02 Okt 2025
					16:55:58",Laporan Kepemilikan Saham [],UNVR,20251002_UNVR_Pengumuman Bursa_31953911_lamp1.pdf,,,,,UNVR melaporkan perubahan kepemilikan saham yang dialihkan kepada ahli waris sejumlah 205.000 saham
"09 Okt 2025
					17:45:14",Laporan Kepemilikan Saham [],UNVR,20251009_UNVR_Pengumuman Bursa_31966331_lamp1.pdf,,,,,UNVR melaporkan perubahan kepemilikan saham yang dialihkan kepada ahli waris sejumlah 61.500 saham
"10 Okt 2025
					14:47:41",Laporan Bulanan Registrasi Pemegang Efek [],UNVR,20251010_UNVR_Laporan Bulanan Registrasi Pemegang Efek/Perubahan Struktur Pemegang Saham_31966626_lamp2.pdf,20251010_UNVR_Laporan Bulanan Registrasi Pemegang Efek/Perubahan Struktur Pemegang Saham_31966626_lamp1.pdf,,,,"Laporan Bulanan Registrasi Pemegang Efek UNVR menunjukkan penurunan saham scripless dari 14,49% menjadi 14,05%, kenaikan saham treasury dari 0% menjadi 0,44%, penurunan free float dari 14,49% menjadi 14,05%, dan penurunan pemegang saham sebanyak 355 pemegang"
"10 Okt 2025
					17:39:27",Penyampaian Materi Public Expose - Tahunan [],UNVR,20251010_UNVR_Public Expose_31966836_lamp1.pdf,,,,,"UNVR menyampaikan materi Paparan Publik Tahunan yang mencakup prioritas strategis merek, transformasi Go-To-Market, kinerja keuangan semester pertama, serta rencana pemisahan bisnis es krim dan aksi pembelian kembali saham"
"17 Okt 2025
					20:13:57",Ringkasan Risalah Rapat Umum Para Pemegang Saham Luar Biasa [],UNVR,20251017_UNVR_Ringkasan Risalah/Risalah RUPS_31968240_lamp2.pdf,20251017_UNVR_Ringkasan Risalah/Risalah RUPS_31968240_lamp1.pdf,,,,UNVR menyetujui perubahan susunan direksi perseroan dalam Rapat Umum Pemegang Saham Luar Biasa yang diselenggarakan
"20 Okt 2025
					23:42:18",Laporan Hasil Public Expose - Tahunan [],UNVR,20251020_UNVR_Public Expose_31978581_lamp1.pdf,20251020_UNVR_Public Expose_31978581_lamp2.pdf,,,,UNVR menyampaikan laporan hasil pelaksanaan Paparan Publik Tahunan yang memaparkan kinerja keuangan perseroan hingga Kuartal II serta strategi dan prioritas perseroan
"23 Okt 2025
					07:08:11",Penyampaian Laporan Keuangan Interim Yang Tidak Diaudit [],UNVR,Checklist UNVR Q3 2025.pdf,Director Statement UNVR Q3 2025.pdf,FinancialStatement-2025-III-UNVR.xlsx,inlineXBRL.zip,instance.zip,"Laporan keuangan UNVR yang tidak diaudit menunjukkan kinerja keuangan dengan perolehan laba bersih mencapai 3,34 miliar. Sepanjang periode tersebut, penjualan dan pendapatan usaha perseroan tercatat sebesar 27,61 miliar. Selain itu, total aset UNVR tercatat sebesar 17,49 miliar pada akhir periode tersebut"
"24 Okt 2025
					16:48:41",Saham Hilang [],UNVR,20251024_UNVR_Pengumuman Bursa_31979534_lamp1.pdf,,,,,UNVR mengajukan permohonan pengumuman kehilangan Surat Kolektif Saham untuk pemrosesan penerbitan surat kolektif saham pengganti 
"27 Okt 2025
					18:37:33",Laporan Hasil Public Expose - Tahunan (KOREKSI) [],UNVR,20251027_UNVR_Public Expose_31979954_lamp3.pdf,20251027_UNVR_Public Expose_31979954_lamp1.pdf,20251027_UNVR_Public Expose_31979954_lamp2.pdf,,,"UNVR memuat rangkuman tanya jawab Paparan Publik Tahunan yang membahas strategi perseroan dalam menghadapi persaingan tarif, proyeksi pertumbuhan, penggunaan belanja modal, komitmen pembagian dividen, hingga pemanfaatan program buyback saham"