text-small,attach-card href,f-m-20,f-m-20 2,d-iblock href,d-iblock,d-iblock href 2,d-iblock 2
"08 Agt 2025
					21:04:40",https://www.idx.co.id/StaticData/NewsAndAnnouncement/ANNOUNCEMENTSTOCK/From_EREP/202508/4e3f5e30ac_fc2c8b631a.pdf,Laporan Bulanan Registrasi Pemegang Efek [],AADI,https://www.idx.co.id/StaticData/NewsAndAnnouncement/ANNOUNCEMENTSTOCK/From_EREP/202508/08df3d4367_2a71f95a34.pdf,20250804_AADI_Laporan Bulanan Registrasi Pemegang Efek/Perubahan Struktur Pemegang Saham_31929976_lamp1.pdf,,
"12 Agt 2025
					19:42:48",https://www.idx.co.id/StaticData/NewsAndAnnouncement/ANNOUNCEMENTSTOCK/From_EREP/202508/aab7a16298_83e31af871.pdf,Penjelasan atas Pemberitaan Media Massa [],AADI,,,,
"29 Agt 2025
					16:00:24",https://www.idx.co.id/StaticData/NewsAndAnnouncement/ANNOUNCEMENTSTOCK/From_EREP/202508/20250829160945-57390-0/FinancialStatement-2025-II-AADI.pdf,Penyampaian Laporan Keuangan Interim Yang Ditelaah Secara Terbatas [],AADI,https://www.idx.co.id/StaticData/NewsAndAnnouncement/ANNOUNCEMENTSTOCK/From_EREP/202508/20250829160945-57390-0/Checklist%20Pengungkapan%20LK%20AADI%2030%20Juni%202025.pdf,Checklist Pengungkapan LK AADI 30 Juni 2025.pdf,https://www.idx.co.id/StaticData/NewsAndAnnouncement/ANNOUNCEMENTSTOCK/From_EREP/202508/20250829160945-57390-0/Director%20Statement%20AADI%2030%20June%202025.pdf,Director Statement AADI 30 June 2025.pdf
"06 Agt 2025
					17:18:43",https://www.idx.co.id/StaticData/NewsAndAnnouncement/ANNOUNCEMENTSTOCK/From_EREP/202508/1841f6dd31_371b92af02.pdf,Laporan Bulanan Registrasi Pemegang Efek [],ACES,https://www.idx.co.id/StaticData/NewsAndAnnouncement/ANNOUNCEMENTSTOCK/From_EREP/202508/4d1e56bef5_3a470ce80d.pdf,20250806_ACES_Laporan Bulanan Registrasi Pemegang Efek/Perubahan Struktur Pemegang Saham_31930897_lamp1.pdf,,
"05 Agt 2025
					16:12:54",https://www.idx.co.id/StaticData/NewsAndAnnouncement/ANNOUNCEMENTSTOCK/From_EREP/202508/56549a89bd_cff8673cd7.pdf,Perubahan Alamat/Nomor Telepon/Fax/E-Mail/Website/NPWP/NPKP [],ADMR,,,,
"08 Agt 2025
					18:55:18",https://www.idx.co.id/StaticData/NewsAndAnnouncement/ANNOUNCEMENTSTOCK/From_EREP/202508/086ac468bd_0be6723328.pdf,Laporan Bulanan Registrasi Pemegang Efek [],ADMR,https://www.idx.co.id/StaticData/NewsAndAnnouncement/ANNOUNCEMENTSTOCK/From_EREP/202508/d0610811b9_1ca80244b5.pdf,20250806_ADMR_Laporan Bulanan Registrasi Pemegang Efek/Perubahan Struktur Pemegang Saham_31930844_lamp1.pdf,,
"12 Agt 2025
					20:28:59",https://www.idx.co.id/StaticData/NewsAndAnnouncement/ANNOUNCEMENTSTOCK/From_EREP/202508/4555f6bd2d_118645fa75.pdf,Penjelasan atas Pemberitaan Media Massa [],ADMR,,,,
"29 Agt 2025
					21:33:32",https://www.idx.co.id/StaticData/NewsAndAnnouncement/ANNOUNCEMENTSTOCK/From_EREP/202509/20250902162007-57445-0/FinancialStatement-2025-II-ADMR.pdf,Penyampaian Laporan Keuangan Interim Yang Ditelaah Secara Terbatas [],ADMR,https://www.idx.co.id/StaticData/NewsAndAnnouncement/ANNOUNCEMENTSTOCK/From_EREP/202509/20250902162007-57445-0/ADMR%20-%20Kenaikan%20Liabilitas%20Juni%202025.pdf,ADMR - Kenaikan Liabilitas Juni 2025.pdf,https://www.idx.co.id/StaticData/NewsAndAnnouncement/ANNOUNCEMENTSTOCK/From_EREP/202509/20250902162007-57445-0/ADMR%20-%20Laporan%20Keuangan%20Konsolidasian%2030%20Juni%202025.pdf,ADMR - Laporan Keuangan Konsolidasian 30 Juni 2025.pdf
"08 Agt 2025
					16:14:17",https://www.idx.co.id/StaticData/NewsAndAnnouncement/ANNOUNCEMENTSTOCK/From_EREP/202508/bc72dd5009_7b59c4d5f3.pdf,Laporan Bulanan Registrasi Pemegang Efek [],ADRO,https://www.idx.co.id/StaticData/NewsAndAnnouncement/ANNOUNCEMENTSTOCK/From_EREP/202508/074b831d62_9274f53f77.pdf,20250808_ADRO_Laporan Bulanan Registrasi Pemegang Efek/Perubahan Struktur Pemegang Saham_31931660_lamp3.pdf,https://www.idx.co.id/StaticData/NewsAndAnnouncement/ANNOUNCEMENTSTOCK/From_EREP/202508/581d93847a_d5d826176d.pdf,20250808_ADRO_Laporan Bulanan Registrasi Pemegang Efek/Perubahan Struktur Pemegang Saham_31931660_lamp1.pdf
"08 Agt 2025
					20:04:47",https://www.idx.co.id/StaticData/NewsAndAnnouncement/ANNOUNCEMENTSTOCK/From_EREP/202508/2138967fcc_04e4cd847a.pdf,Laporan Bulanan Registrasi Pemegang Efek (KOREKSI) [],ADRO,https://www.idx.co.id/StaticData/NewsAndAnnouncement/ANNOUNCEMENTSTOCK/From_EREP/202508/090af5d01f_57529614e5.pdf,20250808_ADRO_Laporan Bulanan Registrasi Pemegang Efek/Perubahan Struktur Pemegang Saham_31931867_lamp1.pdf,,
"12 Agt 2025
					20:24:46",https://www.idx.co.id/StaticData/NewsAndAnnouncement/ANNOUNCEMENTSTOCK/From_EREP/202508/31ded4d662_9f70de9de9.pdf,Penjelasan atas Pemberitaan Media Massa [],ADRO,,,,
"26 Agt 2025
					16:31:58",https://www.idx.co.id/StaticData/NewsAndAnnouncement/ANNOUNCEMENTSTOCK/From_EREP/202508/38d1498add_b4d8777475.pdf,Pencatatan Saham [],ADRO,https://www.idx.co.id/StaticData/NewsAndAnnouncement/ANNOUNCEMENTSTOCK/From_EREP/202508/c4c4b9f212_73b53fecf9.pdf,20250825_ADRO_Pencatatan Saham Tambahan dari Konversi_31934839_lamp1.pdf,,
"29 Agt 2025
					19:22:06",https://www.idx.co.id/StaticData/NewsAndAnnouncement/ANNOUNCEMENTSTOCK/From_EREP/202508/20250829192604-57439-0/FinancialStatement-2025-II-ADRO.pdf,Penyampaian Laporan Keuangan Interim Yang Ditelaah Secara Terbatas [],ADRO,https://www.idx.co.id/StaticData/NewsAndAnnouncement/ANNOUNCEMENTSTOCK/From_EREP/202508/20250829192604-57439-0/AlamTri%200625%20-%20consolidated%20financial%20statements.pdf,AlamTri 0625 - consolidated financial statements.pdf,https://www.idx.co.id/StaticData/NewsAndAnnouncement/ANNOUNCEMENTSTOCK/From_EREP/202508/20250829192604-57439-0/AlamTri%200625%20OJK%20checklist.pdf,AlamTri 0625 OJK checklist.pdf
"29 Agt 2025
					19:24:02",https://www.idx.co.id/StaticData/NewsAndAnnouncement/ANNOUNCEMENTSTOCK/From_EREP/202508/762725a847_a564358936.pdf,Penjelasan atas Volatilitas Transaksi [],ADRO,,,,
"06 Agt 2025
					16:50:44",https://www.idx.co.id/StaticData/NewsAndAnnouncement/ANNOUNCEMENTSTOCK/From_EREP/202508/bc2b77f100_1d5d8687c6.pdf,Laporan Kepemilikan atau Setiap Perubahan Kepemilikan Saham Perusahaan Terbuka [],AKRA,https://www.idx.co.id/StaticData/NewsAndAnnouncement/ANNOUNCEMENTSTOCK/From_EREP/202508/26bad4ea45_a7907aa94b.pdf,20250806_AKRA_Laporan Kepemilikan atau Setiap Perubahan Kepemilikan Saham Perusahaan Terbuka_31930869_lamp1.pdf,,
"06 Agt 2025
					16:51:21",https://www.idx.co.id/StaticData/NewsAndAnnouncement/ANNOUNCEMENTSTOCK/From_EREP/202508/af75f976f2_597afaab26.pdf,Laporan Kepemilikan atau Setiap Perubahan Kepemilikan Saham Perusahaan Terbuka [],AKRA,https://www.idx.co.id/StaticData/NewsAndAnnouncement/ANNOUNCEMENTSTOCK/From_EREP/202508/f3edd09802_66af69a57f.pdf,20250806_AKRA_Laporan Kepemilikan atau Setiap Perubahan Kepemilikan Saham Perusahaan Terbuka_31930875_lamp1.pdf,,
"06 Agt 2025
					16:52:18",https://www.idx.co.id/StaticData/NewsAndAnnouncement/ANNOUNCEMENTSTOCK/From_EREP/202508/a3a6e574ed_3345591930.pdf,Laporan Kepemilikan atau Setiap Perubahan Kepemilikan Saham Perusahaan Terbuka [],AKRA,https://www.idx.co.id/StaticData/NewsAndAnnouncement/ANNOUNCEMENTSTOCK/From_EREP/202508/e024a5baed_493bf40aef.pdf,20250806_AKRA_Laporan Kepemilikan atau Setiap Perubahan Kepemilikan Saham Perusahaan Terbuka_31930877_lamp1.pdf,,
"06 Agt 2025
					16:52:55",https://www.idx.co.id/StaticData/NewsAndAnnouncement/ANNOUNCEMENTSTOCK/From_EREP/202508/f28e560ada_3d475bfba6.pdf,Laporan Kepemilikan atau Setiap Perubahan Kepemilikan Saham Perusahaan Terbuka [],AKRA,https://www.idx.co.id/StaticData/NewsAndAnnouncement/ANNOUNCEMENTSTOCK/From_EREP/202508/547aec27cd_cbcc89093c.pdf,20250806_AKRA_Laporan Kepemilikan atau Setiap Perubahan Kepemilikan Saham Perusahaan Terbuka_31930882_lamp1.pdf,,
"06 Agt 2025
					16:59:30",https://www.idx.co.id/StaticData/NewsAndAnnouncement/ANNOUNCEMENTSTOCK/From_EREP/202508/aaff83aeac_2ebc0a8087.pdf,Laporan Kepemilikan atau Setiap Perubahan Kepemilikan Saham Perusahaan Terbuka [],AKRA,https://www.idx.co.id/StaticData/NewsAndAnnouncement/ANNOUNCEMENTSTOCK/From_EREP/202508/1084c1db0e_e0854e4d8c.pdf,20250806_AKRA_Laporan Kepemilikan atau Setiap Perubahan Kepemilikan Saham Perusahaan Terbuka_31930886_lamp1.pdf,,
"06 Agt 2025
					17:13:02",https://www.idx.co.id/StaticData/NewsAndAnnouncement/ANNOUNCEMENTSTOCK/From_EREP/202508/1e1af32537_50e7763505.pdf,Laporan Kepemilikan atau Setiap Perubahan Kepemilikan Saham Perusahaan Terbuka [],AKRA,https://www.idx.co.id/StaticData/NewsAndAnnouncement/ANNOUNCEMENTSTOCK/From_EREP/202508/8663f2a6de_33521ecd04.pdf,20250806_AKRA_Laporan Kepemilikan atau Setiap Perubahan Kepemilikan Saham Perusahaan Terbuka_31930894_lamp1.pdf,,
"06 Agt 2025
					17:14:07",https://www.idx.co.id/StaticData/NewsAndAnnouncement/ANNOUNCEMENTSTOCK/From_EREP/202508/77df895660_d11d219b3f.pdf,Laporan Kepemilikan atau Setiap Perubahan Kepemilikan Saham Perusahaan Terbuka [],AKRA,https://www.idx.co.id/StaticData/NewsAndAnnouncement/ANNOUNCEMENTSTOCK/From_EREP/202508/ff66351024_9f4952d152.pdf,20250806_AKRA_Laporan Kepemilikan atau Setiap Perubahan Kepemilikan Saham Perusahaan Terbuka_31930896_lamp1.pdf,,
"06 Agt 2025
					17:15:33",https://www.idx.co.id/StaticData/NewsAndAnnouncement/ANNOUNCEMENTSTOCK/From_EREP/202508/85772cff0d_e865239867.pdf,Laporan Kepemilikan atau Setiap Perubahan Kepemilikan Saham Perusahaan Terbuka [],AKRA,https://www.idx.co.id/StaticData/NewsAndAnnouncement/ANNOUNCEMENTSTOCK/From_EREP/202508/8f311a6986_898245731f.pdf,20250806_AKRA_Laporan Kepemilikan atau Setiap Perubahan Kepemilikan Saham Perusahaan Terbuka_31930899_lamp1.pdf,,
"08 Agt 2025
					16:15:35",https://www.idx.co.id/StaticData/NewsAndAnnouncement/ANNOUNCEMENTSTOCK/From_EREP/202508/8fab3fe598_da1138d588.pdf,Laporan Bulanan Registrasi Pemegang Efek [],AKRA,https://www.idx.co.id/StaticData/NewsAndAnnouncement/ANNOUNCEMENTSTOCK/From_EREP/202508/b4062e925f_52ca5e82c7.pdf,20250808_AKRA_Laporan Bulanan Registrasi Pemegang Efek/Perubahan Struktur Pemegang Saham_31931769_lamp1.pdf,,
"25 Agt 2025
					15:30:01",https://www.idx.co.id/StaticData/NewsAndAnnouncement/ANNOUNCEMENTSTOCK/From_EREP/202508/ed4ab49720_28e8e2cff5.pdf,Rencana Penyelenggaraan Public Expose - Tahunan [],AKRA,https://www.idx.co.id/StaticData/NewsAndAnnouncement/ANNOUNCEMENTSTOCK/From_EREP/202508/63563de5fd_d7db8ea35f.pdf,20250825_AKRA_Public Expose_31934887_lamp1.pdf,,
"07 Agt 2025
					17:29:57",https://www.idx.co.id/StaticData/NewsAndAnnouncement/ANNOUNCEMENTSTOCK/From_EREP/202508/56338602c9_f610430c51.pdf,Laporan Kepemilikan atau Setiap Perubahan Kepemilikan Saham Perusahaan Terbuka [],AMMN,https://www.idx.co.id/StaticData/NewsAndAnnouncement/ANNOUNCEMENTSTOCK/From_EREP/202508/6927135705_e975a6a972.pdf,20250807_AMMN_Laporan Kepemilikan atau Setiap Perubahan Kepemilikan Saham Perusahaan Terbuka_31931311_lamp1.pdf,,
"07 Agt 2025
					18:01:17",https://www.idx.co.id/StaticData/NewsAndAnnouncement/ANNOUNCEMENTSTOCK/From_EREP/202508/b33810d261_4a8a5b6d75.pdf,Laporan Bulanan Registrasi Pemegang Efek [],AMMN,https://www.idx.co.id/StaticData/NewsAndAnnouncement/ANNOUNCEMENTSTOCK/From_EREP/202508/2f58c1d389_4d4cd114e5.pdf,20250807_AMMN_Laporan Bulanan Registrasi Pemegang Efek/Perubahan Struktur Pemegang Saham_31931199_lamp2.pdf,https://www.idx.co.id/StaticData/NewsAndAnnouncement/ANNOUNCEMENTSTOCK/From_EREP/202508/666ab72bd3_b896da348d.pdf,20250807_AMMN_Laporan Bulanan Registrasi Pemegang Efek/Perubahan Struktur Pemegang Saham_31931199_lamp1.pdf
"13 Agt 2025
					16:26:43",https://www.idx.co.id/StaticData/NewsAndAnnouncement/ANNOUNCEMENTSTOCK/From_EREP/202508/4cf8c32e2a_5ed48c6166.pdf,Laporan Kepemilikan atau Setiap Perubahan Kepemilikan Saham Perusahaan Terbuka [],AMMN,https://www.idx.co.id/StaticData/NewsAndAnnouncement/ANNOUNCEMENTSTOCK/From_EREP/202508/0d9a8655a5_d3bc80f24a.pdf,20250813_AMMN_Laporan Kepemilikan atau Setiap Perubahan Kepemilikan Saham Perusahaan Terbuka_31932622_lamp1.pdf,,
"14 Agt 2025
					18:29:31",https://www.idx.co.id/StaticData/NewsAndAnnouncement/ANNOUNCEMENTSTOCK/From_EREP/202508/03c895c231_852fde5282.pdf,Laporan Kepemilikan atau Setiap Perubahan Kepemilikan Saham Perusahaan Terbuka [],AMMN,https://www.idx.co.id/StaticData/NewsAndAnnouncement/ANNOUNCEMENTSTOCK/From_EREP/202508/26ba02ab78_fb6a022a90.pdf,20250814_AMMN_Laporan Kepemilikan atau Setiap Perubahan Kepemilikan Saham Perusahaan Terbuka_31932949_lamp1.pdf,,
"15 Agt 2025
					19:11:42",https://www.idx.co.id/StaticData/NewsAndAnnouncement/ANNOUNCEMENTSTOCK/From_EREP/202508/bfb9cc5e55_cffb4ab046.pdf,Laporan Kepemilikan atau Setiap Perubahan Kepemilikan Saham Perusahaan Terbuka [],AMMN,https://www.idx.co.id/StaticData/NewsAndAnnouncement/ANNOUNCEMENTSTOCK/From_EREP/202508/61590aa63f_15e1438a3d.pdf,20250815_AMMN_Laporan Kepemilikan atau Setiap Perubahan Kepemilikan Saham Perusahaan Terbuka_31933431_lamp1.pdf,,
"29 Agt 2025
					17:00:42",https://www.idx.co.id/StaticData/NewsAndAnnouncement/ANNOUNCEMENTSTOCK/From_EREP/202508/ee81a020ab_d106cf6671.pdf,Laporan Kepemilikan atau Setiap Perubahan Kepemilikan Saham Perusahaan Terbuka [],AMMN,https://www.idx.co.id/StaticData/NewsAndAnnouncement/ANNOUNCEMENTSTOCK/From_EREP/202508/c6316410d3_5a968415ff.pdf,20250828_AMMN_Laporan Kepemilikan atau Setiap Perubahan Kepemilikan Saham Perusahaan Terbuka_31935637_lamp1.pdf,,
"29 Agt 2025
					17:02:27",https://www.idx.co.id/StaticData/NewsAndAnnouncement/ANNOUNCEMENTSTOCK/From_EREP/202508/21570264d8_29aad48dcb.pdf,Penjelasan atas Volatilitas Transaksi [],AMMN,https://www.idx.co.id/StaticData/NewsAndAnnouncement/ANNOUNCEMENTSTOCK/From_EREP/202508/a389ce3843_fad3cb7adf.pdf,20250829_AMMN_Tanggapan atas Permintaan Penjelasan Bursa_31935898_lamp1.pdf,,
"07 Agt 2025
					09:54:51",https://www.idx.co.id/StaticData/NewsAndAnnouncement/ANNOUNCEMENTSTOCK/From_EREP/202508/a653168ba9_92ac0061a6.pdf,Laporan Bulanan Registrasi Pemegang Efek [],AMRT,,,,
"04 Agt 2025
					08:19:53",https://www.idx.co.id/StaticData/NewsAndAnnouncement/ANNOUNCEMENTSTOCK/From_EREP/202508/f750b2e42a_87f1dcfce8.pdf,Transaksi Material Tanpa Persetujuan RUPS [],ANTM,https://www.idx.co.id/StaticData/NewsAndAnnouncement/ANNOUNCEMENTSTOCK/From_EREP/202508/0bbad6a753_0082aa6464.pdf,20250804_ANTM_Transaksi Material Tanpa Persetujuan RUPS_31929612_lamp2.pdf,https://www.idx.co.id/StaticData/NewsAndAnnouncement/ANNOUNCEMENTSTOCK/From_EREP/202508/ce20f94309_6b1da8ebde.pdf,20250804_ANTM_Transaksi Material Tanpa Persetujuan RUPS_31929612_lamp1.pdf
"06 Agt 2025
					09:35:32",https://www.idx.co.id/StaticData/NewsAndAnnouncement/ANNOUNCEMENTSTOCK/From_EREP/202508/e0611833a7_eff557d950.pdf,Laporan Bulanan Registrasi Pemegang Efek [],ANTM,https://www.idx.co.id/StaticData/NewsAndAnnouncement/ANNOUNCEMENTSTOCK/From_EREP/202508/5845b8288a_e3c7f77647.pdf,20250806_ANTM_Laporan Bulanan Registrasi Pemegang Efek/Perubahan Struktur Pemegang Saham_31930600_lamp1.pdf,,
"07 Agt 2025
					17:46:29",https://www.idx.co.id/StaticData/NewsAndAnnouncement/ANNOUNCEMENTSTOCK/From_EREP/202508/ff439ee8fa_6e3046fe3b.pdf,ANTAM Luncurkan Emas Edisi Khusus Simfoni Ibu Pertiwi [],ANTM,https://www.idx.co.id/StaticData/NewsAndAnnouncement/ANNOUNCEMENTSTOCK/From_EREP/202508/18b1edaf98_49e672a78d.pdf,20250807_ANTM_Laporan Informasi dan Fakta Material_31931429_lamp1.pdf,https://www.idx.co.id/StaticData/NewsAndAnnouncement/ANNOUNCEMENTSTOCK/From_EREP/202508/496fce1f78_c509192d08.pdf,20250807_ANTM_Laporan Informasi dan Fakta Material_31931429_lamp2.pdf
"08 Agt 2025
					17:55:00",https://www.idx.co.id/StaticData/NewsAndAnnouncement/ANNOUNCEMENTSTOCK/From_EREP/202508/19270ccab1_53724af898.pdf,ANTAM Dukung Perlindungan dan Pengelolaan Ekosistem Mangrove di Kalimantan Barat [],ANTM,https://www.idx.co.id/StaticData/NewsAndAnnouncement/ANNOUNCEMENTSTOCK/From_EREP/202508/136e550204_f419576372.pdf,20250808_ANTM_Laporan Informasi dan Fakta Material_31931859_lamp1.pdf,https://www.idx.co.id/StaticData/NewsAndAnnouncement/ANNOUNCEMENTSTOCK/From_EREP/202508/90cd032b0e_14bf8356c6.pdf,20250808_ANTM_Laporan Informasi dan Fakta Material_31931859_lamp2.pdf
"27 Agt 2025
					18:47:58",https://www.idx.co.id/StaticData/NewsAndAnnouncement/ANNOUNCEMENTSTOCK/From_EREP/202508/55b88a1696_02b85bf125.pdf,Rencana Penyelenggaraan Public Expose - Tahunan [],ANTM,https://www.idx.co.id/StaticData/NewsAndAnnouncement/ANNOUNCEMENTSTOCK/From_EREP/202508/e8521961dd_842ce40918.pdf,20250827_ANTM_Public Expose_31935574_lamp1.pdf,,
"29 Agt 2025
					17:09:42",https://www.idx.co.id/StaticData/NewsAndAnnouncement/ANNOUNCEMENTSTOCK/From_EREP/202508/2c9307034b_88ff3608dc.pdf,Penyampaian Laporan Keuangan Konsolidasian Interim untuk Tanggal dan Periode Enam Bulan yang Berakhir pada 30 Juni 2025 dan 30 Juni 2024 (Limited Review)  [],ANTM,https://www.idx.co.id/StaticData/NewsAndAnnouncement/ANNOUNCEMENTSTOCK/From_EREP/202508/6194771cba_1297ebc0a9.pdf,20250829_ANTM_Laporan Informasi dan Fakta Material_31936020_lamp3.pdf,https://www.idx.co.id/StaticData/NewsAndAnnouncement/ANNOUNCEMENTSTOCK/From_EREP/202508/77ccd874be_23d0077087.pdf,20250829_ANTM_Laporan Informasi dan Fakta Material_31936020_lamp2.pdf
"29 Agt 2025
					18:21:50",https://www.idx.co.id/StaticData/NewsAndAnnouncement/ANNOUNCEMENTSTOCK/From_EREP/202508/5da9672fad_baa116a737.pdf,"Laba ANTAM Meningkat 240% di Semester I 2025, Nikel dan Emas Jadi Pendorong Utama []",ANTM,https://www.idx.co.id/StaticData/NewsAndAnnouncement/ANNOUNCEMENTSTOCK/From_EREP/202508/99e3cfb361_1e4a63bc05.pdf,20250829_ANTM_Laporan Informasi dan Fakta Material_31936055_lamp2.pdf,https://www.idx.co.id/StaticData/NewsAndAnnouncement/ANNOUNCEMENTSTOCK/From_EREP/202508/ad20987aef_033ac96bdf.pdf,20250829_ANTM_Laporan Informasi dan Fakta Material_31936055_lamp1.pdf
"29 Agt 2025
					20:43:52",https://www.idx.co.id/StaticData/NewsAndAnnouncement/ANNOUNCEMENTSTOCK/From_EREP/202508/20250829204858-57447-0/FinancialStatement-2025-II-ANTM.pdf,Penyampaian Laporan Keuangan Interim Yang Ditelaah Secara Terbatas [],ANTM,https://www.idx.co.id/StaticData/NewsAndAnnouncement/ANNOUNCEMENTSTOCK/From_EREP/202508/20250829204858-57447-0/3996%20-%20OJK%20-%20Surat%20Penyampaian%20LK%201H25.pdf,3996 - OJK - Surat Penyampaian LK 1H25.pdf,https://www.idx.co.id/StaticData/NewsAndAnnouncement/ANNOUNCEMENTSTOCK/From_EREP/202508/20250829204858-57447-0/3999%20-%20IDX%20-%20Surat%20Penyampaian%20LK%201H25.pdf,3999 - IDX - Surat Penyampaian LK 1H25.pdf
"01 Agt 2025
					16:50:23",https://www.idx.co.id/StaticData/NewsAndAnnouncement/ANNOUNCEMENTSTOCK/From_EREP/202508/e3aa3a1d1b_d2f4f64b18.pdf,Informasi atau Fakta Material lainnya. [],ARTO,https://www.idx.co.id/StaticData/NewsAndAnnouncement/ANNOUNCEMENTSTOCK/From_EREP/202508/874f3dd27b_fb9f3b45f3.pdf,20250801_ARTO_Laporan Informasi dan Fakta Material_31929475_lamp2.pdf,https://www.idx.co.id/StaticData/NewsAndAnnouncement/ANNOUNCEMENTSTOCK/From_EREP/202508/ac7f307936_6b5c8b60b8.pdf,20250801_ARTO_Laporan Informasi dan Fakta Material_31929475_lamp1.pdf
"01 Agt 2025
					16:50:42",https://www.idx.co.id/StaticData/NewsAndAnnouncement/ANNOUNCEMENTSTOCK/From_EREP/202508/f92c307203_9dac040f89.pdf,Penyampaian Bukti Iklan Informasi Laporan Keuangan Interim [],ARTO,https://www.idx.co.id/StaticData/NewsAndAnnouncement/ANNOUNCEMENTSTOCK/From_EREP/202508/6586bad081_923e7386a0.pdf,20250725_ARTO_Penyampaian Bukti Iklan_31917454_lamp1.pdf,https://www.idx.co.id/StaticData/NewsAndAnnouncement/ANNOUNCEMENTSTOCK/From_EREP/202508/7844273118_2e222c9b4b.pdf,20250725_ARTO_Penyampaian Bukti Iklan_31917454_lamp2.pdf
"06 Agt 2025
					16:53:43",https://www.idx.co.id/StaticData/NewsAndAnnouncement/ANNOUNCEMENTSTOCK/From_EREP/202508/85841fcbf5_3abb50dd83.pdf,Laporan Bulanan Registrasi Pemegang Efek [],ARTO,https://www.idx.co.id/StaticData/NewsAndAnnouncement/ANNOUNCEMENTSTOCK/From_EREP/202508/b1d6388cc1_2e79a38669.pdf,20250806_ARTO_Laporan Bulanan Registrasi Pemegang Efek/Perubahan Struktur Pemegang Saham_31930665_lamp2.pdf,https://www.idx.co.id/StaticData/NewsAndAnnouncement/ANNOUNCEMENTSTOCK/From_EREP/202508/eb0e191392_c0abe9bfb3.pdf,20250806_ARTO_Laporan Bulanan Registrasi Pemegang Efek/Perubahan Struktur Pemegang Saham_31930665_lamp1.pdf
"22 Agt 2025
					15:37:22",https://www.idx.co.id/StaticData/NewsAndAnnouncement/ANNOUNCEMENTSTOCK/From_EREP/202508/5a6501b425_f19acd3f6e.pdf,Penjelasan atas Volatilitas Transaksi [],ARTO,https://www.idx.co.id/StaticData/NewsAndAnnouncement/ANNOUNCEMENTSTOCK/From_EREP/202508/1154c1e768_a1e72d6176.pdf,20250822_ARTO_Tanggapan atas Permintaan Penjelasan Bursa_31934496_lamp1.pdf,,
"27 Agt 2025
					19:41:59",https://www.idx.co.id/StaticData/NewsAndAnnouncement/ANNOUNCEMENTSTOCK/From_EREP/202508/fa219b16e0_b5224d7546.pdf,Rencana Penyelenggaraan Public Expose - Tahunan [],ARTO,https://www.idx.co.id/StaticData/NewsAndAnnouncement/ANNOUNCEMENTSTOCK/From_EREP/202508/88259341ca_8bb1cdcaaf.pdf,20250827_ARTO_Public Expose_31935446_lamp1.pdf,,
"01 Agt 2025
					17:06:50",https://www.idx.co.id/StaticData/NewsAndAnnouncement/ANNOUNCEMENTSTOCK/From_EREP/202508/dcaef8bc59_d8abcfb4ba.pdf,Laporan Kepemilikan atau Setiap Perubahan Kepemilikan Saham Perusahaan Terbuka [],ASII,https://www.idx.co.id/StaticData/NewsAndAnnouncement/ANNOUNCEMENTSTOCK/From_EREP/202508/d51afa9315_c8db969a70.pdf,20250801_ASII_Laporan Kepemilikan atau Setiap Perubahan Kepemilikan Saham Perusahaan Terbuka_31929423_lamp1.pdf,,
"07 Agt 2025
					16:41:55",https://www.idx.co.id/StaticData/NewsAndAnnouncement/ANNOUNCEMENTSTOCK/From_EREP/202508/e8e3c5ef22_24ad0cde02.pdf,Laporan Bulanan Registrasi Pemegang Efek [],ASII,https://www.idx.co.id/StaticData/NewsAndAnnouncement/ANNOUNCEMENTSTOCK/From_EREP/202508/ce8742f014_0277d324cf.pdf,20250804_ASII_Laporan Bulanan Registrasi Pemegang Efek/Perubahan Struktur Pemegang Saham_31929807_lamp1.pdf,,
"13 Agt 2025
					17:00:24",https://www.idx.co.id/StaticData/NewsAndAnnouncement/ANNOUNCEMENTSTOCK/From_EREP/202508/00316dbc93_75ff9a9f82.pdf,Rencana Penyelenggaraan Public Expose - Tahunan [],ASII,https://www.idx.co.id/StaticData/NewsAndAnnouncement/ANNOUNCEMENTSTOCK/From_EREP/202508/5d3c9e4d72_0ac428b754.pdf,20250813_ASII_Public Expose_31932760_lamp1.pdf,,
"22 Agt 2025
					09:30:38",https://www.idx.co.id/StaticData/NewsAndAnnouncement/ANNOUNCEMENTSTOCK/From_EREP/202508/87427ea638_6175b7c8ce.pdf,Penyampaian Materi Public Expose - Tahunan [],ASII,https://www.idx.co.id/StaticData/NewsAndAnnouncement/ANNOUNCEMENTSTOCK/From_EREP/202508/0e1ea76813_2931e86da1.pdf,20250822_ASII_Public Expose_31934440_lamp2.pdf,https://www.idx.co.id/StaticData/NewsAndAnnouncement/ANNOUNCEMENTSTOCK/From_EREP/202508/8333853cce_64f4fdcbbc.pdf,20250822_ASII_Public Expose_31934440_lamp1.pdf
"06 Agt 2025
					11:01:08",https://www.idx.co.id/StaticData/NewsAndAnnouncement/ANNOUNCEMENTSTOCK/From_EREP/202508/7d5b91c145_f727e977e6.pdf,Laporan Bulanan Registrasi Pemegang Efek [],BBCA,,,,
"15 Agt 2025
					18:00:19",https://www.idx.co.id/StaticData/NewsAndAnnouncement/ANNOUNCEMENTSTOCK/From_EREP/202508/396b6116b6_04c98fed5a.pdf,Laporan Kepemilikan atau Setiap Perubahan Kepemilikan Saham Perusahaan Terbuka [],BBCA,https://www.idx.co.id/StaticData/NewsAndAnnouncement/ANNOUNCEMENTSTOCK/From_EREP/202508/761f8c7804_2121bbbd88.pdf,20250815_BBCA_Laporan Kepemilikan atau Setiap Perubahan Kepemilikan Saham Perusahaan Terbuka_31933321_lamp1.pdf,,
"20 Agt 2025
					12:52:23",https://www.idx.co.id/StaticData/NewsAndAnnouncement/ANNOUNCEMENTSTOCK/From_EREP/202508/d0aef0da79_4a41751cc7.pdf,Penjelasan atas Pemberitaan Media Massa [],BBCA,https://www.idx.co.id/StaticData/NewsAndAnnouncement/ANNOUNCEMENTSTOCK/From_EREP/202508/5c6e09035e_58d2b136bd.pdf,20250820_BBCA_Tanggapan atas Permintaan Penjelasan Bursa_31933966_lamp1.pdf,https://www.idx.co.id/StaticData/NewsAndAnnouncement/ANNOUNCEMENTSTOCK/From_EREP/202508/7d53ecd6dc_6df3853be1.pdf,20250820_BBCA_Tanggapan atas Permintaan Penjelasan Bursa_31933966_lamp2.pdf
"27 Agt 2025
					15:06:42",https://www.idx.co.id/StaticData/NewsAndAnnouncement/ANNOUNCEMENTSTOCK/From_EREP/202508/5e2db104d3_2d79c12d41.pdf,Rencana Penyelenggaraan Public Expose - Tahunan [],BBCA,,,,
"07 Agt 2025
					20:15:52",https://www.idx.co.id/StaticData/NewsAndAnnouncement/ANNOUNCEMENTSTOCK/From_EREP/202508/d880468f21_a8dbe580d6.pdf,Laporan Bulanan Registrasi Pemegang Efek [],BBNI,https://www.idx.co.id/StaticData/NewsAndAnnouncement/ANNOUNCEMENTSTOCK/From_EREP/202508/848868430f_70528b4032.pdf,20250806_BBNI_Laporan Bulanan Registrasi Pemegang Efek/Perubahan Struktur Pemegang Saham_31930799_lamp1.pdf,,
"22 Agt 2025
					11:43:04",https://www.idx.co.id/StaticData/NewsAndAnnouncement/ANNOUNCEMENTSTOCK/From_EREP/202508/d1f9de2262_56acdc9793.pdf,Rencana Penyelenggaraan Public Expose - Tahunan [],BBNI,https://www.idx.co.id/StaticData/NewsAndAnnouncement/ANNOUNCEMENTSTOCK/From_EREP/202508/05d8ece09d_0b72b19d56.pdf,20250822_BBNI_Public Expose_31934484_lamp1.pdf,,
"01 Agt 2025
					23:01:12",https://www.idx.co.id/StaticData/NewsAndAnnouncement/ANNOUNCEMENTSTOCK/From_EREP/202508/5da2c0d199_c3ef756f5a.pdf,Penyampaian Bukti Iklan Informasi Laporan Keuangan Interim [],BBRI,https://www.idx.co.id/StaticData/NewsAndAnnouncement/ANNOUNCEMENTSTOCK/From_EREP/202508/134a1f9d5d_5727efcae2.pdf,20250801_BBRI_Penyampaian Bukti Iklan_31929520_lamp1.pdf,https://www.idx.co.id/StaticData/NewsAndAnnouncement/ANNOUNCEMENTSTOCK/From_EREP/202508/4606d2328d_13d88e72a7.pdf,20250801_BBRI_Penyampaian Bukti Iklan_31929520_lamp5.pdf
"08 Agt 2025
					16:14:00",https://www.idx.co.id/StaticData/NewsAndAnnouncement/ANNOUNCEMENTSTOCK/From_EREP/202508/5c6f3fc604_8cf66c2f6f.pdf,Laporan Bulanan Registrasi Pemegang Efek [],BBRI,https://www.idx.co.id/StaticData/NewsAndAnnouncement/ANNOUNCEMENTSTOCK/From_EREP/202508/0ccda26ecc_7a6e4e8ff8.pdf,20250808_BBRI_Laporan Bulanan Registrasi Pemegang Efek/Perubahan Struktur Pemegang Saham_31931710_lamp2.pdf,https://www.idx.co.id/StaticData/NewsAndAnnouncement/ANNOUNCEMENTSTOCK/From_EREP/202508/c8c7249fcd_f864c35fc3.pdf,20250808_BBRI_Laporan Bulanan Registrasi Pemegang Efek/Perubahan Struktur Pemegang Saham_31931710_lamp1.pdf
"07 Agt 2025
					18:37:17",https://www.idx.co.id/StaticData/NewsAndAnnouncement/ANNOUNCEMENTSTOCK/From_EREP/202508/f9f8acb03a_51c48a6ee5.pdf,Laporan Bulanan Registrasi Pemegang Efek [],BBTN,https://www.idx.co.id/StaticData/NewsAndAnnouncement/ANNOUNCEMENTSTOCK/From_EREP/202508/adb5518313_bc2eec7cab.pdf,20250807_BBTN_Laporan Bulanan Registrasi Pemegang Efek/Perubahan Struktur Pemegang Saham_31931094_lamp1.pdf,,
"16 Agt 2025
					04:08:56",https://www.idx.co.id/StaticData/NewsAndAnnouncement/ANNOUNCEMENTSTOCK/From_EREP/202508/e8dcbe4f1c_ca209ad1da.pdf,Jatuh Tempo Obligasi / Sukuk Korporasi [],BBTN,,,,
"21 Agt 2025
					18:26:51",https://www.idx.co.id/StaticData/NewsAndAnnouncement/ANNOUNCEMENTSTOCK/From_EREP/202508/e15f8e1f62_7f6f2e7dce.pdf,Laporan Pembayaran Pelunasan Pokok & Bunga Ke-20 (Dua Puluh) Obligasi Berkelanjutan IV Bank BTN Tahap I Tahun 2020 Seri C [],BBTN,https://www.idx.co.id/StaticData/NewsAndAnnouncement/ANNOUNCEMENTSTOCK/From_EREP/202508/d1cf867614_5a8ef85cf5.pdf,20250821_BBTN_Laporan Informasi dan Fakta Material_31934258_lamp1.pdf,,
"25 Agt 2025
					18:43:31",https://www.idx.co.id/StaticData/NewsAndAnnouncement/ANNOUNCEMENTSTOCK/From_EREP/202508/a00dcca16e_6f6fc4660e.pdf,Rencana Penyelenggaraan Public Expose - Tahunan [],BBTN,https://www.idx.co.id/StaticData/NewsAndAnnouncement/ANNOUNCEMENTSTOCK/From_EREP/202508/7ab1738133_a9c3a0b4c5.pdf,20250825_BBTN_Public Expose_31934994_lamp1.pdf,,
"27 Agt 2025
					20:44:17",https://www.idx.co.id/StaticData/NewsAndAnnouncement/ANNOUNCEMENTSTOCK/From_EREP/202508/35d8591b43_3ad80151bd.pdf,Penyampaian Materi Analyst Meeting PT Bank Tabungan Negara (Persero) Tbk per Juni 2025 [],BBTN,https://www.idx.co.id/StaticData/NewsAndAnnouncement/ANNOUNCEMENTSTOCK/From_EREP/202508/742fd364fc_1a630ad909.pdf,20250827_BBTN_Laporan Informasi dan Fakta Material_31935586_lamp1.pdf,,
"28 Agt 2025
					23:55:26",https://www.idx.co.id/StaticData/NewsAndAnnouncement/ANNOUNCEMENTSTOCK/From_EREP/202508/af44f7b860_c9dc90cea3.pdf,Penyampaian Laporan Keuangan [],BBTN,https://www.idx.co.id/StaticData/NewsAndAnnouncement/ANNOUNCEMENTSTOCK/From_EREP/202508/0626cafa70_85f4c9a179.pdf,20250828_BBTN_Laporan Informasi dan Fakta Material_31935682_lamp7.pdf,https://www.idx.co.id/StaticData/NewsAndAnnouncement/ANNOUNCEMENTSTOCK/From_EREP/202508/2e752db064_afe504dbcc.pdf,20250828_BBTN_Laporan Informasi dan Fakta Material_31935682_lamp10.pdf
"03 Agt 2025
					21:40:32",https://www.idx.co.id/StaticData/NewsAndAnnouncement/ANNOUNCEMENTSTOCK/From_EREP/202508/bf2529cdd0_4f586d1485.pdf,Perubahan Jadwal Rapat Umum Pemegang Saham Luar Biasa [],BMRI,https://www.idx.co.id/StaticData/NewsAndAnnouncement/ANNOUNCEMENTSTOCK/From_EREP/202508/11136de5fb_309ba69f5b.pdf,20250803_BMRI_Pemanggilan RUPS_31929603_lamp3.pdf,https://www.idx.co.id/StaticData/NewsAndAnnouncement/ANNOUNCEMENTSTOCK/From_EREP/202508/98f1a46dbb_1dde6ddfd0.pdf,20250803_BMRI_Pemanggilan RUPS_31929603_lamp1.pdf
"05 Agt 2025
					09:02:59",https://www.idx.co.id/StaticData/NewsAndAnnouncement/ANNOUNCEMENTSTOCK/From_EREP/202508/30c41068f7_59c8e63229.pdf,Penyampaian Bukti Iklan Perubahan Jadwal Rapat Umum Pemegang Saham Luar Biasa PT Bank Mandiri (Persero) Tbk [],BMRI,https://www.idx.co.id/StaticData/NewsAndAnnouncement/ANNOUNCEMENTSTOCK/From_EREP/202508/5643ae636e_8e54b81a3e.pdf,20250804_BMRI_Penyampaian Bukti Iklan_31929938_lamp1.pdf,https://www.idx.co.id/StaticData/NewsAndAnnouncement/ANNOUNCEMENTSTOCK/From_EREP/202508/87bcfa019a_6cae9185d3.pdf,20250804_BMRI_Penyampaian Bukti Iklan_31929938_lamp2.pdf
"05 Agt 2025
					09:03:58",https://www.idx.co.id/StaticData/NewsAndAnnouncement/ANNOUNCEMENTSTOCK/From_EREP/202508/75a9bb1772_fe02e4698b.pdf,Ringkasan Risalah Rapat Umum Para Pemegang Saham Luar Biasa [],BMRI,https://www.idx.co.id/StaticData/NewsAndAnnouncement/ANNOUNCEMENTSTOCK/From_EREP/202508/1139522746_924ab24c02.pdf,20250805_BMRI_Ringkasan Risalah/Risalah RUPS_31930113_lamp3.pdf,https://www.idx.co.id/StaticData/NewsAndAnnouncement/ANNOUNCEMENTSTOCK/From_EREP/202508/2f9a8cbac1_c32c6e0b09.pdf,20250805_BMRI_Ringkasan Risalah/Risalah RUPS_31930113_lamp1.pdf
"06 Agt 2025
					18:01:16",https://www.idx.co.id/StaticData/NewsAndAnnouncement/ANNOUNCEMENTSTOCK/From_EREP/202508/95a790fd9b_1576e54d12.pdf,Penyampaian Bukti Iklan Hasil RUPS [],BMRI,https://www.idx.co.id/StaticData/NewsAndAnnouncement/ANNOUNCEMENTSTOCK/From_EREP/202508/c6ceaaa0ed_2c9c26538e.pdf,20250806_BMRI_Penyampaian Bukti Iklan_31930929_lamp2.pdf,https://www.idx.co.id/StaticData/NewsAndAnnouncement/ANNOUNCEMENTSTOCK/From_EREP/202508/cc8e7c13e1_bfb4bc3249.pdf,20250806_BMRI_Penyampaian Bukti Iklan_31930929_lamp1.pdf
"07 Agt 2025
					20:23:32",https://www.idx.co.id/StaticData/NewsAndAnnouncement/ANNOUNCEMENTSTOCK/From_EREP/202508/05988d2d05_9b90a9f0ce.pdf,Laporan Bulanan Registrasi Pemegang Efek [],BMRI,https://www.idx.co.id/StaticData/NewsAndAnnouncement/ANNOUNCEMENTSTOCK/From_EREP/202508/0cf40f6ab6_c4b5c6cef8.pdf,20250806_BMRI_Laporan Bulanan Registrasi Pemegang Efek/Perubahan Struktur Pemegang Saham_31930751_lamp1.pdf,https://www.idx.co.id/StaticData/NewsAndAnnouncement/ANNOUNCEMENTSTOCK/From_EREP/202508/23eb0181fb_4cf8c4cffb.pdf,20250806_BMRI_Laporan Bulanan Registrasi Pemegang Efek/Perubahan Struktur Pemegang Saham_31930751_lamp5.pdf
"07 Agt 2025
					11:31:22",https://www.idx.co.id/StaticData/NewsAndAnnouncement/ANNOUNCEMENTSTOCK/From_EREP/202508/55049f20e5_a056c4b55d.pdf,Laporan Bulanan Registrasi Pemegang Efek [],BRIS,https://www.idx.co.id/StaticData/NewsAndAnnouncement/ANNOUNCEMENTSTOCK/From_EREP/202508/b2f90dbce4_2d11e397f2.pdf,20250805_BRIS_Laporan Bulanan Registrasi Pemegang Efek/Perubahan Struktur Pemegang Saham_31930230_lamp1.pdf,,
"07 Agt 2025
					18:00:26",https://www.idx.co.id/StaticData/NewsAndAnnouncement/ANNOUNCEMENTSTOCK/From_EREP/202508/f517f69f78_9f05252569.pdf,Perubahan Nama Kantor Akuntan Publik [],BRIS,https://www.idx.co.id/StaticData/NewsAndAnnouncement/ANNOUNCEMENTSTOCK/From_EREP/202508/3f4a9d7d1d_de22e957f9.pdf,20250807_BRIS_Laporan Informasi dan Fakta Material_31931426_lamp1.pdf,,
"06 Agt 2025
					17:04:45",https://www.idx.co.id/StaticData/NewsAndAnnouncement/ANNOUNCEMENTSTOCK/From_EREP/202508/58268f404f_8e33b12bb7.pdf,Laporan Bulanan Registrasi Pemegang Efek [],BRPT,https://www.idx.co.id/StaticData/NewsAndAnnouncement/ANNOUNCEMENTSTOCK/From_EREP/202508/0fc2189415_495c2a0e18.pdf,20250804_BRPT_Laporan Bulanan Registrasi Pemegang Efek/Perubahan Struktur Pemegang Saham_31929820_lamp1.pdf,,
"08 Agt 2025
					16:18:41",https://www.idx.co.id/StaticData/NewsAndAnnouncement/ANNOUNCEMENTSTOCK/From_EREP/202508/20250808162151-57270-0/FinancialStatement-2025-II-BRPT.pdf,Penyampaian Laporan Keuangan Interim (KOREKSI) [],BRPT,https://www.idx.co.id/StaticData/NewsAndAnnouncement/ANNOUNCEMENTSTOCK/From_EREP/202508/20250808162151-57270-0/BRPT%20CHECKLIST%20LK%2030%20JUNI%202025.pdf,BRPT CHECKLIST LK 30 JUNI 2025.pdf,https://www.idx.co.id/StaticData/NewsAndAnnouncement/ANNOUNCEMENTSTOCK/From_EREP/202508/20250808162151-57270-0/BRPT%20Penjelasan%20Perubahan%20Lebih%2020%20Persen%20Aktiva.pdf,BRPT Penjelasan Perubahan Lebih 20 Persen Aktiva.pdf
"22 Agt 2025
					06:05:42",https://www.idx.co.id/StaticData/NewsAndAnnouncement/ANNOUNCEMENTSTOCK/From_EREP/202508/e53161d33b_7ef5b006a1.pdf,"Penandatanganan perjanjian fasilitas kredit berjangka dan perjanjian fasilitas forex line dengan PT Bank Rakyat Indonesia (Persero) Tbk. (""BRI""). []",BRPT,https://www.idx.co.id/StaticData/NewsAndAnnouncement/ANNOUNCEMENTSTOCK/From_EREP/202508/dc940e27af_cfe46b1739.pdf,20250821_BRPT_Laporan Informasi dan Fakta Material_31934324_lamp1.pdf,,
"07 Agt 2025
					09:26:05",https://www.idx.co.id/StaticData/NewsAndAnnouncement/ANNOUNCEMENTSTOCK/From_EREP/202508/6ee7a33292_eb98995e76.pdf,Laporan Bulanan Registrasi Pemegang Efek [],CPIN,https://www.idx.co.id/StaticData/NewsAndAnnouncement/ANNOUNCEMENTSTOCK/From_EREP/202508/7df3fce319_89b30db419.pdf,20250807_CPIN_Laporan Bulanan Registrasi Pemegang Efek/Perubahan Struktur Pemegang Saham_31931048_lamp1.pdf,,
"07 Agt 2025
					16:26:37",https://www.idx.co.id/StaticData/NewsAndAnnouncement/ANNOUNCEMENTSTOCK/From_EREP/202508/b7ceddc124_19c2ed50f1.pdf,Penjelasan atas Pemberitaan Media Massa [],CPIN,,,,
"18 Agt 2025
					08:54:29",https://www.idx.co.id/StaticData/NewsAndAnnouncement/ANNOUNCEMENTSTOCK/From_EREP/202508/054b7818bf_5d9af28635.pdf,Transaksi Afiliasi [],CPIN,https://www.idx.co.id/StaticData/NewsAndAnnouncement/ANNOUNCEMENTSTOCK/From_EREP/202508/08d61b3eaa_47c3b3a20a.pdf,20250818_CPIN_Informasi Transaksi Afiliasi_31933471_lamp1.pdf,,
"29 Agt 2025
					08:19:27",https://www.idx.co.id/StaticData/NewsAndAnnouncement/ANNOUNCEMENTSTOCK/From_EREP/202508/3d5ac4d9e1_21d914297b.pdf,Transaksi Afiliasi [],CPIN,https://www.idx.co.id/StaticData/NewsAndAnnouncement/ANNOUNCEMENTSTOCK/From_EREP/202508/c5a829622e_9c8c1aea40.pdf,20250829_CPIN_Informasi Transaksi Afiliasi_31935842_lamp1.pdf,,
"08 Agt 2025
					12:50:33",https://www.idx.co.id/StaticData/NewsAndAnnouncement/ANNOUNCEMENTSTOCK/From_EREP/202508/080aa106a7_9291448796.pdf,Laporan Bulanan Registrasi Pemegang Efek [],CTRA,https://www.idx.co.id/StaticData/NewsAndAnnouncement/ANNOUNCEMENTSTOCK/From_EREP/202508/af793921ee_517826bcca.pdf,20250808_CTRA_Laporan Bulanan Registrasi Pemegang Efek/Perubahan Struktur Pemegang Saham_31931615_lamp1.pdf,,
"08 Agt 2025
					18:16:10",https://www.idx.co.id/StaticData/NewsAndAnnouncement/ANNOUNCEMENTSTOCK/From_EREP/202508/7b0c75c560_842b1b99c2.pdf,Kesiapan Dana Menjelang Jatuh Tempo Obligasi dan Sukuk Ijarah Berkelanjutan [],EXCL,,,,
"08 Agt 2025
					18:17:33",https://www.idx.co.id/StaticData/NewsAndAnnouncement/ANNOUNCEMENTSTOCK/From_EREP/202508/83abf7c400_efbfa297b7.pdf,Informasi Kupon [],EXCL,https://www.idx.co.id/StaticData/NewsAndAnnouncement/ANNOUNCEMENTSTOCK/From_EREP/202508/5bcb982004_22451560e4.pdf,20250808_EXCL_Pembayaran Kupon/Bagi Hasil/Ijarah/Pokok_31931797_lamp1.pdf,,
"08 Agt 2025
					18:18:43",https://www.idx.co.id/StaticData/NewsAndAnnouncement/ANNOUNCEMENTSTOCK/From_EREP/202508/e2c08b8e69_2d7f5115d2.pdf,Informasi Ijarah Fee [],EXCL,https://www.idx.co.id/StaticData/NewsAndAnnouncement/ANNOUNCEMENTSTOCK/From_EREP/202508/d717635a4d_0affb08c3b.pdf,20250808_EXCL_Pembayaran Kupon/Bagi Hasil/Ijarah/Pokok_31931800_lamp1.pdf,,
"08 Agt 2025
					18:21:05",https://www.idx.co.id/StaticData/NewsAndAnnouncement/ANNOUNCEMENTSTOCK/From_EREP/202508/e23c3f2c76_99cac8f2c4.pdf,Laporan Bulanan Registrasi Pemegang Efek [],EXCL,,,,
"12 Agt 2025
					15:56:47",https://www.idx.co.id/StaticData/NewsAndAnnouncement/ANNOUNCEMENTSTOCK/From_EREP/202508/b8430751ce_5625750ead.pdf,Ringkasan Risalah Rapat Umum Para Pemegang Saham Luar Biasa [],EXCL,https://www.idx.co.id/StaticData/NewsAndAnnouncement/ANNOUNCEMENTSTOCK/From_EREP/202508/6cca2c212a_e26e0862c0.pdf,20250812_EXCL_Ringkasan Risalah/Risalah RUPS_31932365_lamp1.pdf,,
"27 Agt 2025
					09:20:06",https://www.idx.co.id/StaticData/NewsAndAnnouncement/ANNOUNCEMENTSTOCK/From_EREP/202508/20250827092850-57379-0/FinancialStatement-2025-II-EXCL.pdf,Penyampaian Laporan Keuangan Interim Auditan [],EXCL,https://www.idx.co.id/StaticData/NewsAndAnnouncement/ANNOUNCEMENTSTOCK/From_EREP/202508/20250827092850-57379-0/(Final)%20FS%20XLSMART%2030%20June%202025%202708%20combined.pdf,(Final) FS XLSMART 30 June 2025 2708 combined.pdf,https://www.idx.co.id/StaticData/NewsAndAnnouncement/ANNOUNCEMENTSTOCK/From_EREP/202508/20250827092850-57379-0/FinancialStatement-2025-II-EXCL.xlsx,FinancialStatement-2025-II-EXCL.xlsx
"29 Agt 2025
					18:13:10",https://www.idx.co.id/StaticData/NewsAndAnnouncement/ANNOUNCEMENTSTOCK/From_EREP/202508/31e64df731_d239b64499.pdf,Laporan Kepemilikan atau Setiap Perubahan Kepemilikan Saham Perusahaan Terbuka [],EXCL,https://www.idx.co.id/StaticData/NewsAndAnnouncement/ANNOUNCEMENTSTOCK/From_EREP/202508/244d991ace_9b92076295.pdf,20250829_EXCL_Laporan Kepemilikan atau Setiap Perubahan Kepemilikan Saham Perusahaan Terbuka_31936026_lamp1.pdf,,
"29 Agt 2025
					19:50:11",https://www.idx.co.id/StaticData/NewsAndAnnouncement/ANNOUNCEMENTSTOCK/From_EREP/202508/7f47d162ec_588371ca50.pdf,Jatuh Tempo Obligasi / Sukuk Korporasi [],EXCL,,,,
"08 Agt 2025
					16:33:02",https://www.idx.co.id/StaticData/NewsAndAnnouncement/ANNOUNCEMENTSTOCK/From_EREP/202508/7025e86780_9cea9669a7.pdf,Laporan Bulanan Registrasi Pemegang Efek [],GOTO,https://www.idx.co.id/StaticData/NewsAndAnnouncement/ANNOUNCEMENTSTOCK/From_EREP/202508/4044ee4ebe_22e936c127.pdf,20250807_GOTO_Laporan Bulanan Registrasi Pemegang Efek/Perubahan Struktur Pemegang Saham_31931348_lamp1.pdf,,
"13 Agt 2025
					16:31:39",https://www.idx.co.id/StaticData/NewsAndAnnouncement/ANNOUNCEMENTSTOCK/From_EREP/202508/20250813163957-57319-0/FinancialStatement-2025-II-GOTO.pdf,Penyampaian Laporan Keuangan Interim Yang Ditelaah Secara Terbatas [],GOTO,https://www.idx.co.id/StaticData/NewsAndAnnouncement/ANNOUNCEMENTSTOCK/From_EREP/202508/20250813163957-57319-0/FinancialStatement-2025-II-GOTO.xlsx,FinancialStatement-2025-II-GOTO.xlsx,https://www.idx.co.id/StaticData/NewsAndAnnouncement/ANNOUNCEMENTSTOCK/From_EREP/202508/20250813163957-57319-0/inlineXBRL.zip,inlineXBRL.zip
"13 Agt 2025
					19:59:39",https://www.idx.co.id/StaticData/NewsAndAnnouncement/ANNOUNCEMENTSTOCK/From_EREP/202508/53548bdb41_8ee8508c1e.pdf,Siaran Pers_Grup GoTo Melaporkan Kinerja Kuartal Kedua Tahun 2025 dan Cetak Rekor Tertinggi [],GOTO,https://www.idx.co.id/StaticData/NewsAndAnnouncement/ANNOUNCEMENTSTOCK/From_EREP/202508/8f99d1f818_3b79670ba8.pdf,20250813_GOTO_Laporan Informasi dan Fakta Material_31932822_lamp1.pdf,,
"08 Agt 2025
					17:38:05",https://www.idx.co.id/StaticData/NewsAndAnnouncement/ANNOUNCEMENTSTOCK/From_EREP/202508/9f40e6bff1_04929c097b.pdf,Laporan Bulanan Registrasi Pemegang Efek [],ICBP,,,,
"01 Agt 2025
					22:13:33",https://www.idx.co.id/StaticData/NewsAndAnnouncement/ANNOUNCEMENTSTOCK/From_EREP/202508/3af7a6252b_0d5d4eabd7.pdf,Ringkasan Risalah Rapat Umum Para Pemegang Saham Luar Biasa (KOREKSI) [],INCO,https://www.idx.co.id/StaticData/NewsAndAnnouncement/ANNOUNCEMENTSTOCK/From_EREP/202508/8f8904bf0b_a798f6c0f3.pdf,20250801_INCO_Ringkasan Risalah/Risalah RUPS_31929580_lamp2.pdf,https://www.idx.co.id/StaticData/NewsAndAnnouncement/ANNOUNCEMENTSTOCK/From_EREP/202508/eaa2a5d1bf_cca007b2c5.pdf,20250801_INCO_Ringkasan Risalah/Risalah RUPS_31929580_lamp1.pdf
"08 Agt 2025
					19:23:41",https://www.idx.co.id/StaticData/NewsAndAnnouncement/ANNOUNCEMENTSTOCK/From_EREP/202508/e3043ddb13_8f406486b3.pdf,Laporan Bulanan Registrasi Pemegang Efek [],INCO,https://www.idx.co.id/StaticData/NewsAndAnnouncement/ANNOUNCEMENTSTOCK/From_EREP/202508/83f373a5b2_b4632f2986.pdf,20250807_INCO_Laporan Bulanan Registrasi Pemegang Efek/Perubahan Struktur Pemegang Saham_31931156_lamp1.pdf,,
"13 Agt 2025
					15:34:38",https://www.idx.co.id/StaticData/NewsAndAnnouncement/ANNOUNCEMENTSTOCK/From_EREP/202508/35e82bb77a_2e2dcd0934.pdf,Saham Hilang [],INCO,https://www.idx.co.id/StaticData/NewsAndAnnouncement/ANNOUNCEMENTSTOCK/From_EREP/202508/0202475b4f_e8a1e70095.pdf,20250812_INCO_Pengumuman Bursa_31932372_lamp1.pdf,https://www.idx.co.id/StaticData/NewsAndAnnouncement/ANNOUNCEMENTSTOCK/From_EREP/202508/53113d179d_4399f8870e.pdf,20250812_INCO_Pengumuman Bursa_31932372_lamp2.pdf
"15 Agt 2025
					18:11:39",https://www.idx.co.id/StaticData/NewsAndAnnouncement/ANNOUNCEMENTSTOCK/From_EREP/202508/0daa814189_b6578545f2.pdf,Pemberitahuan Rencana Rapat Umum Pemegang Saham Luar Biasa [],INCO,https://www.idx.co.id/StaticData/NewsAndAnnouncement/ANNOUNCEMENTSTOCK/From_EREP/202508/60fced72b7_873a6fb4a0.pdf,20250815_INCO_Pengumuman RUPS_31933418_lamp1.pdf,,
"15 Agt 2025
					18:11:55",https://www.idx.co.id/StaticData/NewsAndAnnouncement/ANNOUNCEMENTSTOCK/From_EREP/202508/0daa814189_b6578545f2.pdf,Pemberitahuan Rencana Rapat Umum Pemegang Saham Luar Biasa [],INCO,https://www.idx.co.id/StaticData/NewsAndAnnouncement/ANNOUNCEMENTSTOCK/From_EREP/202508/60fced72b7_873a6fb4a0.pdf,20250815_INCO_Pengumuman RUPS_31933418_lamp1.pdf,,
"19 Agt 2025
					19:05:39",https://www.idx.co.id/StaticData/NewsAndAnnouncement/ANNOUNCEMENTSTOCK/From_EREP/202508/a9050e1557_13471433b4.pdf,Penyampaian Bukti Iklan Pemberitahuan RUPS [],INCO,https://www.idx.co.id/StaticData/NewsAndAnnouncement/ANNOUNCEMENTSTOCK/From_EREP/202508/c11ce46b36_40f7f28970.pdf,20250819_INCO_Penyampaian Bukti Iklan_31933802_lamp1.pdf,,
"26 Agt 2025
					10:21:11",https://www.idx.co.id/StaticData/NewsAndAnnouncement/ANNOUNCEMENTSTOCK/From_EREP/202508/95ff803a14_f95ecfe078.pdf,Penjelasan atas Pemberitaan Media Massa [],INCO,https://www.idx.co.id/StaticData/NewsAndAnnouncement/ANNOUNCEMENTSTOCK/From_EREP/202508/54941f75ca_84af661408.pdf,20250826_INCO_Tanggapan atas Permintaan Penjelasan Bursa_31935075_lamp1.pdf,,
"26 Agt 2025
					10:54:00",https://www.idx.co.id/StaticData/NewsAndAnnouncement/ANNOUNCEMENTSTOCK/From_EREP/202508/5c4dcf4efc_00aead195f.pdf,Penjelasan atas Pemberitaan Media Massa (KOREKSI) [],INCO,https://www.idx.co.id/StaticData/NewsAndAnnouncement/ANNOUNCEMENTSTOCK/From_EREP/202508/0cca6b0180_7ab6adeeef.pdf,20250826_INCO_Tanggapan atas Permintaan Penjelasan Bursa_31935081_lamp1.pdf,,
"27 Agt 2025
					11:21:46",https://www.idx.co.id/StaticData/NewsAndAnnouncement/ANNOUNCEMENTSTOCK/From_EREP/202508/cbe74f3fb1_9219a0821b.pdf,Rencana Penyelenggaraan Public Expose - Tahunan [],INCO,,,,
"08 Agt 2025
					16:18:10",https://www.idx.co.id/StaticData/NewsAndAnnouncement/ANNOUNCEMENTSTOCK/From_EREP/202508/48c9422d1a_89d3b9554d.pdf,Laporan Bulanan Registrasi Pemegang Efek [],INDF,,,,
"04 Agt 2025
					17:27:33",https://www.idx.co.id/StaticData/NewsAndAnnouncement/ANNOUNCEMENTSTOCK/From_EREP/202508/aaae6f8729_673d2a6867.pdf,Jatuh Tempo Obligasi / Sukuk Korporasi [],INKP,https://www.idx.co.id/StaticData/NewsAndAnnouncement/ANNOUNCEMENTSTOCK/From_EREP/202508/8b5c3424a4_a8b123997e.pdf,20250804_INKP_Pengumuman Jatuh Tempo Obligasi dan Sukuk_31929609_lamp1.pdf,https://www.idx.co.id/StaticData/NewsAndAnnouncement/ANNOUNCEMENTSTOCK/From_EREP/202508/e86d24a939_07c3e14cc8.pdf,20250804_INKP_Pengumuman Jatuh Tempo Obligasi dan Sukuk_31929609_lamp2.pdf
"05 Agt 2025
					13:45:26",https://www.idx.co.id/StaticData/NewsAndAnnouncement/ANNOUNCEMENTSTOCK/From_EREP/202508/86d47bab81_9cfd722bdb.pdf,Laporan Bulanan Registrasi Pemegang Efek [],INKP,https://www.idx.co.id/StaticData/NewsAndAnnouncement/ANNOUNCEMENTSTOCK/From_EREP/202508/3bde79ad74_0125d95357.pdf,20250805_INKP_Laporan Bulanan Registrasi Pemegang Efek/Perubahan Struktur Pemegang Saham_31930085_lamp1.pdf,,
"06 Agt 2025
					09:41:56",https://www.idx.co.id/StaticData/NewsAndAnnouncement/ANNOUNCEMENTSTOCK/From_EREP/202508/abbbd05ae1_6adb578bec.pdf,Pelunasan Obligasi dan Sukuk Mudharabah [],INKP,https://www.idx.co.id/StaticData/NewsAndAnnouncement/ANNOUNCEMENTSTOCK/From_EREP/202508/87a48da60b_c1f959c6cd.pdf,20250805_INKP_Laporan Informasi dan Fakta Material_31930135_lamp1.pdf,,
"06 Agt 2025
					09:59:19",https://www.idx.co.id/StaticData/NewsAndAnnouncement/ANNOUNCEMENTSTOCK/From_EREP/202508/f319ae89ce_b7c60f7c57.pdf,Penjelasan atas Volatilitas Transaksi [],INKP,https://www.idx.co.id/StaticData/NewsAndAnnouncement/ANNOUNCEMENTSTOCK/From_EREP/202508/f42a220428_18393e3858.pdf,20250805_INKP_Tanggapan atas Permintaan Penjelasan Bursa_31930396_lamp1.pdf,,
"08 Agt 2025
					20:29:34",https://www.idx.co.id/StaticData/NewsAndAnnouncement/ANNOUNCEMENTSTOCK/From_EREP/202508/ae6d32db99_27f1697897.pdf,Laporan Kepemilikan atau Setiap Perubahan Kepemilikan Saham Perusahaan Terbuka [],ISAT,https://www.idx.co.id/StaticData/NewsAndAnnouncement/ANNOUNCEMENTSTOCK/From_EREP/202508/a7fd763c0f_4807c6ceec.pdf,20250808_ISAT_Laporan Kepemilikan atau Setiap Perubahan Kepemilikan Saham Perusahaan Terbuka_31931887_lamp1.pdf,,
"09 Agt 2025
					10:00:20",https://www.idx.co.id/StaticData/NewsAndAnnouncement/ANNOUNCEMENTSTOCK/From_EREP/202508/115cc471e5_3baafc1226.pdf,Laporan Bulanan Registrasi Pemegang Efek [],ISAT,https://www.idx.co.id/StaticData/NewsAndAnnouncement/ANNOUNCEMENTSTOCK/From_EREP/202508/1c7e427b3d_35ffcaeb74.pdf,20250809_ISAT_Laporan Bulanan Registrasi Pemegang Efek/Perubahan Struktur Pemegang Saham_31931921_lamp1.pdf,https://www.idx.co.id/StaticData/NewsAndAnnouncement/ANNOUNCEMENTSTOCK/From_EREP/202508/23e26ad729_dde8f42ae5.pdf,20250809_ISAT_Laporan Bulanan Registrasi Pemegang Efek/Perubahan Struktur Pemegang Saham_31931921_lamp2.pdf
"19 Agt 2025
					18:05:14",https://www.idx.co.id/StaticData/NewsAndAnnouncement/ANNOUNCEMENTSTOCK/From_EREP/202508/721b1cb6bc_a4e51f4329.pdf,Pemberitahuan Rencana Rapat Umum Pemegang Saham Luar Biasa [],ISAT,https://www.idx.co.id/StaticData/NewsAndAnnouncement/ANNOUNCEMENTSTOCK/From_EREP/202508/7523b1bd66_f7de35a025.pdf,20250819_ISAT_Pengumuman RUPS_31933772_lamp1.pdf,,
"29 Agt 2025
					20:42:33",https://www.idx.co.id/StaticData/NewsAndAnnouncement/ANNOUNCEMENTSTOCK/From_EREP/202508/6551a12208_da8d45c2f5.pdf,Laporan Kepemilikan atau Setiap Perubahan Kepemilikan Saham Perusahaan Terbuka [],ISAT,https://www.idx.co.id/StaticData/NewsAndAnnouncement/ANNOUNCEMENTSTOCK/From_EREP/202508/9330c8d320_9afc09bf9a.pdf,20250829_ISAT_Laporan Kepemilikan atau Setiap Perubahan Kepemilikan Saham Perusahaan Terbuka_31936057_lamp1.pdf,,
"06 Agt 2025
					15:42:51",https://www.idx.co.id/StaticData/NewsAndAnnouncement/ANNOUNCEMENTSTOCK/From_EREP/202508/d4bc799fdc_65d4466ea1.pdf,Laporan Bulanan Registrasi Pemegang Efek [],ITMG,https://www.idx.co.id/StaticData/NewsAndAnnouncement/ANNOUNCEMENTSTOCK/From_EREP/202508/3ac1e39d4f_c0c09b38da.pdf,20250806_ITMG_Laporan Bulanan Registrasi Pemegang Efek/Perubahan Struktur Pemegang Saham_31930743_lamp1.pdf,https://www.idx.co.id/StaticData/NewsAndAnnouncement/ANNOUNCEMENTSTOCK/From_EREP/202508/91159c83ca_bfa2612c95.pdf,20250806_ITMG_Laporan Bulanan Registrasi Pemegang Efek/Perubahan Struktur Pemegang Saham_31930743_lamp2.pdf
"11 Agt 2025
					17:24:06",https://www.idx.co.id/StaticData/NewsAndAnnouncement/ANNOUNCEMENTSTOCK/From_EREP/202508/20250811173400-57189-0/FinancialStatement-2025-II-ITMG.pdf,Penyampaian Laporan Keuangan Interim Yang Ditelaah Secara Terbatas [],ITMG,https://www.idx.co.id/StaticData/NewsAndAnnouncement/ANNOUNCEMENTSTOCK/From_EREP/202508/20250811173400-57189-0/FinancialStatement-2025-II-ITMG.xlsx,FinancialStatement-2025-II-ITMG.xlsx,https://www.idx.co.id/StaticData/NewsAndAnnouncement/ANNOUNCEMENTSTOCK/From_EREP/202508/20250811173400-57189-0/inlineXBRL.zip,inlineXBRL.zip
"26 Agt 2025
					17:13:08",https://www.idx.co.id/StaticData/NewsAndAnnouncement/ANNOUNCEMENTSTOCK/From_EREP/202508/c094b42b02_8568e18468.pdf,Rencana Penyelenggaraan Public Expose - Tahunan [],ITMG,,,,
"01 Agt 2025
					16:31:36",https://www.idx.co.id/StaticData/NewsAndAnnouncement/ANNOUNCEMENTSTOCK/From_EREP/202508/738b5614c4_027b1465cb.pdf,Penyampaian Bukti Iklan Informasi Laporan Keuangan Interim [],JPFA,https://www.idx.co.id/StaticData/NewsAndAnnouncement/ANNOUNCEMENTSTOCK/From_EREP/202508/c5045c3c02_bd538befb6.pdf,20250801_JPFA_Penyampaian Bukti Iklan_31929472_lamp1.pdf,,
"08 Agt 2025
					16:31:31",https://www.idx.co.id/StaticData/NewsAndAnnouncement/ANNOUNCEMENTSTOCK/From_EREP/202508/8e227b9d7a_6f5412ac47.pdf,Laporan Bulanan Registrasi Pemegang Efek [],JPFA,https://www.idx.co.id/StaticData/NewsAndAnnouncement/ANNOUNCEMENTSTOCK/From_EREP/202508/4d5b100ddd_a3d36c16b9.pdf,20250808_JPFA_Laporan Bulanan Registrasi Pemegang Efek/Perubahan Struktur Pemegang Saham_31931788_lamp2.pdf,https://www.idx.co.id/StaticData/NewsAndAnnouncement/ANNOUNCEMENTSTOCK/From_EREP/202508/d382168b5c_9c2adc53d1.pdf,20250808_JPFA_Laporan Bulanan Registrasi Pemegang Efek/Perubahan Struktur Pemegang Saham_31931788_lamp1.pdf
"20 Agt 2025
					16:34:22",https://www.idx.co.id/StaticData/NewsAndAnnouncement/ANNOUNCEMENTSTOCK/From_EREP/202508/3325e30605_c904def6f7.pdf,Rencana Penyelenggaraan Public Expose - Tahunan [],JPFA,,,,
"29 Agt 2025
					17:00:07",https://www.idx.co.id/StaticData/NewsAndAnnouncement/ANNOUNCEMENTSTOCK/From_EREP/202508/0dddd86173_be16154aee.pdf,Penyampaian Materi Public Expose - Tahunan [],JPFA,https://www.idx.co.id/StaticData/NewsAndAnnouncement/ANNOUNCEMENTSTOCK/From_EREP/202508/7eebcbd94f_0edf60a555.pdf,20250829_JPFA_Public Expose_31936017_lamp1.pdf,https://www.idx.co.id/StaticData/NewsAndAnnouncement/ANNOUNCEMENTSTOCK/From_EREP/202508/ca73662fd9_254057d855.pdf,20250829_JPFA_Public Expose_31936017_lamp2.pdf
"05 Agt 2025
					09:18:30",https://www.idx.co.id/StaticData/NewsAndAnnouncement/ANNOUNCEMENTSTOCK/From_EREP/202508/7e866070a8_a74569cc7c.pdf,Laporan Bulanan Registrasi Pemegang Efek [],JSMR,https://www.idx.co.id/StaticData/NewsAndAnnouncement/ANNOUNCEMENTSTOCK/From_EREP/202508/01150b5fb1_0f893f5922.pdf,20250805_JSMR_Laporan Bulanan Registrasi Pemegang Efek/Perubahan Struktur Pemegang Saham_31930126_lamp4.pdf,https://www.idx.co.id/StaticData/NewsAndAnnouncement/ANNOUNCEMENTSTOCK/From_EREP/202508/324a12a2ac_acda22d5e6.pdf,20250805_JSMR_Laporan Bulanan Registrasi Pemegang Efek/Perubahan Struktur Pemegang Saham_31930126_lamp3.pdf
"14 Agt 2025
					14:20:22",https://www.idx.co.id/StaticData/NewsAndAnnouncement/ANNOUNCEMENTSTOCK/From_EREP/202508/cd8058121f_78c7aedbb4.pdf,Pembelian kembali atau pembayaran Efek Bersifat Utang dan/atau Sukuk [],JSMR,https://www.idx.co.id/StaticData/NewsAndAnnouncement/ANNOUNCEMENTSTOCK/From_EREP/202508/8657e7c1b4_b03f8fe373.pdf,20250814_JSMR_Laporan Informasi dan Fakta Material_31932976_lamp1.pdf,,
"20 Agt 2025
					17:10:39",https://www.idx.co.id/StaticData/NewsAndAnnouncement/ANNOUNCEMENTSTOCK/From_EREP/202508/a132096439_6becdb1761.pdf,Penyampaian Prospektus [],JSMR,https://www.idx.co.id/StaticData/NewsAndAnnouncement/ANNOUNCEMENTSTOCK/From_EREP/202508/43deb9507c_2c6e100fd5.pdf,20250820_JSMR_Penyampaian Prospektus/Informasi Tambahan_31934082_lamp2.pdf,https://www.idx.co.id/StaticData/NewsAndAnnouncement/ANNOUNCEMENTSTOCK/From_EREP/202508/7a876a5065_5bbb766b3b.pdf,20250820_JSMR_Penyampaian Prospektus/Informasi Tambahan_31934082_lamp1.pdf
"26 Agt 2025
					15:27:42",https://www.idx.co.id/StaticData/NewsAndAnnouncement/ANNOUNCEMENTSTOCK/From_EREP/202508/64cf0fc08c_4cf241af75.pdf,Rencana Penyelenggaraan Public Expose - Tahunan [],JSMR,https://www.idx.co.id/StaticData/NewsAndAnnouncement/ANNOUNCEMENTSTOCK/From_EREP/202508/7de1a386dc_f778e61d6b.pdf,20250826_JSMR_Public Expose_31935160_lamp1.pdf,,
"04 Agt 2025
					16:14:46",https://www.idx.co.id/StaticData/NewsAndAnnouncement/ANNOUNCEMENTSTOCK/From_EREP/202508/df9462ae12_031a79492d.pdf,Transaksi Afiliasi antara PT Enseval Putera Megatrading Tbk dengan PT Tri Sapta Jaya [],KLBF,https://www.idx.co.id/StaticData/NewsAndAnnouncement/ANNOUNCEMENTSTOCK/From_EREP/202508/2a9f4ed5df_44d01fd5f4.pdf,20250804_KLBF_Laporan Informasi dan Fakta Material_31929912_lamp1.pdf,,
"07 Agt 2025
					17:03:35",https://www.idx.co.id/StaticData/NewsAndAnnouncement/ANNOUNCEMENTSTOCK/From_EREP/202508/ad7daee0aa_c5f1bcadfe.pdf,Laporan Bulanan Registrasi Pemegang Efek [],KLBF,https://www.idx.co.id/StaticData/NewsAndAnnouncement/ANNOUNCEMENTSTOCK/From_EREP/202508/4c6475a6a4_2da42a3cfc.pdf,20250806_KLBF_Laporan Bulanan Registrasi Pemegang Efek/Perubahan Struktur Pemegang Saham_31930925_lamp1.pdf,,
"28 Agt 2025
					18:58:02",https://www.idx.co.id/StaticData/NewsAndAnnouncement/ANNOUNCEMENTSTOCK/From_EREP/202508/b5f67dd8d8_da647fd60d.pdf,Rencana Penyelenggaraan Public Expose - Tahunan [],KLBF,,,,
"08 Agt 2025
					16:40:19",https://www.idx.co.id/StaticData/NewsAndAnnouncement/ANNOUNCEMENTSTOCK/From_EREP/202508/cb0743da44_c8e46dba51.pdf,Laporan Bulanan Registrasi Pemegang Efek [],MAPA,https://www.idx.co.id/StaticData/NewsAndAnnouncement/ANNOUNCEMENTSTOCK/From_EREP/202508/435d4c1a7c_8abfb84dc9.pdf,20250804_MAPA_Laporan Bulanan Registrasi Pemegang Efek/Perubahan Struktur Pemegang Saham_31929861_lamp1.pdf,https://www.idx.co.id/StaticData/NewsAndAnnouncement/ANNOUNCEMENTSTOCK/From_EREP/202508/484441ec3e_c49d177bd0.pdf,20250804_MAPA_Laporan Bulanan Registrasi Pemegang Efek/Perubahan Struktur Pemegang Saham_31929861_lamp2.pdf
"08 Agt 2025
					16:47:36",https://www.idx.co.id/StaticData/NewsAndAnnouncement/ANNOUNCEMENTSTOCK/From_EREP/202508/a999c3b6bd_c21a5b4a35.pdf,Laporan Bulanan Registrasi Pemegang Efek [],MAPI,https://www.idx.co.id/StaticData/NewsAndAnnouncement/ANNOUNCEMENTSTOCK/From_EREP/202508/338e5f9f49_c57f41b004.pdf,20250804_MAPI_Laporan Bulanan Registrasi Pemegang Efek/Perubahan Struktur Pemegang Saham_31929828_lamp3.pdf,https://www.idx.co.id/StaticData/NewsAndAnnouncement/ANNOUNCEMENTSTOCK/From_EREP/202508/d5bf83a140_fc44386584.pdf,20250804_MAPI_Laporan Bulanan Registrasi Pemegang Efek/Perubahan Struktur Pemegang Saham_31929828_lamp2.pdf
"01 Agt 2025
					22:59:08",https://www.idx.co.id/StaticData/NewsAndAnnouncement/ANNOUNCEMENTSTOCK/From_EREP/202508/9fef430316_4abbb62e31.pdf,Informasi Tambahan Ringkas PUB Obligasi Berkelanjutan I Merdeka Battery Materials Tahap II Tahun 2025 dan Sukuk Mudharabah Berkelanjutan I Merdeka Battery Materials Tahap II Tahun 2025 [],MBMA,https://www.idx.co.id/StaticData/NewsAndAnnouncement/ANNOUNCEMENTSTOCK/From_EREP/202508/804715e7e8_00abeefafd.pdf,20250801_MBMA_Laporan Informasi dan Fakta Material_31929581_lamp1.pdf,https://www.idx.co.id/StaticData/NewsAndAnnouncement/ANNOUNCEMENTSTOCK/From_EREP/202508/a862eac476_0ce2f519ae.pdf,20250801_MBMA_Laporan Informasi dan Fakta Material_31929581_lamp2.pdf
"01 Agt 2025
					23:33:30",https://www.idx.co.id/StaticData/NewsAndAnnouncement/ANNOUNCEMENTSTOCK/From_EREP/202508/388dd67e73_1a6495232f.pdf,Penyampaian Bukti Iklan Penyampaian Bukti Iklan Informasi Tambahan Ringkas PUB Obligasi Berkelanjutan I Merdeka Battery Materials Tahap II Tahun 2025 dan Sukuk Mudharabah Berkelanjutan I Merdeka Battery Materials Tahap II Tahun 2025 [],MBMA,https://www.idx.co.id/StaticData/NewsAndAnnouncement/ANNOUNCEMENTSTOCK/From_EREP/202508/69d365cc57_ce65fc4c36.pdf,20250801_MBMA_Penyampaian Bukti Iklan_31929584_lamp1.pdf,,
"11 Agt 2025
					10:38:27",https://www.idx.co.id/StaticData/NewsAndAnnouncement/ANNOUNCEMENTSTOCK/From_EREP/202508/28b39bbc8d_922d19c143.pdf,Laporan Bulanan Registrasi Pemegang Efek [],MBMA,https://www.idx.co.id/StaticData/NewsAndAnnouncement/ANNOUNCEMENTSTOCK/From_EREP/202508/884ddebfcb_303ca5d6f8.pdf,20250805_MBMA_Laporan Bulanan Registrasi Pemegang Efek/Perubahan Struktur Pemegang Saham_31930273_lamp3.pdf,https://www.idx.co.id/StaticData/NewsAndAnnouncement/ANNOUNCEMENTSTOCK/From_EREP/202508/9d1235848b_af5cfa12e4.pdf,20250805_MBMA_Laporan Bulanan Registrasi Pemegang Efek/Perubahan Struktur Pemegang Saham_31930273_lamp1.pdf
"14 Agt 2025
					14:38:43",https://www.idx.co.id/StaticData/NewsAndAnnouncement/ANNOUNCEMENTSTOCK/From_EREP/202508/338fed8d10_5cf31485b1.pdf,Tambahan Informasi dan/atau Perbaikan atas Informasi Tambahan Ringkas PUB Obligasi Berkelanjutan I Merdeka Battery Materials Tahap II Tahun 2025 dan Sukuk Mudharabah Berkelanjutan I Merdeka Battery Materials Tahap II Tahun 2025 [],MBMA,https://www.idx.co.id/StaticData/NewsAndAnnouncement/ANNOUNCEMENTSTOCK/From_EREP/202508/46ea6532b9_a494f7745d.pdf,20250814_MBMA_Laporan Informasi dan Fakta Material_31932914_lamp2.pdf,https://www.idx.co.id/StaticData/NewsAndAnnouncement/ANNOUNCEMENTSTOCK/From_EREP/202508/ae7fc961c7_bc0319e522.pdf,20250814_MBMA_Laporan Informasi dan Fakta Material_31932914_lamp1.pdf
"14 Agt 2025
					15:34:03",https://www.idx.co.id/StaticData/NewsAndAnnouncement/ANNOUNCEMENTSTOCK/From_EREP/202508/e2a4e4ec7f_d04d6f63c4.pdf,Penyampaian Bukti Iklan Penyampaian Bukti Iklan Tambahan Informasi dan/atau Perbaikan atas Informasi Tambahan Ringkas PUB Obligasi Berkelanjutan I Merdeka Battery Materials Tahap II Tahun 2025 dan Sukuk Mudharabah Berkelanjutan I Merdeka Battery Materials Tahap II Tahun 2025 [],MBMA,https://www.idx.co.id/StaticData/NewsAndAnnouncement/ANNOUNCEMENTSTOCK/From_EREP/202508/4ca460614f_ecc0bb7241.pdf,20250814_MBMA_Penyampaian Bukti Iklan_31932917_lamp1.pdf,,
"20 Agt 2025
					23:34:14",https://www.idx.co.id/StaticData/NewsAndAnnouncement/ANNOUNCEMENTSTOCK/From_EREP/202508/ab00ac5406_a295d56f23.pdf,Pengumuman Bursa Pencatatan Awal Obligasi dan Sukuk [],MBMA,https://www.idx.co.id/StaticData/NewsAndAnnouncement/ANNOUNCEMENTSTOCK/From_EREP/202508/58d705dc47_457e08fd6d.pdf,20250820_MBMA_Pengumuman Pencatatan Awal Obligasi dan Sukuk_31934096_lamp1.pdf,,
"06 Agt 2025
					18:58:28",https://www.idx.co.id/StaticData/NewsAndAnnouncement/ANNOUNCEMENTSTOCK/From_EREP/202508/fa01c6dc6f_2052f67bad.pdf,Jatuh Tempo Obligasi / Sukuk Korporasi [],MDKA,https://www.idx.co.id/StaticData/NewsAndAnnouncement/ANNOUNCEMENTSTOCK/From_EREP/202508/dd36a9e07c_c4f284967d.pdf,20250806_MDKA_Pengumuman Jatuh Tempo Obligasi dan Sukuk_31930663_lamp1.pdf,,
"07 Agt 2025
					17:31:52",https://www.idx.co.id/StaticData/NewsAndAnnouncement/ANNOUNCEMENTSTOCK/From_EREP/202508/ebf8db0576_6f0a957b8f.pdf,Pembelian kembali atau pembayaran Efek Bersifat Utang dan/atau Sukuk [],MDKA,https://www.idx.co.id/StaticData/NewsAndAnnouncement/ANNOUNCEMENTSTOCK/From_EREP/202508/3ec086e1f0_3356e4d97c.pdf,20250805_MDKA_Laporan Informasi dan Fakta Material_31930102_lamp1.pdf,,
"07 Agt 2025
					17:32:21",https://www.idx.co.id/StaticData/NewsAndAnnouncement/ANNOUNCEMENTSTOCK/From_EREP/202508/3932b9c15e_6cc43beba5.pdf,Kesiapan Dana untuk Pelunasan Pokok serta Pembayaran Bunga Kedua Belas dari Obligasi Berkelanjutan III Merdeka Copper Gold Tahap III Tahun 2022 Seri B [],MDKA,https://www.idx.co.id/StaticData/NewsAndAnnouncement/ANNOUNCEMENTSTOCK/From_EREP/202508/75147e232a_33d74c9bd3.pdf,20250805_MDKA_Laporan Informasi dan Fakta Material_31930109_lamp1.pdf,,
"11 Agt 2025
					18:56:50",https://www.idx.co.id/StaticData/NewsAndAnnouncement/ANNOUNCEMENTSTOCK/From_EREP/202508/7ddcc34f92_310d6e78b3.pdf,Laporan Bulanan Registrasi Pemegang Efek [],MDKA,https://www.idx.co.id/StaticData/NewsAndAnnouncement/ANNOUNCEMENTSTOCK/From_EREP/202508/0be6a5fd46_7e41edfcec.pdf,20250728_MDKA_Laporan Bulanan Registrasi Pemegang Efek/Perubahan Struktur Pemegang Saham_31927955_lamp1.pdf,https://www.idx.co.id/StaticData/NewsAndAnnouncement/ANNOUNCEMENTSTOCK/From_EREP/202508/37d93ed946_1a34f55ef8.pdf,20250728_MDKA_Laporan Bulanan Registrasi Pemegang Efek/Perubahan Struktur Pemegang Saham_31927955_lamp2.pdf
"29 Agt 2025
					19:07:10",https://www.idx.co.id/StaticData/NewsAndAnnouncement/ANNOUNCEMENTSTOCK/From_EREP/202508/cdbb3e9500_3d8ef214dd.pdf,Jatuh Tempo Obligasi / Sukuk Korporasi [],MDKA,https://www.idx.co.id/StaticData/NewsAndAnnouncement/ANNOUNCEMENTSTOCK/From_EREP/202508/55dcb4ed8c_19b5658d20.pdf,20250829_MDKA_Pengumuman Jatuh Tempo Obligasi dan Sukuk_31935870_lamp1.pdf,,
"04 Agt 2025
					20:21:43",https://www.idx.co.id/StaticData/NewsAndAnnouncement/ANNOUNCEMENTSTOCK/From_EREP/202508/dbaa0b379b_66c902688e.pdf,"Press Release_Lampaui Target, Emisi MedcoEnergi Turun Lebih dari 1,5 Juta Ton CO2e Lebih Awal []",MEDC,https://www.idx.co.id/StaticData/NewsAndAnnouncement/ANNOUNCEMENTSTOCK/From_EREP/202508/0c633f11f4_c9b04b724f.pdf,20250804_MEDC_Laporan Informasi dan Fakta Material_31930023_lamp1.pdf,https://www.idx.co.id/StaticData/NewsAndAnnouncement/ANNOUNCEMENTSTOCK/From_EREP/202508/f386ffbd85_8ef5fd252a.pdf,20250804_MEDC_Laporan Informasi dan Fakta Material_31930023_lamp2.pdf
"06 Agt 2025
					13:59:17",https://www.idx.co.id/StaticData/NewsAndAnnouncement/ANNOUNCEMENTSTOCK/From_EREP/202508/42041839b7_73e01c99ed.pdf,Laporan Bulanan Registrasi Pemegang Efek [],MEDC,https://www.idx.co.id/StaticData/NewsAndAnnouncement/ANNOUNCEMENTSTOCK/From_EREP/202508/0cc0097635_12696a5c84.pdf,20250725_MEDC_Laporan Bulanan Registrasi Pemegang Efek/Perubahan Struktur Pemegang Saham_31917591_lamp2.pdf,https://www.idx.co.id/StaticData/NewsAndAnnouncement/ANNOUNCEMENTSTOCK/From_EREP/202508/8e4d195add_8ed2e89bc3.pdf,20250725_MEDC_Laporan Bulanan Registrasi Pemegang Efek/Perubahan Struktur Pemegang Saham_31917591_lamp1.pdf
"07 Agt 2025
					09:40:38",https://www.idx.co.id/StaticData/NewsAndAnnouncement/ANNOUNCEMENTSTOCK/From_EREP/202508/669620dd0b_92015d7614.pdf,Pemberitahuan Hasil RUPO PT Medco Energi Internasional Tbk [],MEDC,,,,
"07 Agt 2025
					09:41:07",https://www.idx.co.id/StaticData/NewsAndAnnouncement/ANNOUNCEMENTSTOCK/From_EREP/202508/a3dc9b3dfd_ec413f8f4b.pdf,Pemberitahuan Hasil RUPO PT Medco Energi Internasional Tbk [],MEDC,,,,
"07 Agt 2025
					09:41:42",https://www.idx.co.id/StaticData/NewsAndAnnouncement/ANNOUNCEMENTSTOCK/From_EREP/202508/042039a3c8_964a644f34.pdf,Pemberitahuan Hasil RUPO PT Medco Energi Internasional Tbk [],MEDC,,,,
"07 Agt 2025
					09:54:52",https://www.idx.co.id/StaticData/NewsAndAnnouncement/ANNOUNCEMENTSTOCK/From_EREP/202508/33e4d3e275_1aa4d54e27.pdf,Pemberitahuan Hasil RUPO PT Medco Energi Internasional Tbk (KOREKSI) [],MEDC,,,,
"07 Agt 2025
					09:55:55",https://www.idx.co.id/StaticData/NewsAndAnnouncement/ANNOUNCEMENTSTOCK/From_EREP/202508/dae88f75fb_5f02531ee3.pdf,Pemberitahuan Hasil RUPO PT Medco Energi Internasional Tbk (KOREKSI) [],MEDC,,,,
"07 Agt 2025
					09:56:47",https://www.idx.co.id/StaticData/NewsAndAnnouncement/ANNOUNCEMENTSTOCK/From_EREP/202508/18fee5411e_8f8231750f.pdf,Pemberitahuan Hasil RUPO PT Medco Energi Internasional Tbk (KOREKSI) [],MEDC,,,,
"07 Agt 2025
					14:23:21",https://www.idx.co.id/StaticData/NewsAndAnnouncement/ANNOUNCEMENTSTOCK/From_EREP/202508/638593b4a6_7f56c48d02.pdf,Penyampaian Bukti Iklan Bukti Iklan Hasil RUPO Obligasi Berkelanjutan IV Medco Energi Internasional Tahap I Tahun 2021 [],MEDC,https://www.idx.co.id/StaticData/NewsAndAnnouncement/ANNOUNCEMENTSTOCK/From_EREP/202508/28b2e9a23b_520f759528.pdf,20250807_MEDC_Penyampaian Bukti Iklan_31931232_lamp1.pdf,,
"07 Agt 2025
					14:28:05",https://www.idx.co.id/StaticData/NewsAndAnnouncement/ANNOUNCEMENTSTOCK/From_EREP/202508/dc29a683c8_01fd27e315.pdf,Penyampaian Bukti Iklan Bukti Iklan Hasil RUPO Obligasi Berkelanjutan IV Medco Energi Internasional Tahap II Tahun 2021 [],MEDC,https://www.idx.co.id/StaticData/NewsAndAnnouncement/ANNOUNCEMENTSTOCK/From_EREP/202508/638eef2001_df3d624b9f.pdf,20250807_MEDC_Penyampaian Bukti Iklan_31931239_lamp1.pdf,,
"07 Agt 2025
					14:32:40",https://www.idx.co.id/StaticData/NewsAndAnnouncement/ANNOUNCEMENTSTOCK/From_EREP/202508/f506882b9b_87224671c8.pdf,Penyampaian Bukti Iklan Bukti Iklan Hasil RUPO Obligasi Berkelanjutan IV Medco Energi Internasional Tahap III Tahun 2022 [],MEDC,https://www.idx.co.id/StaticData/NewsAndAnnouncement/ANNOUNCEMENTSTOCK/From_EREP/202508/0ad8c48479_2c7eadacd4.pdf,20250807_MEDC_Penyampaian Bukti Iklan_31931246_lamp1.pdf,,
"21 Agt 2025
					14:33:44",https://www.idx.co.id/StaticData/NewsAndAnnouncement/ANNOUNCEMENTSTOCK/From_EREP/202508/219a8a8292_7a97d41f6b.pdf,Press Release MedcoEnergi Peroleh Perpanjangan Masa Produksi Lapangan Minyak Bualuang di Thailand [],MEDC,https://www.idx.co.id/StaticData/NewsAndAnnouncement/ANNOUNCEMENTSTOCK/From_EREP/202508/0de7944708_ceace414bc.pdf,20250821_MEDC_Laporan Informasi dan Fakta Material_31934263_lamp1.pdf,https://www.idx.co.id/StaticData/NewsAndAnnouncement/ANNOUNCEMENTSTOCK/From_EREP/202508/3424ffdb8d_dcdc93328a.pdf,20250821_MEDC_Laporan Informasi dan Fakta Material_31934263_lamp2.pdf
"26 Agt 2025
					15:17:14",https://www.idx.co.id/StaticData/NewsAndAnnouncement/ANNOUNCEMENTSTOCK/From_EREP/202508/3101acce65_794ba73d00.pdf,Rencana Penyelenggaraan Public Expose - Tahunan [],MEDC,,,,
"28 Agt 2025
					14:44:49",https://www.idx.co.id/StaticData/NewsAndAnnouncement/ANNOUNCEMENTSTOCK/From_EREP/202508/c31b3f7ad9_fd2278ad47.pdf,Pemberitahuan Hasil RUPO PT Medco Energi Internasional Tbk [],MEDC,https://www.idx.co.id/StaticData/NewsAndAnnouncement/ANNOUNCEMENTSTOCK/From_EREP/202508/187aec7d62_c101661ac7.pdf,20250828_MEDC_Pemberitahuan Rencana/Penyampaian Panggilan/Hasil RUPO/RUPSU/RUP EBA-SP_31935725_lamp1.pdf,,
"28 Agt 2025
					14:51:51",https://www.idx.co.id/StaticData/NewsAndAnnouncement/ANNOUNCEMENTSTOCK/From_EREP/202508/c6052a15cd_5197f9a607.pdf,Pemberitahuan Hasil RUPO PT Medco Energi Internasional Tbk [],MEDC,https://www.idx.co.id/StaticData/NewsAndAnnouncement/ANNOUNCEMENTSTOCK/From_EREP/202508/ae2976aaec_64a067878f.pdf,20250828_MEDC_Pemberitahuan Rencana/Penyampaian Panggilan/Hasil RUPO/RUPSU/RUP EBA-SP_31935728_lamp1.pdf,,
"28 Agt 2025
					14:59:58",https://www.idx.co.id/StaticData/NewsAndAnnouncement/ANNOUNCEMENTSTOCK/From_EREP/202508/f761aca734_15200a9270.pdf,Pemberitahuan Hasil RUPO PT Medco Energi Internasional Tbk [],MEDC,https://www.idx.co.id/StaticData/NewsAndAnnouncement/ANNOUNCEMENTSTOCK/From_EREP/202508/64d84d6eb9_9df671b6b3.pdf,20250828_MEDC_Pemberitahuan Rencana/Penyampaian Panggilan/Hasil RUPO/RUPSU/RUP EBA-SP_31935730_lamp1.pdf,,
"05 Agt 2025
					13:21:21",https://www.idx.co.id/StaticData/NewsAndAnnouncement/ANNOUNCEMENTSTOCK/From_EREP/202508/6a05bc0876_e46e51a7a6.pdf,Pemanggilan Rapat Umum Pemegang Saham Luar Biasa [],PGAS,https://www.idx.co.id/StaticData/NewsAndAnnouncement/ANNOUNCEMENTSTOCK/From_EREP/202508/b89c40b45c_7b31f2044b.pdf,20250805_PGAS_Pemanggilan RUPS_31930188_lamp3.pdf,https://www.idx.co.id/StaticData/NewsAndAnnouncement/ANNOUNCEMENTSTOCK/From_EREP/202508/d3f30d0832_baa75cfce1.pdf,20250805_PGAS_Pemanggilan RUPS_31930188_lamp1.pdf
"06 Agt 2025
					14:47:47",https://www.idx.co.id/StaticData/NewsAndAnnouncement/ANNOUNCEMENTSTOCK/From_EREP/202508/e919c9d312_1ca763248f.pdf,Laporan Bulanan Registrasi Pemegang Efek [],PGAS,https://www.idx.co.id/StaticData/NewsAndAnnouncement/ANNOUNCEMENTSTOCK/From_EREP/202508/14c2e446b9_5281c58aa0.pdf,20250806_PGAS_Laporan Bulanan Registrasi Pemegang Efek/Perubahan Struktur Pemegang Saham_31930766_lamp1.pdf,https://www.idx.co.id/StaticData/NewsAndAnnouncement/ANNOUNCEMENTSTOCK/From_EREP/202508/29b0661ba0_c93618c326.pdf,20250806_PGAS_Laporan Bulanan Registrasi Pemegang Efek/Perubahan Struktur Pemegang Saham_31930766_lamp2.pdf
"15 Agt 2025
					08:04:30",https://www.idx.co.id/StaticData/NewsAndAnnouncement/ANNOUNCEMENTSTOCK/From_EREP/202508/50415f02d5_234794f4ff.pdf,Informasi atau Fakta Material Lainnya [],PGAS,https://www.idx.co.id/StaticData/NewsAndAnnouncement/ANNOUNCEMENTSTOCK/From_EREP/202508/32260a991d_0e6d5562b2.pdf,20250815_PGAS_Laporan Informasi dan Fakta Material_31933127_lamp1.pdf,,
"17 Agt 2025
					17:25:42",https://www.idx.co.id/StaticData/NewsAndAnnouncement/ANNOUNCEMENTSTOCK/From_EREP/202508/57665e0252_a54b4bc62d.pdf,"Siaran Pers - Dukungan Penuh Pemerintah dalam Penguatan Pasokan, Operasional PGN Terjaga Andal []",PGAS,https://www.idx.co.id/StaticData/NewsAndAnnouncement/ANNOUNCEMENTSTOCK/From_EREP/202508/819294a2a4_7bda93eb55.pdf,20250817_PGAS_Laporan Informasi dan Fakta Material_31933462_lamp1.pdf,https://www.idx.co.id/StaticData/NewsAndAnnouncement/ANNOUNCEMENTSTOCK/From_EREP/202508/d3baa43762_4387a36b30.pdf,20250817_PGAS_Laporan Informasi dan Fakta Material_31933462_lamp2.pdf
"20 Agt 2025
					21:47:28",https://www.idx.co.id/StaticData/NewsAndAnnouncement/ANNOUNCEMENTSTOCK/From_EREP/202508/e906eb9af1_f23da45bde.pdf,"Siaran Pers - Pasokan Gas PGN Terus Membaik, Industri Kembali Beroperasi []",PGAS,https://www.idx.co.id/StaticData/NewsAndAnnouncement/ANNOUNCEMENTSTOCK/From_EREP/202508/aebe631d3c_89a89c30f8.pdf,20250820_PGAS_Laporan Informasi dan Fakta Material_31934138_lamp2.pdf,https://www.idx.co.id/StaticData/NewsAndAnnouncement/ANNOUNCEMENTSTOCK/From_EREP/202508/f6349f5b4e_3953859870.pdf,20250820_PGAS_Laporan Informasi dan Fakta Material_31934138_lamp1.pdf
"25 Agt 2025
					10:36:21",https://www.idx.co.id/StaticData/NewsAndAnnouncement/ANNOUNCEMENTSTOCK/From_EREP/202508/d8445f8b26_bf8cf70a07.pdf,Siaran Pers - PGN Pastikan Pelanggan Industri Terlayani Optimal 100% [],PGAS,https://www.idx.co.id/StaticData/NewsAndAnnouncement/ANNOUNCEMENTSTOCK/From_EREP/202508/1bfca96348_1171af75da.pdf,20250825_PGAS_Laporan Informasi dan Fakta Material_31934778_lamp2.pdf,https://www.idx.co.id/StaticData/NewsAndAnnouncement/ANNOUNCEMENTSTOCK/From_EREP/202508/2a5b0d1266_e703b01115.pdf,20250825_PGAS_Laporan Informasi dan Fakta Material_31934778_lamp1.pdf
"26 Agt 2025
					20:20:00",https://www.idx.co.id/StaticData/NewsAndAnnouncement/ANNOUNCEMENTSTOCK/From_EREP/202508/e6d172922f_aa57e1e927.pdf,Rencana Penyelenggaraan Public Expose - Tahunan [],PGAS,https://www.idx.co.id/StaticData/NewsAndAnnouncement/ANNOUNCEMENTSTOCK/From_EREP/202508/388936f615_d0f4a902eb.pdf,20250826_PGAS_Public Expose_31935147_lamp1.pdf,,
"27 Agt 2025
					23:15:23",https://www.idx.co.id/StaticData/NewsAndAnnouncement/ANNOUNCEMENTSTOCK/From_EREP/202508/120575f904_d9a5b0bba4.pdf,Siaran Pers RUPSLB Tetapkan Pengurus Baru Perseroan PGN Mantapkan Langkah Strategis di Ekosistem Gas Bumi Nasional [],PGAS,https://www.idx.co.id/StaticData/NewsAndAnnouncement/ANNOUNCEMENTSTOCK/From_EREP/202508/2d2fbf75c2_1330dfcf94.pdf,20250827_PGAS_Laporan Informasi dan Fakta Material_31935596_lamp1.pdf,https://www.idx.co.id/StaticData/NewsAndAnnouncement/ANNOUNCEMENTSTOCK/From_EREP/202508/dea7f27184_4f9e0223d9.pdf,20250827_PGAS_Laporan Informasi dan Fakta Material_31935596_lamp2.pdf
"28 Agt 2025
					19:36:57",https://www.idx.co.id/StaticData/NewsAndAnnouncement/ANNOUNCEMENTSTOCK/From_EREP/202508/00d5e8571c_10351cc0da.pdf,Ringkasan Risalah Rapat Umum Para Pemegang Saham Luar Biasa [],PGAS,https://www.idx.co.id/StaticData/NewsAndAnnouncement/ANNOUNCEMENTSTOCK/From_EREP/202508/01592d006f_4b92d2e826.pdf,20250828_PGAS_Ringkasan Risalah/Risalah RUPS_31935824_lamp3.pdf,https://www.idx.co.id/StaticData/NewsAndAnnouncement/ANNOUNCEMENTSTOCK/From_EREP/202508/23888385ce_75dc374547.pdf,20250828_PGAS_Ringkasan Risalah/Risalah RUPS_31935824_lamp1.pdf
"29 Agt 2025
					17:19:39",https://www.idx.co.id/StaticData/NewsAndAnnouncement/ANNOUNCEMENTSTOCK/From_EREP/202508/a90e4a9fa1_b10305e34d.pdf,Perubahan Pengurus [],PGAS,https://www.idx.co.id/StaticData/NewsAndAnnouncement/ANNOUNCEMENTSTOCK/From_EREP/202508/9b1793d8c1_f4c3179c86.pdf,20250829_PGAS_Perubahan Pengurus_31935979_lamp1.pdf,,
"29 Agt 2025
					19:12:14",https://www.idx.co.id/StaticData/NewsAndAnnouncement/ANNOUNCEMENTSTOCK/From_EREP/202508/20250829192124-57443-0/FinancialStatement-2025-II-PGAS.pdf,Penyampaian Laporan Keuangan Interim Yang Ditelaah Secara Terbatas [],PGAS,https://www.idx.co.id/StaticData/NewsAndAnnouncement/ANNOUNCEMENTSTOCK/From_EREP/202508/20250829192124-57443-0/FinancialStatement-2025-II-PGAS.xlsx,FinancialStatement-2025-II-PGAS.xlsx,https://www.idx.co.id/StaticData/NewsAndAnnouncement/ANNOUNCEMENTSTOCK/From_EREP/202508/20250829192124-57443-0/FS%20PT%20PGN%20Tbk%2030%20Jun%202025.pdf,FS PT PGN Tbk 30 Jun 2025.pdf
"05 Agt 2025
					17:24:56",https://www.idx.co.id/StaticData/NewsAndAnnouncement/ANNOUNCEMENTSTOCK/From_EREP/202508/1d9b6ef407_f14414d831.pdf,Laporan Bulanan Registrasi Pemegang Efek [],PGEO,https://www.idx.co.id/StaticData/NewsAndAnnouncement/ANNOUNCEMENTSTOCK/From_EREP/202508/0ffbefcfc2_ad27cc0229.pdf,20250804_PGEO_Laporan Bulanan Registrasi Pemegang Efek/Perubahan Struktur Pemegang Saham_31929974_lamp2.pdf,https://www.idx.co.id/StaticData/NewsAndAnnouncement/ANNOUNCEMENTSTOCK/From_EREP/202508/34aded815c_19173e5a2b.pdf,20250804_PGEO_Laporan Bulanan Registrasi Pemegang Efek/Perubahan Struktur Pemegang Saham_31929974_lamp3.pdf
"05 Agt 2025
					18:16:41",https://www.idx.co.id/StaticData/NewsAndAnnouncement/ANNOUNCEMENTSTOCK/From_EREP/202508/b79ec4a271_719bb6fe1e.pdf,Danantara Indonesia Perkuat Kolaborasi Geothermal Pertamina - PLN untuk Akselerasi Transisi dan Ketahanan Energi Nasional [],PGEO,,,,
"19 Agt 2025
					22:01:10",https://www.idx.co.id/StaticData/NewsAndAnnouncement/ANNOUNCEMENTSTOCK/From_EREP/202508/e0a675f540_459b183cb2.pdf,"Keterbukaan lnformasi Sehubungan dengan Rencana Pelaksanaan Program Management and Employee Stock Option Program (MESOP) Tahap I (Exercise Keempat), Tahap II (Exercise Ketiga), dan Tahap III (Exercise Pertama) PT Pertamina Geothermal Energy Tbk  []",PGEO,https://www.idx.co.id/StaticData/NewsAndAnnouncement/ANNOUNCEMENTSTOCK/From_EREP/202508/de5a47cd6a_cb20091310.pdf,20250819_PGEO_Laporan Informasi dan Fakta Material_31933830_lamp1.pdf,,
"21 Agt 2025
					19:31:11",https://www.idx.co.id/StaticData/NewsAndAnnouncement/ANNOUNCEMENTSTOCK/From_EREP/202508/ee641f910a_b344ad62e7.pdf,Ringkasan Risalah Rapat Umum Para Pemegang Saham Luar Biasa [],PGEO,https://www.idx.co.id/StaticData/NewsAndAnnouncement/ANNOUNCEMENTSTOCK/From_EREP/202508/96a9dfd1be_1cc664173b.pdf,20250821_PGEO_Ringkasan Risalah/Risalah RUPS_31934282_lamp1.pdf,https://www.idx.co.id/StaticData/NewsAndAnnouncement/ANNOUNCEMENTSTOCK/From_EREP/202508/df31b8f779_618455d21e.pdf,20250821_PGEO_Ringkasan Risalah/Risalah RUPS_31934282_lamp2.pdf
"21 Agt 2025
					21:56:03",https://www.idx.co.id/StaticData/NewsAndAnnouncement/ANNOUNCEMENTSTOCK/From_EREP/202508/6bd28fdce7_8a638d2ab7.pdf,Perubahan Pengurus [],PGEO,https://www.idx.co.id/StaticData/NewsAndAnnouncement/ANNOUNCEMENTSTOCK/From_EREP/202508/3e83ea3050_79ba1cd65f.pdf,20250821_PGEO_Perubahan Pengurus_31934388_lamp1.pdf,,
"22 Agt 2025
					20:52:06",https://www.idx.co.id/StaticData/NewsAndAnnouncement/ANNOUNCEMENTSTOCK/From_EREP/202508/43f5493003_ad71da11f8.pdf,Penyampaian Bukti Iklan Hasil RUPS [],PGEO,https://www.idx.co.id/StaticData/NewsAndAnnouncement/ANNOUNCEMENTSTOCK/From_EREP/202508/15299992e9_1a222b9d4c.pdf,20250822_PGEO_Penyampaian Bukti Iklan_31934548_lamp1.pdf,,
"26 Agt 2025
					16:44:42",https://www.idx.co.id/StaticData/NewsAndAnnouncement/ANNOUNCEMENTSTOCK/From_EREP/202508/91189e987e_3ca8e979d8.pdf,Pencatatan Saham [],PGEO,https://www.idx.co.id/StaticData/NewsAndAnnouncement/ANNOUNCEMENTSTOCK/From_EREP/202508/1241a98720_0f0f04dc55.pdf,20250826_PGEO_Pencatatan Saham Tambahan dari Konversi_31935096_lamp1.pdf,,
"27 Agt 2025
					19:16:27",https://www.idx.co.id/StaticData/NewsAndAnnouncement/ANNOUNCEMENTSTOCK/From_EREP/202508/3d499253d4_28442afbb3.pdf,Pencatatan Saham [],PGEO,https://www.idx.co.id/StaticData/NewsAndAnnouncement/ANNOUNCEMENTSTOCK/From_EREP/202508/718f3e5004_a9fd899059.pdf,20250827_PGEO_Pencatatan Saham Tambahan dari Konversi_31935381_lamp1.pdf,,
"28 Agt 2025
					19:08:47",https://www.idx.co.id/StaticData/NewsAndAnnouncement/ANNOUNCEMENTSTOCK/From_EREP/202508/78542f441a_50bd9ebedf.pdf,Pencatatan Saham [],PGEO,https://www.idx.co.id/StaticData/NewsAndAnnouncement/ANNOUNCEMENTSTOCK/From_EREP/202508/e1af7c2903_1eaeb863d0.pdf,20250828_PGEO_Pencatatan Saham Tambahan dari Konversi_31935651_lamp1.pdf,,
"29 Agt 2025
					19:44:55",https://www.idx.co.id/StaticData/NewsAndAnnouncement/ANNOUNCEMENTSTOCK/From_EREP/202508/98cd1793f4_6169397ce9.pdf,Pencatatan Saham [],PGEO,https://www.idx.co.id/StaticData/NewsAndAnnouncement/ANNOUNCEMENTSTOCK/From_EREP/202508/00e4e400a0_8cb72817b7.pdf,20250829_PGEO_Pencatatan Saham Tambahan dari Konversi_31935957_lamp2.pdf,https://www.idx.co.id/StaticData/NewsAndAnnouncement/ANNOUNCEMENTSTOCK/From_EREP/202508/1d706e95f6_e1cef9328f.pdf,20250829_PGEO_Pencatatan Saham Tambahan dari Konversi_31935957_lamp1.pdf
"05 Agt 2025
					16:07:45",https://www.idx.co.id/StaticData/NewsAndAnnouncement/ANNOUNCEMENTSTOCK/From_EREP/202508/9673687c57_eeef935a56.pdf,Laporan Bulanan Registrasi Pemegang Efek [],PTBA,https://www.idx.co.id/StaticData/NewsAndAnnouncement/ANNOUNCEMENTSTOCK/From_EREP/202508/60e26e502a_f8c555eea8.pdf,20250805_PTBA_Laporan Bulanan Registrasi Pemegang Efek/Perubahan Struktur Pemegang Saham_31930328_lamp1.pdf,https://www.idx.co.id/StaticData/NewsAndAnnouncement/ANNOUNCEMENTSTOCK/From_EREP/202508/7a1ba46bee_fde1276c54.pdf,20250805_PTBA_Laporan Bulanan Registrasi Pemegang Efek/Perubahan Struktur Pemegang Saham_31930328_lamp2.pdf
"27 Agt 2025
					08:27:07",https://www.idx.co.id/StaticData/NewsAndAnnouncement/ANNOUNCEMENTSTOCK/From_EREP/202508/60ddbf20cb_0acb80486d.pdf,Rencana Penyelenggaraan Public Expose - Tahunan [],PTBA,https://www.idx.co.id/StaticData/NewsAndAnnouncement/ANNOUNCEMENTSTOCK/From_EREP/202508/c8411e4b45_3d5154230f.pdf,20250827_PTBA_Public Expose_31935313_lamp1.pdf,,
"06 Agt 2025
					17:33:06",https://www.idx.co.id/StaticData/NewsAndAnnouncement/ANNOUNCEMENTSTOCK/From_EREP/202508/381975a0f6_b66b9162e4.pdf,Penjelasan atas Volatilitas Transaksi [],SCMA,https://www.idx.co.id/StaticData/NewsAndAnnouncement/ANNOUNCEMENTSTOCK/From_EREP/202508/499ff9f8aa_ac445f1cc2.pdf,20250806_SCMA_Tanggapan atas Permintaan Penjelasan Bursa_31930923_lamp1.pdf,,
"11 Agt 2025
					10:04:28",https://www.idx.co.id/StaticData/NewsAndAnnouncement/ANNOUNCEMENTSTOCK/From_EREP/202508/2dc3607d69_56b093f5f7.pdf,Laporan Bulanan Registrasi Pemegang Efek [],SCMA,https://www.idx.co.id/StaticData/NewsAndAnnouncement/ANNOUNCEMENTSTOCK/From_EREP/202508/dd42cc24ff_6cb416f4c4.pdf,20250811_SCMA_Laporan Bulanan Registrasi Pemegang Efek/Perubahan Struktur Pemegang Saham_31932015_lamp1.pdf,,
"01 Agt 2025
					18:08:15",https://www.idx.co.id/StaticData/NewsAndAnnouncement/ANNOUNCEMENTSTOCK/From_EREP/202508/62911fb2ae_abf0e241e7.pdf,Pemegang Saham di atas 5% (KSEI) [],Semua Emiten Saham,https://www.idx.co.id/StaticData/NewsAndAnnouncement/ANNOUNCEMENTSTOCK/From_EREP/202508/84eaedf134_696b5ef709.pdf,20250801_Semua Emiten Saham_Pengumuman Bursa_31929332_lamp1.pdf,,
"04 Agt 2025
					16:24:56",https://www.idx.co.id/StaticData/NewsAndAnnouncement/ANNOUNCEMENTSTOCK/From_EREP/202508/7b7467eed5_3dccd86871.pdf,Pemegang Saham di atas 5% (KSEI) [],Semua Emiten Saham,https://www.idx.co.id/StaticData/NewsAndAnnouncement/ANNOUNCEMENTSTOCK/From_EREP/202508/fbd99bac9f_fc3688ef23.pdf,20250804_Semua Emiten Saham_Pengumuman Bursa_31929745_lamp1.pdf,,
"05 Agt 2025
					16:06:49",https://www.idx.co.id/StaticData/NewsAndAnnouncement/ANNOUNCEMENTSTOCK/From_EREP/202508/f966dcbd0b_a4d1bc0404.pdf,Pemegang Saham di atas 5% (KSEI) [],Semua Emiten Saham,https://www.idx.co.id/StaticData/NewsAndAnnouncement/ANNOUNCEMENTSTOCK/From_EREP/202508/5eaff35ae4_b4a0ba9e6f.pdf,20250805_Semua Emiten Saham_Pengumuman Bursa_31930221_lamp1.pdf,,
"07 Agt 2025
					12:02:12",https://www.idx.co.id/StaticData/NewsAndAnnouncement/ANNOUNCEMENTSTOCK/From_EREP/202508/fba7d492f6_9a9f4c3016.pdf,Pemegang Saham di atas 5% (KSEI) [],Semua Emiten Saham,https://www.idx.co.id/StaticData/NewsAndAnnouncement/ANNOUNCEMENTSTOCK/From_EREP/202508/ff17e9e777_eddedf01fd.pdf,20250806_Semua Emiten Saham_Pengumuman Bursa_31930699_lamp1.pdf,,
"07 Agt 2025
					22:38:03",https://www.idx.co.id/StaticData/NewsAndAnnouncement/ANNOUNCEMENTSTOCK/From_EREP/202508/fda75df283_26e9717e7e.pdf,Pemegang Saham di atas 5% (KSEI) [],Semua Emiten Saham,https://www.idx.co.id/StaticData/NewsAndAnnouncement/ANNOUNCEMENTSTOCK/From_EREP/202508/864878180d_1428d913c6.pdf,20250807_Semua Emiten Saham_Pengumuman Bursa_31931179_lamp1.pdf,,
"11 Agt 2025
					16:12:11",https://www.idx.co.id/StaticData/NewsAndAnnouncement/ANNOUNCEMENTSTOCK/From_EREP/202508/3b38920496_579ca90739.pdf,Pemegang Saham di atas 5% (KSEI) [],Semua Emiten Saham,https://www.idx.co.id/StaticData/NewsAndAnnouncement/ANNOUNCEMENTSTOCK/From_EREP/202508/2bdaec7314_fe4c494fd9.pdf,20250811_Semua Emiten Saham_Pengumuman Bursa_31932067_lamp1.pdf,,
"13 Agt 2025
					15:35:39",https://www.idx.co.id/StaticData/NewsAndAnnouncement/ANNOUNCEMENTSTOCK/From_EREP/202508/e6d77f3762_e7dbd02713.pdf,Pemegang Saham di atas 5% (KSEI) [],Semua Emiten Saham,https://www.idx.co.id/StaticData/NewsAndAnnouncement/ANNOUNCEMENTSTOCK/From_EREP/202508/f06f44ff48_c4e4c0ab39.pdf,20250812_Semua Emiten Saham_Pengumuman Bursa_31932368_lamp1.pdf,,
"13 Agt 2025
					16:58:03",https://www.idx.co.id/StaticData/NewsAndAnnouncement/ANNOUNCEMENTSTOCK/From_EREP/202508/e92820a1a2_c427602f05.pdf,Pemegang Saham di atas 5% (KSEI) [],Semua Emiten Saham,https://www.idx.co.id/StaticData/NewsAndAnnouncement/ANNOUNCEMENTSTOCK/From_EREP/202508/a476bc6700_9d25abd5fe.pdf,20250813_Semua Emiten Saham_Pengumuman Bursa_31932641_lamp1.pdf,,
"14 Agt 2025
					17:11:47",https://www.idx.co.id/StaticData/NewsAndAnnouncement/ANNOUNCEMENTSTOCK/From_EREP/202508/5d02ff4fba_595d6acd20.pdf,Pemegang Saham di atas 5% (KSEI) [],Semua Emiten Saham,https://www.idx.co.id/StaticData/NewsAndAnnouncement/ANNOUNCEMENTSTOCK/From_EREP/202508/1bb270588f_afd8cd9b35.pdf,20250814_Semua Emiten Saham_Pengumuman Bursa_31932946_lamp1.pdf,,
"15 Agt 2025
					17:12:03",https://www.idx.co.id/StaticData/NewsAndAnnouncement/ANNOUNCEMENTSTOCK/From_EREP/202508/698cba7b44_9692f482d5.pdf,Pemegang Saham di atas 5% (KSEI) [],Semua Emiten Saham,https://www.idx.co.id/StaticData/NewsAndAnnouncement/ANNOUNCEMENTSTOCK/From_EREP/202508/a9165b44b6_2565b18639.pdf,20250815_Semua Emiten Saham_Pengumuman Bursa_31933310_lamp1.pdf,,
"19 Agt 2025
					15:46:16",https://www.idx.co.id/StaticData/NewsAndAnnouncement/ANNOUNCEMENTSTOCK/From_EREP/202508/b09c7a0f21_64c146d1e2.pdf,Pemegang Saham di atas 5% (KSEI) [],Semua Emiten Saham,https://www.idx.co.id/StaticData/NewsAndAnnouncement/ANNOUNCEMENTSTOCK/From_EREP/202508/0416676556_b766e1ca09.pdf,20250819_Semua Emiten Saham_Pengumuman Bursa_31933618_lamp1.pdf,,
"20 Agt 2025
					17:52:47",https://www.idx.co.id/StaticData/NewsAndAnnouncement/ANNOUNCEMENTSTOCK/From_EREP/202508/cd1cf46c3c_7c1b963956.pdf,Pemegang Saham di atas 5% (KSEI) [],Semua Emiten Saham,https://www.idx.co.id/StaticData/NewsAndAnnouncement/ANNOUNCEMENTSTOCK/From_EREP/202508/9a432b7267_91a23fe16c.pdf,20250820_Semua Emiten Saham_Pengumuman Bursa_31933979_lamp1.pdf,,
"21 Agt 2025
					16:34:25",https://www.idx.co.id/StaticData/NewsAndAnnouncement/ANNOUNCEMENTSTOCK/From_EREP/202508/92f700338b_715ac0f301.pdf,Pemegang Saham di atas 5% (KSEI) [],Semua Emiten Saham,https://www.idx.co.id/StaticData/NewsAndAnnouncement/ANNOUNCEMENTSTOCK/From_EREP/202508/211a786dd2_7e1734e2ae.pdf,20250821_Semua Emiten Saham_Pengumuman Bursa_31934220_lamp1.pdf,,
"22 Agt 2025
					19:49:22",https://www.idx.co.id/StaticData/NewsAndAnnouncement/ANNOUNCEMENTSTOCK/From_EREP/202508/318ff8dbf8_1c96c1a4fb.pdf,Pemegang Saham di atas 5% (KSEI) [],Semua Emiten Saham,https://www.idx.co.id/StaticData/NewsAndAnnouncement/ANNOUNCEMENTSTOCK/From_EREP/202508/d405ad96c1_22637629c3.pdf,20250822_Semua Emiten Saham_Pengumuman Bursa_31934499_lamp1.pdf,,
"25 Agt 2025
					18:42:00",https://www.idx.co.id/StaticData/NewsAndAnnouncement/ANNOUNCEMENTSTOCK/From_EREP/202508/7c3a25a31f_4fb6786c36.pdf,Pemegang Saham di atas 5% (KSEI) [],Semua Emiten Saham,https://www.idx.co.id/StaticData/NewsAndAnnouncement/ANNOUNCEMENTSTOCK/From_EREP/202508/1207d0ab6f_fcdb12a493.pdf,20250825_Semua Emiten Saham_Pengumuman Bursa_31934825_lamp1.pdf,,
"26 Agt 2025
					18:48:37",https://www.idx.co.id/StaticData/NewsAndAnnouncement/ANNOUNCEMENTSTOCK/From_EREP/202508/9934514abd_a7cfb146c5.pdf,Pemegang Saham di atas 5% (KSEI) [],Semua Emiten Saham,https://www.idx.co.id/StaticData/NewsAndAnnouncement/ANNOUNCEMENTSTOCK/From_EREP/202508/b00b90c198_954514c978.pdf,20250826_Semua Emiten Saham_Pengumuman Bursa_31935087_lamp1.pdf,,
"28 Agt 2025
					08:25:47",https://www.idx.co.id/StaticData/NewsAndAnnouncement/ANNOUNCEMENTSTOCK/From_EREP/202508/6a873e1e19_bd973ee907.pdf,Pemegang Saham di atas 5% (KSEI) [],Semua Emiten Saham,https://www.idx.co.id/StaticData/NewsAndAnnouncement/ANNOUNCEMENTSTOCK/From_EREP/202508/1a6a8139ea_bb059ee118.pdf,20250827_Semua Emiten Saham_Pengumuman Bursa_31935396_lamp1.pdf,,
"29 Agt 2025
					15:33:36",https://www.idx.co.id/StaticData/NewsAndAnnouncement/ANNOUNCEMENTSTOCK/From_EREP/202508/1a03a189cc_8a66434b89.pdf,Pemegang Saham di atas 5% (KSEI) [],Semua Emiten Saham,https://www.idx.co.id/StaticData/NewsAndAnnouncement/ANNOUNCEMENTSTOCK/From_EREP/202508/f65bdfd5af_3f309e8803.pdf,20250829_Semua Emiten Saham_Pengumuman Bursa_31935927_lamp1.pdf,,
"05 Agt 2025
					16:57:58",https://www.idx.co.id/StaticData/NewsAndAnnouncement/ANNOUNCEMENTSTOCK/From_EREP/202508/5799f96456_9e21774f77.pdf,Laporan Bulanan Registrasi Pemegang Efek [],SMGR,https://www.idx.co.id/StaticData/NewsAndAnnouncement/ANNOUNCEMENTSTOCK/From_EREP/202508/2ee769f86a_68869fb261.pdf,20250805_SMGR_Laporan Bulanan Registrasi Pemegang Efek/Perubahan Struktur Pemegang Saham_31930384_lamp1.pdf,,
"14 Agt 2025
					16:13:27",https://www.idx.co.id/StaticData/NewsAndAnnouncement/ANNOUNCEMENTSTOCK/From_EREP/202508/a973ea5899_a3c24e7802.pdf,Laporan Hasil Pemeringkatan Pemeringkatan Tahunan [],SMGR,https://www.idx.co.id/StaticData/NewsAndAnnouncement/ANNOUNCEMENTSTOCK/From_EREP/202508/2bb58a7f76_b3067673cd.pdf,20250814_SMGR_Laporan Hasil Pemeringkatan_31932977_lamp2.pdf,https://www.idx.co.id/StaticData/NewsAndAnnouncement/ANNOUNCEMENTSTOCK/From_EREP/202508/9380a27459_fd801cf821.pdf,20250814_SMGR_Laporan Hasil Pemeringkatan_31932977_lamp1.pdf
"14 Agt 2025
					16:25:37",https://www.idx.co.id/StaticData/NewsAndAnnouncement/ANNOUNCEMENTSTOCK/From_EREP/202508/4e7f6855c3_a0785125b5.pdf,Laporan Hasil Pemeringkatan Pemeringkatan Tahunan (KOREKSI) [],SMGR,https://www.idx.co.id/StaticData/NewsAndAnnouncement/ANNOUNCEMENTSTOCK/From_EREP/202508/cbaa8d3131_41fe00d85e.pdf,20250814_SMGR_Laporan Hasil Pemeringkatan_31933043_lamp1.pdf,https://www.idx.co.id/StaticData/NewsAndAnnouncement/ANNOUNCEMENTSTOCK/From_EREP/202508/ff3a86293d_c1837c5bb2.pdf,20250814_SMGR_Laporan Hasil Pemeringkatan_31933043_lamp2.pdf
"27 Agt 2025
					17:00:32",https://www.idx.co.id/StaticData/NewsAndAnnouncement/ANNOUNCEMENTSTOCK/From_EREP/202508/b68934501c_1ab80dad35.pdf,Rencana Penyelenggaraan Public Expose - Tahunan [],SMGR,https://www.idx.co.id/StaticData/NewsAndAnnouncement/ANNOUNCEMENTSTOCK/From_EREP/202508/8bdf20cc16_a76320da51.pdf,20250827_SMGR_Public Expose_31935421_lamp1.pdf,,
"07 Agt 2025
					16:13:11",https://www.idx.co.id/StaticData/NewsAndAnnouncement/ANNOUNCEMENTSTOCK/From_EREP/202508/9d58918ba5_a45db92603.pdf,Laporan Bulanan Registrasi Pemegang Efek [],SMRA,https://www.idx.co.id/StaticData/NewsAndAnnouncement/ANNOUNCEMENTSTOCK/From_EREP/202508/4d5e2c829e_677be2c32d.pdf,20250805_SMRA_Laporan Bulanan Registrasi Pemegang Efek/Perubahan Struktur Pemegang Saham_31930163_lamp1.pdf,,
"04 Agt 2025
					16:52:46",https://www.idx.co.id/StaticData/NewsAndAnnouncement/ANNOUNCEMENTSTOCK/From_EREP/202508/0822138cbe_0cb2dab7b5.pdf,Penjelasan atas Pemberitaan Media Massa [],TLKM,https://www.idx.co.id/StaticData/NewsAndAnnouncement/ANNOUNCEMENTSTOCK/From_EREP/202508/a546e897fd_10eca45e85.pdf,20250804_TLKM_Tanggapan atas Permintaan Penjelasan Bursa_31929840_lamp1.pdf,,
"08 Agt 2025
					19:47:28",https://www.idx.co.id/StaticData/NewsAndAnnouncement/ANNOUNCEMENTSTOCK/From_EREP/202508/2a005324d5_04a14612ed.pdf,Laporan Bulanan Registrasi Pemegang Efek [],TLKM,https://www.idx.co.id/StaticData/NewsAndAnnouncement/ANNOUNCEMENTSTOCK/From_EREP/202508/44b0ecc0ea_7fb73e0a72.pdf,20250807_TLKM_Laporan Bulanan Registrasi Pemegang Efek/Perubahan Struktur Pemegang Saham_31931032_lamp1.pdf,,
"12 Agt 2025
					16:03:35",https://www.idx.co.id/StaticData/NewsAndAnnouncement/ANNOUNCEMENTSTOCK/From_EREP/202508/88e320c244_bb7de2c1fb.pdf,Pemanggilan Rapat Umum Pemegang Saham Luar Biasa [],TLKM,https://www.idx.co.id/StaticData/NewsAndAnnouncement/ANNOUNCEMENTSTOCK/From_EREP/202508/a97d8eede7_213bf7c248.pdf,20250812_TLKM_Pemanggilan RUPS_31932461_lamp1.pdf,https://www.idx.co.id/StaticData/NewsAndAnnouncement/ANNOUNCEMENTSTOCK/From_EREP/202508/fd0b260659_218049fc3b.pdf,20250812_TLKM_Pemanggilan RUPS_31932461_lamp2.pdf
"20 Agt 2025
					16:47:00",https://www.idx.co.id/StaticData/NewsAndAnnouncement/ANNOUNCEMENTSTOCK/From_EREP/202508/2e9d3938a4_79f6afdf84.pdf,Perubahan Corporate Secretary [],TLKM,https://www.idx.co.id/StaticData/NewsAndAnnouncement/ANNOUNCEMENTSTOCK/From_EREP/202508/1b97a81f2d_08fb71ced6.pdf,20250820_TLKM_Perubahan Corsec Komite Audit Alamat NPWP Internal Audit_31934029_lamp1.pdf,https://www.idx.co.id/StaticData/NewsAndAnnouncement/ANNOUNCEMENTSTOCK/From_EREP/202508/d1d648c44e_84bd1d5300.pdf,20250820_TLKM_Perubahan Corsec Komite Audit Alamat NPWP Internal Audit_31934029_lamp2.pdf
"27 Agt 2025
					19:37:06",https://www.idx.co.id/StaticData/NewsAndAnnouncement/ANNOUNCEMENTSTOCK/From_EREP/202508/2b8d15f394_d85bb45070.pdf,Rencana Penyelenggaraan Public Expose - Tahunan [],TLKM,https://www.idx.co.id/StaticData/NewsAndAnnouncement/ANNOUNCEMENTSTOCK/From_EREP/202508/07b997dc05_5fe9d0bfde.pdf,20250826_TLKM_Public Expose_31935194_lamp1.pdf,,
"06 Agt 2025
					09:35:06",https://www.idx.co.id/StaticData/NewsAndAnnouncement/ANNOUNCEMENTSTOCK/From_EREP/202508/a73f3488e8_0f1b285817.pdf,Laporan Bulanan Registrasi Pemegang Efek [],TOWR,https://www.idx.co.id/StaticData/NewsAndAnnouncement/ANNOUNCEMENTSTOCK/From_EREP/202508/deecbf2bde_468e2532db.pdf,20250806_TOWR_Laporan Bulanan Registrasi Pemegang Efek/Perubahan Struktur Pemegang Saham_31930585_lamp1.pdf,,
"21 Agt 2025
					11:00:25",https://www.idx.co.id/StaticData/NewsAndAnnouncement/ANNOUNCEMENTSTOCK/From_EREP/202508/46cdaf75b0_2c21b4532b.pdf,Rencana Penyelenggaraan Public Expose - Tahunan [],TOWR,https://www.idx.co.id/StaticData/NewsAndAnnouncement/ANNOUNCEMENTSTOCK/From_EREP/202508/2835c45b2a_ba3cfe0a76.pdf,20250821_TOWR_Public Expose_31934190_lamp1.pdf,,
"27 Agt 2025
					18:09:37",https://www.idx.co.id/StaticData/NewsAndAnnouncement/ANNOUNCEMENTSTOCK/From_EREP/202508/7b31abcb03_50cb7cb1b6.pdf,Penandatangan Addendum III (Perjanjian Kredit) atas Akta Perjanjian Kredit antara Protelindo dan Iforte sebagai Peminjam dan SUPR sebagai Penanggung dengan PT Bank Mandiri (Persero) Tbk [],TOWR,https://www.idx.co.id/StaticData/NewsAndAnnouncement/ANNOUNCEMENTSTOCK/From_EREP/202508/47cbfc2864_0dc937a2c6.pdf,20250827_TOWR_Laporan Informasi dan Fakta Material_31935544_lamp1.pdf,,
"07 Agt 2025
					20:56:35",https://www.idx.co.id/StaticData/NewsAndAnnouncement/ANNOUNCEMENTSTOCK/From_EREP/202508/75f1ef3328_f7f2596203.pdf,Laporan Bulanan Registrasi Pemegang Efek [],UNTR,https://www.idx.co.id/StaticData/NewsAndAnnouncement/ANNOUNCEMENTSTOCK/From_EREP/202508/aeb0d7b799_f96b67dd89.pdf,20250806_UNTR_Laporan Bulanan Registrasi Pemegang Efek/Perubahan Struktur Pemegang Saham_31930670_lamp1.pdf,,
"22 Agt 2025
					10:29:51",https://www.idx.co.id/StaticData/NewsAndAnnouncement/ANNOUNCEMENTSTOCK/From_EREP/202508/3450221ea3_a91c07f350.pdf,Rencana Penyelenggaraan Public Expose - Tahunan [],UNTR,https://www.idx.co.id/StaticData/NewsAndAnnouncement/ANNOUNCEMENTSTOCK/From_EREP/202508/e6adf6d49f_4e40c8a442.pdf,20250822_UNTR_Public Expose_31934464_lamp1.pdf,,
"29 Agt 2025
					20:49:33",https://www.idx.co.id/StaticData/NewsAndAnnouncement/ANNOUNCEMENTSTOCK/From_EREP/202508/20250829210121-57452-0/FinancialStatement-2025-II-UNTR.pdf,Penyampaian Laporan Keuangan Interim (KOREKSI) [],UNTR,https://www.idx.co.id/StaticData/NewsAndAnnouncement/ANNOUNCEMENTSTOCK/From_EREP/202508/20250829210121-57452-0/FinancialStatement-2025-II-UNTR.xlsx,FinancialStatement-2025-II-UNTR.xlsx,https://www.idx.co.id/StaticData/NewsAndAnnouncement/ANNOUNCEMENTSTOCK/From_EREP/202508/20250829210121-57452-0/FS%20UNTR%200625%20Limited%20Review.pdf,FS UNTR 0625 Limited Review.pdf
"07 Agt 2025
					13:26:18",https://www.idx.co.id/StaticData/NewsAndAnnouncement/ANNOUNCEMENTSTOCK/From_EREP/202508/de0986abfb_c9c16f7439.pdf,Laporan Kepemilikan Saham [],UNVR,https://www.idx.co.id/StaticData/NewsAndAnnouncement/ANNOUNCEMENTSTOCK/From_EREP/202508/c2db6eafe2_628cfc2a5c.pdf,20250806_UNVR_Pengumuman Bursa_31930815_lamp1.pdf,,
"08 Agt 2025
					17:35:12",https://www.idx.co.id/StaticData/NewsAndAnnouncement/ANNOUNCEMENTSTOCK/From_EREP/202508/d72455ccef_e81da2d43c.pdf,Laporan Bulanan Registrasi Pemegang Efek [],UNVR,https://www.idx.co.id/StaticData/NewsAndAnnouncement/ANNOUNCEMENTSTOCK/From_EREP/202508/12575446cb_cb280e281d.pdf,20250808_UNVR_Laporan Bulanan Registrasi Pemegang Efek/Perubahan Struktur Pemegang Saham_31931701_lamp2.pdf,https://www.idx.co.id/StaticData/NewsAndAnnouncement/ANNOUNCEMENTSTOCK/From_EREP/202508/c92c676b63_321132192d.pdf,20250808_UNVR_Laporan Bulanan Registrasi Pemegang Efek/Perubahan Struktur Pemegang Saham_31931701_lamp1.pdf
"11 Agt 2025
					12:00:30",https://www.idx.co.id/StaticData/NewsAndAnnouncement/ANNOUNCEMENTSTOCK/From_EREP/202508/5b6666b859_642589ce0d.pdf,Laporan Bulanan Registrasi Pemegang Efek (KOREKSI) [],UNVR,https://www.idx.co.id/StaticData/NewsAndAnnouncement/ANNOUNCEMENTSTOCK/From_EREP/202508/1c622b5d74_aad53c1e3d.pdf,20250811_UNVR_Laporan Bulanan Registrasi Pemegang Efek/Perubahan Struktur Pemegang Saham_31932064_lamp1.pdf,https://www.idx.co.id/StaticData/NewsAndAnnouncement/ANNOUNCEMENTSTOCK/From_EREP/202508/ef44b09907_69e70b0c38.pdf,20250811_UNVR_Laporan Bulanan Registrasi Pemegang Efek/Perubahan Struktur Pemegang Saham_31932064_lamp2.pdf
"13 Agt 2025
					17:00:15",https://www.idx.co.id/StaticData/NewsAndAnnouncement/ANNOUNCEMENTSTOCK/From_EREP/202508/03fb66233d_9aed6e11e0.pdf,Laporan Kepemilikan Saham [],UNVR,https://www.idx.co.id/StaticData/NewsAndAnnouncement/ANNOUNCEMENTSTOCK/From_EREP/202508/f797d39fba_43fd5c9c9a.pdf,20250813_UNVR_Pengumuman Bursa_31932659_lamp1.pdf,,
"01 Agt 2025
					13:43:57",https://www.idx.co.id/StaticData/NewsAndAnnouncement/ANNOUNCEMENTSTOCK/From_EREP/202508/ed6208b5ed_124449b005.pdf,Penghentian Sementara Perdagangan Efek [],,https://www.idx.co.id/StaticData/NewsAndAnnouncement/ANNOUNCEMENTSTOCK/From_EREP/202508/20095b13c5_c29295c3b4.pdf,20250731_Suspensi dan Pembukaan Suspensi_31928866_lamp1.pdf,,
"01 Agt 2025
					16:58:40",https://www.idx.co.id/StaticData/NewsAndAnnouncement/ANNOUNCEMENTSTOCK/From_EREP/202508/58b421c7bd_a6de36dc16.pdf,Pencabutan Efek Bersifat Ekuitas Dari Pemantauan Khusus [],,,,,
"01 Agt 2025
					17:00:58",https://www.idx.co.id/StaticData/NewsAndAnnouncement/ANNOUNCEMENTSTOCK/From_EREP/202508/40cdf19e1e_ffc8dd6b7f.pdf,Efek Bersifat Ekuitas Dalam Pemantauan Khusus [],,,,,
"01 Agt 2025
					17:01:27",https://www.idx.co.id/StaticData/NewsAndAnnouncement/ANNOUNCEMENTSTOCK/From_EREP/202508/6c7677adb6_aff59b9613.pdf,Perubahan Efek Bersifat Ekuitas Dalam Pemantauan Khusus [],,,,,
"01 Agt 2025
					18:00:04",https://www.idx.co.id/StaticData/NewsAndAnnouncement/ANNOUNCEMENTSTOCK/From_EREP/202508/82e41ef929_e23dfd88d5.pdf,Penghentian Sementara Perdagangan Efek [],,https://www.idx.co.id/StaticData/NewsAndAnnouncement/ANNOUNCEMENTSTOCK/From_EREP/202508/21590b4ea5_a2d38a3032.pdf,20250801_Suspensi dan Pembukaan Suspensi_31929265_lamp1.pdf,,
"01 Agt 2025
					18:02:18",https://www.idx.co.id/StaticData/NewsAndAnnouncement/ANNOUNCEMENTSTOCK/From_EREP/202508/acb3523485_692bd2d468.pdf,Penghentian Sementara Perdagangan Efek [],,https://www.idx.co.id/StaticData/NewsAndAnnouncement/ANNOUNCEMENTSTOCK/From_EREP/202508/6b6cbfb2fe_e0468b3032.pdf,20250801_Suspensi dan Pembukaan Suspensi_31929277_lamp1.pdf,,
"04 Agt 2025
					16:13:14",https://www.idx.co.id/StaticData/NewsAndAnnouncement/ANNOUNCEMENTSTOCK/From_EREP/202508/23a211e558_35f00fa5ca.pdf,Pencabutan Efek Bersifat Ekuitas Dari Pemantauan Khusus [],,,,,
"05 Agt 2025
					16:41:12",https://www.idx.co.id/StaticData/NewsAndAnnouncement/ANNOUNCEMENTSTOCK/From_EREP/202508/bcb87feb64_cfa4e664b6.pdf,Efek Bersifat Ekuitas Dalam Pemantauan Khusus [],,,,,
"05 Agt 2025
					16:53:18",https://www.idx.co.id/StaticData/NewsAndAnnouncement/ANNOUNCEMENTSTOCK/From_EREP/202508/de2eaf3fc3_a4b3c01765.pdf,Pencabutan Efek Bersifat Ekuitas Dari Pemantauan Khusus [],,,,,
"07 Agt 2025
					15:34:41",https://www.idx.co.id/StaticData/NewsAndAnnouncement/ANNOUNCEMENTSTOCK/From_EREP/202508/8345a6712e_baf7f2e0ed.pdf,Kode Efek Waran Terstruktur PT KGI Sekuritas Indonesia (HD) [],,https://www.idx.co.id/StaticData/NewsAndAnnouncement/ANNOUNCEMENTSTOCK/From_EREP/202508/75bb07bf06_957fbb5403.pdf,20250807_Pengumuman Bursa_31931267_lamp1.pdf,,
"07 Agt 2025
					15:39:17",https://www.idx.co.id/StaticData/NewsAndAnnouncement/ANNOUNCEMENTSTOCK/From_EREP/202508/54be2a17a7_94d517d8c8.pdf,Kode Efek Waran Terstruktur PT Korea Investment and Sekuritas Indonesia (BQ) [],,https://www.idx.co.id/StaticData/NewsAndAnnouncement/ANNOUNCEMENTSTOCK/From_EREP/202508/17eca51445_2f9f086164.pdf,20250807_Pengumuman Bursa_31931262_lamp1.pdf,,
"08 Agt 2025
					17:46:28",https://www.idx.co.id/StaticData/NewsAndAnnouncement/ANNOUNCEMENTSTOCK/From_EREP/202508/08f71a5400_8b1bd5d629.pdf,Pencabutan Efek Bersifat Ekuitas Dari Pemantauan Khusus [],,,,,
"11 Agt 2025
					16:14:44",https://www.idx.co.id/StaticData/NewsAndAnnouncement/ANNOUNCEMENTSTOCK/From_EREP/202508/ea309eaa33_236410d9cd.pdf,Pencabutan Efek Bersifat Ekuitas Dari Pemantauan Khusus [],,,,,
"11 Agt 2025
					16:18:04",https://www.idx.co.id/StaticData/NewsAndAnnouncement/ANNOUNCEMENTSTOCK/From_EREP/202508/1924316980_95d6952234.pdf,Efek Bersifat Ekuitas Dalam Pemantauan Khusus [],,,,,
"12 Agt 2025
					16:18:24",https://www.idx.co.id/StaticData/NewsAndAnnouncement/ANNOUNCEMENTSTOCK/From_EREP/202508/c23c7bcdac_2500ea7a06.pdf,Perubahan Efek Bersifat Ekuitas Dalam Pemantauan Khusus [],,,,,
"12 Agt 2025
					16:19:19",https://www.idx.co.id/StaticData/NewsAndAnnouncement/ANNOUNCEMENTSTOCK/From_EREP/202508/91af43e405_cbfbd22644.pdf,Efek Bersifat Ekuitas Dalam Pemantauan Khusus [],,,,,
"13 Agt 2025
					16:03:07",https://www.idx.co.id/StaticData/NewsAndAnnouncement/ANNOUNCEMENTSTOCK/From_EREP/202508/996a44c87e_e0a23a040d.pdf,Perubahan Efek Bersifat Ekuitas Dalam Pemantauan Khusus [],,,,,
"14 Agt 2025
					16:57:50",https://www.idx.co.id/StaticData/NewsAndAnnouncement/ANNOUNCEMENTSTOCK/From_EREP/202508/68f1b4d322_d828cca593.pdf,Pencabutan Efek Bersifat Ekuitas Dari Pemantauan Khusus [],,,,,
"14 Agt 2025
					17:00:09",https://www.idx.co.id/StaticData/NewsAndAnnouncement/ANNOUNCEMENTSTOCK/From_EREP/202508/ebc40bd1e2_54fd355bfd.pdf,Efek Bersifat Ekuitas Dalam Pemantauan Khusus [],,,,,
"15 Agt 2025
					14:23:41",https://www.idx.co.id/StaticData/NewsAndAnnouncement/ANNOUNCEMENTSTOCK/From_EREP/202508/503750b37a_15077e0404.pdf,Pembukaan Penghentian Sementara Perdagangan Efek [],,https://www.idx.co.id/StaticData/NewsAndAnnouncement/ANNOUNCEMENTSTOCK/From_EREP/202508/ec0ab4408d_be31903c8f.pdf,20250815_Suspensi dan Pembukaan Suspensi_31933305_lamp1.pdf,,
"19 Agt 2025
					09:18:26",https://www.idx.co.id/StaticData/NewsAndAnnouncement/ANNOUNCEMENTSTOCK/From_EREP/202508/73ca26b0e6_287dab5e2a.pdf,Sanksi atas Penyampaian Laporan Keuangan Interim per 30 Juni 2025 [],,https://www.idx.co.id/StaticData/NewsAndAnnouncement/ANNOUNCEMENTSTOCK/From_EREP/202508/554a17e288_b02e6c25f7.pdf,20250818_Pengumuman Bursa_31933485_lamp1.pdf,,
"19 Agt 2025
					17:39:25",https://www.idx.co.id/StaticData/NewsAndAnnouncement/ANNOUNCEMENTSTOCK/From_EREP/202508/004c9f10b1_bed6c40d70.pdf,Efek Bersifat Ekuitas Dalam Pemantauan Khusus [],,,,,
"20 Agt 2025
					16:50:15",https://www.idx.co.id/StaticData/NewsAndAnnouncement/ANNOUNCEMENTSTOCK/From_EREP/202508/1fb3c95947_99d856ee71.pdf,Pencabutan Efek Bersifat Ekuitas Dari Pemantauan Khusus [],,,,,
"21 Agt 2025
					17:29:55",https://www.idx.co.id/StaticData/NewsAndAnnouncement/ANNOUNCEMENTSTOCK/From_EREP/202508/482d5c21a6_167cadb2c1.pdf,Pencabutan Efek Bersifat Ekuitas Dari Pemantauan Khusus [],,,,,
"21 Agt 2025
					17:30:36",https://www.idx.co.id/StaticData/NewsAndAnnouncement/ANNOUNCEMENTSTOCK/From_EREP/202508/d57a65c6d3_e664e6e002.pdf,Efek Bersifat Ekuitas Dalam Pemantauan Khusus [],,,,,
"22 Agt 2025
					15:54:52",https://www.idx.co.id/StaticData/NewsAndAnnouncement/ANNOUNCEMENTSTOCK/From_EREP/202508/cde1003be4_60cf7ebafb.pdf,Perubahan Efek Bersifat Ekuitas Dalam Pemantauan Khusus [],,,,,
"22 Agt 2025
					16:03:29",https://www.idx.co.id/StaticData/NewsAndAnnouncement/ANNOUNCEMENTSTOCK/From_EREP/202508/5e6f2083f5_f225319d5f.pdf,Perubahan Efek Bersifat Ekuitas Dalam Pemantauan Khusus [],,,,,
"25 Agt 2025
					16:43:38",https://www.idx.co.id/StaticData/NewsAndAnnouncement/ANNOUNCEMENTSTOCK/From_EREP/202508/241b6cf0fd_c484df1b1c.pdf,Efek Bersifat Ekuitas Dalam Pemantauan Khusus [],,,,,
"26 Agt 2025
					16:05:24",https://www.idx.co.id/StaticData/NewsAndAnnouncement/ANNOUNCEMENTSTOCK/From_EREP/202508/1a1e4fe1f4_6e9bccf3bb.pdf,Efek Bersifat Ekuitas Dalam Pemantauan Khusus [],,,,,
"26 Agt 2025
					16:09:23",https://www.idx.co.id/StaticData/NewsAndAnnouncement/ANNOUNCEMENTSTOCK/From_EREP/202508/7e39590b02_d9ddd04823.pdf,Pencabutan Efek Bersifat Ekuitas Dari Pemantauan Khusus [],,,,,
"26 Agt 2025
					16:09:54",https://www.idx.co.id/StaticData/NewsAndAnnouncement/ANNOUNCEMENTSTOCK/From_EREP/202508/0ae2e1c0c4_2d80d0a609.pdf,Perubahan Efek Bersifat Ekuitas Dalam Pemantauan Khusus [],,,,,
"27 Agt 2025
					19:19:33",https://www.idx.co.id/StaticData/NewsAndAnnouncement/ANNOUNCEMENTSTOCK/From_EREP/202508/da3f1842be_a677986921.pdf,Efek Bersifat Ekuitas Dalam Pemantauan Khusus [],,,,,
"28 Agt 2025
					15:51:53",https://www.idx.co.id/StaticData/NewsAndAnnouncement/ANNOUNCEMENTSTOCK/From_EREP/202508/21646339d8_3de7e230f1.pdf,Pencabutan Efek Bersifat Ekuitas Dari Pemantauan Khusus [],,,,,
"28 Agt 2025
					16:46:57",https://www.idx.co.id/StaticData/NewsAndAnnouncement/ANNOUNCEMENTSTOCK/From_EREP/202508/b2d99f207d_2ad0ff423d.pdf,Perubahan Efek Bersifat Ekuitas Dalam Pemantauan Khusus [],,,,,
"28 Agt 2025
					16:47:23",https://www.idx.co.id/StaticData/NewsAndAnnouncement/ANNOUNCEMENTSTOCK/From_EREP/202508/8c135c0ade_d893adb138.pdf,Efek Bersifat Ekuitas Dalam Pemantauan Khusus [],,,,,
"29 Agt 2025
					16:55:51",https://www.idx.co.id/StaticData/NewsAndAnnouncement/ANNOUNCEMENTSTOCK/From_EREP/202508/aeeea2cfb6_6c01711f19.pdf,Efek Bersifat Ekuitas Dalam Pemantauan Khusus [],,,,,