text-small,attach-card href,f-m-20,f-m-20 2,d-iblock href,d-iblock,d-iblock href 2,d-iblock 2
"07 Mei 2025
					17:44:05",https://www.idx.co.id/StaticData/NewsAndAnnouncement/ANNOUNCEMENTSTOCK/From_EREP/202505/d2262da831_eebf47294f.pdf,Pengunduran Diri  Anggota Direksi PT Aspirasi Hidup Indonesia Tbk [],ACES,https://www.idx.co.id/StaticData/NewsAndAnnouncement/ANNOUNCEMENTSTOCK/From_EREP/202505/f7c7b852fd_e99800b877.pdf,20250507_ACES_Laporan Informasi dan Fakta Material_31883633_lamp1.pdf,,
"08 Mei 2025
					18:01:11",https://www.idx.co.id/StaticData/NewsAndAnnouncement/ANNOUNCEMENTSTOCK/From_EREP/202505/e0e662962f_542e08262c.pdf,Pemberitahuan Rencana Rapat Umum Pemegang Saham Tahunan [],ACES,https://www.idx.co.id/StaticData/NewsAndAnnouncement/ANNOUNCEMENTSTOCK/From_EREP/202505/47a791f59f_5cdaacac43.pdf,20250508_ACES_Pengumuman RUPS_31884261_lamp2.pdf,https://www.idx.co.id/StaticData/NewsAndAnnouncement/ANNOUNCEMENTSTOCK/From_EREP/202505/5945e9939c_5bd28a421f.pdf,20250508_ACES_Pengumuman RUPS_31884261_lamp1.pdf
"09 Mei 2025
					18:54:40",https://www.idx.co.id/StaticData/NewsAndAnnouncement/ANNOUNCEMENTSTOCK/From_EREP/202505/99d0fc7d9b_a09516e3ae.pdf,Penyampaian Bukti Iklan Pemberitahuan RUPS [],ACES,https://www.idx.co.id/StaticData/NewsAndAnnouncement/ANNOUNCEMENTSTOCK/From_EREP/202505/faa4888ec3_a0c46b2f95.pdf,20250509_ACES_Penyampaian Bukti Iklan_31884788_lamp1.pdf,,
"20 Mei 2025
					16:31:20",https://www.idx.co.id/StaticData/NewsAndAnnouncement/ANNOUNCEMENTSTOCK/From_EREP/202505/fa86769dae_85a205812b.pdf,Pemanggilan Rapat Umum Pemegang Saham Tahunan [],ACES,https://www.idx.co.id/StaticData/NewsAndAnnouncement/ANNOUNCEMENTSTOCK/From_EREP/202505/03fda1044e_4eb0a71b45.pdf,20250520_ACES_Pemanggilan RUPS_31887367_lamp2.pdf,https://www.idx.co.id/StaticData/NewsAndAnnouncement/ANNOUNCEMENTSTOCK/From_EREP/202505/aea02230e3_70e35a435d.pdf,20250520_ACES_Pemanggilan RUPS_31887367_lamp1.pdf
"22 Mei 2025
					17:10:52",https://www.idx.co.id/StaticData/NewsAndAnnouncement/ANNOUNCEMENTSTOCK/From_EREP/202505/d443f147fa_039f47be68.pdf,Penyampaian Bukti Iklan Panggilan RUPS [],ACES,https://www.idx.co.id/StaticData/NewsAndAnnouncement/ANNOUNCEMENTSTOCK/From_EREP/202505/3bf0fd3b9e_c85c15c115.pdf,20250521_ACES_Penyampaian Bukti Iklan_31887938_lamp1.pdf,,
"07 Mei 2025
					16:52:17",https://www.idx.co.id/StaticData/NewsAndAnnouncement/ANNOUNCEMENTSTOCK/From_EREP/202505/18e27881b9_2f94c704bb.pdf,Laporan Bulanan Registrasi Pemegang Efek [],ADMR,https://www.idx.co.id/StaticData/NewsAndAnnouncement/ANNOUNCEMENTSTOCK/From_EREP/202505/a360b7fcfb_1757d3a03f.pdf,20250506_ADMR_Laporan Bulanan Registrasi Pemegang Efek/Perubahan Struktur Pemegang Saham_31882959_lamp2.pdf,https://www.idx.co.id/StaticData/NewsAndAnnouncement/ANNOUNCEMENTSTOCK/From_EREP/202505/caaf5ab8bf_e8682f9949.pdf,20250506_ADMR_Laporan Bulanan Registrasi Pemegang Efek/Perubahan Struktur Pemegang Saham_31882959_lamp1.pdf
"09 Mei 2025
					19:44:16",https://www.idx.co.id/StaticData/NewsAndAnnouncement/ANNOUNCEMENTSTOCK/From_EREP/202505/3e8242c7a2_a7c5651141.pdf,Perubahan Jadwal Rapat Umum Pemegang Saham Tahunan [],ADMR,https://www.idx.co.id/StaticData/NewsAndAnnouncement/ANNOUNCEMENTSTOCK/From_EREP/202505/50ef219485_3fd56520ed.pdf,20250507_ADMR_Pemanggilan RUPS_31883269_lamp2.pdf,https://www.idx.co.id/StaticData/NewsAndAnnouncement/ANNOUNCEMENTSTOCK/From_EREP/202505/bcb9fdd0f4_84460723ab.pdf,20250507_ADMR_Pemanggilan RUPS_31883269_lamp1.pdf
"26 Mei 2025
					18:21:41",https://www.idx.co.id/StaticData/NewsAndAnnouncement/ANNOUNCEMENTSTOCK/From_EREP/202505/4a169dfe11_0090a04dfd.pdf,Penjelasan atas Volatilitas Transaksi [],ADMR,,,,
"05 Mei 2025
					16:49:51",https://www.idx.co.id/StaticData/NewsAndAnnouncement/ANNOUNCEMENTSTOCK/From_EREP/202505/4dab6a860a_702b8b876c.pdf,Perubahan Internal Audit [],ADRO,,,,
"08 Mei 2025
					16:58:31",https://www.idx.co.id/StaticData/NewsAndAnnouncement/ANNOUNCEMENTSTOCK/From_EREP/202505/2d81360f63_797c29fcd5.pdf,Laporan Bulanan Registrasi Pemegang Efek [],ADRO,https://www.idx.co.id/StaticData/NewsAndAnnouncement/ANNOUNCEMENTSTOCK/From_EREP/202505/25e859bbd4_2cb54eaad0.pdf,20250508_ADRO_Laporan Bulanan Registrasi Pemegang Efek/Perubahan Struktur Pemegang Saham_31884097_lamp2.pdf,https://www.idx.co.id/StaticData/NewsAndAnnouncement/ANNOUNCEMENTSTOCK/From_EREP/202505/6a841c0585_b24fa00f65.pdf,20250508_ADRO_Laporan Bulanan Registrasi Pemegang Efek/Perubahan Struktur Pemegang Saham_31884097_lamp4.pdf
"09 Mei 2025
					18:10:35",https://www.idx.co.id/StaticData/NewsAndAnnouncement/ANNOUNCEMENTSTOCK/From_EREP/202505/4eee5e125c_18903afb78.pdf,Perubahan Jadwal Rapat Umum Pemegang Saham Tahunan [],ADRO,https://www.idx.co.id/StaticData/NewsAndAnnouncement/ANNOUNCEMENTSTOCK/From_EREP/202505/300cd4b129_2b9b78b867.pdf,20250509_ADRO_Pemanggilan RUPS_31884604_lamp1.pdf,https://www.idx.co.id/StaticData/NewsAndAnnouncement/ANNOUNCEMENTSTOCK/From_EREP/202505/71995cf311_d6bfd464ff.pdf,20250509_ADRO_Pemanggilan RUPS_31884604_lamp2.pdf
"14 Mei 2025
					17:01:40",https://www.idx.co.id/StaticData/NewsAndAnnouncement/ANNOUNCEMENTSTOCK/From_EREP/202505/d78e3318fa_d64836f263.pdf,Perubahan Informasi Rencana Pembelian Kembali Saham PT Alamtri Resources Indonesia Tbk (KOREKSI) [],ADRO,https://www.idx.co.id/StaticData/NewsAndAnnouncement/ANNOUNCEMENTSTOCK/From_EREP/202505/1d21534a0d_02a4135d77.pdf,20250514_ADRO_Laporan Informasi dan Fakta Material_31885585_lamp2.pdf,https://www.idx.co.id/StaticData/NewsAndAnnouncement/ANNOUNCEMENTSTOCK/From_EREP/202505/bf36097847_2d264b74f1.pdf,20250514_ADRO_Laporan Informasi dan Fakta Material_31885585_lamp1.pdf
"15 Mei 2025
					16:38:37",https://www.idx.co.id/StaticData/NewsAndAnnouncement/ANNOUNCEMENTSTOCK/From_EREP/202505/ec9f8536cb_8e3db4e782.pdf,Keterbukaan Informasi Dalam Rangka Pembelian Kembali Saham Berdasarkan POJK 13 tahun 2023 [],ADRO,https://www.idx.co.id/StaticData/NewsAndAnnouncement/ANNOUNCEMENTSTOCK/From_EREP/202505/523b174c8e_f69dd31fbf.pdf,20250515_ADRO_Laporan Informasi dan Fakta Material_31885925_lamp2.pdf,https://www.idx.co.id/StaticData/NewsAndAnnouncement/ANNOUNCEMENTSTOCK/From_EREP/202505/fc611d6604_69d1cda406.pdf,20250515_ADRO_Laporan Informasi dan Fakta Material_31885925_lamp1.pdf
"07 Mei 2025
					11:34:30",https://www.idx.co.id/StaticData/NewsAndAnnouncement/ANNOUNCEMENTSTOCK/From_EREP/202505/2f76cf092c_2733b9f0e9.pdf,Laporan Bulanan Registrasi Pemegang Efek [],AKRA,https://www.idx.co.id/StaticData/NewsAndAnnouncement/ANNOUNCEMENTSTOCK/From_EREP/202505/c75ad186ee_30b6e8ed80.pdf,20250507_AKRA_Laporan Bulanan Registrasi Pemegang Efek/Perubahan Struktur Pemegang Saham_31883359_lamp1.pdf,,
"23 Mei 2025
					19:05:49",https://www.idx.co.id/StaticData/NewsAndAnnouncement/ANNOUNCEMENTSTOCK/From_EREP/202505/fad6cae453_61c456da90.pdf,Laporan Kepemilikan atau Setiap Perubahan Kepemilikan Saham Perusahaan Terbuka [],AKRA,https://www.idx.co.id/StaticData/NewsAndAnnouncement/ANNOUNCEMENTSTOCK/From_EREP/202505/2951e4dff5_0f79882bf2.pdf,20250523_AKRA_Laporan Kepemilikan atau Setiap Perubahan Kepemilikan Saham Perusahaan Terbuka_31888964_lamp1.pdf,,
"28 Mei 2025
					10:21:12",https://www.idx.co.id/StaticData/NewsAndAnnouncement/ANNOUNCEMENTSTOCK/From_EREP/202505/bcbf5de73b_b50fa7b43c.pdf,Perubahan Komite Audit [],AKRA,https://www.idx.co.id/StaticData/NewsAndAnnouncement/ANNOUNCEMENTSTOCK/From_EREP/202505/87feb1a0d2_1c2972b8a8.pdf,20250528_AKRA_Perubahan Corsec Komite Audit Alamat NPWP Internal Audit_31889930_lamp1.pdf,,
"28 Mei 2025
					10:21:50",https://www.idx.co.id/StaticData/NewsAndAnnouncement/ANNOUNCEMENTSTOCK/From_EREP/202505/ff70f419d0_c62559d2fc.pdf,Perubahan Komite Nominasi dan Remunerasi Emiten atau Perusahaan Publik [],AKRA,https://www.idx.co.id/StaticData/NewsAndAnnouncement/ANNOUNCEMENTSTOCK/From_EREP/202505/f3cc12a595_b2557d2012.pdf,20250528_AKRA_Perubahan Corsec Komite Audit Alamat NPWP Internal Audit_31889938_lamp1.pdf,,
"05 Mei 2025
					20:35:29",https://www.idx.co.id/StaticData/NewsAndAnnouncement/ANNOUNCEMENTSTOCK/From_EREP/202505/efe13aca38_22736b70e2.pdf,Laporan Hasil Pelaksanaan Pembelian Kembali Saham [],AMMN,https://www.idx.co.id/StaticData/NewsAndAnnouncement/ANNOUNCEMENTSTOCK/From_EREP/202505/19fd4c9f3e_371b4146b8.pdf,20250505_AMMN_Laporan Informasi dan Fakta Material_31882535_lamp1.pdf,,
"06 Mei 2025
					14:27:36",https://www.idx.co.id/StaticData/NewsAndAnnouncement/ANNOUNCEMENTSTOCK/From_EREP/202505/7ccbde5726_53c5108d86.pdf,Pemanggilan Rapat Umum Pemegang Saham Tahunan [],AMMN,https://www.idx.co.id/StaticData/NewsAndAnnouncement/ANNOUNCEMENTSTOCK/From_EREP/202505/841da67a40_9f63109a41.pdf,20250506_AMMN_Pemanggilan RUPS_31882741_lamp1.pdf,https://www.idx.co.id/StaticData/NewsAndAnnouncement/ANNOUNCEMENTSTOCK/From_EREP/202505/a382fb2602_cd073cd344.pdf,20250506_AMMN_Pemanggilan RUPS_31882741_lamp2.pdf
"06 Mei 2025
					20:12:19",https://www.idx.co.id/StaticData/NewsAndAnnouncement/ANNOUNCEMENTSTOCK/From_EREP/202505/ff96794e96_f085724763.pdf,Laporan Hasil Pelaksanaan Pembelian Kembali Saham [],AMMN,https://www.idx.co.id/StaticData/NewsAndAnnouncement/ANNOUNCEMENTSTOCK/From_EREP/202505/1f9607d321_01fdae06eb.pdf,20250506_AMMN_Laporan Informasi dan Fakta Material_31883135_lamp1.pdf,,
"09 Mei 2025
					16:06:26",https://www.idx.co.id/StaticData/NewsAndAnnouncement/ANNOUNCEMENTSTOCK/From_EREP/202505/90e04843bd_720598712b.pdf,Penjelasan atas Permintaan Penjelasan Bursa [],AMMN,https://www.idx.co.id/StaticData/NewsAndAnnouncement/ANNOUNCEMENTSTOCK/From_EREP/202505/dafd4e4260_5059aaacc6.pdf,20250508_AMMN_Tanggapan atas Permintaan Penjelasan Bursa_31884283_lamp1.pdf,,
"09 Mei 2025
					16:08:05",https://www.idx.co.id/StaticData/NewsAndAnnouncement/ANNOUNCEMENTSTOCK/From_EREP/202505/e73ae0bd36_f4f64d32bc.pdf,Laporan Bulanan Registrasi Pemegang Efek [],AMMN,https://www.idx.co.id/StaticData/NewsAndAnnouncement/ANNOUNCEMENTSTOCK/From_EREP/202505/344f2b386b_37e0952013.pdf,20250508_AMMN_Laporan Bulanan Registrasi Pemegang Efek/Perubahan Struktur Pemegang Saham_31884276_lamp3.pdf,https://www.idx.co.id/StaticData/NewsAndAnnouncement/ANNOUNCEMENTSTOCK/From_EREP/202505/36cca664dc_19a861914c.pdf,20250508_AMMN_Laporan Bulanan Registrasi Pemegang Efek/Perubahan Struktur Pemegang Saham_31884276_lamp4.pdf
"23 Mei 2025
					17:25:45",https://www.idx.co.id/StaticData/NewsAndAnnouncement/ANNOUNCEMENTSTOCK/From_EREP/202505/f2d8c1994f_3d086a4c79.pdf,Perubahan Jadwal Rapat Umum Pemegang Saham Tahunan [],AMMN,https://www.idx.co.id/StaticData/NewsAndAnnouncement/ANNOUNCEMENTSTOCK/From_EREP/202505/102c1a7909_1d8b673e49.pdf,20250522_AMMN_Pemanggilan RUPS_31888215_lamp1.pdf,https://www.idx.co.id/StaticData/NewsAndAnnouncement/ANNOUNCEMENTSTOCK/From_EREP/202505/5310e906b7_e6a05fa985.pdf,20250522_AMMN_Pemanggilan RUPS_31888215_lamp2.pdf
"27 Mei 2025
					20:22:09",https://www.idx.co.id/StaticData/NewsAndAnnouncement/ANNOUNCEMENTSTOCK/From_EREP/202505/3ce9f78a3f_57aad6549d.pdf,Penyampaian Bukti Iklan Panggilan RUPS [],AMMN,https://www.idx.co.id/StaticData/NewsAndAnnouncement/ANNOUNCEMENTSTOCK/From_EREP/202505/187c42ac7f_d5664cec10.pdf,20250527_AMMN_Penyampaian Bukti Iklan_31889554_lamp1.pdf,,
"02 Mei 2025
					13:18:52",https://www.idx.co.id/StaticData/NewsAndAnnouncement/ANNOUNCEMENTSTOCK/From_EREP/202505/529ad6637d_b1367b3d9f.pdf,Rencana Penyelenggaraan Public Expose - Tahunan [],AMRT,https://www.idx.co.id/StaticData/NewsAndAnnouncement/ANNOUNCEMENTSTOCK/From_EREP/202505/7e85847fb7_67b7c53193.pdf,20250502_AMRT_Public Expose_31881246_lamp1.pdf,,
"08 Mei 2025
					14:44:29",https://www.idx.co.id/StaticData/NewsAndAnnouncement/ANNOUNCEMENTSTOCK/From_EREP/202505/7efeef38b0_fb32be1fe1.pdf,Penyampaian Laporan Tahunan & Keberlanjutan dan ESG (KOREKSI) [],AMRT,https://www.idx.co.id/StaticData/NewsAndAnnouncement/ANNOUNCEMENTSTOCK/From_EREP/202505/915f82d40d_8789c063f9.pdf,AnnualReport2024-AMRT-att1.pdf,,
"08 Mei 2025
					14:54:45",https://www.idx.co.id/StaticData/NewsAndAnnouncement/ANNOUNCEMENTSTOCK/From_EREP/202505/f9078069de_ca3515e51b.pdf,Laporan Bulanan Registrasi Pemegang Efek [],AMRT,,,,
"14 Mei 2025
					14:11:00",https://www.idx.co.id/StaticData/NewsAndAnnouncement/ANNOUNCEMENTSTOCK/From_EREP/202505/386ddba553_bf8d91214d.pdf,Penandatanganan Akta Jual Beli Saham [],AMRT,,,,
"16 Mei 2025
					15:41:02",https://www.idx.co.id/StaticData/NewsAndAnnouncement/ANNOUNCEMENTSTOCK/From_EREP/202505/1ea0d27d97_8ebbc6a0f3.pdf,Penyampaian Materi Public Expose - Tahunan [],AMRT,https://www.idx.co.id/StaticData/NewsAndAnnouncement/ANNOUNCEMENTSTOCK/From_EREP/202505/275312433a_35950089f2.pdf,20250515_AMRT_Public Expose_31886048_lamp1.pdf,,
"23 Mei 2025
					14:15:36",https://www.idx.co.id/StaticData/NewsAndAnnouncement/ANNOUNCEMENTSTOCK/From_EREP/202505/7d4d133f00_0780a66670.pdf,Ringkasan Risalah Rapat Umum Para Pemegang Saham Tahunan [],AMRT,https://www.idx.co.id/StaticData/NewsAndAnnouncement/ANNOUNCEMENTSTOCK/From_EREP/202505/06ccd3f0b6_963fe16a73.pdf,20250523_AMRT_Ringkasan Risalah/Risalah RUPS_31888736_lamp1.pdf,https://www.idx.co.id/StaticData/NewsAndAnnouncement/ANNOUNCEMENTSTOCK/From_EREP/202505/25bdfd48df_3fbecb4a33.pdf,20250523_AMRT_Ringkasan Risalah/Risalah RUPS_31888736_lamp2.pdf
"23 Mei 2025
					14:45:15",https://www.idx.co.id/StaticData/NewsAndAnnouncement/ANNOUNCEMENTSTOCK/From_EREP/202505/10244ead0d_33197c0dbd.pdf,Penyampaian Bukti Iklan Hasil RUPS [],AMRT,https://www.idx.co.id/StaticData/NewsAndAnnouncement/ANNOUNCEMENTSTOCK/From_EREP/202505/9a2737ced7_3b7a22626c.pdf,20250523_AMRT_Penyampaian Bukti Iklan_31888762_lamp1.pdf,,
"23 Mei 2025
					16:57:06",https://www.idx.co.id/StaticData/NewsAndAnnouncement/ANNOUNCEMENTSTOCK/From_EREP/202505/44cdb29f85_98915eb5c9.pdf,Keterbukaan Informasi terkait Aksi Korporasi - Dividen Tunai - 23052025 [],AMRT,https://www.idx.co.id/StaticData/NewsAndAnnouncement/ANNOUNCEMENTSTOCK/From_EREP/202505/0dd60e16cd_2820015d38.pdf,20250523_AMRT_Keterbukaan Informasi terkait Aksi Korporasi_31888772_lamp1.pdf,,
"26 Mei 2025
					15:22:32",https://www.idx.co.id/StaticData/NewsAndAnnouncement/ANNOUNCEMENTSTOCK/From_EREP/202505/d2e45cf4b6_3047b4408b.pdf,Laporan Hasil Public Expose - Tahunan [],AMRT,https://www.idx.co.id/StaticData/NewsAndAnnouncement/ANNOUNCEMENTSTOCK/From_EREP/202505/24aea6ff93_5543e4594e.pdf,20250526_AMRT_Public Expose_31889207_lamp3.pdf,https://www.idx.co.id/StaticData/NewsAndAnnouncement/ANNOUNCEMENTSTOCK/From_EREP/202505/8b5a35dd4c_66e5e96ca3.pdf,20250526_AMRT_Public Expose_31889207_lamp2.pdf
"02 Mei 2025
					20:32:55",https://www.idx.co.id/StaticData/NewsAndAnnouncement/ANNOUNCEMENTSTOCK/From_EREP/202505/1a52f3bd3e_16ba9cecde.pdf,Penyampaian Laporan Keberlanjutan dan ESG [],ANTM,https://www.idx.co.id/StaticData/NewsAndAnnouncement/ANNOUNCEMENTSTOCK/From_EREP/202505/6c16c01350_79a1dd12c1.pdf,AnnualReport2024-ANTM-att2.pdf,https://www.idx.co.id/StaticData/NewsAndAnnouncement/ANNOUNCEMENTSTOCK/From_EREP/202505/80b3206544_7454d9e5d9.pdf,AnnualReport2024-ANTM-att1.pdf
"06 Mei 2025
					18:45:55",https://www.idx.co.id/StaticData/NewsAndAnnouncement/ANNOUNCEMENTSTOCK/From_EREP/202505/218a898a66_9fafb09c6c.pdf,Pemberitahuan Rencana Rapat Umum Pemegang Saham Tahunan [],ANTM,https://www.idx.co.id/StaticData/NewsAndAnnouncement/ANNOUNCEMENTSTOCK/From_EREP/202505/157f13e4ff_5990f678a9.pdf,20250506_ANTM_Pengumuman RUPS_31883119_lamp3.pdf,https://www.idx.co.id/StaticData/NewsAndAnnouncement/ANNOUNCEMENTSTOCK/From_EREP/202505/2afa89050b_11623edaea.pdf,20250506_ANTM_Pengumuman RUPS_31883119_lamp1.pdf
"06 Mei 2025
					20:47:02",https://www.idx.co.id/StaticData/NewsAndAnnouncement/ANNOUNCEMENTSTOCK/From_EREP/202505/8c8eab4a82_95a4e79951.pdf,Rencana Transaksi Perubahan Kegiatan Usaha [],ANTM,https://www.idx.co.id/StaticData/NewsAndAnnouncement/ANNOUNCEMENTSTOCK/From_EREP/202505/32dd7e27bd_90aad9e2b4.pdf,20250506_ANTM_Rencana Transaksi Perubahan Kegiatan Usaha_31883154_lamp3.pdf,https://www.idx.co.id/StaticData/NewsAndAnnouncement/ANNOUNCEMENTSTOCK/From_EREP/202505/3d95cd1904_47e2e5073d.pdf,20250506_ANTM_Rencana Transaksi Perubahan Kegiatan Usaha_31883154_lamp4.pdf
"08 Mei 2025
					16:40:52",https://www.idx.co.id/StaticData/NewsAndAnnouncement/ANNOUNCEMENTSTOCK/From_EREP/202505/a5573ff9fc_ed590e4650.pdf,Laporan Bulanan Registrasi Pemegang Efek [],ANTM,https://www.idx.co.id/StaticData/NewsAndAnnouncement/ANNOUNCEMENTSTOCK/From_EREP/202505/e843565158_feb37b6bc8.pdf,20250508_ANTM_Laporan Bulanan Registrasi Pemegang Efek/Perubahan Struktur Pemegang Saham_31884328_lamp1.pdf,,
"08 Mei 2025
					17:35:16",https://www.idx.co.id/StaticData/NewsAndAnnouncement/ANNOUNCEMENTSTOCK/From_EREP/202505/132f341893_c070e82917.pdf,Penyampaian Bukti Iklan Pemberitahuan RUPS [],ANTM,https://www.idx.co.id/StaticData/NewsAndAnnouncement/ANNOUNCEMENTSTOCK/From_EREP/202505/0044fa4633_5d450e4da1.pdf,20250508_ANTM_Penyampaian Bukti Iklan_31884382_lamp2.pdf,https://www.idx.co.id/StaticData/NewsAndAnnouncement/ANNOUNCEMENTSTOCK/From_EREP/202505/67eb857383_3eb3596bfd.pdf,20250508_ANTM_Penyampaian Bukti Iklan_31884382_lamp3.pdf
"09 Mei 2025
					18:51:13",https://www.idx.co.id/StaticData/NewsAndAnnouncement/ANNOUNCEMENTSTOCK/From_EREP/202505/42e05d79a4_ad0844ab85.pdf,"Kenaikan Laba Bersih ANTAM Group MIND ID Melonjak Sepuluh Kali Lipat, ANTAM Tancap Gas di Kuartal Pertama 2025 []",ANTM,https://www.idx.co.id/StaticData/NewsAndAnnouncement/ANNOUNCEMENTSTOCK/From_EREP/202505/3822569861_89cddeefe7.pdf,20250509_ANTM_Laporan Informasi dan Fakta Material_31885088_lamp1.pdf,https://www.idx.co.id/StaticData/NewsAndAnnouncement/ANNOUNCEMENTSTOCK/From_EREP/202505/e546351e9a_d9a4d16ee3.pdf,20250509_ANTM_Laporan Informasi dan Fakta Material_31885088_lamp2.pdf
"21 Mei 2025
					17:06:01",https://www.idx.co.id/StaticData/NewsAndAnnouncement/ANNOUNCEMENTSTOCK/From_EREP/202505/7ae18beb1d_fe0cd1858d.pdf,Pemanggilan Rapat Umum Pemegang Saham Tahunan [],ANTM,https://www.idx.co.id/StaticData/NewsAndAnnouncement/ANNOUNCEMENTSTOCK/From_EREP/202505/04696f1ee9_3639c0405f.pdf,20250521_ANTM_Pemanggilan RUPS_31887941_lamp3.pdf,https://www.idx.co.id/StaticData/NewsAndAnnouncement/ANNOUNCEMENTSTOCK/From_EREP/202505/3f467ff636_63f1797a6f.pdf,20250521_ANTM_Pemanggilan RUPS_31887941_lamp4.pdf
"22 Mei 2025
					16:14:33",https://www.idx.co.id/StaticData/NewsAndAnnouncement/ANNOUNCEMENTSTOCK/From_EREP/202505/2887d6352b_67fb602cf3.pdf,Penerbitan SKS Pengganti Karena Hilang PT Aneka Tambang Tbk. [],ANTM,https://www.idx.co.id/StaticData/NewsAndAnnouncement/ANNOUNCEMENTSTOCK/From_EREP/202505/cff956e86e_4897c1b35e.pdf,20250522_ANTM_Pengumuman Bursa_31888319_lamp1.pdf,,
"22 Mei 2025
					17:49:14",https://www.idx.co.id/StaticData/NewsAndAnnouncement/ANNOUNCEMENTSTOCK/From_EREP/202505/981dcbcf63_d9ce492897.pdf,Penyampaian Bukti Iklan Panggilan RUPS [],ANTM,https://www.idx.co.id/StaticData/NewsAndAnnouncement/ANNOUNCEMENTSTOCK/From_EREP/202505/2dc799ad29_390585cfcf.pdf,20250522_ANTM_Penyampaian Bukti Iklan_31888505_lamp1.pdf,https://www.idx.co.id/StaticData/NewsAndAnnouncement/ANNOUNCEMENTSTOCK/From_EREP/202505/43885e1fb6_4b6c8a1077.pdf,20250522_ANTM_Penyampaian Bukti Iklan_31888505_lamp3.pdf
"07 Mei 2025
					16:21:32",https://www.idx.co.id/StaticData/NewsAndAnnouncement/ANNOUNCEMENTSTOCK/From_EREP/202505/5ec2584e4c_fbafacc5b3.pdf,Penambahan Modal Tanpa HMETD Perubahan dan/atau Tambahan Informasi  Penambahan Modal Tanpa HMETD [],ARTO,https://www.idx.co.id/StaticData/NewsAndAnnouncement/ANNOUNCEMENTSTOCK/From_EREP/202505/63492bf3ac_13de27a39e.pdf,20250507_ARTO_Penambahan Modal Tanpa HMETD_31883623_lamp2.pdf,https://www.idx.co.id/StaticData/NewsAndAnnouncement/ANNOUNCEMENTSTOCK/From_EREP/202505/eaeada5e8e_59353aec3d.pdf,20250507_ARTO_Penambahan Modal Tanpa HMETD_31883623_lamp1.pdf
"09 Mei 2025
					18:09:58",https://www.idx.co.id/StaticData/NewsAndAnnouncement/ANNOUNCEMENTSTOCK/From_EREP/202505/5b97cf36b8_557c34be55.pdf,Laporan Bulanan Registrasi Pemegang Efek [],ARTO,https://www.idx.co.id/StaticData/NewsAndAnnouncement/ANNOUNCEMENTSTOCK/From_EREP/202505/6192fa3adc_ac029a8e92.pdf,20250508_ARTO_Laporan Bulanan Registrasi Pemegang Efek/Perubahan Struktur Pemegang Saham_31884082_lamp1.pdf,https://www.idx.co.id/StaticData/NewsAndAnnouncement/ANNOUNCEMENTSTOCK/From_EREP/202505/9a81461fdf_7e7034cbff.pdf,20250508_ARTO_Laporan Bulanan Registrasi Pemegang Efek/Perubahan Struktur Pemegang Saham_31884082_lamp2.pdf
"14 Mei 2025
					21:31:23",https://www.idx.co.id/StaticData/NewsAndAnnouncement/ANNOUNCEMENTSTOCK/From_EREP/202505/c7df89fe2e_3b6bbea9ee.pdf,Siaran Pers [],ARTO,https://www.idx.co.id/StaticData/NewsAndAnnouncement/ANNOUNCEMENTSTOCK/From_EREP/202505/67f58b7abc_180ca9910d.pdf,20250514_ARTO_Laporan Informasi dan Fakta Material_31885719_lamp3.pdf,https://www.idx.co.id/StaticData/NewsAndAnnouncement/ANNOUNCEMENTSTOCK/From_EREP/202505/7cb2b749c8_608fe54da7.pdf,20250514_ARTO_Laporan Informasi dan Fakta Material_31885719_lamp1.pdf
"16 Mei 2025
					19:04:57",https://www.idx.co.id/StaticData/NewsAndAnnouncement/ANNOUNCEMENTSTOCK/From_EREP/202505/91b0e82b9e_71b8895a83.pdf,Ringkasan Risalah Rapat Umum Para Pemegang Saham Tahunan [],ARTO,https://www.idx.co.id/StaticData/NewsAndAnnouncement/ANNOUNCEMENTSTOCK/From_EREP/202505/182dfd8f41_91236a4be9.pdf,20250516_ARTO_Ringkasan Risalah/Risalah RUPS_31886536_lamp1.pdf,https://www.idx.co.id/StaticData/NewsAndAnnouncement/ANNOUNCEMENTSTOCK/From_EREP/202505/35aa9a6ff3_f6168ae58f.pdf,20250516_ARTO_Ringkasan Risalah/Risalah RUPS_31886536_lamp3.pdf
"19 Mei 2025
					15:35:21",https://www.idx.co.id/StaticData/NewsAndAnnouncement/ANNOUNCEMENTSTOCK/From_EREP/202505/b21c72e964_2d082166c3.pdf,Penyampaian Bukti Iklan Hasil RUPS [],ARTO,https://www.idx.co.id/StaticData/NewsAndAnnouncement/ANNOUNCEMENTSTOCK/From_EREP/202505/ae48547bc0_6a3be6f17a.pdf,20250519_ARTO_Penyampaian Bukti Iklan_31886786_lamp1.pdf,,
"21 Mei 2025
					15:44:31",https://www.idx.co.id/StaticData/NewsAndAnnouncement/ANNOUNCEMENTSTOCK/From_EREP/202505/caab3887bc_64057b8c34.pdf,Keterbukaan Informasi Jadwal Pelaksanaan Program Management & Employee Stock Option Program (MESOP) Tahap I Periode I dan Tahap II Periode I Tahun 2025 [],ARTO,https://www.idx.co.id/StaticData/NewsAndAnnouncement/ANNOUNCEMENTSTOCK/From_EREP/202505/23149475c3_0371e0584d.pdf,20250521_ARTO_Laporan Informasi dan Fakta Material_31887844_lamp2.pdf,https://www.idx.co.id/StaticData/NewsAndAnnouncement/ANNOUNCEMENTSTOCK/From_EREP/202505/3280ea99e2_f661c0e15f.pdf,20250521_ARTO_Laporan Informasi dan Fakta Material_31887844_lamp1.pdf
"02 Mei 2025
					09:15:40",https://www.idx.co.id/StaticData/NewsAndAnnouncement/ANNOUNCEMENTSTOCK/From_EREP/202505/20250502092826-54091-0/FinancialStatement-2025-I-ASII.pdf,Penyampaian Laporan Keuangan Interim Yang Tidak Diaudit [],ASII,https://www.idx.co.id/StaticData/NewsAndAnnouncement/ANNOUNCEMENTSTOCK/From_EREP/202505/20250502092826-54091-0/Astra%20Account%20March%202025.pdf,Astra Account March 2025.pdf,https://www.idx.co.id/StaticData/NewsAndAnnouncement/ANNOUNCEMENTSTOCK/From_EREP/202505/20250502092826-54091-0/Director%20Statement%200325.pdf,Director Statement 0325.pdf
"02 Mei 2025
					18:17:15",https://www.idx.co.id/StaticData/NewsAndAnnouncement/ANNOUNCEMENTSTOCK/From_EREP/202505/acc8c6b03f_a439452c3a.pdf,Transaksi Afiliasi [],ASII,https://www.idx.co.id/StaticData/NewsAndAnnouncement/ANNOUNCEMENTSTOCK/From_EREP/202505/56f389a19e_f8d65db9d2.pdf,20250502_ASII_Informasi Transaksi Afiliasi_31881778_lamp2.pdf,https://www.idx.co.id/StaticData/NewsAndAnnouncement/ANNOUNCEMENTSTOCK/From_EREP/202505/5a3e0dc218_5af35e42cf.pdf,20250502_ASII_Informasi Transaksi Afiliasi_31881778_lamp1.pdf
"08 Mei 2025
					20:53:26",https://www.idx.co.id/StaticData/NewsAndAnnouncement/ANNOUNCEMENTSTOCK/From_EREP/202505/9200c7b05b_7a12300b1b.pdf,Ringkasan Risalah Rapat Umum Para Pemegang Saham Tahunan [],ASII,https://www.idx.co.id/StaticData/NewsAndAnnouncement/ANNOUNCEMENTSTOCK/From_EREP/202505/29615f8429_5e9ccd3d8d.pdf,20250508_ASII_Ringkasan Risalah/Risalah RUPS_31884448_lamp1.pdf,https://www.idx.co.id/StaticData/NewsAndAnnouncement/ANNOUNCEMENTSTOCK/From_EREP/202505/bd522666e0_db6d88a4e3.pdf,20250508_ASII_Ringkasan Risalah/Risalah RUPS_31884448_lamp2.pdf
"08 Mei 2025
					21:39:26",https://www.idx.co.id/StaticData/NewsAndAnnouncement/ANNOUNCEMENTSTOCK/From_EREP/202505/49ec7c4b1f_6efc9989ff.pdf,Keterbukaan Informasi terkait Aksi Korporasi - Dividen Tunai - 08052025 [],ASII,https://www.idx.co.id/StaticData/NewsAndAnnouncement/ANNOUNCEMENTSTOCK/From_EREP/202505/5fefea6c19_df670143b6.pdf,20250508_ASII_Keterbukaan Informasi terkait Aksi Korporasi_31884462_lamp1.pdf,https://www.idx.co.id/StaticData/NewsAndAnnouncement/ANNOUNCEMENTSTOCK/From_EREP/202505/79f9a53b85_4a77be73a7.pdf,20250508_ASII_Keterbukaan Informasi terkait Aksi Korporasi_31884462_lamp3.pdf
"09 Mei 2025
					14:13:42",https://www.idx.co.id/StaticData/NewsAndAnnouncement/ANNOUNCEMENTSTOCK/From_EREP/202505/89788fbf6e_2b617d4db7.pdf,Laporan Bulanan Registrasi Pemegang Efek [],ASII,https://www.idx.co.id/StaticData/NewsAndAnnouncement/ANNOUNCEMENTSTOCK/From_EREP/202505/b6c2788c32_bf9e937727.pdf,20250505_ASII_Laporan Bulanan Registrasi Pemegang Efek/Perubahan Struktur Pemegang Saham_31881913_lamp1.pdf,,
"13 Mei 2025
					15:57:04",https://www.idx.co.id/StaticData/NewsAndAnnouncement/ANNOUNCEMENTSTOCK/From_EREP/202505/cb7fc69ab9_2bb4500550.pdf,Perubahan Komite Audit [],ASII,https://www.idx.co.id/StaticData/NewsAndAnnouncement/ANNOUNCEMENTSTOCK/From_EREP/202505/eafe09b426_6f7f0f9d07.pdf,20250513_ASII_Perubahan Corsec Komite Audit Alamat NPWP Internal Audit_31885259_lamp1.pdf,,
"05 Mei 2025
					18:14:33",https://www.idx.co.id/StaticData/NewsAndAnnouncement/ANNOUNCEMENTSTOCK/From_EREP/202505/28639e0cfe_8aed5a75e0.pdf,Laporan Bulanan Registrasi Pemegang Efek [],BBCA,,,,
"15 Mei 2025
					11:49:47",https://www.idx.co.id/StaticData/NewsAndAnnouncement/ANNOUNCEMENTSTOCK/From_EREP/202505/300d1006d7_518f9bb36b.pdf,Rencana percepatan pengakhiran periode pembelian kembali saham Perseroan dan informasi terkait tanggal terakhir dari periode pembelian kembali saham Perseroan [],BBCA,https://www.idx.co.id/StaticData/NewsAndAnnouncement/ANNOUNCEMENTSTOCK/From_EREP/202505/78b556c851_5bd00e9e8d.pdf,20250515_BBCA_Laporan Informasi dan Fakta Material_31885873_lamp1.pdf,,
"28 Mei 2025
					16:26:54",https://www.idx.co.id/StaticData/NewsAndAnnouncement/ANNOUNCEMENTSTOCK/From_EREP/202505/d67e8c4a48_e743b3a774.pdf,Penggantian Sekretaris Perusahaan [],BBCA,https://www.idx.co.id/StaticData/NewsAndAnnouncement/ANNOUNCEMENTSTOCK/From_EREP/202505/1b374fcb07_bb1e669422.pdf,20250528_BBCA_Laporan Informasi dan Fakta Material_31889879_lamp1.pdf,,
"28 Mei 2025
					18:01:53",https://www.idx.co.id/StaticData/NewsAndAnnouncement/ANNOUNCEMENTSTOCK/From_EREP/202505/8e918e2867_1034a0529e.pdf,Perubahan Corporate Secretary [],BBCA,https://www.idx.co.id/StaticData/NewsAndAnnouncement/ANNOUNCEMENTSTOCK/From_EREP/202505/a322838c1a_be55f23b61.pdf,20250528_BBCA_Perubahan Corsec Komite Audit Alamat NPWP Internal Audit_31890313_lamp1.pdf,,
"09 Mei 2025
					10:07:23",https://www.idx.co.id/StaticData/NewsAndAnnouncement/ANNOUNCEMENTSTOCK/From_EREP/202505/fc14c76fc5_7f13991263.pdf,Laporan Bulanan Registrasi Pemegang Efek [],BBNI,https://www.idx.co.id/StaticData/NewsAndAnnouncement/ANNOUNCEMENTSTOCK/From_EREP/202505/7d6fe6a7de_223f24db7e.pdf,20250508_BBNI_Laporan Bulanan Registrasi Pemegang Efek/Perubahan Struktur Pemegang Saham_31884270_lamp1.pdf,,
"27 Mei 2025
					19:32:46",https://www.idx.co.id/StaticData/NewsAndAnnouncement/ANNOUNCEMENTSTOCK/From_EREP/202505/d79ff3c081_d0b0ca2f48.pdf,Penyampaian Kesiapan Dana untuk Pelunasan Efek Bersifat Utang PT Bank Negara Indonesia (Persero) Tbk [],BBNI,https://www.idx.co.id/StaticData/NewsAndAnnouncement/ANNOUNCEMENTSTOCK/From_EREP/202505/8a61552707_7adb33a16c.pdf,20250527_BBNI_Laporan Informasi dan Fakta Material_31889740_lamp1.pdf,,
"02 Mei 2025
					16:06:56",https://www.idx.co.id/StaticData/NewsAndAnnouncement/ANNOUNCEMENTSTOCK/From_EREP/202505/5f8eb633f7_de4bcf16d7.pdf,Analyst Meeting Kinerja Keuangan BRI Triwulan I Tahun 2025 [],BBRI,https://www.idx.co.id/StaticData/NewsAndAnnouncement/ANNOUNCEMENTSTOCK/From_EREP/202505/8e7e094e67_153102a10b.pdf,20250502_BBRI_Laporan Informasi dan Fakta Material_31881610_lamp1.pdf,https://www.idx.co.id/StaticData/NewsAndAnnouncement/ANNOUNCEMENTSTOCK/From_EREP/202505/bca79f059a_3da133c6aa.pdf,20250502_BBRI_Laporan Informasi dan Fakta Material_31881610_lamp3.pdf
"02 Mei 2025
					16:18:28",https://www.idx.co.id/StaticData/NewsAndAnnouncement/ANNOUNCEMENTSTOCK/From_EREP/202505/2a1b6b6644_4943e9a147.pdf,Penyampaian Bukti Iklan Informasi Laporan Keuangan Interim [],BBRI,https://www.idx.co.id/StaticData/NewsAndAnnouncement/ANNOUNCEMENTSTOCK/From_EREP/202505/115634ea0d_93f28e9d90.pdf,20250502_BBRI_Penyampaian Bukti Iklan_31881615_lamp5.pdf,https://www.idx.co.id/StaticData/NewsAndAnnouncement/ANNOUNCEMENTSTOCK/From_EREP/202505/2488d7479d_c199cfab24.pdf,20250502_BBRI_Penyampaian Bukti Iklan_31881615_lamp6.pdf
"09 Mei 2025
					16:36:01",https://www.idx.co.id/StaticData/NewsAndAnnouncement/ANNOUNCEMENTSTOCK/From_EREP/202505/9ae7566928_180e2f4b2a.pdf,Perubahan Struktur Pemegang Saham [],BBRI,https://www.idx.co.id/StaticData/NewsAndAnnouncement/ANNOUNCEMENTSTOCK/From_EREP/202505/28e6c9fbf7_434343e7f6.pdf,20250509_BBRI_Laporan Bulanan Registrasi Pemegang Efek/Perubahan Struktur Pemegang Saham_31884924_lamp1.pdf,https://www.idx.co.id/StaticData/NewsAndAnnouncement/ANNOUNCEMENTSTOCK/From_EREP/202505/5711ee5513_7af480962a.pdf,20250509_BBRI_Laporan Bulanan Registrasi Pemegang Efek/Perubahan Struktur Pemegang Saham_31884924_lamp2.pdf
"07 Mei 2025
					21:03:31",https://www.idx.co.id/StaticData/NewsAndAnnouncement/ANNOUNCEMENTSTOCK/From_EREP/202505/3788bc72ba_85541e33a7.pdf,Laporan Bulanan Registrasi Pemegang Efek [],BBTN,https://www.idx.co.id/StaticData/NewsAndAnnouncement/ANNOUNCEMENTSTOCK/From_EREP/202505/61c94a5a92_570d85c9c2.pdf,20250507_BBTN_Laporan Bulanan Registrasi Pemegang Efek/Perubahan Struktur Pemegang Saham_31883314_lamp1.pdf,,
"08 Mei 2025
					19:14:13",https://www.idx.co.id/StaticData/NewsAndAnnouncement/ANNOUNCEMENTSTOCK/From_EREP/202505/4ff4dbbd65_2bf95f080f.pdf,Kesiapan Perusahaan Untuk Pembayaran Seluruh Obligasi Jatuh Tempo Tahun 2025  [],BBTN,https://www.idx.co.id/StaticData/NewsAndAnnouncement/ANNOUNCEMENTSTOCK/From_EREP/202505/2c7b8c4a7d_b7874529a9.pdf,20250508_BBTN_Laporan Informasi dan Fakta Material_31884386_lamp1.pdf,,
"20 Mei 2025
					20:04:25",https://www.idx.co.id/StaticData/NewsAndAnnouncement/ANNOUNCEMENTSTOCK/From_EREP/202505/4e2af47f99_657b8fa295.pdf,Informasi Kupon [],BBTN,https://www.idx.co.id/StaticData/NewsAndAnnouncement/ANNOUNCEMENTSTOCK/From_EREP/202505/53385efa0c_b559f5d568.pdf,20250520_BBTN_Pembayaran Kupon/Bagi Hasil/Ijarah/Pokok_31887397_lamp1.pdf,,
"23 Mei 2025
					17:02:02",https://www.idx.co.id/StaticData/NewsAndAnnouncement/ANNOUNCEMENTSTOCK/From_EREP/202505/f8801437e6_5800363143.pdf,Jatuh Tempo Obligasi / Sukuk Korporasi [],BBTN,,,,
"08 Mei 2025
					09:34:50",https://www.idx.co.id/StaticData/NewsAndAnnouncement/ANNOUNCEMENTSTOCK/From_EREP/202505/5a70b9aab0_0b0fc5f113.pdf,Laporan Bulanan Registrasi Pemegang Efek [],BMRI,https://www.idx.co.id/StaticData/NewsAndAnnouncement/ANNOUNCEMENTSTOCK/From_EREP/202505/053ddee737_15b96c7cdd.pdf,20250505_BMRI_Laporan Bulanan Registrasi Pemegang Efek/Perubahan Struktur Pemegang Saham_31882253_lamp3.pdf,https://www.idx.co.id/StaticData/NewsAndAnnouncement/ANNOUNCEMENTSTOCK/From_EREP/202505/14185d4d84_e85ede8289.pdf,20250505_BMRI_Laporan Bulanan Registrasi Pemegang Efek/Perubahan Struktur Pemegang Saham_31882253_lamp5.pdf
"09 Mei 2025
					18:34:39",https://www.idx.co.id/StaticData/NewsAndAnnouncement/ANNOUNCEMENTSTOCK/From_EREP/202505/a8af233fb2_cf9c646a6e.pdf,Jatuh Tempo Obligasi / Sukuk Korporasi [],BMRI,https://www.idx.co.id/StaticData/NewsAndAnnouncement/ANNOUNCEMENTSTOCK/From_EREP/202505/4caba5c6c5_9899bed0fe.pdf,20250509_BMRI_Pengumuman Jatuh Tempo Obligasi dan Sukuk_31884797_lamp1.pdf,,
"14 Mei 2025
					18:42:29",https://www.idx.co.id/StaticData/NewsAndAnnouncement/ANNOUNCEMENTSTOCK/From_EREP/202505/3536ba800c_6ebb027dec.pdf,Pembelian kembali atau pembayaran Efek Bersifat Utang dan/atau Sukuk [],BMRI,https://www.idx.co.id/StaticData/NewsAndAnnouncement/ANNOUNCEMENTSTOCK/From_EREP/202505/ad6fc391de_ac00a34359.pdf,20250509_BMRI_Laporan Informasi dan Fakta Material_31884762_lamp1.pdf,,
"28 Mei 2025
					18:27:44",https://www.idx.co.id/StaticData/NewsAndAnnouncement/ANNOUNCEMENTSTOCK/From_EREP/202505/206c10e867_048ea16d49.pdf,Laporan Penggunaan Dana Hasil Penawaran Umum [],BMRI,https://www.idx.co.id/StaticData/NewsAndAnnouncement/ANNOUNCEMENTSTOCK/From_EREP/202505/7c61b26029_f87ea649c1.pdf,20250528_BMRI_Laporan Penggunaan Dana Hasil Penawaran Umum_31890068_lamp1.pdf,,
"02 Mei 2025
					15:00:36",https://www.idx.co.id/StaticData/NewsAndAnnouncement/ANNOUNCEMENTSTOCK/From_EREP/202505/b35b29f46b_3b44653604.pdf,Penyampaian Bukti Iklan Informasi Laporan Keuangan Interim [],BRIS,https://www.idx.co.id/StaticData/NewsAndAnnouncement/ANNOUNCEMENTSTOCK/From_EREP/202505/0efeac1236_b189155b42.pdf,20250502_BRIS_Penyampaian Bukti Iklan_31881341_lamp2.pdf,https://www.idx.co.id/StaticData/NewsAndAnnouncement/ANNOUNCEMENTSTOCK/From_EREP/202505/6399dfa00e_5b7becc783.pdf,20250502_BRIS_Penyampaian Bukti Iklan_31881341_lamp1.pdf
"09 Mei 2025
					22:19:33",https://www.idx.co.id/StaticData/NewsAndAnnouncement/ANNOUNCEMENTSTOCK/From_EREP/202505/8f9372a271_39fa0a213c.pdf,Laporan Bulanan Registrasi Pemegang Efek [],BRIS,https://www.idx.co.id/StaticData/NewsAndAnnouncement/ANNOUNCEMENTSTOCK/From_EREP/202505/1217b043c1_28cac74d9e.pdf,20250507_BRIS_Laporan Bulanan Registrasi Pemegang Efek/Perubahan Struktur Pemegang Saham_31883295_lamp1.pdf,,
"14 Mei 2025
					18:30:50",https://www.idx.co.id/StaticData/NewsAndAnnouncement/ANNOUNCEMENTSTOCK/From_EREP/202505/2ec300bce4_db4f81c99f.pdf,Pemanggilan Rapat Umum Pemegang Saham Tahunan (KOREKSI) [],BRIS,https://www.idx.co.id/StaticData/NewsAndAnnouncement/ANNOUNCEMENTSTOCK/From_EREP/202505/85834bf4b1_11ebe7fc5e.pdf,20250514_BRIS_Pemanggilan RUPS_31885652_lamp2.pdf,https://www.idx.co.id/StaticData/NewsAndAnnouncement/ANNOUNCEMENTSTOCK/From_EREP/202505/b99d3d477b_9ab843509c.pdf,20250514_BRIS_Pemanggilan RUPS_31885652_lamp1.pdf
"20 Mei 2025
					20:04:43",https://www.idx.co.id/StaticData/NewsAndAnnouncement/ANNOUNCEMENTSTOCK/From_EREP/202505/d4d80de31a_f1bafd6b52.pdf,Ringkasan Risalah Rapat Umum Para Pemegang Saham Tahunan [],BRIS,https://www.idx.co.id/StaticData/NewsAndAnnouncement/ANNOUNCEMENTSTOCK/From_EREP/202505/243cb9243b_e04bc26b7b.pdf,20250520_BRIS_Ringkasan Risalah/Risalah RUPS_31887556_lamp2.pdf,https://www.idx.co.id/StaticData/NewsAndAnnouncement/ANNOUNCEMENTSTOCK/From_EREP/202505/f548a5b417_205de8be8f.pdf,20250520_BRIS_Ringkasan Risalah/Risalah RUPS_31887556_lamp1.pdf
"20 Mei 2025
					20:30:49",https://www.idx.co.id/StaticData/NewsAndAnnouncement/ANNOUNCEMENTSTOCK/From_EREP/202505/e994502f46_28b6438afd.pdf,Keterbukaan Informasi terkait Aksi Korporasi - Dividen Tunai - 20052025 [],BRIS,https://www.idx.co.id/StaticData/NewsAndAnnouncement/ANNOUNCEMENTSTOCK/From_EREP/202505/00be928824_9d6573e2dc.pdf,20250520_BRIS_Keterbukaan Informasi terkait Aksi Korporasi_31887570_lamp1.pdf,https://www.idx.co.id/StaticData/NewsAndAnnouncement/ANNOUNCEMENTSTOCK/From_EREP/202505/920e85feb1_fb7e2a846f.pdf,20250520_BRIS_Keterbukaan Informasi terkait Aksi Korporasi_31887570_lamp2.pdf
"21 Mei 2025
					17:45:33",https://www.idx.co.id/StaticData/NewsAndAnnouncement/ANNOUNCEMENTSTOCK/From_EREP/202505/84f06d32c7_284cca54ac.pdf,Penyampaian Bukti Iklan Hasil RUPS [],BRIS,https://www.idx.co.id/StaticData/NewsAndAnnouncement/ANNOUNCEMENTSTOCK/From_EREP/202505/047fca06f3_d0b4903e0a.pdf,20250521_BRIS_Penyampaian Bukti Iklan_31887696_lamp1.pdf,,
"27 Mei 2025
					15:13:25",https://www.idx.co.id/StaticData/NewsAndAnnouncement/ANNOUNCEMENTSTOCK/From_EREP/202505/6ff6c5041e_e5f0d93bb9.pdf,Laporan Kesiapan Dana Untuk Pelunasan Sukuk Mudharabah Berlandaskan Keberlanjutan Berkelanjutan I Bank BSI Tahap I Tahun 2024 Seri A [],BRIS,https://www.idx.co.id/StaticData/NewsAndAnnouncement/ANNOUNCEMENTSTOCK/From_EREP/202505/d03aaab3f3_5a01171c32.pdf,20250527_BRIS_Laporan Informasi dan Fakta Material_31889471_lamp1.pdf,,
"28 Mei 2025
					17:40:30",https://www.idx.co.id/StaticData/NewsAndAnnouncement/ANNOUNCEMENTSTOCK/From_EREP/202506/326555830e_43923975f5.pdf,Penyampaian Prospektus [],BRIS,https://www.idx.co.id/StaticData/NewsAndAnnouncement/ANNOUNCEMENTSTOCK/From_EREP/202506/17f65edc53_34a1f00b8b.pdf,20250528_BRIS_Penyampaian Prospektus/Informasi Tambahan_31890157_lamp2.pdf,https://www.idx.co.id/StaticData/NewsAndAnnouncement/ANNOUNCEMENTSTOCK/From_EREP/202506/f0268c78f8_4096a2b3b2.pdf,20250528_BRIS_Penyampaian Prospektus/Informasi Tambahan_31890157_lamp1.pdf
"02 Mei 2025
					14:24:39",https://www.idx.co.id/StaticData/NewsAndAnnouncement/ANNOUNCEMENTSTOCK/From_EREP/202505/2a71838d0a_e43fa877c2.pdf,Penyampaian Laporan Tahunan & Keberlanjutan dan ESG [],BRPT,https://www.idx.co.id/StaticData/NewsAndAnnouncement/ANNOUNCEMENTSTOCK/From_EREP/202505/2cba37d6ec_463df5e16b.pdf,AnnualReport2024-BRPT-att2.pdf,https://www.idx.co.id/StaticData/NewsAndAnnouncement/ANNOUNCEMENTSTOCK/From_EREP/202505/380b1e9413_584c98e378.pdf,AnnualReport2024-BRPT-att1.pdf
"06 Mei 2025
					16:48:38",https://www.idx.co.id/StaticData/NewsAndAnnouncement/ANNOUNCEMENTSTOCK/From_EREP/202505/3ac4efa339_be60a72676.pdf,Penjelasan atas Pemberitaan Media Massa [],BRPT,https://www.idx.co.id/StaticData/NewsAndAnnouncement/ANNOUNCEMENTSTOCK/From_EREP/202505/9da95d6c48_dee472eb75.pdf,20250506_BRPT_Tanggapan atas Permintaan Penjelasan Bursa_31882946_lamp1.pdf,,
"06 Mei 2025
					16:51:47",https://www.idx.co.id/StaticData/NewsAndAnnouncement/ANNOUNCEMENTSTOCK/From_EREP/202505/44912af91d_cf0c384a5a.pdf,Laporan Bulanan Registrasi Pemegang Efek [],BRPT,https://www.idx.co.id/StaticData/NewsAndAnnouncement/ANNOUNCEMENTSTOCK/From_EREP/202505/07d063fa93_572925297b.pdf,20250506_BRPT_Laporan Bulanan Registrasi Pemegang Efek/Perubahan Struktur Pemegang Saham_31882852_lamp1.pdf,,
"13 Mei 2025
					13:35:17",https://www.idx.co.id/StaticData/NewsAndAnnouncement/ANNOUNCEMENTSTOCK/From_EREP/202505/5020f97ef7_04e8811dfb.pdf,Pemberitahuan Rencana Rapat Umum Pemegang Saham Tahunan dan Luar Biasa [],BRPT,https://www.idx.co.id/StaticData/NewsAndAnnouncement/ANNOUNCEMENTSTOCK/From_EREP/202505/4b960c7f1f_245df432ca.pdf,20250509_BRPT_Pengumuman RUPS_31884669_lamp1.pdf,https://www.idx.co.id/StaticData/NewsAndAnnouncement/ANNOUNCEMENTSTOCK/From_EREP/202505/f11543229b_824940e750.pdf,20250509_BRPT_Pengumuman RUPS_31884669_lamp2.pdf
"26 Mei 2025
					17:41:55",https://www.idx.co.id/StaticData/NewsAndAnnouncement/ANNOUNCEMENTSTOCK/From_EREP/202505/d9cc91a7a8_b123ecf6a1.pdf,Penjelasan atas Volatilitas Transaksi [],BRPT,https://www.idx.co.id/StaticData/NewsAndAnnouncement/ANNOUNCEMENTSTOCK/From_EREP/202505/964ed2947d_c55df10f64.pdf,20250526_BRPT_Tanggapan atas Permintaan Penjelasan Bursa_31889306_lamp1.pdf,,
"28 Mei 2025
					16:57:44",https://www.idx.co.id/StaticData/NewsAndAnnouncement/ANNOUNCEMENTSTOCK/From_EREP/202505/936109511f_559f002907.pdf,Pemanggilan Rapat Umum Pemegang Saham Tahunan dan Luar Biasa [],BRPT,https://www.idx.co.id/StaticData/NewsAndAnnouncement/ANNOUNCEMENTSTOCK/From_EREP/202505/48e4ce0282_421f66c8b5.pdf,20250528_BRPT_Pemanggilan RUPS_31890234_lamp2.pdf,https://www.idx.co.id/StaticData/NewsAndAnnouncement/ANNOUNCEMENTSTOCK/From_EREP/202505/dc343d76a4_657350f14d.pdf,20250528_BRPT_Pemanggilan RUPS_31890234_lamp1.pdf
"07 Mei 2025
					13:28:44",https://www.idx.co.id/StaticData/NewsAndAnnouncement/ANNOUNCEMENTSTOCK/From_EREP/202505/0df3452d7a_32bb1f0b42.pdf,Laporan Bulanan Registrasi Pemegang Efek [],CPIN,https://www.idx.co.id/StaticData/NewsAndAnnouncement/ANNOUNCEMENTSTOCK/From_EREP/202505/14400f075e_c7d4524731.pdf,20250507_CPIN_Laporan Bulanan Registrasi Pemegang Efek/Perubahan Struktur Pemegang Saham_31883450_lamp1.pdf,,
"22 Mei 2025
					10:49:17",https://www.idx.co.id/StaticData/NewsAndAnnouncement/ANNOUNCEMENTSTOCK/From_EREP/202505/ec94e81933_f9349fddce.pdf,Ringkasan Risalah Rapat Umum Para Pemegang Saham Tahunan [],CPIN,https://www.idx.co.id/StaticData/NewsAndAnnouncement/ANNOUNCEMENTSTOCK/From_EREP/202505/16ff66ab34_3a6dc457ac.pdf,20250522_CPIN_Ringkasan Risalah/Risalah RUPS_31888227_lamp2.pdf,https://www.idx.co.id/StaticData/NewsAndAnnouncement/ANNOUNCEMENTSTOCK/From_EREP/202505/339357be10_14591a2d91.pdf,20250522_CPIN_Ringkasan Risalah/Risalah RUPS_31888227_lamp1.pdf
"22 Mei 2025
					11:09:31",https://www.idx.co.id/StaticData/NewsAndAnnouncement/ANNOUNCEMENTSTOCK/From_EREP/202505/5b8849e3e0_75d52f4757.pdf,Keterbukaan Informasi terkait Aksi Korporasi - Dividen Tunai - 22052025 [],CPIN,https://www.idx.co.id/StaticData/NewsAndAnnouncement/ANNOUNCEMENTSTOCK/From_EREP/202505/cc7bb81b8c_1c21e11176.pdf,20250522_CPIN_Keterbukaan Informasi terkait Aksi Korporasi_31888245_lamp2.pdf,https://www.idx.co.id/StaticData/NewsAndAnnouncement/ANNOUNCEMENTSTOCK/From_EREP/202505/f5769a6927_6df9156d3c.pdf,20250522_CPIN_Keterbukaan Informasi terkait Aksi Korporasi_31888245_lamp1.pdf
"01 Mei 2025
					00:27:18",https://www.idx.co.id/StaticData/NewsAndAnnouncement/ANNOUNCEMENTSTOCK/From_EREP/202505/e59a768fa4_a6598ddaee.pdf,Penyampaian Laporan Tahunan dan/atau Laporan Berkelanjutan dan ESG (KOREKSI) [],CTRA,https://www.idx.co.id/StaticData/NewsAndAnnouncement/ANNOUNCEMENTSTOCK/From_EREP/202505/2b47fa1417_7cb8e33604.pdf,20250501_CTRA_Laporan Informasi dan Fakta Material_31881037_lamp1.pdf,https://www.idx.co.id/StaticData/NewsAndAnnouncement/ANNOUNCEMENTSTOCK/From_EREP/202505/6ff2f377f5_7690bb6481.pdf,20250501_CTRA_Laporan Informasi dan Fakta Material_31881037_lamp2.pdf
"01 Mei 2025
					00:49:58",https://www.idx.co.id/StaticData/NewsAndAnnouncement/ANNOUNCEMENTSTOCK/From_EREP/202505/01523da2c1_172c54f1d8.pdf,Penyampaian Laporan Tahunan dan/atau Laporan Berkelanjutan dan ESG (KOREKSI) [],CTRA,https://www.idx.co.id/StaticData/NewsAndAnnouncement/ANNOUNCEMENTSTOCK/From_EREP/202505/11fcfed315_d4aed3e9ab.pdf,20250501_CTRA_Laporan Informasi dan Fakta Material_31881046_lamp1.pdf,https://www.idx.co.id/StaticData/NewsAndAnnouncement/ANNOUNCEMENTSTOCK/From_EREP/202505/2991a27537_6977660a9a.pdf,20250501_CTRA_Laporan Informasi dan Fakta Material_31881046_lamp2.pdf
"01 Mei 2025
					00:55:46",https://www.idx.co.id/StaticData/NewsAndAnnouncement/ANNOUNCEMENTSTOCK/From_EREP/202505/efa6c15e7f_af53ade2cd.pdf,Penyampaian Laporan Tahunan & Keberlanjutan dan ESG [],CTRA,https://www.idx.co.id/StaticData/NewsAndAnnouncement/ANNOUNCEMENTSTOCK/From_EREP/202505/5aad635a4d_7d4d10467f.pdf,AnnualReport2024-CTRA-att2.pdf,https://www.idx.co.id/StaticData/NewsAndAnnouncement/ANNOUNCEMENTSTOCK/From_EREP/202505/826bd901af_95d879c01d.pdf,AnnualReport2024-CTRA-att1.pdf
"02 Mei 2025
					17:54:03",https://www.idx.co.id/StaticData/NewsAndAnnouncement/ANNOUNCEMENTSTOCK/From_EREP/202505/bdc50b0a70_021f1e7de4.pdf,Penyampaian Laporan Tahunan & Keberlanjutan dan ESG (KOREKSI) [],CTRA,https://www.idx.co.id/StaticData/NewsAndAnnouncement/ANNOUNCEMENTSTOCK/From_EREP/202505/3faa105329_7172ae8ecf.pdf,AnnualReport2024-CTRA-att2.pdf,https://www.idx.co.id/StaticData/NewsAndAnnouncement/ANNOUNCEMENTSTOCK/From_EREP/202505/8693ce611a_2925f26b4d.pdf,AnnualReport2024-CTRA-att1.pdf
"09 Mei 2025
					12:15:42",https://www.idx.co.id/StaticData/NewsAndAnnouncement/ANNOUNCEMENTSTOCK/From_EREP/202505/2327b73611_fac3087c7d.pdf,Laporan Bulanan Registrasi Pemegang Efek [],CTRA,https://www.idx.co.id/StaticData/NewsAndAnnouncement/ANNOUNCEMENTSTOCK/From_EREP/202505/b62c00dce9_a94bd30272.pdf,20250509_CTRA_Laporan Bulanan Registrasi Pemegang Efek/Perubahan Struktur Pemegang Saham_31884655_lamp1.pdf,,
"09 Mei 2025
					15:09:03",https://www.idx.co.id/StaticData/NewsAndAnnouncement/ANNOUNCEMENTSTOCK/From_EREP/202505/a5b757d71c_6a7a95410a.pdf,Pemberitahuan Rencana Rapat Umum Pemegang Saham Tahunan [],CTRA,https://www.idx.co.id/StaticData/NewsAndAnnouncement/ANNOUNCEMENTSTOCK/From_EREP/202505/0c591d7898_256eabb7bc.pdf,20250509_CTRA_Pengumuman RUPS_31884828_lamp1.pdf,,
"26 Mei 2025
					13:22:24",https://www.idx.co.id/StaticData/NewsAndAnnouncement/ANNOUNCEMENTSTOCK/From_EREP/202505/6998e70624_4eb21ecc8f.pdf,Pemanggilan Rapat Umum Pemegang Saham Tahunan [],CTRA,https://www.idx.co.id/StaticData/NewsAndAnnouncement/ANNOUNCEMENTSTOCK/From_EREP/202505/e7cb3b8c4e_8bfea51e3b.pdf,20250526_CTRA_Pemanggilan RUPS_31889130_lamp1.pdf,,
"07 Mei 2025
					18:23:29",https://www.idx.co.id/StaticData/NewsAndAnnouncement/ANNOUNCEMENTSTOCK/From_EREP/202505/4f39af8ac9_c2e76dab48.pdf,Laporan Bulanan Registrasi Pemegang Efek [],ESSA,https://www.idx.co.id/StaticData/NewsAndAnnouncement/ANNOUNCEMENTSTOCK/From_EREP/202505/1b2db20b69_fdbec52730.pdf,20250507_ESSA_Laporan Bulanan Registrasi Pemegang Efek/Perubahan Struktur Pemegang Saham_31883806_lamp1.pdf,,
"06 Mei 2025
					08:03:59",https://www.idx.co.id/StaticData/NewsAndAnnouncement/ANNOUNCEMENTSTOCK/From_EREP/202505/20250506081048-54291-0/FinancialStatement-2025-I-EXCL.pdf,Penyampaian Laporan Keuangan Interim Yang Ditelaah Secara Terbatas [],EXCL,https://www.idx.co.id/StaticData/NewsAndAnnouncement/ANNOUNCEMENTSTOCK/From_EREP/202505/20250506081048-54291-0/FinancialStatement-2025-I-EXCL.xlsx,FinancialStatement-2025-I-EXCL.xlsx,https://www.idx.co.id/StaticData/NewsAndAnnouncement/ANNOUNCEMENTSTOCK/From_EREP/202505/20250506081048-54291-0/inlineXBRL.zip,inlineXBRL.zip
"09 Mei 2025
					20:00:21",https://www.idx.co.id/StaticData/NewsAndAnnouncement/ANNOUNCEMENTSTOCK/From_EREP/202505/fd5143d841_b137896fe7.pdf,Laporan Bulanan Registrasi Pemegang Efek [],EXCL,,,,
"09 Mei 2025
					20:01:02",https://www.idx.co.id/StaticData/NewsAndAnnouncement/ANNOUNCEMENTSTOCK/From_EREP/202505/f5247b96c8_e56cf58ef5.pdf,Informasi Kupon [],EXCL,https://www.idx.co.id/StaticData/NewsAndAnnouncement/ANNOUNCEMENTSTOCK/From_EREP/202505/023479e9ce_df39e61952.pdf,20250509_EXCL_Pembayaran Kupon/Bagi Hasil/Ijarah/Pokok_31885017_lamp1.pdf,,
"09 Mei 2025
					20:02:22",https://www.idx.co.id/StaticData/NewsAndAnnouncement/ANNOUNCEMENTSTOCK/From_EREP/202505/501f880b8a_4d850c4430.pdf,Informasi Ijarah Fee [],EXCL,https://www.idx.co.id/StaticData/NewsAndAnnouncement/ANNOUNCEMENTSTOCK/From_EREP/202505/1d2bbe16fd_78370687aa.pdf,20250509_EXCL_Pembayaran Kupon/Bagi Hasil/Ijarah/Pokok_31885045_lamp1.pdf,,
"14 Mei 2025
					16:39:26",https://www.idx.co.id/StaticData/NewsAndAnnouncement/ANNOUNCEMENTSTOCK/From_EREP/202505/c26a0738a5_f341492d5e.pdf,"Penyampaian Bukti Iklan Pengumuman Hasil Penggabungan Usaha PT XL Axiata Tbk, PT Smartfren Telecom Tbk, dan PT Smart Telecom []",EXCL,https://www.idx.co.id/StaticData/NewsAndAnnouncement/ANNOUNCEMENTSTOCK/From_EREP/202505/534da9a277_c70bfc74c8.pdf,20250514_EXCL_Penyampaian Bukti Iklan_31885539_lamp1.pdf,,
"28 Mei 2025
					17:36:44",https://www.idx.co.id/StaticData/NewsAndAnnouncement/ANNOUNCEMENTSTOCK/From_EREP/202505/3c9d33f5a7_74e62f99ce.pdf,Informasi Kupon [],EXCL,https://www.idx.co.id/StaticData/NewsAndAnnouncement/ANNOUNCEMENTSTOCK/From_EREP/202505/26d72639a8_10f7c136c7.pdf,20250528_EXCL_Pembayaran Kupon/Bagi Hasil/Ijarah/Pokok_31890222_lamp1.pdf,,
"28 Mei 2025
					17:37:43",https://www.idx.co.id/StaticData/NewsAndAnnouncement/ANNOUNCEMENTSTOCK/From_EREP/202505/dba02e13a9_2d045c4123.pdf,Informasi Ijarah Fee [],EXCL,https://www.idx.co.id/StaticData/NewsAndAnnouncement/ANNOUNCEMENTSTOCK/From_EREP/202505/d55927ea08_ee56d913ab.pdf,20250528_EXCL_Pembayaran Kupon/Bagi Hasil/Ijarah/Pokok_31890250_lamp1.pdf,,
"02 Mei 2025
					16:32:30",https://www.idx.co.id/StaticData/NewsAndAnnouncement/ANNOUNCEMENTSTOCK/From_EREP/202505/0895bac4f3_f2e7f45f5a.pdf,Pengunduran Diri Anggota Direksi dan Dewan Komisaris Perseroan [],GOTO,https://www.idx.co.id/StaticData/NewsAndAnnouncement/ANNOUNCEMENTSTOCK/From_EREP/202505/ab280bbc96_7db0641395.pdf,20250502_GOTO_Laporan Informasi dan Fakta Material_31881616_lamp1.pdf,,
"08 Mei 2025
					08:15:06",https://www.idx.co.id/StaticData/NewsAndAnnouncement/ANNOUNCEMENTSTOCK/From_EREP/202505/8aa3c3fa87_1dee5f76f3.pdf,Informasi material lainnya [],GOTO,https://www.idx.co.id/StaticData/NewsAndAnnouncement/ANNOUNCEMENTSTOCK/From_EREP/202505/df4dfd553f_1f6aac2a71.pdf,20250508_GOTO_Laporan Informasi dan Fakta Material_31883879_lamp1.pdf,,
"08 Mei 2025
					16:40:07",https://www.idx.co.id/StaticData/NewsAndAnnouncement/ANNOUNCEMENTSTOCK/From_EREP/202505/5103607672_5ff60bf712.pdf,Laporan Bulanan Registrasi Pemegang Efek [],GOTO,https://www.idx.co.id/StaticData/NewsAndAnnouncement/ANNOUNCEMENTSTOCK/From_EREP/202505/8fa601b887_be3e36b298.pdf,20250508_GOTO_Laporan Bulanan Registrasi Pemegang Efek/Perubahan Struktur Pemegang Saham_31884259_lamp1.pdf,,
"09 Mei 2025
					17:00:57",https://www.idx.co.id/StaticData/NewsAndAnnouncement/ANNOUNCEMENTSTOCK/From_EREP/202505/26146e2472_9a3771ed35.pdf,Pemberitahuan Rencana Rapat Umum Pemegang Saham Tahunan dan Luar Biasa [],GOTO,https://www.idx.co.id/StaticData/NewsAndAnnouncement/ANNOUNCEMENTSTOCK/From_EREP/202505/7e5fe59569_0f3b06ef88.pdf,20250509_GOTO_Pengumuman RUPS_31884849_lamp1.pdf,,
"09 Mei 2025
					17:01:30",https://www.idx.co.id/StaticData/NewsAndAnnouncement/ANNOUNCEMENTSTOCK/From_EREP/202505/b509634675_8a264ed084.pdf,Keterbukaan Informasi atas Rencana Pengalihan Saham Perseroan Hasil Pembelian Kembali [],GOTO,https://www.idx.co.id/StaticData/NewsAndAnnouncement/ANNOUNCEMENTSTOCK/From_EREP/202505/eeef8ade8e_ab34b95a33.pdf,20250509_GOTO_Laporan Informasi dan Fakta Material_31884981_lamp1.pdf,,
"09 Mei 2025
					17:02:11",https://www.idx.co.id/StaticData/NewsAndAnnouncement/ANNOUNCEMENTSTOCK/From_EREP/202505/6897efd168_6858fa8a20.pdf,Keterbukaan Informasi atas Rencana Pembelian Kembali Saham Perseroan [],GOTO,https://www.idx.co.id/StaticData/NewsAndAnnouncement/ANNOUNCEMENTSTOCK/From_EREP/202505/af5cdcbd5a_917e1ffe29.pdf,20250509_GOTO_Laporan Informasi dan Fakta Material_31884985_lamp1.pdf,,
"16 Mei 2025
					17:08:42",https://www.idx.co.id/StaticData/NewsAndAnnouncement/ANNOUNCEMENTSTOCK/From_EREP/202505/19664c3c24_3700d697fd.pdf,Penjelasan atas Permintaan Penjelasan Bursa [],GOTO,https://www.idx.co.id/StaticData/NewsAndAnnouncement/ANNOUNCEMENTSTOCK/From_EREP/202505/d943cab2ab_00ac9584d5.pdf,20250516_GOTO_Tanggapan atas Permintaan Penjelasan Bursa_31886439_lamp1.pdf,,
"27 Mei 2025
					16:30:08",https://www.idx.co.id/StaticData/NewsAndAnnouncement/ANNOUNCEMENTSTOCK/From_EREP/202505/20d38cde24_1e23fd5939.pdf,Pemanggilan Rapat Umum Pemegang Saham Tahunan dan Luar Biasa [],GOTO,https://www.idx.co.id/StaticData/NewsAndAnnouncement/ANNOUNCEMENTSTOCK/From_EREP/202505/319844b1f7_6cd54e9fb5.pdf,20250527_GOTO_Pemanggilan RUPS_31889648_lamp1.pdf,https://www.idx.co.id/StaticData/NewsAndAnnouncement/ANNOUNCEMENTSTOCK/From_EREP/202505/748cc41093_f862564932.pdf,20250527_GOTO_Pemanggilan RUPS_31889648_lamp2.pdf
"27 Mei 2025
					19:45:08",https://www.idx.co.id/StaticData/NewsAndAnnouncement/ANNOUNCEMENTSTOCK/From_EREP/202505/2e4eca27d3_f18caf0bee.pdf,Penyampaian Bukti Iklan Panggilan RUPS [],GOTO,https://www.idx.co.id/StaticData/NewsAndAnnouncement/ANNOUNCEMENTSTOCK/From_EREP/202505/37a7080980_e1b9f09a9b.pdf,20250527_GOTO_Penyampaian Bukti Iklan_31889830_lamp1.pdf,,
"09 Mei 2025
					16:38:16",https://www.idx.co.id/StaticData/NewsAndAnnouncement/ANNOUNCEMENTSTOCK/From_EREP/202505/93580e923b_07ea0204ae.pdf,Laporan Bulanan Registrasi Pemegang Efek [],ICBP,,,,
"13 Mei 2025
					17:06:08",https://www.idx.co.id/StaticData/NewsAndAnnouncement/ANNOUNCEMENTSTOCK/From_EREP/202505/f08cd095c5_88e4fa902b.pdf,Pemberitahuan Rencana Rapat Umum Pemegang Saham Tahunan [],ICBP,https://www.idx.co.id/StaticData/NewsAndAnnouncement/ANNOUNCEMENTSTOCK/From_EREP/202505/2a77893767_96fdf17b7b.pdf,20250506_ICBP_Pengumuman RUPS_31882702_lamp1.pdf,,
"28 Mei 2025
					18:21:25",https://www.idx.co.id/StaticData/NewsAndAnnouncement/ANNOUNCEMENTSTOCK/From_EREP/202505/a080409d88_7f7afad1da.pdf,Pemanggilan Rapat Umum Pemegang Saham Tahunan [],ICBP,https://www.idx.co.id/StaticData/NewsAndAnnouncement/ANNOUNCEMENTSTOCK/From_EREP/202505/ae67b6b4b0_19b5135695.pdf,20250520_ICBP_Pemanggilan RUPS_31887119_lamp1.pdf,,
"08 Mei 2025
					09:56:24",https://www.idx.co.id/StaticData/NewsAndAnnouncement/ANNOUNCEMENTSTOCK/From_EREP/202505/78c405dfc9_01b54cd007.pdf,Laporan Bulanan Registrasi Pemegang Efek [],INCO,https://www.idx.co.id/StaticData/NewsAndAnnouncement/ANNOUNCEMENTSTOCK/From_EREP/202505/641757f1f0_ac5f231601.pdf,20250508_INCO_Laporan Bulanan Registrasi Pemegang Efek/Perubahan Struktur Pemegang Saham_31883943_lamp1.pdf,,
"16 Mei 2025
					14:38:37",https://www.idx.co.id/StaticData/NewsAndAnnouncement/ANNOUNCEMENTSTOCK/From_EREP/202505/eedfe070c9_1f8552a729.pdf,Siaran Pers Rapat Umum Pemegang Saham Tahunan 2025 [],INCO,https://www.idx.co.id/StaticData/NewsAndAnnouncement/ANNOUNCEMENTSTOCK/From_EREP/202505/81be0c325e_94af4a48d0.pdf,20250516_INCO_Laporan Informasi dan Fakta Material_31886349_lamp1.pdf,https://www.idx.co.id/StaticData/NewsAndAnnouncement/ANNOUNCEMENTSTOCK/From_EREP/202505/f64335be7d_792eb21f38.pdf,20250516_INCO_Laporan Informasi dan Fakta Material_31886349_lamp2.pdf
"20 Mei 2025
					15:02:51",https://www.idx.co.id/StaticData/NewsAndAnnouncement/ANNOUNCEMENTSTOCK/From_EREP/202505/de819d0297_1a25efe3e6.pdf,Ringkasan Risalah Rapat Umum Para Pemegang Saham Tahunan [],INCO,https://www.idx.co.id/StaticData/NewsAndAnnouncement/ANNOUNCEMENTSTOCK/From_EREP/202505/9bf3e9f0aa_368a4675a2.pdf,20250520_INCO_Ringkasan Risalah/Risalah RUPS_31887329_lamp2.pdf,https://www.idx.co.id/StaticData/NewsAndAnnouncement/ANNOUNCEMENTSTOCK/From_EREP/202505/9e6c6f4775_fd73e044e1.pdf,20250520_INCO_Ringkasan Risalah/Risalah RUPS_31887329_lamp1.pdf
"20 Mei 2025
					15:32:13",https://www.idx.co.id/StaticData/NewsAndAnnouncement/ANNOUNCEMENTSTOCK/From_EREP/202505/ff737b23bb_76bd381609.pdf,Pemberitahuan Pembagian Dividen 2024 PT Vale Indonesia Tbk  [],INCO,https://www.idx.co.id/StaticData/NewsAndAnnouncement/ANNOUNCEMENTSTOCK/From_EREP/202505/694a75a53f_07368258aa.pdf,20250520_INCO_Laporan Informasi dan Fakta Material_31887365_lamp2.pdf,https://www.idx.co.id/StaticData/NewsAndAnnouncement/ANNOUNCEMENTSTOCK/From_EREP/202505/8467b27d82_d920fd443e.pdf,20250520_INCO_Laporan Informasi dan Fakta Material_31887365_lamp1.pdf
"20 Mei 2025
					18:48:31",https://www.idx.co.id/StaticData/NewsAndAnnouncement/ANNOUNCEMENTSTOCK/From_EREP/202505/6513b417cb_64313997ff.pdf,Penyampaian Bukti Iklan Hasil RUPS [],INCO,https://www.idx.co.id/StaticData/NewsAndAnnouncement/ANNOUNCEMENTSTOCK/From_EREP/202505/7578517cb1_0444d75650.pdf,20250520_INCO_Penyampaian Bukti Iklan_31887547_lamp1.pdf,https://www.idx.co.id/StaticData/NewsAndAnnouncement/ANNOUNCEMENTSTOCK/From_EREP/202505/e1f7f98f8f_912ca74320.pdf,20250520_INCO_Penyampaian Bukti Iklan_31887547_lamp2.pdf
"20 Mei 2025
					21:23:06",https://www.idx.co.id/StaticData/NewsAndAnnouncement/ANNOUNCEMENTSTOCK/From_EREP/202505/bccf5de22c_1777ed4ffc.pdf,Keterbukaan Informasi terkait Aksi Korporasi - Dividen Tunai - 20052025 [],INCO,https://www.idx.co.id/StaticData/NewsAndAnnouncement/ANNOUNCEMENTSTOCK/From_EREP/202505/4195618bd6_a658e6d1fd.pdf,20250520_INCO_Keterbukaan Informasi terkait Aksi Korporasi_31887577_lamp1.pdf,https://www.idx.co.id/StaticData/NewsAndAnnouncement/ANNOUNCEMENTSTOCK/From_EREP/202505/72fa443b86_794d1f6b12.pdf,20250520_INCO_Keterbukaan Informasi terkait Aksi Korporasi_31887577_lamp2.pdf
"28 Mei 2025
					18:31:41",https://www.idx.co.id/StaticData/NewsAndAnnouncement/ANNOUNCEMENTSTOCK/From_EREP/202506/eaaa7496a4_acb31facab.pdf,Penandatanganan Perjanjian Jasa Pertambangan  [],INCO,https://www.idx.co.id/StaticData/NewsAndAnnouncement/ANNOUNCEMENTSTOCK/From_EREP/202506/d1067c1e11_132131f2d5.pdf,20250528_INCO_Laporan Informasi dan Fakta Material_31890372_lamp1.pdf,,
"30 Mei 2025
					11:55:50",https://www.idx.co.id/StaticData/NewsAndAnnouncement/ANNOUNCEMENTSTOCK/From_EREP/202505/b3b8988299_f7c6d5e835.pdf,Penandatanganan Perjanjian Jasa Pertambangan  (KOREKSI) [],INCO,https://www.idx.co.id/StaticData/NewsAndAnnouncement/ANNOUNCEMENTSTOCK/From_EREP/202505/0725e3e3b1_98c1d7324b.pdf,20250530_INCO_Laporan Informasi dan Fakta Material_31890508_lamp1.pdf,,
"09 Mei 2025
					16:36:33",https://www.idx.co.id/StaticData/NewsAndAnnouncement/ANNOUNCEMENTSTOCK/From_EREP/202505/bdac056d9d_be797d68cd.pdf,Laporan Bulanan Registrasi Pemegang Efek [],INDF,,,,
"13 Mei 2025
					16:51:11",https://www.idx.co.id/StaticData/NewsAndAnnouncement/ANNOUNCEMENTSTOCK/From_EREP/202505/24474e5c43_55c583195b.pdf,Pemberitahuan Rencana Rapat Umum Pemegang Saham Tahunan [],INDF,https://www.idx.co.id/StaticData/NewsAndAnnouncement/ANNOUNCEMENTSTOCK/From_EREP/202505/83e1ed3740_6f1b879d71.pdf,20250506_INDF_Pengumuman RUPS_31882704_lamp1.pdf,,
"28 Mei 2025
					18:15:44",https://www.idx.co.id/StaticData/NewsAndAnnouncement/ANNOUNCEMENTSTOCK/From_EREP/202505/193cda64f2_e68c9639ac.pdf,Pemanggilan Rapat Umum Pemegang Saham Tahunan [],INDF,https://www.idx.co.id/StaticData/NewsAndAnnouncement/ANNOUNCEMENTSTOCK/From_EREP/202505/d6478c3c55_beb967f327.pdf,20250523_INDF_Pemanggilan RUPS_31888646_lamp1.pdf,,
"02 Mei 2025
					16:10:37",https://www.idx.co.id/StaticData/NewsAndAnnouncement/ANNOUNCEMENTSTOCK/From_EREP/202505/7489d87345_4cc0803654.pdf,Penyampaian Laporan Tahunan & Keberlanjutan dan ESG (KOREKSI) [],INKP,https://www.idx.co.id/StaticData/NewsAndAnnouncement/ANNOUNCEMENTSTOCK/From_EREP/202505/0e5ab21154_43cc59e20b.pdf,AnnualReport2024-INKP-att2.pdf,https://www.idx.co.id/StaticData/NewsAndAnnouncement/ANNOUNCEMENTSTOCK/From_EREP/202505/c1209e1c37_aee7623290.pdf,AnnualReport2024-INKP-att1.pdf
"05 Mei 2025
					16:07:15",https://www.idx.co.id/StaticData/NewsAndAnnouncement/ANNOUNCEMENTSTOCK/From_EREP/202505/4042d8c562_bab7cd1b1d.pdf,Laporan Bulanan Registrasi Pemegang Efek [],INKP,https://www.idx.co.id/StaticData/NewsAndAnnouncement/ANNOUNCEMENTSTOCK/From_EREP/202505/56615937fe_d63ba4fad6.pdf,20250505_INKP_Laporan Bulanan Registrasi Pemegang Efek/Perubahan Struktur Pemegang Saham_31882162_lamp1.pdf,,
"08 Mei 2025
					15:02:21",https://www.idx.co.id/StaticData/NewsAndAnnouncement/ANNOUNCEMENTSTOCK/From_EREP/202505/b4e8bbf30c_d50ab635e8.pdf,Pemberitahuan Rencana Rapat Umum Pemegang Saham Tahunan [],INKP,https://www.idx.co.id/StaticData/NewsAndAnnouncement/ANNOUNCEMENTSTOCK/From_EREP/202505/4d75410339_82d004b04d.pdf,20250506_INKP_Pengumuman RUPS_31882921_lamp3.pdf,https://www.idx.co.id/StaticData/NewsAndAnnouncement/ANNOUNCEMENTSTOCK/From_EREP/202505/c83098885f_f58666f676.pdf,20250506_INKP_Pengumuman RUPS_31882921_lamp1.pdf
"21 Mei 2025
					20:56:07",https://www.idx.co.id/StaticData/NewsAndAnnouncement/ANNOUNCEMENTSTOCK/From_EREP/202505/a9c3cb8821_60e2fb8dcd.pdf,"Informasi Tambahan Ringkas Penawaran Umum Obligasi Berkelanjutan V Indah Kiat Pulp & Paper Tahap IV Tahun 2025, Sukuk Mudharabah Berkelanjutan IV Indah Kiat Pulp & Paper Tahap IV Tahun 2025 dan Obligasi USD Berkelanjutan II Indah Kiat Pulp & Paper Tahap III Tahun 2025. []",INKP,https://www.idx.co.id/StaticData/NewsAndAnnouncement/ANNOUNCEMENTSTOCK/From_EREP/202505/90f0fa6bfb_68e01cb3c8.pdf,20250520_INKP_Laporan Informasi dan Fakta Material_31887200_lamp2.pdf,https://www.idx.co.id/StaticData/NewsAndAnnouncement/ANNOUNCEMENTSTOCK/From_EREP/202505/bf61e52f3a_cbc6616250.pdf,20250520_INKP_Laporan Informasi dan Fakta Material_31887200_lamp1.pdf
"23 Mei 2025
					14:47:32",https://www.idx.co.id/StaticData/NewsAndAnnouncement/ANNOUNCEMENTSTOCK/From_EREP/202505/b915a4246c_92fdfb92ea.pdf,Pemanggilan Rapat Umum Pemegang Saham Tahunan [],INKP,https://www.idx.co.id/StaticData/NewsAndAnnouncement/ANNOUNCEMENTSTOCK/From_EREP/202505/002082148b_58e25c2fa1.pdf,20250521_INKP_Pemanggilan RUPS_31887601_lamp3.pdf,https://www.idx.co.id/StaticData/NewsAndAnnouncement/ANNOUNCEMENTSTOCK/From_EREP/202505/ae86f5cead_0ae526da07.pdf,20250521_INKP_Pemanggilan RUPS_31887601_lamp2.pdf
"02 Mei 2025
					17:15:04",https://www.idx.co.id/StaticData/NewsAndAnnouncement/ANNOUNCEMENTSTOCK/From_EREP/202505/a598d8e2c0_367995f8fe.pdf,Jatuh Tempo Obligasi / Sukuk Korporasi [],ISAT,https://www.idx.co.id/StaticData/NewsAndAnnouncement/ANNOUNCEMENTSTOCK/From_EREP/202505/1006cefebc_67f3d2e7c2.pdf,20250502_ISAT_Pengumuman Jatuh Tempo Obligasi dan Sukuk_31881608_lamp2.pdf,https://www.idx.co.id/StaticData/NewsAndAnnouncement/ANNOUNCEMENTSTOCK/From_EREP/202505/13515bb7ad_64660e6dc8.pdf,20250502_ISAT_Pengumuman Jatuh Tempo Obligasi dan Sukuk_31881608_lamp1.pdf
"06 Mei 2025
					12:54:34",https://www.idx.co.id/StaticData/NewsAndAnnouncement/ANNOUNCEMENTSTOCK/From_EREP/202510/20251021162547-52679-0/FinancialStatement-2025-I-ISAT.pdf,Penyampaian Laporan Keuangan Interim Yang Ditelaah Secara Terbatas [],ISAT,https://www.idx.co.id/StaticData/NewsAndAnnouncement/ANNOUNCEMENTSTOCK/From_EREP/202510/20251021162547-52679-0/FinancialStatement-2025-I-ISAT.xlsx,FinancialStatement-2025-I-ISAT.xlsx,https://www.idx.co.id/StaticData/NewsAndAnnouncement/ANNOUNCEMENTSTOCK/From_EREP/202510/20251021162547-52679-0/FS%20ISAT%2031%20March%202025.pdf,FS ISAT 31 March 2025.pdf
"08 Mei 2025
					15:23:53",https://www.idx.co.id/StaticData/NewsAndAnnouncement/ANNOUNCEMENTSTOCK/From_EREP/202505/06fa543c64_01f482dda0.pdf,Kesiapan Dana Untuk Sukuk Ijarah Berkelanjutan I Indosat Tahap II Tahun 2015 Seri E dan Obligasi Berkelanjutan I Indosat Tahap II Tahun 2015 Seri E [],ISAT,https://www.idx.co.id/StaticData/NewsAndAnnouncement/ANNOUNCEMENTSTOCK/From_EREP/202505/0c00a25558_1c122f6526.pdf,20250508_ISAT_Laporan Informasi dan Fakta Material_31884233_lamp1.pdf,,
"08 Mei 2025
					16:06:43",https://www.idx.co.id/StaticData/NewsAndAnnouncement/ANNOUNCEMENTSTOCK/From_EREP/202505/326642d22b_7e02542174.pdf,Laporan Hasil Pemeringkatan Pemeringkatan Tahunan [],ISAT,https://www.idx.co.id/StaticData/NewsAndAnnouncement/ANNOUNCEMENTSTOCK/From_EREP/202505/149ccda385_ff87ca0204.pdf,20250508_ISAT_Laporan Hasil Pemeringkatan_31884253_lamp2.pdf,https://www.idx.co.id/StaticData/NewsAndAnnouncement/ANNOUNCEMENTSTOCK/From_EREP/202505/2c6ce507e4_5bd6943b8c.pdf,20250508_ISAT_Laporan Hasil Pemeringkatan_31884253_lamp1.pdf
"09 Mei 2025
					18:17:25",https://www.idx.co.id/StaticData/NewsAndAnnouncement/ANNOUNCEMENTSTOCK/From_EREP/202505/d51300c7a6_bc4f3af7fe.pdf,Laporan Bulanan Registrasi Pemegang Efek [],ISAT,https://www.idx.co.id/StaticData/NewsAndAnnouncement/ANNOUNCEMENTSTOCK/From_EREP/202505/c966f7f722_bb55afc3b3.pdf,20250509_ISAT_Laporan Bulanan Registrasi Pemegang Efek/Perubahan Struktur Pemegang Saham_31884750_lamp2.pdf,https://www.idx.co.id/StaticData/NewsAndAnnouncement/ANNOUNCEMENTSTOCK/From_EREP/202505/cde590cca1_daea380be5.pdf,20250509_ISAT_Laporan Bulanan Registrasi Pemegang Efek/Perubahan Struktur Pemegang Saham_31884750_lamp1.pdf
"09 Mei 2025
					22:07:25",https://www.idx.co.id/StaticData/NewsAndAnnouncement/ANNOUNCEMENTSTOCK/From_EREP/202505/57cb0cfb5e_2bb071fbf7.pdf,Rencana Transaksi Perubahan Kegiatan Usaha [],ISAT,https://www.idx.co.id/StaticData/NewsAndAnnouncement/ANNOUNCEMENTSTOCK/From_EREP/202505/2af86d2079_53613269a6.pdf,20250509_ISAT_Rencana Transaksi Perubahan Kegiatan Usaha_31885147_lamp1.pdf,https://www.idx.co.id/StaticData/NewsAndAnnouncement/ANNOUNCEMENTSTOCK/From_EREP/202505/87c2874451_059881f6fe.pdf,20250509_ISAT_Rencana Transaksi Perubahan Kegiatan Usaha_31885147_lamp2.pdf
"14 Mei 2025
					13:15:16",https://www.idx.co.id/StaticData/NewsAndAnnouncement/ANNOUNCEMENTSTOCK/From_EREP/202505/97e609078f_a27fe51997.pdf,Rencana Penyelenggaraan Public Expose - Tahunan [],ISAT,https://www.idx.co.id/StaticData/NewsAndAnnouncement/ANNOUNCEMENTSTOCK/From_EREP/202505/3e31f27578_f6dab59ba7.pdf,20250514_ISAT_Public Expose_31885448_lamp1.pdf,,
"20 Mei 2025
					16:38:22",https://www.idx.co.id/StaticData/NewsAndAnnouncement/ANNOUNCEMENTSTOCK/From_EREP/202505/a8454142b6_d112d266df.pdf,Laporan Kepemilikan atau Setiap Perubahan Kepemilikan Saham Perusahaan Terbuka [],ISAT,https://www.idx.co.id/StaticData/NewsAndAnnouncement/ANNOUNCEMENTSTOCK/From_EREP/202505/61aee97001_873bc7300e.pdf,20250520_ISAT_Laporan Kepemilikan atau Setiap Perubahan Kepemilikan Saham Perusahaan Terbuka_31887440_lamp1.pdf,,
"23 Mei 2025
					19:00:53",https://www.idx.co.id/StaticData/NewsAndAnnouncement/ANNOUNCEMENTSTOCK/From_EREP/202505/01fbd67bb5_f284b6fbff.pdf,Penyampaian Materi Public Expose - Tahunan [],ISAT,https://www.idx.co.id/StaticData/NewsAndAnnouncement/ANNOUNCEMENTSTOCK/From_EREP/202505/5fb1f2fedf_eb0da6ff42.pdf,20250523_ISAT_Public Expose_31888925_lamp2.pdf,https://www.idx.co.id/StaticData/NewsAndAnnouncement/ANNOUNCEMENTSTOCK/From_EREP/202505/f59cab8d4c_24586e3e0d.pdf,20250523_ISAT_Public Expose_31888925_lamp1.pdf
"26 Mei 2025
					14:05:56",https://www.idx.co.id/StaticData/NewsAndAnnouncement/ANNOUNCEMENTSTOCK/From_EREP/202505/5b8b968c6d_50b0964d88.pdf,Rencana Transaksi Perubahan Kegiatan Usaha [],ISAT,https://www.idx.co.id/StaticData/NewsAndAnnouncement/ANNOUNCEMENTSTOCK/From_EREP/202505/8666e5b461_55ed561fb7.pdf,20250526_ISAT_Rencana Transaksi Perubahan Kegiatan Usaha_31889140_lamp1.pdf,https://www.idx.co.id/StaticData/NewsAndAnnouncement/ANNOUNCEMENTSTOCK/From_EREP/202505/dcd61280f0_c909acaf6a.pdf,20250526_ISAT_Rencana Transaksi Perubahan Kegiatan Usaha_31889140_lamp2.pdf
"26 Mei 2025
					18:39:00",https://www.idx.co.id/StaticData/NewsAndAnnouncement/ANNOUNCEMENTSTOCK/From_EREP/202505/8268e2a377_4b782d7bc2.pdf,Penerimaan Surat Permohonan Pengunduran Diri Direktur PT Indosat Tbk (Perseroan) [],ISAT,https://www.idx.co.id/StaticData/NewsAndAnnouncement/ANNOUNCEMENTSTOCK/From_EREP/202505/eb87b0dad2_f520b9b396.pdf,20250526_ISAT_Laporan Informasi dan Fakta Material_31889368_lamp1.pdf,,
"27 Mei 2025
					18:35:40",https://www.idx.co.id/StaticData/NewsAndAnnouncement/ANNOUNCEMENTSTOCK/From_EREP/202505/f7b2e8028b_2c8e3cfb85.pdf,Laporan Hasil Pemeringkatan Pemeringkatan Tahunan [],ISAT,https://www.idx.co.id/StaticData/NewsAndAnnouncement/ANNOUNCEMENTSTOCK/From_EREP/202505/6aaeccef30_0792995c42.pdf,20250527_ISAT_Laporan Hasil Pemeringkatan_31889537_lamp1.pdf,https://www.idx.co.id/StaticData/NewsAndAnnouncement/ANNOUNCEMENTSTOCK/From_EREP/202505/7a32c948ac_84b50fd715.pdf,20250527_ISAT_Laporan Hasil Pemeringkatan_31889537_lamp2.pdf
"05 Mei 2025
					12:25:17",https://www.idx.co.id/StaticData/NewsAndAnnouncement/ANNOUNCEMENTSTOCK/From_EREP/202505/d40e4c2ebf_1e19b1641e.pdf,Laporan Bulanan Registrasi Pemegang Efek [],ITMG,https://www.idx.co.id/StaticData/NewsAndAnnouncement/ANNOUNCEMENTSTOCK/From_EREP/202505/7081947dcd_c0007f6496.pdf,20250505_ITMG_Laporan Bulanan Registrasi Pemegang Efek/Perubahan Struktur Pemegang Saham_31882021_lamp1.pdf,https://www.idx.co.id/StaticData/NewsAndAnnouncement/ANNOUNCEMENTSTOCK/From_EREP/202505/9434678730_f8ed91d767.pdf,20250505_ITMG_Laporan Bulanan Registrasi Pemegang Efek/Perubahan Struktur Pemegang Saham_31882021_lamp2.pdf
"09 Mei 2025
					20:07:57",https://www.idx.co.id/StaticData/NewsAndAnnouncement/ANNOUNCEMENTSTOCK/From_EREP/202505/20250509201827-54302-0/FinancialStatement-2025-I-ITMG.pdf,Penyampaian Laporan Keuangan Interim Yang Ditelaah Secara Terbatas [],ITMG,https://www.idx.co.id/StaticData/NewsAndAnnouncement/ANNOUNCEMENTSTOCK/From_EREP/202505/20250509201827-54302-0/FinancialStatement-2025-I-ITMG.xlsx,FinancialStatement-2025-I-ITMG.xlsx,https://www.idx.co.id/StaticData/NewsAndAnnouncement/ANNOUNCEMENTSTOCK/From_EREP/202505/20250509201827-54302-0/inlineXBRL.zip,inlineXBRL.zip
"05 Mei 2025
					19:17:08",https://www.idx.co.id/StaticData/NewsAndAnnouncement/ANNOUNCEMENTSTOCK/From_EREP/202505/b35dff4020_6ead2f7b6a.pdf,Penyampaian Laporan Tahunan & Keberlanjutan dan ESG [],JPFA,https://www.idx.co.id/StaticData/NewsAndAnnouncement/ANNOUNCEMENTSTOCK/From_EREP/202505/8afc4aa4b0_bf69e4afdf.pdf,AnnualReport2024-JPFA-att2.pdf,https://www.idx.co.id/StaticData/NewsAndAnnouncement/ANNOUNCEMENTSTOCK/From_EREP/202505/b0a04a1d73_de7f152513.pdf,AnnualReport2024-JPFA-att1.pdf
"09 Mei 2025
					16:38:17",https://www.idx.co.id/StaticData/NewsAndAnnouncement/ANNOUNCEMENTSTOCK/From_EREP/202505/fe161c570f_b6cba6da9d.pdf,Laporan Bulanan Registrasi Pemegang Efek [],JPFA,https://www.idx.co.id/StaticData/NewsAndAnnouncement/ANNOUNCEMENTSTOCK/From_EREP/202505/33091c9b00_632e26fbff.pdf,20250509_JPFA_Laporan Bulanan Registrasi Pemegang Efek/Perubahan Struktur Pemegang Saham_31884975_lamp1.pdf,https://www.idx.co.id/StaticData/NewsAndAnnouncement/ANNOUNCEMENTSTOCK/From_EREP/202505/b45c9f434d_68997e4597.pdf,20250509_JPFA_Laporan Bulanan Registrasi Pemegang Efek/Perubahan Struktur Pemegang Saham_31884975_lamp2.pdf
"05 Mei 2025
					17:14:18",https://www.idx.co.id/StaticData/NewsAndAnnouncement/ANNOUNCEMENTSTOCK/From_EREP/202505/285402672e_261d6f0bbe.pdf,Laporan Bulanan Registrasi Pemegang Efek [],JSMR,https://www.idx.co.id/StaticData/NewsAndAnnouncement/ANNOUNCEMENTSTOCK/From_EREP/202505/142782b937_d21e5acdf4.pdf,20250505_JSMR_Laporan Bulanan Registrasi Pemegang Efek/Perubahan Struktur Pemegang Saham_31882394_lamp3.pdf,https://www.idx.co.id/StaticData/NewsAndAnnouncement/ANNOUNCEMENTSTOCK/From_EREP/202505/20f73a1bc9_9e812f4280.pdf,20250505_JSMR_Laporan Bulanan Registrasi Pemegang Efek/Perubahan Struktur Pemegang Saham_31882394_lamp2.pdf
"08 Mei 2025
					08:49:59",https://www.idx.co.id/StaticData/NewsAndAnnouncement/ANNOUNCEMENTSTOCK/From_EREP/202505/172731256d_f29dbe8436.pdf,Perubahan anggota Direksi dan/atau anggota Dewan Komisaris [],JSMR,https://www.idx.co.id/StaticData/NewsAndAnnouncement/ANNOUNCEMENTSTOCK/From_EREP/202505/fe5463d18e_0745d350d1.pdf,20250508_JSMR_Laporan Informasi dan Fakta Material_31883903_lamp1.pdf,,
"08 Mei 2025
					14:50:15",https://www.idx.co.id/StaticData/NewsAndAnnouncement/ANNOUNCEMENTSTOCK/From_EREP/202505/18380b2e8c_ce59d01eb3.pdf,Ringkasan Risalah Rapat Umum Para Pemegang Saham Tahunan [],JSMR,https://www.idx.co.id/StaticData/NewsAndAnnouncement/ANNOUNCEMENTSTOCK/From_EREP/202505/67dc2dfea1_b1a893d2fb.pdf,20250508_JSMR_Ringkasan Risalah/Risalah RUPS_31884195_lamp2.pdf,https://www.idx.co.id/StaticData/NewsAndAnnouncement/ANNOUNCEMENTSTOCK/From_EREP/202505/82347a5046_2a1a9e47a3.pdf,20250508_JSMR_Ringkasan Risalah/Risalah RUPS_31884195_lamp1.pdf
"08 Mei 2025
					14:53:32",https://www.idx.co.id/StaticData/NewsAndAnnouncement/ANNOUNCEMENTSTOCK/From_EREP/202505/7fa709fd1f_cb163ca99d.pdf,Ringkasan Risalah Rapat Umum Para Pemegang Saham Tahunan (KOREKSI) [],JSMR,https://www.idx.co.id/StaticData/NewsAndAnnouncement/ANNOUNCEMENTSTOCK/From_EREP/202505/cefd9d791f_8b4fd9f0e3.pdf,20250508_JSMR_Ringkasan Risalah/Risalah RUPS_31884201_lamp2.pdf,https://www.idx.co.id/StaticData/NewsAndAnnouncement/ANNOUNCEMENTSTOCK/From_EREP/202505/d7b316d2fc_e47f324bfa.pdf,20250508_JSMR_Ringkasan Risalah/Risalah RUPS_31884201_lamp1.pdf
"08 Mei 2025
					17:50:08",https://www.idx.co.id/StaticData/NewsAndAnnouncement/ANNOUNCEMENTSTOCK/From_EREP/202505/a5021556c8_55a53a1424.pdf,Keterbukaan Informasi terkait Aksi Korporasi - Dividen Tunai - 08052025 [],JSMR,https://www.idx.co.id/StaticData/NewsAndAnnouncement/ANNOUNCEMENTSTOCK/From_EREP/202505/ef52786ba2_c35e579cd6.pdf,20250508_JSMR_Keterbukaan Informasi terkait Aksi Korporasi_31884409_lamp1.pdf,,
"09 Mei 2025
					22:01:50",https://www.idx.co.id/StaticData/NewsAndAnnouncement/ANNOUNCEMENTSTOCK/From_EREP/202505/f6fe30157a_b8e44c360a.pdf,Transaksi Afiliasi (KOREKSI) [],JSMR,https://www.idx.co.id/StaticData/NewsAndAnnouncement/ANNOUNCEMENTSTOCK/From_EREP/202505/3b6aeae7ba_bc1348233a.pdf,20250509_JSMR_Informasi Transaksi Afiliasi_31885153_lamp2.pdf,https://www.idx.co.id/StaticData/NewsAndAnnouncement/ANNOUNCEMENTSTOCK/From_EREP/202505/8aa85295b3_d9411c5d12.pdf,20250509_JSMR_Informasi Transaksi Afiliasi_31885153_lamp3.pdf
"02 Mei 2025
					18:04:41",https://www.idx.co.id/StaticData/NewsAndAnnouncement/ANNOUNCEMENTSTOCK/From_EREP/202505/0234068f1f_2161427dbe.pdf,Rencana Pembelian Kembali Saham dalam Kondisi Pasar yang Berfluktuasi secara Signifikan [],KLBF,https://www.idx.co.id/StaticData/NewsAndAnnouncement/ANNOUNCEMENTSTOCK/From_EREP/202505/62a193d9a6_f0a63dcf88.pdf,20250502_KLBF_Laporan Informasi dan Fakta Material_31881702_lamp1.pdf,,
"08 Mei 2025
					10:09:30",https://www.idx.co.id/StaticData/NewsAndAnnouncement/ANNOUNCEMENTSTOCK/From_EREP/202505/d3655b488c_806601e2c6.pdf,Laporan Bulanan Registrasi Pemegang Efek [],KLBF,https://www.idx.co.id/StaticData/NewsAndAnnouncement/ANNOUNCEMENTSTOCK/From_EREP/202505/c19eacd5eb_13492b2f72.pdf,20250507_KLBF_Laporan Bulanan Registrasi Pemegang Efek/Perubahan Struktur Pemegang Saham_31883854_lamp1.pdf,,
"09 Mei 2025
					09:23:31",https://www.idx.co.id/StaticData/NewsAndAnnouncement/ANNOUNCEMENTSTOCK/From_EREP/202505/2e9ccab50e_362a7a6363.pdf,Pencatatan Saham [],KLBF,,,,
"09 Mei 2025
					17:57:49",https://www.idx.co.id/StaticData/NewsAndAnnouncement/ANNOUNCEMENTSTOCK/From_EREP/202505/eb7fd84308_7e06c8187e.pdf,Penyesuaian Efek Beredar [],KLBF,https://www.idx.co.id/StaticData/NewsAndAnnouncement/ANNOUNCEMENTSTOCK/From_EREP/202505/099b9bd01c_fa20e0be29.pdf,20250509_KLBF_Laporan Informasi dan Fakta Material_31884686_lamp1.pdf,,
"22 Mei 2025
					15:50:00",https://www.idx.co.id/StaticData/NewsAndAnnouncement/ANNOUNCEMENTSTOCK/From_EREP/202505/ede4bbc5cb_069693cdb6.pdf,Pengunduran Diri Dewan Komisaris Perseroan [],KLBF,https://www.idx.co.id/StaticData/NewsAndAnnouncement/ANNOUNCEMENTSTOCK/From_EREP/202505/278934f29f_0cd065558c.pdf,20250522_KLBF_Laporan Informasi dan Fakta Material_31888383_lamp1.pdf,,
"26 Mei 2025
					09:45:49",https://www.idx.co.id/StaticData/NewsAndAnnouncement/ANNOUNCEMENTSTOCK/From_EREP/202505/5fd2279f89_e4bbb3b90e.pdf,Ringkasan Risalah Rapat Umum Para Pemegang Saham Tahunan [],KLBF,https://www.idx.co.id/StaticData/NewsAndAnnouncement/ANNOUNCEMENTSTOCK/From_EREP/202505/ea1f127c58_f453bf7387.pdf,20250526_KLBF_Ringkasan Risalah/Risalah RUPS_31889030_lamp1.pdf,,
"26 Mei 2025
					10:28:52",https://www.idx.co.id/StaticData/NewsAndAnnouncement/ANNOUNCEMENTSTOCK/From_EREP/202505/81f27194e7_e72ca8139d.pdf,Perubahan Pengurus [],KLBF,,,,
"26 Mei 2025
					10:29:22",https://www.idx.co.id/StaticData/NewsAndAnnouncement/ANNOUNCEMENTSTOCK/From_EREP/202505/aec9cc49fe_e2ced2712f.pdf,Keterbukaan Informasi terkait Aksi Korporasi - Dividen Tunai - 26052025 [],KLBF,https://www.idx.co.id/StaticData/NewsAndAnnouncement/ANNOUNCEMENTSTOCK/From_EREP/202505/67895c727e_eeb73ee837.pdf,20250526_KLBF_Keterbukaan Informasi terkait Aksi Korporasi_31889062_lamp1.pdf,,
"28 Mei 2025
					17:26:16",https://www.idx.co.id/StaticData/NewsAndAnnouncement/ANNOUNCEMENTSTOCK/From_EREP/202506/c3c9a165a2_f6ce951940.pdf,Transaksi Afiliasi [],KLBF,https://www.idx.co.id/StaticData/NewsAndAnnouncement/ANNOUNCEMENTSTOCK/From_EREP/202506/da12b260ba_3050124166.pdf,20250528_KLBF_Laporan Informasi dan Fakta Material_31890112_lamp1.pdf,,
"02 Mei 2025
					14:12:20",https://www.idx.co.id/StaticData/NewsAndAnnouncement/ANNOUNCEMENTSTOCK/From_EREP/202505/2d8d73fbc8_ad0690acaf.pdf,Penyampaian Laporan Tahunan & Keberlanjutan dan ESG [],MAPA,https://www.idx.co.id/StaticData/NewsAndAnnouncement/ANNOUNCEMENTSTOCK/From_EREP/202505/831daae437_e588e105d3.pdf,AnnualReport2024-MAPA-att2.pdf,https://www.idx.co.id/StaticData/NewsAndAnnouncement/ANNOUNCEMENTSTOCK/From_EREP/202505/a7652fbf37_d226f6a424.pdf,AnnualReport2024-MAPA-att1.pdf
"13 Mei 2025
					17:49:18",https://www.idx.co.id/StaticData/NewsAndAnnouncement/ANNOUNCEMENTSTOCK/From_EREP/202505/39115e794e_602dc231ea.pdf,Laporan Bulanan Registrasi Pemegang Efek [],MAPA,https://www.idx.co.id/StaticData/NewsAndAnnouncement/ANNOUNCEMENTSTOCK/From_EREP/202505/09708f259d_efa54fb1b8.pdf,20250507_MAPA_Laporan Bulanan Registrasi Pemegang Efek/Perubahan Struktur Pemegang Saham_31883577_lamp2.pdf,https://www.idx.co.id/StaticData/NewsAndAnnouncement/ANNOUNCEMENTSTOCK/From_EREP/202505/47d0357af5_79b1432b0f.pdf,20250507_MAPA_Laporan Bulanan Registrasi Pemegang Efek/Perubahan Struktur Pemegang Saham_31883577_lamp1.pdf
"21 Mei 2025
					14:03:17",https://www.idx.co.id/StaticData/NewsAndAnnouncement/ANNOUNCEMENTSTOCK/From_EREP/202505/99478f48c4_9f56964e59.pdf,Pemberitahuan Rencana Rapat Umum Pemegang Saham Tahunan [],MAPA,https://www.idx.co.id/StaticData/NewsAndAnnouncement/ANNOUNCEMENTSTOCK/From_EREP/202505/e34410d488_4d5f43b9cb.pdf,20250521_MAPA_Pengumuman RUPS_31887746_lamp2.pdf,https://www.idx.co.id/StaticData/NewsAndAnnouncement/ANNOUNCEMENTSTOCK/From_EREP/202505/f7aec6e37b_14f70c486d.pdf,20250521_MAPA_Pengumuman RUPS_31887746_lamp1.pdf
"30 Mei 2025
					19:42:29",https://www.idx.co.id/StaticData/NewsAndAnnouncement/ANNOUNCEMENTSTOCK/From_EREP/202506/55da2bb4f9_5669c93f03.pdf,Penyampaian Laporan Tahunan & Keberlanjutan dan ESG (KOREKSI) [],MAPA,https://www.idx.co.id/StaticData/NewsAndAnnouncement/ANNOUNCEMENTSTOCK/From_EREP/202506/460d11a80b_fb8b826392.pdf,AnnualReport2024-MAPA-att2.pdf,https://www.idx.co.id/StaticData/NewsAndAnnouncement/ANNOUNCEMENTSTOCK/From_EREP/202506/d7ef7cd594_32bcc3a195.pdf,AnnualReport2024-MAPA-att1.pdf
"02 Mei 2025
					14:05:48",https://www.idx.co.id/StaticData/NewsAndAnnouncement/ANNOUNCEMENTSTOCK/From_EREP/202505/2b038524da_f423582a1a.pdf,Penyampaian Laporan Tahunan & Keberlanjutan dan ESG [],MAPI,https://www.idx.co.id/StaticData/NewsAndAnnouncement/ANNOUNCEMENTSTOCK/From_EREP/202505/6a35b28bbd_397cb8c200.pdf,AnnualReport2024-MAPI-att1.pdf,https://www.idx.co.id/StaticData/NewsAndAnnouncement/ANNOUNCEMENTSTOCK/From_EREP/202505/864112a46f_670cd6ce66.pdf,AnnualReport2024-MAPI-att2.pdf
"13 Mei 2025
					17:45:23",https://www.idx.co.id/StaticData/NewsAndAnnouncement/ANNOUNCEMENTSTOCK/From_EREP/202505/eb3ab91130_27b4d1a8b0.pdf,Laporan Bulanan Registrasi Pemegang Efek [],MAPI,https://www.idx.co.id/StaticData/NewsAndAnnouncement/ANNOUNCEMENTSTOCK/From_EREP/202505/14171cea24_655715b264.pdf,20250507_MAPI_Laporan Bulanan Registrasi Pemegang Efek/Perubahan Struktur Pemegang Saham_31883557_lamp1.pdf,https://www.idx.co.id/StaticData/NewsAndAnnouncement/ANNOUNCEMENTSTOCK/From_EREP/202505/b835a06c95_82505abe87.pdf,20250507_MAPI_Laporan Bulanan Registrasi Pemegang Efek/Perubahan Struktur Pemegang Saham_31883557_lamp2.pdf
"21 Mei 2025
					13:59:37",https://www.idx.co.id/StaticData/NewsAndAnnouncement/ANNOUNCEMENTSTOCK/From_EREP/202505/3c7358f85b_d7e0e405ce.pdf,Pemberitahuan Rencana Rapat Umum Pemegang Saham Tahunan [],MAPI,https://www.idx.co.id/StaticData/NewsAndAnnouncement/ANNOUNCEMENTSTOCK/From_EREP/202505/6c26116749_99c2d6fb8b.pdf,20250521_MAPI_Pengumuman RUPS_31887745_lamp2.pdf,https://www.idx.co.id/StaticData/NewsAndAnnouncement/ANNOUNCEMENTSTOCK/From_EREP/202505/bc75e79203_2c8a1d3ca8.pdf,20250521_MAPI_Pengumuman RUPS_31887745_lamp1.pdf
"30 Mei 2025
					19:50:49",https://www.idx.co.id/StaticData/NewsAndAnnouncement/ANNOUNCEMENTSTOCK/From_EREP/202505/452f4efede_14307b977f.pdf,Penyampaian Laporan Tahunan & Keberlanjutan dan ESG (KOREKSI) [],MAPI,https://www.idx.co.id/StaticData/NewsAndAnnouncement/ANNOUNCEMENTSTOCK/From_EREP/202505/7ebdee6a31_3ac7c4aca4.pdf,AnnualReport2024-MAPI-att2.pdf,https://www.idx.co.id/StaticData/NewsAndAnnouncement/ANNOUNCEMENTSTOCK/From_EREP/202505/822c4c0499_4428cfd364.pdf,AnnualReport2024-MAPI-att1.pdf
"01 Mei 2025
					00:16:44",https://www.idx.co.id/StaticData/NewsAndAnnouncement/ANNOUNCEMENTSTOCK/From_EREP/202505/54e41f471f_c470d617c3.pdf,Penyampaian Laporan Tahunan & Keberlanjutan dan ESG [],MBMA,https://www.idx.co.id/StaticData/NewsAndAnnouncement/ANNOUNCEMENTSTOCK/From_EREP/202505/6e34a53446_8e7765235c.pdf,AnnualReport2024-MBMA-att2.pdf,https://www.idx.co.id/StaticData/NewsAndAnnouncement/ANNOUNCEMENTSTOCK/From_EREP/202505/8cd1776ea3_f4dec28d7c.pdf,AnnualReport2024-MBMA-att1.pdf
"04 Mei 2025
					16:57:41",https://www.idx.co.id/StaticData/NewsAndAnnouncement/ANNOUNCEMENTSTOCK/From_EREP/202505/fa140f9b34_364f6dc1bf.pdf,Pemberitahuan Rencana Rapat Umum Pemegang Saham Tahunan [],MBMA,https://www.idx.co.id/StaticData/NewsAndAnnouncement/ANNOUNCEMENTSTOCK/From_EREP/202505/95c0c7649c_ac06aa566d.pdf,20250502_MBMA_Pengumuman RUPS_31881677_lamp1.pdf,,
"04 Mei 2025
					21:56:43",https://www.idx.co.id/StaticData/NewsAndAnnouncement/ANNOUNCEMENTSTOCK/From_EREP/202505/f6ef29aa17_0bf3dfca03.pdf,Penyampaian Bukti Iklan Pemberitahuan RUPS [],MBMA,https://www.idx.co.id/StaticData/NewsAndAnnouncement/ANNOUNCEMENTSTOCK/From_EREP/202505/53c8b3687c_e19bf1ca82.pdf,20250504_MBMA_Penyampaian Bukti Iklan_31881896_lamp1.pdf,,
"13 Mei 2025
					16:54:34",https://www.idx.co.id/StaticData/NewsAndAnnouncement/ANNOUNCEMENTSTOCK/From_EREP/202505/8dfa244f57_d30d0951b0.pdf,Laporan Bulanan Registrasi Pemegang Efek [],MBMA,https://www.idx.co.id/StaticData/NewsAndAnnouncement/ANNOUNCEMENTSTOCK/From_EREP/202505/524e248dac_19fdf97581.pdf,20250507_MBMA_Laporan Bulanan Registrasi Pemegang Efek/Perubahan Struktur Pemegang Saham_31883504_lamp4.pdf,https://www.idx.co.id/StaticData/NewsAndAnnouncement/ANNOUNCEMENTSTOCK/From_EREP/202505/9ac6d9f5a5_5ec05e32bc.pdf,20250507_MBMA_Laporan Bulanan Registrasi Pemegang Efek/Perubahan Struktur Pemegang Saham_31883504_lamp2.pdf
"19 Mei 2025
					19:10:50",https://www.idx.co.id/StaticData/NewsAndAnnouncement/ANNOUNCEMENTSTOCK/From_EREP/202505/685e80a3e1_b012359c60.pdf,Pemanggilan Rapat Umum Pemegang Saham Tahunan [],MBMA,https://www.idx.co.id/StaticData/NewsAndAnnouncement/ANNOUNCEMENTSTOCK/From_EREP/202505/138517e016_e27bae7817.pdf,20250516_MBMA_Pemanggilan RUPS_31886388_lamp1.pdf,,
"19 Mei 2025
					20:12:18",https://www.idx.co.id/StaticData/NewsAndAnnouncement/ANNOUNCEMENTSTOCK/From_EREP/202505/1685a6451b_008939a067.pdf,Penyampaian Bukti Iklan Panggilan RUPS [],MBMA,https://www.idx.co.id/StaticData/NewsAndAnnouncement/ANNOUNCEMENTSTOCK/From_EREP/202505/8d44d6f8f4_f1af719319.pdf,20250519_MBMA_Penyampaian Bukti Iklan_31887046_lamp1.pdf,,
"04 Mei 2025
					16:55:53",https://www.idx.co.id/StaticData/NewsAndAnnouncement/ANNOUNCEMENTSTOCK/From_EREP/202505/00e4ed89dc_494fbce027.pdf,Pemberitahuan Rencana Rapat Umum Pemegang Saham Tahunan [],MDKA,https://www.idx.co.id/StaticData/NewsAndAnnouncement/ANNOUNCEMENTSTOCK/From_EREP/202505/fd5b8f4760_b079bdfd14.pdf,20250502_MDKA_Pengumuman RUPS_31881372_lamp1.pdf,,
"04 Mei 2025
					20:36:28",https://www.idx.co.id/StaticData/NewsAndAnnouncement/ANNOUNCEMENTSTOCK/From_EREP/202505/1c2171a7fb_3045153613.pdf,Penyampaian Bukti Iklan Pemberitahuan RUPS [],MDKA,https://www.idx.co.id/StaticData/NewsAndAnnouncement/ANNOUNCEMENTSTOCK/From_EREP/202505/ce960947fd_8e9352858a.pdf,20250504_MDKA_Penyampaian Bukti Iklan_31881879_lamp1.pdf,,
"13 Mei 2025
					18:06:09",https://www.idx.co.id/StaticData/NewsAndAnnouncement/ANNOUNCEMENTSTOCK/From_EREP/202505/7d7454bc76_75b216cc70.pdf,Laporan Bulanan Registrasi Pemegang Efek [],MDKA,https://www.idx.co.id/StaticData/NewsAndAnnouncement/ANNOUNCEMENTSTOCK/From_EREP/202505/720500778f_503a3ca49a.pdf,20250505_MDKA_Laporan Bulanan Registrasi Pemegang Efek/Perubahan Struktur Pemegang Saham_31882247_lamp4.pdf,https://www.idx.co.id/StaticData/NewsAndAnnouncement/ANNOUNCEMENTSTOCK/From_EREP/202505/cae3d2fc2b_2d3703b469.pdf,20250505_MDKA_Laporan Bulanan Registrasi Pemegang Efek/Perubahan Struktur Pemegang Saham_31882247_lamp2.pdf
"19 Mei 2025
					20:45:38",https://www.idx.co.id/StaticData/NewsAndAnnouncement/ANNOUNCEMENTSTOCK/From_EREP/202505/b0990351d1_6a4eddcfad.pdf,Pemberitahuan Rencana Rapat Umum Pemegang Saham Tahunan [],MDKA,,,,
"19 Mei 2025
					20:49:18",https://www.idx.co.id/StaticData/NewsAndAnnouncement/ANNOUNCEMENTSTOCK/From_EREP/202505/5badee17f5_6ee26d9bfc.pdf,Pemanggilan Rapat Umum Pemegang Saham Tahunan [],MDKA,https://www.idx.co.id/StaticData/NewsAndAnnouncement/ANNOUNCEMENTSTOCK/From_EREP/202505/03007834ce_d4de11d252.pdf,20250519_MDKA_Pemanggilan RUPS_31887063_lamp1.pdf,,
"19 Mei 2025
					21:06:40",https://www.idx.co.id/StaticData/NewsAndAnnouncement/ANNOUNCEMENTSTOCK/From_EREP/202505/1987ff3614_59bd4c93cf.pdf,Penyampaian Bukti Iklan Panggilan RUPS [],MDKA,https://www.idx.co.id/StaticData/NewsAndAnnouncement/ANNOUNCEMENTSTOCK/From_EREP/202505/16eb51f6a4_1dc8f6446c.pdf,20250519_MDKA_Penyampaian Bukti Iklan_31887067_lamp1.pdf,,
"01 Mei 2025
					00:13:03",https://www.idx.co.id/StaticData/NewsAndAnnouncement/ANNOUNCEMENTSTOCK/From_EREP/202505/6b96065af5_ccafbf1fdf.pdf,Laporan Keberlanjutan dan ESG PT Medco Energi Internasional Tbk (KOREKSI) [],MEDC,https://www.idx.co.id/StaticData/NewsAndAnnouncement/ANNOUNCEMENTSTOCK/From_EREP/202505/06b7a6d657_794f7a9343.pdf,20250501_MEDC_Laporan Informasi dan Fakta Material_31881031_lamp3.pdf,https://www.idx.co.id/StaticData/NewsAndAnnouncement/ANNOUNCEMENTSTOCK/From_EREP/202505/488554c481_7c6fbe2cf5.pdf,20250501_MEDC_Laporan Informasi dan Fakta Material_31881031_lamp6.pdf
"02 Mei 2025
					09:57:03",https://www.idx.co.id/StaticData/NewsAndAnnouncement/ANNOUNCEMENTSTOCK/From_EREP/202505/a665092c59_f8ca406e5b.pdf,Penyampaian Laporan Keberlanjutan dan ESG [],MEDC,https://www.idx.co.id/StaticData/NewsAndAnnouncement/ANNOUNCEMENTSTOCK/From_EREP/202505/0595e91957_1b58148010.pdf,AnnualReport2024-MEDC-att8.pdf,https://www.idx.co.id/StaticData/NewsAndAnnouncement/ANNOUNCEMENTSTOCK/From_EREP/202505/24f4bb113a_36742de8aa.pdf,AnnualReport2024-MEDC-att12.pdf
"02 Mei 2025
					09:58:30",https://www.idx.co.id/StaticData/NewsAndAnnouncement/ANNOUNCEMENTSTOCK/From_EREP/202505/a665092c59_f8ca406e5b.pdf,Penyampaian Laporan Keberlanjutan dan ESG [],MEDC,https://www.idx.co.id/StaticData/NewsAndAnnouncement/ANNOUNCEMENTSTOCK/From_EREP/202505/0595e91957_1b58148010.pdf,AnnualReport2024-MEDC-att8.pdf,https://www.idx.co.id/StaticData/NewsAndAnnouncement/ANNOUNCEMENTSTOCK/From_EREP/202505/24f4bb113a_36742de8aa.pdf,AnnualReport2024-MEDC-att12.pdf
"05 Mei 2025
					15:28:28",https://www.idx.co.id/StaticData/NewsAndAnnouncement/ANNOUNCEMENTSTOCK/From_EREP/202505/7d01482734_3987bf502a.pdf,Penawaran Tender Tahun 2025 PT Medco Energi Internasional Tbk [],MEDC,https://www.idx.co.id/StaticData/NewsAndAnnouncement/ANNOUNCEMENTSTOCK/From_EREP/202505/20feed8989_7791df071d.pdf,20250505_MEDC_Laporan Informasi dan Fakta Material_31882256_lamp1.pdf,,
"06 Mei 2025
					10:43:33",https://www.idx.co.id/StaticData/NewsAndAnnouncement/ANNOUNCEMENTSTOCK/From_EREP/202505/d024e170a4_98ea4fde9c.pdf,Laporan Bulanan Registrasi Pemegang Efek [],MEDC,https://www.idx.co.id/StaticData/NewsAndAnnouncement/ANNOUNCEMENTSTOCK/From_EREP/202505/1b08576ea5_b1034c77f8.pdf,20250506_MEDC_Laporan Bulanan Registrasi Pemegang Efek/Perubahan Struktur Pemegang Saham_31882719_lamp2.pdf,https://www.idx.co.id/StaticData/NewsAndAnnouncement/ANNOUNCEMENTSTOCK/From_EREP/202505/55eb15616c_a7c4d085d3.pdf,20250506_MEDC_Laporan Bulanan Registrasi Pemegang Efek/Perubahan Struktur Pemegang Saham_31882719_lamp1.pdf
"08 Mei 2025
					10:30:32",https://www.idx.co.id/StaticData/NewsAndAnnouncement/ANNOUNCEMENTSTOCK/From_EREP/202505/fc68fc3a4f_333a60b595.pdf,Pemanggilan Rapat Umum Pemegang Saham Tahunan [],MEDC,https://www.idx.co.id/StaticData/NewsAndAnnouncement/ANNOUNCEMENTSTOCK/From_EREP/202505/f2a6e66743_ccb5037f1d.pdf,20250508_MEDC_Pemanggilan RUPS_31883984_lamp1.pdf,,
"08 Mei 2025
					14:31:58",https://www.idx.co.id/StaticData/NewsAndAnnouncement/ANNOUNCEMENTSTOCK/From_EREP/202505/40ab2f1b2b_f355902667.pdf,Penyampaian Laporan Tahunan (KOREKSI) [],MEDC,https://www.idx.co.id/StaticData/NewsAndAnnouncement/ANNOUNCEMENTSTOCK/From_EREP/202505/51d28e1a47_a6ea2fa500.pdf,AnnualReport2024-MEDC-att2.pdf,https://www.idx.co.id/StaticData/NewsAndAnnouncement/ANNOUNCEMENTSTOCK/From_EREP/202505/abb989c653_2c4a2e979d.pdf,AnnualReport2024-MEDC-att3.pdf
"08 Mei 2025
					14:43:24",https://www.idx.co.id/StaticData/NewsAndAnnouncement/ANNOUNCEMENTSTOCK/From_EREP/202505/94d855a0bd_6223a68590.pdf,Penyampaian Laporan Keberlanjutan dan ESG (KOREKSI) [],MEDC,https://www.idx.co.id/StaticData/NewsAndAnnouncement/ANNOUNCEMENTSTOCK/From_EREP/202505/201e5f6631_6b9380f671.pdf,AnnualReport2024-MEDC-att2.pdf,https://www.idx.co.id/StaticData/NewsAndAnnouncement/ANNOUNCEMENTSTOCK/From_EREP/202505/3d30dd57c2_26f262058c.pdf,AnnualReport2024-MEDC-att3.pdf
"09 Mei 2025
					22:28:58",https://www.idx.co.id/StaticData/NewsAndAnnouncement/ANNOUNCEMENTSTOCK/From_EREP/202505/87e45dc43f_feefab6a00.pdf,Press Release MedcoEnergi Terbitkan Obligasi Sebesar AS$400 Juta [],MEDC,https://www.idx.co.id/StaticData/NewsAndAnnouncement/ANNOUNCEMENTSTOCK/From_EREP/202505/17f56ebe27_25c4c0d084.pdf,20250509_MEDC_Laporan Informasi dan Fakta Material_31885155_lamp1.pdf,https://www.idx.co.id/StaticData/NewsAndAnnouncement/ANNOUNCEMENTSTOCK/From_EREP/202505/981d17cdc8_b6f66940cc.pdf,20250509_MEDC_Laporan Informasi dan Fakta Material_31885155_lamp2.pdf
"14 Mei 2025
					17:11:29",https://www.idx.co.id/StaticData/NewsAndAnnouncement/ANNOUNCEMENTSTOCK/From_EREP/202505/43dc767112_becbbfde35.pdf,Perjanjian Pinjam Meminjam antara Perseroan dengan PT Satria Raksa Buminusa  [],MEDC,https://www.idx.co.id/StaticData/NewsAndAnnouncement/ANNOUNCEMENTSTOCK/From_EREP/202505/e6486e065a_9e6f124fa1.pdf,20250514_MEDC_Laporan Informasi dan Fakta Material_31885594_lamp1.pdf,,
"16 Mei 2025
					22:48:12",https://www.idx.co.id/StaticData/NewsAndAnnouncement/ANNOUNCEMENTSTOCK/From_EREP/202505/7b3e93f209_b2986928a7.pdf,Press Release Mengenai Presiden Prabowo Resmikan Produksi Perdana Lapangan Forel dan Terubuk MedcoEnergi [],MEDC,https://www.idx.co.id/StaticData/NewsAndAnnouncement/ANNOUNCEMENTSTOCK/From_EREP/202505/54f3c2e820_0b7dcbd019.pdf,20250516_MEDC_Laporan Informasi dan Fakta Material_31886561_lamp1.pdf,https://www.idx.co.id/StaticData/NewsAndAnnouncement/ANNOUNCEMENTSTOCK/From_EREP/202505/c1903c4578_0c3e5e0f5a.pdf,20250516_MEDC_Laporan Informasi dan Fakta Material_31886561_lamp2.pdf
"19 Mei 2025
					15:43:57",https://www.idx.co.id/StaticData/NewsAndAnnouncement/ANNOUNCEMENTSTOCK/From_EREP/202505/afdd651562_5d5e7cc3b5.pdf,Penawaran Tender [],MEDC,https://www.idx.co.id/StaticData/NewsAndAnnouncement/ANNOUNCEMENTSTOCK/From_EREP/202505/21952af19c_fd4d4328fc.pdf,20250519_MEDC_Laporan Informasi dan Fakta Material_31886907_lamp1.pdf,,
"19 Mei 2025
					21:42:10",https://www.idx.co.id/StaticData/NewsAndAnnouncement/ANNOUNCEMENTSTOCK/From_EREP/202505/9bff0e837f_6b9cdf455d.pdf,Perseroan menerbitkan surat utang senilai USD 400.000.000 [],MEDC,https://www.idx.co.id/StaticData/NewsAndAnnouncement/ANNOUNCEMENTSTOCK/From_EREP/202505/ce936056ee_0ca55cb73b.pdf,20250519_MEDC_Laporan Informasi dan Fakta Material_31887075_lamp1.pdf,,
"19 Mei 2025
					21:48:15",https://www.idx.co.id/StaticData/NewsAndAnnouncement/ANNOUNCEMENTSTOCK/From_EREP/202505/b1eee59838_5391cd852b.pdf,Pelaporan Transaksi Afiliasi sehubungan dengan Pemberian Jaminan Perusahaan (Corporate Guarantee) oleh PT Medco Energi Internasional Tbk dan beberapa perusahaan terkendalinya atas Penerbitan Surat Utang [],MEDC,https://www.idx.co.id/StaticData/NewsAndAnnouncement/ANNOUNCEMENTSTOCK/From_EREP/202505/69b045c333_0edb01eab7.pdf,20250519_MEDC_Laporan Informasi dan Fakta Material_31887076_lamp1.pdf,,
"21 Mei 2025
					18:15:25",https://www.idx.co.id/StaticData/NewsAndAnnouncement/ANNOUNCEMENTSTOCK/From_EREP/202505/bf5bf4a01d_511d4db644.pdf,Siaran Media MedcoEnergi Tandatangani Perjanjian Swap Gas Domestik Multi-Pihak [],MEDC,https://www.idx.co.id/StaticData/NewsAndAnnouncement/ANNOUNCEMENTSTOCK/From_EREP/202505/78ee54d19c_c1326524f9.pdf,20250521_MEDC_Laporan Informasi dan Fakta Material_31888030_lamp2.pdf,https://www.idx.co.id/StaticData/NewsAndAnnouncement/ANNOUNCEMENTSTOCK/From_EREP/202505/c6e73dd456_5b45c0ff45.pdf,20250521_MEDC_Laporan Informasi dan Fakta Material_31888030_lamp1.pdf
"28 Mei 2025
					16:30:09",https://www.idx.co.id/StaticData/NewsAndAnnouncement/ANNOUNCEMENTSTOCK/From_EREP/202505/dd31c67fea_c7d5866b7f.pdf,"Penandatanganan perjanjian kredit, mengakibatkan bertambahnya kewajiban keuangan Perseroan. []",MEDC,https://www.idx.co.id/StaticData/NewsAndAnnouncement/ANNOUNCEMENTSTOCK/From_EREP/202505/c5c7a7c461_57b784fb2d.pdf,20250528_MEDC_Laporan Informasi dan Fakta Material_31890260_lamp1.pdf,,
"30 Mei 2025
					18:39:20",https://www.idx.co.id/StaticData/NewsAndAnnouncement/ANNOUNCEMENTSTOCK/From_EREP/202505/20250530184636-54311-0/FinancialStatement-2025-I-MEDC.pdf,Penyampaian Laporan Keuangan Interim Yang Tidak Diaudit [],MEDC,https://www.idx.co.id/StaticData/NewsAndAnnouncement/ANNOUNCEMENTSTOCK/From_EREP/202505/20250530184636-54311-0/Checklist%20Pengungkapan%20Lapkeu%20-%2031%20Mar%202025.pdf,Checklist Pengungkapan Lapkeu - 31 Mar 2025.pdf,https://www.idx.co.id/StaticData/NewsAndAnnouncement/ANNOUNCEMENTSTOCK/From_EREP/202505/20250530184636-54311-0/Cover%20Letter%20Lap%20Keu%2031%20March%202025_MEDC.pdf,Cover Letter Lap Keu 31 March 2025_MEDC.pdf
"06 Mei 2025
					13:24:08",https://www.idx.co.id/StaticData/NewsAndAnnouncement/ANNOUNCEMENTSTOCK/From_EREP/202505/a0cd92af30_2e1220d524.pdf,Pemanggilan Rapat Umum Pemegang Saham Tahunan [],PGAS,https://www.idx.co.id/StaticData/NewsAndAnnouncement/ANNOUNCEMENTSTOCK/From_EREP/202505/1ea7483be9_cab361efed.pdf,20250506_PGAS_Pemanggilan RUPS_31882766_lamp2.pdf,https://www.idx.co.id/StaticData/NewsAndAnnouncement/ANNOUNCEMENTSTOCK/From_EREP/202505/6930018ce7_31a61f9c28.pdf,20250506_PGAS_Pemanggilan RUPS_31882766_lamp1.pdf
"08 Mei 2025
					16:43:27",https://www.idx.co.id/StaticData/NewsAndAnnouncement/ANNOUNCEMENTSTOCK/From_EREP/202505/0e2fd3f7ba_8208816027.pdf,Laporan Bulanan Registrasi Pemegang Efek [],PGAS,https://www.idx.co.id/StaticData/NewsAndAnnouncement/ANNOUNCEMENTSTOCK/From_EREP/202505/07afa7ee59_025d981441.pdf,20250508_PGAS_Laporan Bulanan Registrasi Pemegang Efek/Perubahan Struktur Pemegang Saham_31884317_lamp2.pdf,https://www.idx.co.id/StaticData/NewsAndAnnouncement/ANNOUNCEMENTSTOCK/From_EREP/202505/0ab8d7fef1_d9c1079d02.pdf,20250508_PGAS_Laporan Bulanan Registrasi Pemegang Efek/Perubahan Struktur Pemegang Saham_31884317_lamp5.pdf
"20 Mei 2025
					18:39:53",https://www.idx.co.id/StaticData/NewsAndAnnouncement/ANNOUNCEMENTSTOCK/From_EREP/202505/d1d8cace29_d5eb998412.pdf,"Siaran Pers - Pemerintah Beri Dukungan Pasokan Gas, PGN Teken PJBG dan Kerja Sama Strategis di IPA Convex 2025 []",PGAS,https://www.idx.co.id/StaticData/NewsAndAnnouncement/ANNOUNCEMENTSTOCK/From_EREP/202505/6e3efb4559_8e7d0676c4.pdf,20250520_PGAS_Laporan Informasi dan Fakta Material_31887533_lamp2.pdf,https://www.idx.co.id/StaticData/NewsAndAnnouncement/ANNOUNCEMENTSTOCK/From_EREP/202505/8c3be61bce_61c93c0b54.pdf,20250520_PGAS_Laporan Informasi dan Fakta Material_31887533_lamp1.pdf
"21 Mei 2025
					21:25:32",https://www.idx.co.id/StaticData/NewsAndAnnouncement/ANNOUNCEMENTSTOCK/From_EREP/202505/5db3891e8c_15a75fc55f.pdf,"Siaran Pers - Sinergi Pemerintah - PGN Amankan Ketahanan Gas Domestik, PGN Tambah Pasokan dari Penandatanganan Swap Gas Agreement []",PGAS,https://www.idx.co.id/StaticData/NewsAndAnnouncement/ANNOUNCEMENTSTOCK/From_EREP/202505/707a9f3c02_f49177701f.pdf,20250521_PGAS_Laporan Informasi dan Fakta Material_31888102_lamp2.pdf,https://www.idx.co.id/StaticData/NewsAndAnnouncement/ANNOUNCEMENTSTOCK/From_EREP/202505/bc6284014d_757e5991af.pdf,20250521_PGAS_Laporan Informasi dan Fakta Material_31888102_lamp1.pdf
"22 Mei 2025
					08:00:07",https://www.idx.co.id/StaticData/NewsAndAnnouncement/ANNOUNCEMENTSTOCK/From_EREP/202505/e6853b7fd5_0f075f1664.pdf,"Siaran Pers - Angin Segar Pasar Gas Bumi Domestik, PGN-INPEX Masela Tandatangani HoA LNG Blok Masela []",PGAS,https://www.idx.co.id/StaticData/NewsAndAnnouncement/ANNOUNCEMENTSTOCK/From_EREP/202505/0e922f420d_36867326e6.pdf,20250522_PGAS_Laporan Informasi dan Fakta Material_31888146_lamp2.pdf,https://www.idx.co.id/StaticData/NewsAndAnnouncement/ANNOUNCEMENTSTOCK/From_EREP/202505/540f768b3a_b453735f3c.pdf,20250522_PGAS_Laporan Informasi dan Fakta Material_31888146_lamp1.pdf
"28 Mei 2025
					22:24:32",https://www.idx.co.id/StaticData/NewsAndAnnouncement/ANNOUNCEMENTSTOCK/From_EREP/202505/c01c5ffb40_d3e072cea7.pdf,"Siaran Pers - RUPST PGN 2025 Setujui Bagikan Dividen Sebesar 80% Laba Bersih 2024 Setara USD 271,5 Juta []",PGAS,https://www.idx.co.id/StaticData/NewsAndAnnouncement/ANNOUNCEMENTSTOCK/From_EREP/202505/27a39b2165_4dc9080569.pdf,20250528_PGAS_Laporan Informasi dan Fakta Material_31890445_lamp2.pdf,https://www.idx.co.id/StaticData/NewsAndAnnouncement/ANNOUNCEMENTSTOCK/From_EREP/202505/ffc69bc82a_4baf8f66c1.pdf,20250528_PGAS_Laporan Informasi dan Fakta Material_31890445_lamp1.pdf
"01 Mei 2025
					12:10:48",https://www.idx.co.id/StaticData/NewsAndAnnouncement/ANNOUNCEMENTSTOCK/From_EREP/202505/cd8c4bd06a_33052fe83b.pdf,Penyampaian Laporan Keberlanjutan dan ESG [],PGEO,https://www.idx.co.id/StaticData/NewsAndAnnouncement/ANNOUNCEMENTSTOCK/From_EREP/202505/705a2102a7_961dcf12e8.pdf,AnnualReport2024-PGEO-att1.pdf,,
"01 Mei 2025
					23:36:53",https://www.idx.co.id/StaticData/NewsAndAnnouncement/ANNOUNCEMENTSTOCK/From_EREP/202505/ee16e677fc_ca0f008425.pdf,Rencana Transaksi Perubahan Kegiatan Usaha [],PGEO,https://www.idx.co.id/StaticData/NewsAndAnnouncement/ANNOUNCEMENTSTOCK/From_EREP/202505/18de804474_8c51303ac1.pdf,20250501_PGEO_Rencana Transaksi Perubahan Kegiatan Usaha_31881129_lamp5.pdf,https://www.idx.co.id/StaticData/NewsAndAnnouncement/ANNOUNCEMENTSTOCK/From_EREP/202505/314c7229ef_e229785730.pdf,20250501_PGEO_Rencana Transaksi Perubahan Kegiatan Usaha_31881129_lamp3.pdf
"05 Mei 2025
					22:52:07",https://www.idx.co.id/StaticData/NewsAndAnnouncement/ANNOUNCEMENTSTOCK/From_EREP/202505/227e101305_4d0c2aa9ca.pdf,Laporan Bulanan Registrasi Pemegang Efek [],PGEO,https://www.idx.co.id/StaticData/NewsAndAnnouncement/ANNOUNCEMENTSTOCK/From_EREP/202505/014ad8f1a5_095d522d53.pdf,20250505_PGEO_Laporan Bulanan Registrasi Pemegang Efek/Perubahan Struktur Pemegang Saham_31882572_lamp9.pdf,https://www.idx.co.id/StaticData/NewsAndAnnouncement/ANNOUNCEMENTSTOCK/From_EREP/202505/25efcf97f0_d18d4994c5.pdf,20250505_PGEO_Laporan Bulanan Registrasi Pemegang Efek/Perubahan Struktur Pemegang Saham_31882572_lamp5.pdf
"05 Mei 2025
					23:01:30",https://www.idx.co.id/StaticData/NewsAndAnnouncement/ANNOUNCEMENTSTOCK/From_EREP/202505/227e101305_4d0c2aa9ca.pdf,Laporan Bulanan Registrasi Pemegang Efek [],PGEO,https://www.idx.co.id/StaticData/NewsAndAnnouncement/ANNOUNCEMENTSTOCK/From_EREP/202505/014ad8f1a5_095d522d53.pdf,20250505_PGEO_Laporan Bulanan Registrasi Pemegang Efek/Perubahan Struktur Pemegang Saham_31882572_lamp9.pdf,https://www.idx.co.id/StaticData/NewsAndAnnouncement/ANNOUNCEMENTSTOCK/From_EREP/202505/25efcf97f0_d18d4994c5.pdf,20250505_PGEO_Laporan Bulanan Registrasi Pemegang Efek/Perubahan Struktur Pemegang Saham_31882572_lamp5.pdf
"09 Mei 2025
					20:55:39",https://www.idx.co.id/StaticData/NewsAndAnnouncement/ANNOUNCEMENTSTOCK/From_EREP/202505/0660edb88c_02deba6fb7.pdf,Pemanggilan Rapat Umum Pemegang Saham Tahunan [],PGEO,https://www.idx.co.id/StaticData/NewsAndAnnouncement/ANNOUNCEMENTSTOCK/From_EREP/202505/51231e5213_f7cb60b6fc.pdf,20250509_PGEO_Pemanggilan RUPS_31885125_lamp1.pdf,https://www.idx.co.id/StaticData/NewsAndAnnouncement/ANNOUNCEMENTSTOCK/From_EREP/202505/9fbb395ac0_c4bd6d6e3b.pdf,20250509_PGEO_Pemanggilan RUPS_31885125_lamp2.pdf
"14 Mei 2025
					23:41:24",https://www.idx.co.id/StaticData/NewsAndAnnouncement/ANNOUNCEMENTSTOCK/From_EREP/202505/f0f0be76e1_3c4327b65f.pdf,Penyampaian Bukti Iklan Panggilan RUPS [],PGEO,https://www.idx.co.id/StaticData/NewsAndAnnouncement/ANNOUNCEMENTSTOCK/From_EREP/202505/deffdd0a7a_e98ae2d2f9.pdf,20250514_PGEO_Penyampaian Bukti Iklan_31885642_lamp1.pdf,,
"19 Mei 2025
					23:13:19",https://www.idx.co.id/StaticData/NewsAndAnnouncement/ANNOUNCEMENTSTOCK/From_EREP/202505/a7eca4a8aa_6aad2147b3.pdf,Perubahan dan/atau Tambahan Informasi Atas Keterbukaan Informasi Kepada Pemegang Saham PT Pertamina Geothermal Energy Tbk (Perseroan) Sehubungan Dengan Rencana Perubahan Kegiatan Usaha Perseroan [],PGEO,https://www.idx.co.id/StaticData/NewsAndAnnouncement/ANNOUNCEMENTSTOCK/From_EREP/202505/3aaeda906a_ce41449ed9.pdf,20250519_PGEO_Laporan Informasi dan Fakta Material_31887057_lamp4.pdf,https://www.idx.co.id/StaticData/NewsAndAnnouncement/ANNOUNCEMENTSTOCK/From_EREP/202505/4fe01ccbf1_82da2131bd.pdf,20250519_PGEO_Laporan Informasi dan Fakta Material_31887057_lamp1.pdf
"21 Mei 2025
					16:39:24",https://www.idx.co.id/StaticData/NewsAndAnnouncement/ANNOUNCEMENTSTOCK/From_EREP/202505/69e9c911ed_060e99a724.pdf,Penjelasan atas Volatilitas Transaksi [],PGEO,,,,
"23 Mei 2025
					09:17:38",https://www.idx.co.id/StaticData/NewsAndAnnouncement/ANNOUNCEMENTSTOCK/From_EREP/202505/ccfc4ee4d8_92bc7499c1.pdf,Penjelasan atas Volatilitas Transaksi (KOREKSI) [],PGEO,,,,
"03 Mei 2025
					21:24:12",https://www.idx.co.id/StaticData/NewsAndAnnouncement/ANNOUNCEMENTSTOCK/From_EREP/202505/20250503213333-54296-0/FinancialStatement-2025-I-PTBA.pdf,Penyampaian Laporan Keuangan Interim Yang Tidak Diaudit [],PTBA,https://www.idx.co.id/StaticData/NewsAndAnnouncement/ANNOUNCEMENTSTOCK/From_EREP/202505/20250503213333-54296-0/Checklist%20Pengungkapan%20TW%201%20Tahun%202025_Signed.pdf,Checklist Pengungkapan TW 1 Tahun 2025_Signed.pdf,https://www.idx.co.id/StaticData/NewsAndAnnouncement/ANNOUNCEMENTSTOCK/From_EREP/202505/20250503213333-54296-0/FinancialStatement-2025-I-PTBA.xlsx,FinancialStatement-2025-I-PTBA.xlsx
"05 Mei 2025
					18:45:51",https://www.idx.co.id/StaticData/NewsAndAnnouncement/ANNOUNCEMENTSTOCK/From_EREP/202505/8648f47ef4_4b4918473c.pdf,Laporan Bulanan Registrasi Pemegang Efek [],PTBA,https://www.idx.co.id/StaticData/NewsAndAnnouncement/ANNOUNCEMENTSTOCK/From_EREP/202505/ad26063334_c09de0939f.pdf,20250505_PTBA_Laporan Bulanan Registrasi Pemegang Efek/Perubahan Struktur Pemegang Saham_31882491_lamp2.pdf,https://www.idx.co.id/StaticData/NewsAndAnnouncement/ANNOUNCEMENTSTOCK/From_EREP/202505/adb441271c_9a00f24e91.pdf,20250505_PTBA_Laporan Bulanan Registrasi Pemegang Efek/Perubahan Struktur Pemegang Saham_31882491_lamp3.pdf
"06 Mei 2025
					15:04:57",https://www.idx.co.id/StaticData/NewsAndAnnouncement/ANNOUNCEMENTSTOCK/From_EREP/202505/044fb37ddf_e5943a5868.pdf,Pemberitahuan Rencana Rapat Umum Pemegang Saham Tahunan [],PTBA,https://www.idx.co.id/StaticData/NewsAndAnnouncement/ANNOUNCEMENTSTOCK/From_EREP/202505/b107dc3e84_88792a4c62.pdf,20250506_PTBA_Pengumuman RUPS_31882688_lamp1.pdf,https://www.idx.co.id/StaticData/NewsAndAnnouncement/ANNOUNCEMENTSTOCK/From_EREP/202505/c1142097ba_e21ecd9bd2.pdf,20250506_PTBA_Pengumuman RUPS_31882688_lamp2.pdf
"06 Mei 2025
					16:08:20",https://www.idx.co.id/StaticData/NewsAndAnnouncement/ANNOUNCEMENTSTOCK/From_EREP/202505/a3671c031a_4fac792d01.pdf,Penyampaian Bukti Iklan Pemberitahuan RUPS [],PTBA,https://www.idx.co.id/StaticData/NewsAndAnnouncement/ANNOUNCEMENTSTOCK/From_EREP/202505/58121ce274_0d702ddf76.pdf,20250506_PTBA_Penyampaian Bukti Iklan_31882965_lamp1.pdf,https://www.idx.co.id/StaticData/NewsAndAnnouncement/ANNOUNCEMENTSTOCK/From_EREP/202505/8c67c7d276_0c064abac7.pdf,20250506_PTBA_Penyampaian Bukti Iklan_31882965_lamp2.pdf
"21 Mei 2025
					15:00:49",https://www.idx.co.id/StaticData/NewsAndAnnouncement/ANNOUNCEMENTSTOCK/From_EREP/202505/cff439f61e_1efafea038.pdf,Pemanggilan Rapat Umum Pemegang Saham Tahunan [],PTBA,https://www.idx.co.id/StaticData/NewsAndAnnouncement/ANNOUNCEMENTSTOCK/From_EREP/202505/eb1467a2d3_e4afb491f0.pdf,20250521_PTBA_Pemanggilan RUPS_31887733_lamp1.pdf,,
"21 Mei 2025
					16:16:11",https://www.idx.co.id/StaticData/NewsAndAnnouncement/ANNOUNCEMENTSTOCK/From_EREP/202505/c276fcc9fa_985791324c.pdf,Penyampaian Bukti Iklan Panggilan RUPS [],PTBA,https://www.idx.co.id/StaticData/NewsAndAnnouncement/ANNOUNCEMENTSTOCK/From_EREP/202505/ba0e18836d_0a7d5283d8.pdf,20250521_PTBA_Penyampaian Bukti Iklan_31887887_lamp1.pdf,https://www.idx.co.id/StaticData/NewsAndAnnouncement/ANNOUNCEMENTSTOCK/From_EREP/202505/fcc2be6552_8a581f2aef.pdf,20250521_PTBA_Penyampaian Bukti Iklan_31887887_lamp2.pdf
"21 Mei 2025
					17:34:10",https://www.idx.co.id/StaticData/NewsAndAnnouncement/ANNOUNCEMENTSTOCK/From_EREP/202505/07fbca5db4_ff87e20370.pdf,Pemanggilan Rapat Umum Pemegang Saham Tahunan (KOREKSI) [],PTBA,https://www.idx.co.id/StaticData/NewsAndAnnouncement/ANNOUNCEMENTSTOCK/From_EREP/202505/6682903fc7_3b3d9167d0.pdf,20250521_PTBA_Pemanggilan RUPS_31887985_lamp1.pdf,,
"02 Mei 2025
					14:31:09",https://www.idx.co.id/StaticData/NewsAndAnnouncement/ANNOUNCEMENTSTOCK/From_EREP/202505/3b01853ae3_8a92541ee0.pdf,Pemegang Saham di atas 5% (KSEI) [],Semua Emiten Saham,https://www.idx.co.id/StaticData/NewsAndAnnouncement/ANNOUNCEMENTSTOCK/From_EREP/202505/3280e6b12d_8e0148f0f6.pdf,20250502_Semua Emiten Saham_Pengumuman Bursa_31881435_lamp1.pdf,,
"05 Mei 2025
					14:29:56",https://www.idx.co.id/StaticData/NewsAndAnnouncement/ANNOUNCEMENTSTOCK/From_EREP/202505/185dfcdae6_3995c36a0d.pdf,Pemegang Saham di atas 5% (KSEI) [],Semua Emiten Saham,https://www.idx.co.id/StaticData/NewsAndAnnouncement/ANNOUNCEMENTSTOCK/From_EREP/202505/0e90ba6822_bbcc6eac36.pdf,20250505_Semua Emiten Saham_Pengumuman Bursa_31882125_lamp1.pdf,,
"06 Mei 2025
					16:15:31",https://www.idx.co.id/StaticData/NewsAndAnnouncement/ANNOUNCEMENTSTOCK/From_EREP/202505/bfc4139092_0f3193e354.pdf,Pemegang Saham di atas 5% (KSEI) [],Semua Emiten Saham,https://www.idx.co.id/StaticData/NewsAndAnnouncement/ANNOUNCEMENTSTOCK/From_EREP/202505/8db32a6ee3_963a288b17.pdf,20250506_Semua Emiten Saham_Pengumuman Bursa_31882824_lamp1.pdf,,
"08 Mei 2025
					09:44:34",https://www.idx.co.id/StaticData/NewsAndAnnouncement/ANNOUNCEMENTSTOCK/From_EREP/202505/acc38c9be3_a5b070debd.pdf,Pemegang Saham di atas 5% (KSEI) [],Semua Emiten Saham,https://www.idx.co.id/StaticData/NewsAndAnnouncement/ANNOUNCEMENTSTOCK/From_EREP/202505/d79de85353_ae79342491.pdf,20250507_Semua Emiten Saham_Pengumuman Bursa_31883427_lamp1.pdf,,
"08 Mei 2025
					15:50:34",https://www.idx.co.id/StaticData/NewsAndAnnouncement/ANNOUNCEMENTSTOCK/From_EREP/202505/f22867e549_07db4703a0.pdf,Pemegang Saham di atas 5% (KSEI) [],Semua Emiten Saham,https://www.idx.co.id/StaticData/NewsAndAnnouncement/ANNOUNCEMENTSTOCK/From_EREP/202505/64bc1ae91c_f3fd4655e0.pdf,20250508_Semua Emiten Saham_Pengumuman Bursa_31884158_lamp1.pdf,,
"09 Mei 2025
					16:15:32",https://www.idx.co.id/StaticData/NewsAndAnnouncement/ANNOUNCEMENTSTOCK/From_EREP/202505/98bc76720b_83ea69b036.pdf,Pemegang Saham di atas 5% (KSEI) [],Semua Emiten Saham,https://www.idx.co.id/StaticData/NewsAndAnnouncement/ANNOUNCEMENTSTOCK/From_EREP/202505/3ee5cbe186_c4cb5ba125.pdf,20250509_Semua Emiten Saham_Pengumuman Bursa_31884732_lamp1.pdf,,
"14 Mei 2025
					17:11:43",https://www.idx.co.id/StaticData/NewsAndAnnouncement/ANNOUNCEMENTSTOCK/From_EREP/202505/41248a63cf_47592040a0.pdf,Pemegang Saham di atas 5% (KSEI) [],Semua Emiten Saham,https://www.idx.co.id/StaticData/NewsAndAnnouncement/ANNOUNCEMENTSTOCK/From_EREP/202505/9aa24cc8c5_3eaf328260.pdf,20250514_Semua Emiten Saham_Pengumuman Bursa_31885441_lamp1.pdf,,
"15 Mei 2025
					14:10:23",https://www.idx.co.id/StaticData/NewsAndAnnouncement/ANNOUNCEMENTSTOCK/From_EREP/202505/56494f0f78_4f9b51757b.pdf,Pemegang Saham di atas 5% (KSEI) [],Semua Emiten Saham,https://www.idx.co.id/StaticData/NewsAndAnnouncement/ANNOUNCEMENTSTOCK/From_EREP/202505/f081a52b5c_ac795f86cf.pdf,20250515_Semua Emiten Saham_Pengumuman Bursa_31885907_lamp1.pdf,,
"16 Mei 2025
					14:40:27",https://www.idx.co.id/StaticData/NewsAndAnnouncement/ANNOUNCEMENTSTOCK/From_EREP/202505/209b9d323d_274a66d45f.pdf,Pemegang Saham di atas 5% (KSEI) [],Semua Emiten Saham,https://www.idx.co.id/StaticData/NewsAndAnnouncement/ANNOUNCEMENTSTOCK/From_EREP/202505/5090a951ee_f2db7c5c75.pdf,20250516_Semua Emiten Saham_Pengumuman Bursa_31886295_lamp1.pdf,,
"19 Mei 2025
					16:00:30",https://www.idx.co.id/StaticData/NewsAndAnnouncement/ANNOUNCEMENTSTOCK/From_EREP/202505/593e1a5262_6cbbd4bd43.pdf,Pemegang Saham di atas 5% (KSEI) [],Semua Emiten Saham,https://www.idx.co.id/StaticData/NewsAndAnnouncement/ANNOUNCEMENTSTOCK/From_EREP/202505/dbc36c1d31_96f37c7959.pdf,20250519_Semua Emiten Saham_Pengumuman Bursa_31886797_lamp1.pdf,,
"20 Mei 2025
					14:41:04",https://www.idx.co.id/StaticData/NewsAndAnnouncement/ANNOUNCEMENTSTOCK/From_EREP/202505/bafe19be2e_863cc360cd.pdf,Pemegang Saham di atas 5% (KSEI) [],Semua Emiten Saham,https://www.idx.co.id/StaticData/NewsAndAnnouncement/ANNOUNCEMENTSTOCK/From_EREP/202505/a24adfbfb7_e798585c45.pdf,20250520_Semua Emiten Saham_Pengumuman Bursa_31887264_lamp1.pdf,,
"21 Mei 2025
					15:00:59",https://www.idx.co.id/StaticData/NewsAndAnnouncement/ANNOUNCEMENTSTOCK/From_EREP/202505/6020ead506_476679637f.pdf,Pemegang Saham di atas 5% (KSEI) [],Semua Emiten Saham,https://www.idx.co.id/StaticData/NewsAndAnnouncement/ANNOUNCEMENTSTOCK/From_EREP/202505/c0d574dc1d_a30f209952.pdf,20250521_Semua Emiten Saham_Pengumuman Bursa_31887749_lamp1.pdf,,
"22 Mei 2025
					16:12:56",https://www.idx.co.id/StaticData/NewsAndAnnouncement/ANNOUNCEMENTSTOCK/From_EREP/202505/44ee23ab3d_3abd2c4be7.pdf,Pemegang Saham di atas 5% (KSEI) [],Semua Emiten Saham,https://www.idx.co.id/StaticData/NewsAndAnnouncement/ANNOUNCEMENTSTOCK/From_EREP/202505/121ea0acaf_d43742e8e7.pdf,20250522_Semua Emiten Saham_Pengumuman Bursa_31888286_lamp1.pdf,,
"23 Mei 2025
					15:20:35",https://www.idx.co.id/StaticData/NewsAndAnnouncement/ANNOUNCEMENTSTOCK/From_EREP/202505/6cfdaa60f5_f78d87d5f8.pdf,Pemegang Saham di atas 5% (KSEI) [],Semua Emiten Saham,https://www.idx.co.id/StaticData/NewsAndAnnouncement/ANNOUNCEMENTSTOCK/From_EREP/202505/f901964983_63e22afe46.pdf,20250523_Semua Emiten Saham_Pengumuman Bursa_31888728_lamp1.pdf,,
"26 Mei 2025
					15:04:15",https://www.idx.co.id/StaticData/NewsAndAnnouncement/ANNOUNCEMENTSTOCK/From_EREP/202505/4ead832591_594a624a9b.pdf,Pemegang Saham di atas 5% (KSEI) [],Semua Emiten Saham,https://www.idx.co.id/StaticData/NewsAndAnnouncement/ANNOUNCEMENTSTOCK/From_EREP/202505/0ce8fc12d8_bca4842e1f.pdf,20250526_Semua Emiten Saham_Pengumuman Bursa_31889132_lamp1.pdf,,
"27 Mei 2025
					14:24:40",https://www.idx.co.id/StaticData/NewsAndAnnouncement/ANNOUNCEMENTSTOCK/From_EREP/202505/9b184edacc_9a736740c7.pdf,Pemegang Saham di atas 5% (KSEI) [],Semua Emiten Saham,https://www.idx.co.id/StaticData/NewsAndAnnouncement/ANNOUNCEMENTSTOCK/From_EREP/202505/74d73bd353_ac05a1581c.pdf,20250527_Semua Emiten Saham_Pengumuman Bursa_31889556_lamp1.pdf,,
"28 Mei 2025
					16:41:11",https://www.idx.co.id/StaticData/NewsAndAnnouncement/ANNOUNCEMENTSTOCK/From_EREP/202505/1c00fff417_c1c9dbceab.pdf,Pemegang Saham di atas 5% (KSEI) [],Semua Emiten Saham,https://www.idx.co.id/StaticData/NewsAndAnnouncement/ANNOUNCEMENTSTOCK/From_EREP/202505/6b98fa3af5_51ef1729c5.pdf,20250528_Semua Emiten Saham_Pengumuman Bursa_31890056_lamp1.pdf,,
"02 Mei 2025
					15:34:16",https://www.idx.co.id/StaticData/NewsAndAnnouncement/ANNOUNCEMENTSTOCK/From_EREP/202505/612edbba54_687389ba56.pdf,Ringkasan Risalah Rapat Umum Para Pemegang Saham Tahunan [],SIDO,https://www.idx.co.id/StaticData/NewsAndAnnouncement/ANNOUNCEMENTSTOCK/From_EREP/202505/d78df1f037_29149f3d20.pdf,20250430_SIDO_Ringkasan Risalah/Risalah RUPS_31879587_lamp2.pdf,https://www.idx.co.id/StaticData/NewsAndAnnouncement/ANNOUNCEMENTSTOCK/From_EREP/202505/d7cd0d7c36_cf9e88f3c2.pdf,20250430_SIDO_Ringkasan Risalah/Risalah RUPS_31879587_lamp1.pdf
"05 Mei 2025
					10:36:27",https://www.idx.co.id/StaticData/NewsAndAnnouncement/ANNOUNCEMENTSTOCK/From_EREP/202505/5159c9b7fd_eda3c81814.pdf,Keterbukaan Informasi terkait Aksi Korporasi - Dividen Tunai - 05052025 [],SIDO,https://www.idx.co.id/StaticData/NewsAndAnnouncement/ANNOUNCEMENTSTOCK/From_EREP/202505/e0986a3665_949b021fad.pdf,20250505_SIDO_Keterbukaan Informasi terkait Aksi Korporasi_31881908_lamp1.pdf,,
"05 Mei 2025
					14:30:50",https://www.idx.co.id/StaticData/NewsAndAnnouncement/ANNOUNCEMENTSTOCK/From_EREP/202505/db7d35f701_9b886aceb9.pdf,Laporan Bulanan Registrasi Pemegang Efek [],SIDO,https://www.idx.co.id/StaticData/NewsAndAnnouncement/ANNOUNCEMENTSTOCK/From_EREP/202505/5635b06776_71ff9a4f79.pdf,20250505_SIDO_Laporan Bulanan Registrasi Pemegang Efek/Perubahan Struktur Pemegang Saham_31882146_lamp1.pdf,,
"02 Mei 2025
					19:46:57",https://www.idx.co.id/StaticData/NewsAndAnnouncement/ANNOUNCEMENTSTOCK/From_EREP/202505/58cb068abd_2531bb625f.pdf,Rencana Pembelian Kembali Saham dalam Kondisi Pasar yang Berfluktuasi secara Signifikan (KOREKSI) [],SMGR,https://www.idx.co.id/StaticData/NewsAndAnnouncement/ANNOUNCEMENTSTOCK/From_EREP/202505/22efe85325_ddc838e340.pdf,20250502_SMGR_Laporan Informasi dan Fakta Material_31881819_lamp2.pdf,https://www.idx.co.id/StaticData/NewsAndAnnouncement/ANNOUNCEMENTSTOCK/From_EREP/202505/37b8dc25ab_dc0bbcc023.pdf,20250502_SMGR_Laporan Informasi dan Fakta Material_31881819_lamp1.pdf
"02 Mei 2025
					19:48:18",https://www.idx.co.id/StaticData/NewsAndAnnouncement/ANNOUNCEMENTSTOCK/From_EREP/202505/f3e34679df_1739d079cc.pdf,Keterbukaan Informasi Sehubungan dengan Rencana Pembelian Kembali Saham (Buyback) dan Pengalihan Saham hasil Buyback (KOREKSI) [],SMGR,https://www.idx.co.id/StaticData/NewsAndAnnouncement/ANNOUNCEMENTSTOCK/From_EREP/202505/0ea51c5094_f62d00a63f.pdf,20250502_SMGR_Laporan Informasi dan Fakta Material_31881821_lamp3.pdf,https://www.idx.co.id/StaticData/NewsAndAnnouncement/ANNOUNCEMENTSTOCK/From_EREP/202505/d2575dac1d_d1776038eb.pdf,20250502_SMGR_Laporan Informasi dan Fakta Material_31881821_lamp1.pdf
"05 Mei 2025
					22:30:06",https://www.idx.co.id/StaticData/NewsAndAnnouncement/ANNOUNCEMENTSTOCK/From_EREP/202505/97c39d8bc4_8831518bc1.pdf,Laporan Bulanan Registrasi Pemegang Efek [],SMGR,https://www.idx.co.id/StaticData/NewsAndAnnouncement/ANNOUNCEMENTSTOCK/From_EREP/202505/40d957d06b_7dbb5d0454.pdf,20250505_SMGR_Laporan Bulanan Registrasi Pemegang Efek/Perubahan Struktur Pemegang Saham_31882563_lamp1.pdf,,
"21 Mei 2025
					23:28:10",https://www.idx.co.id/StaticData/NewsAndAnnouncement/ANNOUNCEMENTSTOCK/From_EREP/202505/a7aa2ed2a6_286480d111.pdf,Pengkinian Keterbukaan Informasi sehubungan dengan Perubahan Kegiatan Usaha Perseroan [],SMGR,https://www.idx.co.id/StaticData/NewsAndAnnouncement/ANNOUNCEMENTSTOCK/From_EREP/202505/b7b8690304_b6c90c0750.pdf,20250521_SMGR_Laporan Informasi dan Fakta Material_31888132_lamp1.pdf,,
"26 Mei 2025
					13:25:17",https://www.idx.co.id/StaticData/NewsAndAnnouncement/ANNOUNCEMENTSTOCK/From_EREP/202505/1d33d0cb3a_a09b478f45.pdf,Perubahan anggota Direksi dan/atau anggota Dewan Komisaris [],SMGR,https://www.idx.co.id/StaticData/NewsAndAnnouncement/ANNOUNCEMENTSTOCK/From_EREP/202505/be3b48760b_60dbb7f6bf.pdf,20250526_SMGR_Laporan Informasi dan Fakta Material_31889120_lamp1.pdf,,
"26 Mei 2025
					14:17:06",https://www.idx.co.id/StaticData/NewsAndAnnouncement/ANNOUNCEMENTSTOCK/From_EREP/202505/edde2c8950_8fd7e584f6.pdf,Perubahan Pengurus [],SMGR,https://www.idx.co.id/StaticData/NewsAndAnnouncement/ANNOUNCEMENTSTOCK/From_EREP/202505/db6c0561c3_43be09bd49.pdf,20250526_SMGR_Perubahan Pengurus_31889118_lamp1.pdf,,
"27 Mei 2025
					19:48:08",https://www.idx.co.id/StaticData/NewsAndAnnouncement/ANNOUNCEMENTSTOCK/From_EREP/202505/146a0a0067_6165589012.pdf,Ringkasan Risalah Rapat Umum Para Pemegang Saham Tahunan [],SMGR,https://www.idx.co.id/StaticData/NewsAndAnnouncement/ANNOUNCEMENTSTOCK/From_EREP/202505/d888bce34c_9c0ce2e84f.pdf,20250527_SMGR_Ringkasan Risalah/Risalah RUPS_31889771_lamp1.pdf,,
"27 Mei 2025
					22:15:57",https://www.idx.co.id/StaticData/NewsAndAnnouncement/ANNOUNCEMENTSTOCK/From_EREP/202505/50b88b0bf1_283a339a9e.pdf,Keterbukaan Informasi terkait Aksi Korporasi - Dividen Tunai - 27052025 [],SMGR,https://www.idx.co.id/StaticData/NewsAndAnnouncement/ANNOUNCEMENTSTOCK/From_EREP/202505/6a0c29ae96_d082840334.pdf,20250527_SMGR_Keterbukaan Informasi terkait Aksi Korporasi_31889843_lamp1.pdf,,
"05 Mei 2025
					20:53:48",https://www.idx.co.id/StaticData/NewsAndAnnouncement/ANNOUNCEMENTSTOCK/From_EREP/202505/20250505210236-54301-0/FinancialStatement-2025-I-SMRA.pdf,Penyampaian Laporan Keuangan Interim Yang Tidak Diaudit [],SMRA,https://www.idx.co.id/StaticData/NewsAndAnnouncement/ANNOUNCEMENTSTOCK/From_EREP/202505/20250505210236-54301-0/FinancialStatement-2025-I-SMRA.xlsx,FinancialStatement-2025-I-SMRA.xlsx,https://www.idx.co.id/StaticData/NewsAndAnnouncement/ANNOUNCEMENTSTOCK/From_EREP/202505/20250505210236-54301-0/inlineXBRL.zip,inlineXBRL.zip
"06 Mei 2025
					13:11:06",https://www.idx.co.id/StaticData/NewsAndAnnouncement/ANNOUNCEMENTSTOCK/From_EREP/202505/fdfc242907_0e0a88d4a4.pdf,Pemberitahuan Rencana Rapat Umum Pemegang Saham Tahunan [],SMRA,https://www.idx.co.id/StaticData/NewsAndAnnouncement/ANNOUNCEMENTSTOCK/From_EREP/202505/46a110167d_d8d002ea3a.pdf,20250506_SMRA_Pengumuman RUPS_31882664_lamp1.pdf,https://www.idx.co.id/StaticData/NewsAndAnnouncement/ANNOUNCEMENTSTOCK/From_EREP/202505/ae7c3d51f6_d473a4487e.pdf,20250506_SMRA_Pengumuman RUPS_31882664_lamp2.pdf
"06 Mei 2025
					16:02:24",https://www.idx.co.id/StaticData/NewsAndAnnouncement/ANNOUNCEMENTSTOCK/From_EREP/202505/444642a7f1_62e4617eb3.pdf,Penyampaian Bukti Iklan Pemberitahuan RUPS [],SMRA,https://www.idx.co.id/StaticData/NewsAndAnnouncement/ANNOUNCEMENTSTOCK/From_EREP/202505/ad8d5e816f_4c8f50607f.pdf,20250506_SMRA_Penyampaian Bukti Iklan_31882891_lamp1.pdf,,
"08 Mei 2025
					14:35:10",https://www.idx.co.id/StaticData/NewsAndAnnouncement/ANNOUNCEMENTSTOCK/From_EREP/202505/d26c0790fb_5dabe7c34c.pdf,Laporan Bulanan Registrasi Pemegang Efek [],SMRA,https://www.idx.co.id/StaticData/NewsAndAnnouncement/ANNOUNCEMENTSTOCK/From_EREP/202505/f62716e960_fe254d0274.pdf,20250505_SMRA_Laporan Bulanan Registrasi Pemegang Efek/Perubahan Struktur Pemegang Saham_31882207_lamp1.pdf,,
"16 Mei 2025
					16:08:59",https://www.idx.co.id/StaticData/NewsAndAnnouncement/ANNOUNCEMENTSTOCK/From_EREP/202505/8485bc8c96_380335c213.pdf,Penyampaian Laporan Tahunan & Keberlanjutan dan ESG (KOREKSI) [],SMRA,https://www.idx.co.id/StaticData/NewsAndAnnouncement/ANNOUNCEMENTSTOCK/From_EREP/202505/76a841d576_3b80d5b278.pdf,AnnualReport2024-SMRA-att2.pdf,https://www.idx.co.id/StaticData/NewsAndAnnouncement/ANNOUNCEMENTSTOCK/From_EREP/202505/dd6fc4eca4_87ef300989.pdf,AnnualReport2024-SMRA-att1.pdf
"21 Mei 2025
					15:45:40",https://www.idx.co.id/StaticData/NewsAndAnnouncement/ANNOUNCEMENTSTOCK/From_EREP/202505/2eb2e4a3c5_6ddf746711.pdf,Pemanggilan Rapat Umum Pemegang Saham Tahunan [],SMRA,https://www.idx.co.id/StaticData/NewsAndAnnouncement/ANNOUNCEMENTSTOCK/From_EREP/202505/4dc08ae224_dcedcec715.pdf,20250521_SMRA_Pemanggilan RUPS_31887839_lamp2.pdf,https://www.idx.co.id/StaticData/NewsAndAnnouncement/ANNOUNCEMENTSTOCK/From_EREP/202505/ba116f76db_62fbbd66cb.pdf,20250521_SMRA_Pemanggilan RUPS_31887839_lamp1.pdf
"21 Mei 2025
					18:24:37",https://www.idx.co.id/StaticData/NewsAndAnnouncement/ANNOUNCEMENTSTOCK/From_EREP/202505/ddf355d95d_f0e863347f.pdf,Penyampaian Bukti Iklan Panggilan RUPS [],SMRA,https://www.idx.co.id/StaticData/NewsAndAnnouncement/ANNOUNCEMENTSTOCK/From_EREP/202505/ae0a73b70f_dd2e3de8b6.pdf,20250521_SMRA_Penyampaian Bukti Iklan_31887927_lamp1.pdf,,
"23 Mei 2025
					16:11:56",https://www.idx.co.id/StaticData/NewsAndAnnouncement/ANNOUNCEMENTSTOCK/From_EREP/202505/a3daaa5f4c_43edb451da.pdf,Rencana Penyelenggaraan Public Expose - Tahunan [],SMRA,,,,
"05 Mei 2025
					17:24:53",https://www.idx.co.id/StaticData/NewsAndAnnouncement/ANNOUNCEMENTSTOCK/From_EREP/202505/cdd503ad72_63302c8005.pdf,Pemanggilan Rapat Umum Pemegang Saham Tahunan [],TLKM,https://www.idx.co.id/StaticData/NewsAndAnnouncement/ANNOUNCEMENTSTOCK/From_EREP/202505/a35ff404cd_5a3e72315f.pdf,20250505_TLKM_Pemanggilan RUPS_31882398_lamp1.pdf,https://www.idx.co.id/StaticData/NewsAndAnnouncement/ANNOUNCEMENTSTOCK/From_EREP/202505/f50f83562f_c5cce879d8.pdf,20250505_TLKM_Pemanggilan RUPS_31882398_lamp2.pdf
"09 Mei 2025
					17:29:48",https://www.idx.co.id/StaticData/NewsAndAnnouncement/ANNOUNCEMENTSTOCK/From_EREP/202505/f65dc1518e_99bbaa7040.pdf,Laporan Bulanan Registrasi Pemegang Efek [],TLKM,https://www.idx.co.id/StaticData/NewsAndAnnouncement/ANNOUNCEMENTSTOCK/From_EREP/202505/7f22bace87_79f73314fa.pdf,20250509_TLKM_Laporan Bulanan Registrasi Pemegang Efek/Perubahan Struktur Pemegang Saham_31884873_lamp1.pdf,,
"20 Mei 2025
					19:02:27",https://www.idx.co.id/StaticData/NewsAndAnnouncement/ANNOUNCEMENTSTOCK/From_EREP/202505/2a708ca94c_bdf5f0291e.pdf,Penjelasan atas Pemberitaan Media Massa [],TLKM,https://www.idx.co.id/StaticData/NewsAndAnnouncement/ANNOUNCEMENTSTOCK/From_EREP/202505/a8359067da_269710ca60.pdf,20250520_TLKM_Tanggapan atas Permintaan Penjelasan Bursa_31887549_lamp1.pdf,,
"22 Mei 2025
					16:12:35",https://www.idx.co.id/StaticData/NewsAndAnnouncement/ANNOUNCEMENTSTOCK/From_EREP/202505/512138fe83_b541063c86.pdf,Informasi Pelunasan Efek [],TLKM,https://www.idx.co.id/StaticData/NewsAndAnnouncement/ANNOUNCEMENTSTOCK/From_EREP/202505/d64f04a6b1_d4c7701c09.pdf,20250522_TLKM_Pembayaran Kupon/Bagi Hasil/Ijarah/Pokok_31888374_lamp1.pdf,,
"27 Mei 2025
					22:21:40",https://www.idx.co.id/StaticData/NewsAndAnnouncement/ANNOUNCEMENTSTOCK/From_EREP/202505/9eb50481c9_62ef709511.pdf,Perubahan Pengurus [],TLKM,https://www.idx.co.id/StaticData/NewsAndAnnouncement/ANNOUNCEMENTSTOCK/From_EREP/202505/2bd5d6bcbd_3e6871c2d0.pdf,20250527_TLKM_Perubahan Pengurus_31889854_lamp2.pdf,https://www.idx.co.id/StaticData/NewsAndAnnouncement/ANNOUNCEMENTSTOCK/From_EREP/202505/6c2f1ffa6c_5a8c347052.pdf,20250527_TLKM_Perubahan Pengurus_31889854_lamp1.pdf
"02 Mei 2025
					15:31:51",https://www.idx.co.id/StaticData/NewsAndAnnouncement/ANNOUNCEMENTSTOCK/From_EREP/202505/641615d334_5ede88c528.pdf,Penyampaian Bukti Iklan PT Iforte Solusi Infotek - Pengumuman atas Pengambilalihan Perusahaan Terbuka [],TOWR,https://www.idx.co.id/StaticData/NewsAndAnnouncement/ANNOUNCEMENTSTOCK/From_EREP/202505/2dda843aba_f500049376.pdf,20250502_TOWR_Penyampaian Bukti Iklan_31881581_lamp1.pdf,https://www.idx.co.id/StaticData/NewsAndAnnouncement/ANNOUNCEMENTSTOCK/From_EREP/202505/5c6fc9dc03_3ef895acff.pdf,20250502_TOWR_Penyampaian Bukti Iklan_31881581_lamp2.pdf
"07 Mei 2025
					15:40:00",https://www.idx.co.id/StaticData/NewsAndAnnouncement/ANNOUNCEMENTSTOCK/From_EREP/202505/03c4f25ea3_39ae50917e.pdf,Laporan Bulanan Registrasi Pemegang Efek [],TOWR,https://www.idx.co.id/StaticData/NewsAndAnnouncement/ANNOUNCEMENTSTOCK/From_EREP/202505/ce87d59ac2_e66bddb3a7.pdf,20250507_TOWR_Laporan Bulanan Registrasi Pemegang Efek/Perubahan Struktur Pemegang Saham_31883467_lamp1.pdf,,
"07 Mei 2025
					16:50:42",https://www.idx.co.id/StaticData/NewsAndAnnouncement/ANNOUNCEMENTSTOCK/From_EREP/202505/a460ce86f4_d713728ca5.pdf,Penjelasan atas Permintaan Penjelasan Bursa [],TOWR,https://www.idx.co.id/StaticData/NewsAndAnnouncement/ANNOUNCEMENTSTOCK/From_EREP/202505/3627f42cb9_f80d662895.pdf,20250507_TOWR_Tanggapan atas Permintaan Penjelasan Bursa_31883703_lamp1.pdf,,
"20 Mei 2025
					19:09:51",https://www.idx.co.id/StaticData/NewsAndAnnouncement/ANNOUNCEMENTSTOCK/From_EREP/202505/68ce39252a_657e5c7369.pdf,Transaksi Material Tanpa Persetujuan RUPS [],TOWR,https://www.idx.co.id/StaticData/NewsAndAnnouncement/ANNOUNCEMENTSTOCK/From_EREP/202505/f668f94f35_6c8238cdaf.pdf,20250520_TOWR_Transaksi Material Tanpa Persetujuan RUPS_31887552_lamp1.pdf,,
"22 Mei 2025
					15:20:10",https://www.idx.co.id/StaticData/NewsAndAnnouncement/ANNOUNCEMENTSTOCK/From_EREP/202505/33fb03a4b3_e95ed653ce.pdf,Penandatangan Perjanjian Fasilitas antara Protelindo dan Iforte dengan PT Bank KEB Hana Indonesia Tbk [],TOWR,https://www.idx.co.id/StaticData/NewsAndAnnouncement/ANNOUNCEMENTSTOCK/From_EREP/202505/2c345fa2b0_319cc35089.pdf,20250522_TOWR_Laporan Informasi dan Fakta Material_31888358_lamp1.pdf,,
"30 Mei 2025
					14:35:17",https://www.idx.co.id/StaticData/NewsAndAnnouncement/ANNOUNCEMENTSTOCK/From_EREP/202505/20250530144622-54421-0/FinancialStatement-2025-I-TOWR.pdf,Penyampaian Laporan Keuangan Interim Yang Ditelaah Secara Terbatas [],TOWR,https://www.idx.co.id/StaticData/NewsAndAnnouncement/ANNOUNCEMENTSTOCK/From_EREP/202505/20250530144622-54421-0/FinancialStatement-2025-I-TOWR.xlsx,FinancialStatement-2025-I-TOWR.xlsx,https://www.idx.co.id/StaticData/NewsAndAnnouncement/ANNOUNCEMENTSTOCK/From_EREP/202505/20250530144622-54421-0/inlineXBRL.zip,inlineXBRL.zip
"08 Mei 2025
					11:57:32",https://www.idx.co.id/StaticData/NewsAndAnnouncement/ANNOUNCEMENTSTOCK/From_EREP/202505/39449ce4ec_2c25bef11f.pdf,Laporan Bulanan Registrasi Pemegang Efek [],UNTR,https://www.idx.co.id/StaticData/NewsAndAnnouncement/ANNOUNCEMENTSTOCK/From_EREP/202505/0c21fdcedf_ece03bbaca.pdf,20250506_UNTR_Laporan Bulanan Registrasi Pemegang Efek/Perubahan Struktur Pemegang Saham_31883075_lamp2.pdf,https://www.idx.co.id/StaticData/NewsAndAnnouncement/ANNOUNCEMENTSTOCK/From_EREP/202505/189c42510e_3c485f5cea.pdf,20250506_UNTR_Laporan Bulanan Registrasi Pemegang Efek/Perubahan Struktur Pemegang Saham_31883075_lamp1.pdf
"08 Mei 2025
					18:06:24",https://www.idx.co.id/StaticData/NewsAndAnnouncement/ANNOUNCEMENTSTOCK/From_EREP/202505/86ee843725_df03c8919f.pdf,Transaksi Afiliasi [],UNTR,https://www.idx.co.id/StaticData/NewsAndAnnouncement/ANNOUNCEMENTSTOCK/From_EREP/202505/8b52da7e5e_2e19b2a515.pdf,20250508_UNTR_Informasi Transaksi Afiliasi_31883875_lamp1.pdf,,
"19 Mei 2025
					23:10:45",https://www.idx.co.id/StaticData/NewsAndAnnouncement/ANNOUNCEMENTSTOCK/From_EREP/202505/cfc7914b6a_c305c91940.pdf,Transaksi Afiliasi [],UNTR,https://www.idx.co.id/StaticData/NewsAndAnnouncement/ANNOUNCEMENTSTOCK/From_EREP/202505/0a7606fc36_d879e0d1ee.pdf,20250519_UNTR_Informasi Transaksi Afiliasi_31887082_lamp1.pdf,https://www.idx.co.id/StaticData/NewsAndAnnouncement/ANNOUNCEMENTSTOCK/From_EREP/202505/3506ae9731_ad125f42f6.pdf,20250519_UNTR_Informasi Transaksi Afiliasi_31887082_lamp5.pdf
"05 Mei 2025
					20:43:51",https://www.idx.co.id/StaticData/NewsAndAnnouncement/ANNOUNCEMENTSTOCK/From_EREP/202505/8cfbd7d7d8_8141ecc4ae.pdf,Pemanggilan Rapat Umum Pemegang Saham Tahunan [],UNVR,https://www.idx.co.id/StaticData/NewsAndAnnouncement/ANNOUNCEMENTSTOCK/From_EREP/202505/0bca3adcf2_e26949897e.pdf,20250505_UNVR_Pemanggilan RUPS_31882536_lamp2.pdf,https://www.idx.co.id/StaticData/NewsAndAnnouncement/ANNOUNCEMENTSTOCK/From_EREP/202505/8d3d457524_564ef5d51d.pdf,20250505_UNVR_Pemanggilan RUPS_31882536_lamp1.pdf
"06 Mei 2025
					00:17:21",https://www.idx.co.id/StaticData/NewsAndAnnouncement/ANNOUNCEMENTSTOCK/From_EREP/202505/662d83fef9_9bbff36b3e.pdf,Penyampaian Laporan Tahunan & Keberlanjutan dan ESG [],UNVR,https://www.idx.co.id/StaticData/NewsAndAnnouncement/ANNOUNCEMENTSTOCK/From_EREP/202505/0ff0e8f0b6_717fb8da82.pdf,AnnualReport2024-UNVR-att2.pdf,https://www.idx.co.id/StaticData/NewsAndAnnouncement/ANNOUNCEMENTSTOCK/From_EREP/202505/70148e9906_fc217c71ab.pdf,AnnualReport2024-UNVR-att1.pdf
"13 Mei 2025
					09:55:45",https://www.idx.co.id/StaticData/NewsAndAnnouncement/ANNOUNCEMENTSTOCK/From_EREP/202505/ba0f5e871a_971ac73191.pdf,Laporan Bulanan Registrasi Pemegang Efek [],UNVR,https://www.idx.co.id/StaticData/NewsAndAnnouncement/ANNOUNCEMENTSTOCK/From_EREP/202505/627418797e_0da44a180b.pdf,20250508_UNVR_Laporan Bulanan Registrasi Pemegang Efek/Perubahan Struktur Pemegang Saham_31884241_lamp2.pdf,https://www.idx.co.id/StaticData/NewsAndAnnouncement/ANNOUNCEMENTSTOCK/From_EREP/202505/af6a71f920_c5fc8462e3.pdf,20250508_UNVR_Laporan Bulanan Registrasi Pemegang Efek/Perubahan Struktur Pemegang Saham_31884241_lamp1.pdf
"02 Mei 2025
					17:40:03",https://www.idx.co.id/StaticData/NewsAndAnnouncement/ANNOUNCEMENTSTOCK/From_EREP/202505/4066539d3b_1caeca38f4.pdf,Perubahan Efek Bersifat Ekuitas Dalam Pemantauan Khusus [],,,,,
"02 Mei 2025
					17:40:43",https://www.idx.co.id/StaticData/NewsAndAnnouncement/ANNOUNCEMENTSTOCK/From_EREP/202505/683824b6f1_ef0a38c383.pdf,Efek Bersifat Ekuitas Dalam Pemantauan Khusus [],,,,,
"02 Mei 2025
					18:43:16",https://www.idx.co.id/StaticData/NewsAndAnnouncement/ANNOUNCEMENTSTOCK/From_EREP/202505/bc9e23e342_d2f6f90c08.pdf,Perubahan Efek Bersifat Ekuitas Dalam Pemantauan Khusus (KOREKSI) [],,,,,
"02 Mei 2025
					18:48:08",https://www.idx.co.id/StaticData/NewsAndAnnouncement/ANNOUNCEMENTSTOCK/From_EREP/202505/d1d01919d2_5667d3683c.pdf,Efek Bersifat Ekuitas Dalam Pemantauan Khusus (KOREKSI) [],,,,,
"02 Mei 2025
					19:04:31",https://www.idx.co.id/StaticData/NewsAndAnnouncement/ANNOUNCEMENTSTOCK/From_EREP/202505/616351ec83_d316f1c819.pdf,Efek Bersifat Ekuitas Dalam Pemantauan Khusus (KOREKSI) [],,,,,
"05 Mei 2025
					16:04:15",https://www.idx.co.id/StaticData/NewsAndAnnouncement/ANNOUNCEMENTSTOCK/From_EREP/202505/ef4bdea1ae_2615b0e788.pdf,Efek Bersifat Ekuitas Dalam Pemantauan Khusus [],,,,,
"07 Mei 2025
					16:57:32",https://www.idx.co.id/StaticData/NewsAndAnnouncement/ANNOUNCEMENTSTOCK/From_EREP/202505/86e6acb797_c343b342d6.pdf,Perubahan Efek Bersifat Ekuitas Dalam Pemantauan Khusus [],,,,,
"09 Mei 2025
					16:05:46",https://www.idx.co.id/StaticData/NewsAndAnnouncement/ANNOUNCEMENTSTOCK/From_EREP/202505/26abf0c15d_fc52a93ad0.pdf,Pencabutan Efek Bersifat Ekuitas Dari Pemantauan Khusus [],,,,,
"14 Mei 2025
					17:13:01",https://www.idx.co.id/StaticData/NewsAndAnnouncement/ANNOUNCEMENTSTOCK/From_EREP/202505/cc6d43aa9b_95bb81da26.pdf,Efek Bersifat Ekuitas Dalam Pemantauan Khusus [],,,,,
"14 Mei 2025
					17:27:54",https://www.idx.co.id/StaticData/NewsAndAnnouncement/ANNOUNCEMENTSTOCK/From_EREP/202505/1acded5155_73d8406430.pdf,Sanksi atas Penyampaian Laporan Keuangan Tahunan untuk Periode yang Berakhir 31 Desember 2024 [],,https://www.idx.co.id/StaticData/NewsAndAnnouncement/ANNOUNCEMENTSTOCK/From_EREP/202505/fda4c94590_35d97ac0ad.pdf,20250514_Pengumuman Bursa_31885337_lamp1.pdf,,
"15 Mei 2025
					16:29:38",https://www.idx.co.id/StaticData/NewsAndAnnouncement/ANNOUNCEMENTSTOCK/From_EREP/202505/baa70bae1e_a6b6aa050c.pdf,Efek Bersifat Ekuitas Dalam Pemantauan Khusus [],,,,,
"16 Mei 2025
					16:48:00",https://www.idx.co.id/StaticData/NewsAndAnnouncement/ANNOUNCEMENTSTOCK/From_EREP/202505/1f17cf0bf3_954884209f.pdf,Pencabutan Efek Bersifat Ekuitas Dari Pemantauan Khusus [],,,,,
"19 Mei 2025
					12:39:31",https://www.idx.co.id/StaticData/NewsAndAnnouncement/ANNOUNCEMENTSTOCK/From_EREP/202505/470b757155_6b0cf4222c.pdf,Kode Efek Waran Terstruktur PT RHB Sekuritas Indonesia (DR) [],,https://www.idx.co.id/StaticData/NewsAndAnnouncement/ANNOUNCEMENTSTOCK/From_EREP/202505/333ff87a08_5b5812af35.pdf,20250519_Pengumuman Bursa_31886664_lamp1.pdf,,
"19 Mei 2025
					18:37:49",https://www.idx.co.id/StaticData/NewsAndAnnouncement/ANNOUNCEMENTSTOCK/From_EREP/202505/42694cfb9d_e9155f8c2a.pdf,Kode Efek Waran Terstruktur PT Maybank Sekuritas Indonesia (ZP) [],,https://www.idx.co.id/StaticData/NewsAndAnnouncement/ANNOUNCEMENTSTOCK/From_EREP/202505/e00ed0eca7_f860b53049.pdf,20250519_Pengumuman Bursa_31886994_lamp1.pdf,,
"20 Mei 2025
					16:54:07",https://www.idx.co.id/StaticData/NewsAndAnnouncement/ANNOUNCEMENTSTOCK/From_EREP/202505/a157bef764_9d9ca84649.pdf,Perubahan Efek Bersifat Ekuitas Dalam Pemantauan Khusus [],,,,,
"21 Mei 2025
					16:57:53",https://www.idx.co.id/StaticData/NewsAndAnnouncement/ANNOUNCEMENTSTOCK/From_EREP/202505/84b333eca6_968d270542.pdf,Efek Bersifat Ekuitas Dalam Pemantauan Khusus [],,,,,
"22 Mei 2025
					21:26:49",https://www.idx.co.id/StaticData/NewsAndAnnouncement/ANNOUNCEMENTSTOCK/From_EREP/202505/08a5e12caa_97539ce76e.pdf,Pindah Papan Pencatatan [],,https://www.idx.co.id/StaticData/NewsAndAnnouncement/ANNOUNCEMENTSTOCK/From_EREP/202505/9912140215_2818d97f5a.pdf,20250521_Pindah Papan Pencatatan_31888038_lamp1.pdf,,
"23 Mei 2025
					17:34:20",https://www.idx.co.id/StaticData/NewsAndAnnouncement/ANNOUNCEMENTSTOCK/From_EREP/202505/088738a109_4ecf848902.pdf,Pencabutan Efek Bersifat Ekuitas Dari Pemantauan Khusus [],,,,,
"23 Mei 2025
					17:34:56",https://www.idx.co.id/StaticData/NewsAndAnnouncement/ANNOUNCEMENTSTOCK/From_EREP/202505/133b700327_0c2d5bd0a5.pdf,Efek Bersifat Ekuitas Dalam Pemantauan Khusus [],,,,,
"23 Mei 2025
					17:37:14",https://www.idx.co.id/StaticData/NewsAndAnnouncement/ANNOUNCEMENTSTOCK/From_EREP/202505/f2f63ca00e_4abfb11d30.pdf,Perubahan Efek Bersifat Ekuitas Dalam Pemantauan Khusus [],,,,,
"25 Mei 2025
					20:41:39",https://www.idx.co.id/StaticData/NewsAndAnnouncement/ANNOUNCEMENTSTOCK/From_EREP/202505/cbc4177918_8074f7674a.pdf,Sanksi atas Penyampaian Laporan Keuangan Interim untuk Periode yang Berakhir 31 Maret 2025 [],,https://www.idx.co.id/StaticData/NewsAndAnnouncement/ANNOUNCEMENTSTOCK/From_EREP/202505/640d86c211_228e083b38.pdf,20250521_Pengumuman Bursa_31888068_lamp1.pdf,,
"26 Mei 2025
					16:10:35",https://www.idx.co.id/StaticData/NewsAndAnnouncement/ANNOUNCEMENTSTOCK/From_EREP/202505/3f2584b720_c5ac18db99.pdf,Efek Bersifat Ekuitas Dalam Pemantauan Khusus [],,,,,
"26 Mei 2025
					16:10:59",https://www.idx.co.id/StaticData/NewsAndAnnouncement/ANNOUNCEMENTSTOCK/From_EREP/202505/baeb97db61_c99ece4d06.pdf,Perubahan Efek Bersifat Ekuitas Dalam Pemantauan Khusus [],,,,,
"26 Mei 2025
					16:11:29",https://www.idx.co.id/StaticData/NewsAndAnnouncement/ANNOUNCEMENTSTOCK/From_EREP/202505/224d740d21_ed8b20487d.pdf,Pencabutan Efek Bersifat Ekuitas Dari Pemantauan Khusus [],,,,,
"27 Mei 2025
					14:33:36",https://www.idx.co.id/StaticData/NewsAndAnnouncement/ANNOUNCEMENTSTOCK/From_EREP/202505/f1d0af90e4_f3c197cb03.pdf,Kode Efek Waran Terstruktur PT CGS International Sekuritas Indonesia (YU) [],,https://www.idx.co.id/StaticData/NewsAndAnnouncement/ANNOUNCEMENTSTOCK/From_EREP/202505/2d274b9a80_7259496231.pdf,20250526_Pengumuman Bursa_31889077_lamp1.pdf,,
"27 Mei 2025
					14:35:32",https://www.idx.co.id/StaticData/NewsAndAnnouncement/ANNOUNCEMENTSTOCK/From_EREP/202505/205bda5ff4_ae498d2b79.pdf,Kode Efek Waran Terstruktur PT Korea Investment and Sekuritas Indonesia (BQ) [],,https://www.idx.co.id/StaticData/NewsAndAnnouncement/ANNOUNCEMENTSTOCK/From_EREP/202505/26372a5e07_1fa4d1ca48.pdf,20250526_Pengumuman Bursa_31889073_lamp1.pdf,,
"27 Mei 2025
					17:04:34",https://www.idx.co.id/StaticData/NewsAndAnnouncement/ANNOUNCEMENTSTOCK/From_EREP/202505/1dbab5eed1_f8bac69259.pdf,Perubahan Efek Bersifat Ekuitas Dalam Pemantauan Khusus [],,,,,
"27 Mei 2025
					17:06:39",https://www.idx.co.id/StaticData/NewsAndAnnouncement/ANNOUNCEMENTSTOCK/From_EREP/202505/143cad2b0b_2c7b497ea5.pdf,Efek Bersifat Ekuitas Dalam Pemantauan Khusus [],,,,,
"27 Mei 2025
					17:08:00",https://www.idx.co.id/StaticData/NewsAndAnnouncement/ANNOUNCEMENTSTOCK/From_EREP/202505/f76ccee662_c99eb1cdf5.pdf,Pencabutan Efek Bersifat Ekuitas Dari Pemantauan Khusus [],,,,,
"28 Mei 2025
					17:20:54",https://www.idx.co.id/StaticData/NewsAndAnnouncement/ANNOUNCEMENTSTOCK/From_EREP/202505/656de91912_841068676e.pdf,Pencabutan Efek Bersifat Ekuitas Dari Pemantauan Khusus [],,,,,