text-small,attach-card href,f-m-20,f-m-20 2,d-iblock href,d-iblock,d-iblock href 2,d-iblock 2
"08 Des 2025
					19:16:41",https://www.idx.co.id/StaticData/NewsAndAnnouncement/ANNOUNCEMENTSTOCK/From_EREP/202512/4c217db745_8f1524eff7.pdf,Rencana Penyelenggaraan Public Expose - Tahunan [],AADI,,,,
"09 Des 2025
					19:03:57",https://www.idx.co.id/StaticData/NewsAndAnnouncement/ANNOUNCEMENTSTOCK/From_EREP/202512/65a69616cb_36b0f85ca0.pdf,Laporan Bulanan Registrasi Pemegang Efek [],AADI,https://www.idx.co.id/StaticData/NewsAndAnnouncement/ANNOUNCEMENTSTOCK/From_EREP/202512/2e8d29daa7_c0cc0b52ed.pdf,20251205_AADI_Laporan Bulanan Registrasi Pemegang Efek/Perubahan Struktur Pemegang Saham_32000295_lamp1.pdf,,
"17 Des 2025
					23:18:53",https://www.idx.co.id/StaticData/NewsAndAnnouncement/ANNOUNCEMENTSTOCK/From_EREP/202512/29225e48f9_9d26b4b72b.pdf,Penyampaian Materi Public Expose - Tahunan [],AADI,https://www.idx.co.id/StaticData/NewsAndAnnouncement/ANNOUNCEMENTSTOCK/From_EREP/202512/eda2f1e185_9a66b0f27a.pdf,20251202_AADI_Public Expose_31999183_lamp1.pdf,,
"24 Des 2025
					16:32:32",https://www.idx.co.id/StaticData/NewsAndAnnouncement/ANNOUNCEMENTSTOCK/From_EREP/202512/93e27718bc_c1f0944f94.pdf,Laporan Hasil Public Expose - Tahunan [],AADI,https://www.idx.co.id/StaticData/NewsAndAnnouncement/ANNOUNCEMENTSTOCK/From_EREP/202512/5a80904a3e_dee5b954f3.pdf,20251202_AADI_Public Expose_31999196_lamp1.pdf,,
"08 Des 2025
					16:15:27",https://www.idx.co.id/StaticData/NewsAndAnnouncement/ANNOUNCEMENTSTOCK/From_EREP/202512/3bcf383c02_708648e87d.pdf,Laporan Bulanan Registrasi Pemegang Efek [],ACES,https://www.idx.co.id/StaticData/NewsAndAnnouncement/ANNOUNCEMENTSTOCK/From_EREP/202512/7747bcf611_19f1e4e9eb.pdf,20251205_ACES_Laporan Bulanan Registrasi Pemegang Efek/Perubahan Struktur Pemegang Saham_32000555_lamp1.pdf,,
"08 Des 2025
					16:34:30",https://www.idx.co.id/StaticData/NewsAndAnnouncement/ANNOUNCEMENTSTOCK/From_EREP/202512/94402b5fca_dbb1270df3.pdf,Laporan Bulanan Registrasi Pemegang Efek [],ADMR,https://www.idx.co.id/StaticData/NewsAndAnnouncement/ANNOUNCEMENTSTOCK/From_EREP/202512/5f9e0e9833_1651e13167.pdf,20251208_ADMR_Laporan Bulanan Registrasi Pemegang Efek/Perubahan Struktur Pemegang Saham_32011122_lamp1.pdf,,
"08 Des 2025
					16:21:54",https://www.idx.co.id/StaticData/NewsAndAnnouncement/ANNOUNCEMENTSTOCK/From_EREP/202512/033668e690_88769e92bd.pdf,Laporan Bulanan Registrasi Pemegang Efek [],ADRO,https://www.idx.co.id/StaticData/NewsAndAnnouncement/ANNOUNCEMENTSTOCK/From_EREP/202512/2d85a55a8e_8aa95c646b.pdf,20251205_ADRO_Laporan Bulanan Registrasi Pemegang Efek/Perubahan Struktur Pemegang Saham_32000367_lamp1.pdf,,
"17 Des 2025
					21:06:07",https://www.idx.co.id/StaticData/NewsAndAnnouncement/ANNOUNCEMENTSTOCK/From_EREP/202512/2c54ea0ad8_90deaaf0d1.pdf,Jadwal Dividen Tunai Interim [],ADRO,https://www.idx.co.id/StaticData/NewsAndAnnouncement/ANNOUNCEMENTSTOCK/From_EREP/202512/20707cc661_c31f6b0e9c.pdf,20251217_ADRO_Jadwal Aksi Korporasi (Khusus Penyampaian Dividen Interim)_32013764_lamp1.pdf,https://www.idx.co.id/StaticData/NewsAndAnnouncement/ANNOUNCEMENTSTOCK/From_EREP/202512/2fcd86d9f7_82275ddf24.pdf,20251217_ADRO_Jadwal Aksi Korporasi (Khusus Penyampaian Dividen Interim)_32013764_lamp2.pdf
"10 Des 2025
					10:43:45",https://www.idx.co.id/StaticData/NewsAndAnnouncement/ANNOUNCEMENTSTOCK/From_EREP/202512/0267aef0ac_a6beeee621.pdf,Laporan Bulanan Registrasi Pemegang Efek [],AKRA,https://www.idx.co.id/StaticData/NewsAndAnnouncement/ANNOUNCEMENTSTOCK/From_EREP/202512/437476a4e3_855d42e67f.pdf,20251210_AKRA_Laporan Bulanan Registrasi Pemegang Efek/Perubahan Struktur Pemegang Saham_32012068_lamp1.pdf,,
"09 Des 2025
					14:23:36",https://www.idx.co.id/StaticData/NewsAndAnnouncement/ANNOUNCEMENTSTOCK/From_EREP/202512/e22bdb6ab5_0de9f25295.pdf,Laporan Bulanan Registrasi Pemegang Efek [],AMMN,https://www.idx.co.id/StaticData/NewsAndAnnouncement/ANNOUNCEMENTSTOCK/From_EREP/202512/24bc69192d_e0921b7a9d.pdf,20251208_AMMN_Laporan Bulanan Registrasi Pemegang Efek/Perubahan Struktur Pemegang Saham_32011055_lamp2.pdf,https://www.idx.co.id/StaticData/NewsAndAnnouncement/ANNOUNCEMENTSTOCK/From_EREP/202512/3b8801b225_3defc22b97.pdf,20251208_AMMN_Laporan Bulanan Registrasi Pemegang Efek/Perubahan Struktur Pemegang Saham_32011055_lamp4.pdf
"31 Des 2025
					07:01:44",https://www.idx.co.id/StaticData/NewsAndAnnouncement/ANNOUNCEMENTSTOCK/From_KSEI/LK-31122025-0742-00.pdf-0.pdf,LAPORAN KEPEMILIKAN ATAU SETIAP PERUBAHAN KEPEMILIKAN SAHAM PERUSAHAAN TERBUKA [],AMMN,,,,
"05 Des 2025
					16:33:09",https://www.idx.co.id/StaticData/NewsAndAnnouncement/ANNOUNCEMENTSTOCK/From_EREP/202512/0b178e6ed5_60ebf23c5c.pdf,RENCANA PEMBELIAN KEMBALI SAHAM DALAM KONDISI PASAR YANG BERFLUKTUASI SECARA SIGNIFIKAN [],AMRT,https://www.idx.co.id/StaticData/NewsAndAnnouncement/ANNOUNCEMENTSTOCK/From_EREP/202512/88ead99893_04e997e208.pdf,20251205_AMRT_Laporan Informasi dan Fakta Material_32000577_lamp1.pdf,https://www.idx.co.id/StaticData/NewsAndAnnouncement/ANNOUNCEMENTSTOCK/From_EREP/202512/f6013ed971_fd239a10f3.pdf,20251205_AMRT_Laporan Informasi dan Fakta Material_32000577_lamp2.pdf
"05 Des 2025
					16:47:07",https://www.idx.co.id/StaticData/NewsAndAnnouncement/ANNOUNCEMENTSTOCK/From_EREP/202512/11cecbcbff_cf11a82d7e.pdf,Penyampaian Bukti Iklan Iklan Rencana Pembelian Kembali Saham Dalam Kondisi Pasar Yang Berfluktuasi Secara Signifikan [],AMRT,https://www.idx.co.id/StaticData/NewsAndAnnouncement/ANNOUNCEMENTSTOCK/From_EREP/202512/0e1156d403_9c0f8c6366.pdf,20251205_AMRT_Penyampaian Bukti Iklan_32000605_lamp1.pdf,,
"05 Des 2025
					17:10:21",https://www.idx.co.id/StaticData/NewsAndAnnouncement/ANNOUNCEMENTSTOCK/From_EREP/202512/ecd1d7c8d2_4fb73db677.pdf,Laporan Bulanan Registrasi Pemegang Efek [],AMRT,,,,
"01 Des 2025
					19:20:03",https://www.idx.co.id/StaticData/NewsAndAnnouncement/ANNOUNCEMENTSTOCK/From_EREP/202512/83950c9c3f_19e56273f9.pdf,"Tingkatkan Praktik ESG, ANTAM Raih Gold Rank pada ASRRAT 2025 []",ANTM,https://www.idx.co.id/StaticData/NewsAndAnnouncement/ANNOUNCEMENTSTOCK/From_EREP/202512/5a1008bbde_74acda89b0.pdf,20251201_ANTM_Laporan Informasi dan Fakta Material_31998895_lamp2.pdf,https://www.idx.co.id/StaticData/NewsAndAnnouncement/ANNOUNCEMENTSTOCK/From_EREP/202512/e038c87562_b7e2aae429.pdf,20251201_ANTM_Laporan Informasi dan Fakta Material_31998895_lamp1.pdf
"02 Des 2025
					20:48:07",https://www.idx.co.id/StaticData/NewsAndAnnouncement/ANNOUNCEMENTSTOCK/From_EREP/202512/b90aad551d_2b9c52a418.pdf,Perubahan Komite Audit [],ANTM,https://www.idx.co.id/StaticData/NewsAndAnnouncement/ANNOUNCEMENTSTOCK/From_EREP/202512/517662c927_448dddabe2.pdf,20251202_ANTM_Perubahan Corsec Komite Audit Alamat NPWP Internal Audit_31999280_lamp1.pdf,,
"04 Des 2025
					17:06:24",https://www.idx.co.id/StaticData/NewsAndAnnouncement/ANNOUNCEMENTSTOCK/From_EREP/202512/67eba36a1f_719c13facf.pdf,"Perkuat Program Employee Well-Being, ANTAM Resmikan Fasilitas Daycare []",ANTM,https://www.idx.co.id/StaticData/NewsAndAnnouncement/ANNOUNCEMENTSTOCK/From_EREP/202512/7d3ddcc45d_1c79368ef2.pdf,20251204_ANTM_Laporan Informasi dan Fakta Material_32000094_lamp2.pdf,https://www.idx.co.id/StaticData/NewsAndAnnouncement/ANNOUNCEMENTSTOCK/From_EREP/202512/9aa5edab14_6499a93955.pdf,20251204_ANTM_Laporan Informasi dan Fakta Material_32000094_lamp1.pdf
"09 Des 2025
					14:30:54",https://www.idx.co.id/StaticData/NewsAndAnnouncement/ANNOUNCEMENTSTOCK/From_EREP/202512/5077f9a7d6_add4a39a5b.pdf,Laporan Bulanan Registrasi Pemegang Efek [],ANTM,https://www.idx.co.id/StaticData/NewsAndAnnouncement/ANNOUNCEMENTSTOCK/From_EREP/202512/d9f75b8fcf_72aa2778bb.pdf,20251209_ANTM_Laporan Bulanan Registrasi Pemegang Efek/Perubahan Struktur Pemegang Saham_32011684_lamp1.pdf,,
"16 Des 2025
					17:53:56",https://www.idx.co.id/StaticData/NewsAndAnnouncement/ANNOUNCEMENTSTOCK/From_EREP/202512/16bac8806b_28d683f5db.pdf,ANTAM Menyelenggarakan RUPS Luar Biasa Tahun 2025 [],ANTM,https://www.idx.co.id/StaticData/NewsAndAnnouncement/ANNOUNCEMENTSTOCK/From_EREP/202512/08c39048cc_32b65d7ed3.pdf,20251216_ANTM_Laporan Informasi dan Fakta Material_32013534_lamp1.pdf,https://www.idx.co.id/StaticData/NewsAndAnnouncement/ANNOUNCEMENTSTOCK/From_EREP/202512/d41bb9d181_87339ddc61.pdf,20251216_ANTM_Laporan Informasi dan Fakta Material_32013534_lamp2.pdf
"16 Des 2025
					23:50:05",https://www.idx.co.id/StaticData/NewsAndAnnouncement/ANNOUNCEMENTSTOCK/From_EREP/202512/eb81911392_04c95fafd6.pdf,Ringkasan Risalah Rapat Umum Para Pemegang Saham Luar Biasa [],ANTM,https://www.idx.co.id/StaticData/NewsAndAnnouncement/ANNOUNCEMENTSTOCK/From_EREP/202512/04438b7323_64a7728578.pdf,20251216_ANTM_Ringkasan Risalah/Risalah RUPS_32013595_lamp1.pdf,https://www.idx.co.id/StaticData/NewsAndAnnouncement/ANNOUNCEMENTSTOCK/From_EREP/202512/1d84583f1c_6cf6c6914f.pdf,20251216_ANTM_Ringkasan Risalah/Risalah RUPS_32013595_lamp2.pdf
"18 Des 2025
					18:10:39",https://www.idx.co.id/StaticData/NewsAndAnnouncement/ANNOUNCEMENTSTOCK/From_EREP/202512/1ced91efb9_2ea25cd476.pdf,"ANTAM Bergerak Cepat Salurkan Bantuan dan Tim Tanggap Darurat untuk Bencana di Aceh, Sumatra Utara, dan Sumatra Barat []",ANTM,https://www.idx.co.id/StaticData/NewsAndAnnouncement/ANNOUNCEMENTSTOCK/From_EREP/202512/008e6a7e5a_76dca7ac8b.pdf,20251218_ANTM_Laporan Informasi dan Fakta Material_32014180_lamp2.pdf,https://www.idx.co.id/StaticData/NewsAndAnnouncement/ANNOUNCEMENTSTOCK/From_EREP/202512/906bbc81dd_8d664c43d1.pdf,20251218_ANTM_Laporan Informasi dan Fakta Material_32014180_lamp1.pdf
"18 Des 2025
					19:23:33",https://www.idx.co.id/StaticData/NewsAndAnnouncement/ANNOUNCEMENTSTOCK/From_EREP/202512/f6ac906263_c86adc7e51.pdf,Penyampaian Bukti Iklan Hasil RUPS [],ANTM,https://www.idx.co.id/StaticData/NewsAndAnnouncement/ANNOUNCEMENTSTOCK/From_EREP/202512/25124f2544_9bd51755c4.pdf,20251218_ANTM_Penyampaian Bukti Iklan_32014194_lamp3.pdf,https://www.idx.co.id/StaticData/NewsAndAnnouncement/ANNOUNCEMENTSTOCK/From_EREP/202512/3572f299dd_52f389dbe5.pdf,20251218_ANTM_Penyampaian Bukti Iklan_32014194_lamp1.pdf
"22 Des 2025
					22:54:25",https://www.idx.co.id/StaticData/NewsAndAnnouncement/ANNOUNCEMENTSTOCK/From_EREP/202512/a47cf78244_7adcdf6f0e.pdf,Perubahan anggota Direksi dan/atau anggota Dewan Komisaris [],ANTM,https://www.idx.co.id/StaticData/NewsAndAnnouncement/ANNOUNCEMENTSTOCK/From_EREP/202512/b7f4c9fc90_a435d346cc.pdf,20251222_ANTM_Laporan Informasi dan Fakta Material_32014909_lamp1.pdf,,
"29 Des 2025
					18:39:16",https://www.idx.co.id/StaticData/NewsAndAnnouncement/ANNOUNCEMENTSTOCK/From_KSEI/LK-29122025-3356-00.pdf-0.pdf,LAPORAN KEPEMILIKAN ATAU SETIAP PERUBAHAN KEPEMILIKAN SAHAM PERUSAHAAN TERBUKA [],ANTM,,,,
"08 Des 2025
					15:01:35",https://www.idx.co.id/StaticData/NewsAndAnnouncement/ANNOUNCEMENTSTOCK/From_EREP/202512/8620496a4e_bbd7a7a9a7.pdf,Laporan Bulanan Registrasi Pemegang Efek [],ARTO,https://www.idx.co.id/StaticData/NewsAndAnnouncement/ANNOUNCEMENTSTOCK/From_EREP/202512/5768f65c04_1fd5f212db.pdf,20251208_ARTO_Laporan Bulanan Registrasi Pemegang Efek/Perubahan Struktur Pemegang Saham_32010975_lamp2.pdf,https://www.idx.co.id/StaticData/NewsAndAnnouncement/ANNOUNCEMENTSTOCK/From_EREP/202512/6ec877ff9c_d314215832.pdf,20251208_ARTO_Laporan Bulanan Registrasi Pemegang Efek/Perubahan Struktur Pemegang Saham_32010975_lamp1.pdf
"08 Des 2025
					19:06:35",https://www.idx.co.id/StaticData/NewsAndAnnouncement/ANNOUNCEMENTSTOCK/From_EREP/202512/f434e46651_b615ae095f.pdf,Laporan Bulanan Registrasi Pemegang Efek [],ASII,https://www.idx.co.id/StaticData/NewsAndAnnouncement/ANNOUNCEMENTSTOCK/From_EREP/202512/6f246dbd31_603119d9ef.pdf,20251203_ASII_Laporan Bulanan Registrasi Pemegang Efek/Perubahan Struktur Pemegang Saham_31999520_lamp1.pdf,,
"05 Des 2025
					18:06:01",https://www.idx.co.id/StaticData/NewsAndAnnouncement/ANNOUNCEMENTSTOCK/From_EREP/202512/c47275386d_08d94e73a4.pdf,Laporan Bulanan Registrasi Pemegang Efek [],BBCA,,,,
"18 Des 2025
					18:57:42",https://www.idx.co.id/StaticData/NewsAndAnnouncement/ANNOUNCEMENTSTOCK/From_EREP/202512/eb0c437efc_ffabeade00.pdf,Pembelian saham PT Penyelesaian Transaksi Elektronik Nasional  [],BBCA,https://www.idx.co.id/StaticData/NewsAndAnnouncement/ANNOUNCEMENTSTOCK/From_EREP/202512/c5602f2629_f4d46e31f6.pdf,20251218_BBCA_Laporan Informasi dan Fakta Material_32014185_lamp1.pdf,,
"01 Des 2025
					20:04:10",https://www.idx.co.id/StaticData/NewsAndAnnouncement/ANNOUNCEMENTSTOCK/From_EREP/202512/9256e90d6f_0a00b966f7.pdf,Informasi atau Fakta Material lainnya: Laporan Tanggal Efektif Pengangkatan Anggota Direksi PT Bank Negara Indonesia (Persero) Tbk [],BBNI,https://www.idx.co.id/StaticData/NewsAndAnnouncement/ANNOUNCEMENTSTOCK/From_EREP/202512/ccf6edd023_5f66485570.pdf,20251201_BBNI_Laporan Informasi dan Fakta Material_31998900_lamp1.pdf,,
"09 Des 2025
					18:44:16",https://www.idx.co.id/StaticData/NewsAndAnnouncement/ANNOUNCEMENTSTOCK/From_EREP/202512/42d22e1e78_609dff9f8f.pdf,Laporan Bulanan Registrasi Pemegang Efek [],BBNI,https://www.idx.co.id/StaticData/NewsAndAnnouncement/ANNOUNCEMENTSTOCK/From_EREP/202512/fa619a1400_3345e9f7ad.pdf,20251209_BBNI_Laporan Bulanan Registrasi Pemegang Efek/Perubahan Struktur Pemegang Saham_32011376_lamp1.pdf,,
"15 Des 2025
					14:56:46",https://www.idx.co.id/StaticData/NewsAndAnnouncement/ANNOUNCEMENTSTOCK/From_EREP/202512/202678f991_61a7e8f24d.pdf,Perubahan Mata Acara RUPS Luar Biasa Tahun 2025 PT Bank Negara Indonesia (Persero) Tbk [],BBNI,https://www.idx.co.id/StaticData/NewsAndAnnouncement/ANNOUNCEMENTSTOCK/From_EREP/202512/5f8f12450e_bf4b6653d5.pdf,20251215_BBNI_Laporan Informasi dan Fakta Material_32013110_lamp1.pdf,,
"15 Des 2025
					19:47:38",https://www.idx.co.id/StaticData/NewsAndAnnouncement/ANNOUNCEMENTSTOCK/From_EREP/202512/ddf8ddf435_06100a9902.pdf,Perubahan Mata Acara RUPS Luar Biasa Tahun 2025 PT Bank Negara Indonesia (Persero) Tbk (KOREKSI) [],BBNI,https://www.idx.co.id/StaticData/NewsAndAnnouncement/ANNOUNCEMENTSTOCK/From_EREP/202512/a0a895414b_1368c84593.pdf,20251215_BBNI_Laporan Informasi dan Fakta Material_32013262_lamp1.pdf,,
"16 Des 2025
					22:35:09",https://www.idx.co.id/StaticData/NewsAndAnnouncement/ANNOUNCEMENTSTOCK/From_EREP/202512/6500ec8d85_a0b1978fe1.pdf,Ringkasan Risalah Rapat Umum Para Pemegang Saham Luar Biasa [],BBNI,https://www.idx.co.id/StaticData/NewsAndAnnouncement/ANNOUNCEMENTSTOCK/From_EREP/202512/6194c90dd7_32e555348a.pdf,20251216_BBNI_Ringkasan Risalah/Risalah RUPS_32013511_lamp1.pdf,,
"17 Des 2025
					11:16:20",https://www.idx.co.id/StaticData/NewsAndAnnouncement/ANNOUNCEMENTSTOCK/From_EREP/202512/d3f5ca2700_e6bb4e66b9.pdf,Penyampaian Bukti Iklan Hasil RUPS [],BBNI,https://www.idx.co.id/StaticData/NewsAndAnnouncement/ANNOUNCEMENTSTOCK/From_EREP/202512/ef7aff80c0_426871b0e8.pdf,20251216_BBNI_Penyampaian Bukti Iklan_32013588_lamp1.pdf,,
"19 Des 2025
					13:42:10",https://www.idx.co.id/StaticData/NewsAndAnnouncement/ANNOUNCEMENTSTOCK/From_EREP/202512/83ccf20835_510a655648.pdf,Perubahan Komite Audit [],BBNI,https://www.idx.co.id/StaticData/NewsAndAnnouncement/ANNOUNCEMENTSTOCK/From_EREP/202512/157f651bb5_338d1b74bb.pdf,20251219_BBNI_Perubahan Corsec Komite Audit Alamat NPWP Internal Audit_32014297_lamp1.pdf,,
"10 Des 2025
					18:39:36",https://www.idx.co.id/StaticData/NewsAndAnnouncement/ANNOUNCEMENTSTOCK/From_EREP/202512/7becc938a3_a2194919f2.pdf,Perubahan Struktur Pemegang Saham [],BBRI,https://www.idx.co.id/StaticData/NewsAndAnnouncement/ANNOUNCEMENTSTOCK/From_EREP/202512/ae5d84ca71_2939efb19b.pdf,20251210_BBRI_Laporan Bulanan Registrasi Pemegang Efek/Perubahan Struktur Pemegang Saham_32012337_lamp2.pdf,https://www.idx.co.id/StaticData/NewsAndAnnouncement/ANNOUNCEMENTSTOCK/From_EREP/202512/c0edac3ef5_bac2c51b4a.pdf,20251210_BBRI_Laporan Bulanan Registrasi Pemegang Efek/Perubahan Struktur Pemegang Saham_32012337_lamp1.pdf
"17 Des 2025
					08:51:06",https://www.idx.co.id/StaticData/NewsAndAnnouncement/ANNOUNCEMENTSTOCK/From_EREP/202512/27d7037855_e77bb9ef57.pdf,Jadwal Dividen Tunai Interim [],BBRI,https://www.idx.co.id/StaticData/NewsAndAnnouncement/ANNOUNCEMENTSTOCK/From_EREP/202512/a115bd6112_1865b1f49e.pdf,20251216_BBRI_Jadwal Aksi Korporasi (Khusus Penyampaian Dividen Interim)_32013487_lamp1.pdf,https://www.idx.co.id/StaticData/NewsAndAnnouncement/ANNOUNCEMENTSTOCK/From_EREP/202512/db398e235f_6776799e2f.pdf,20251216_BBRI_Jadwal Aksi Korporasi (Khusus Penyampaian Dividen Interim)_32013487_lamp2.pdf
"18 Des 2025
					17:48:37",https://www.idx.co.id/StaticData/NewsAndAnnouncement/ANNOUNCEMENTSTOCK/From_EREP/202512/a0759f2b63_d4e27e4cff.pdf,Penyampaian Bukti Iklan Jadwal Pembagian dividen interim [],BBRI,https://www.idx.co.id/StaticData/NewsAndAnnouncement/ANNOUNCEMENTSTOCK/From_EREP/202512/17c29a77dc_acf42b3499.pdf,20251218_BBRI_Penyampaian Bukti Iklan_32014148_lamp1.pdf,,
"18 Des 2025
					18:19:46",https://www.idx.co.id/StaticData/NewsAndAnnouncement/ANNOUNCEMENTSTOCK/From_EREP/202512/382b4375e6_c4ce4195f1.pdf,Ringkasan Risalah Rapat Umum Para Pemegang Saham Luar Biasa [],BBRI,https://www.idx.co.id/StaticData/NewsAndAnnouncement/ANNOUNCEMENTSTOCK/From_EREP/202512/28477fcc09_2b982a68f5.pdf,20251218_BBRI_Ringkasan Risalah/Risalah RUPS_32014147_lamp1.pdf,https://www.idx.co.id/StaticData/NewsAndAnnouncement/ANNOUNCEMENTSTOCK/From_EREP/202512/4f7f429016_2d0cb821a7.pdf,20251218_BBRI_Ringkasan Risalah/Risalah RUPS_32014147_lamp3.pdf
"19 Des 2025
					10:33:31",https://www.idx.co.id/StaticData/NewsAndAnnouncement/ANNOUNCEMENTSTOCK/From_EREP/202512/cb6723a152_7e3598ac20.pdf,Penyampaian Bukti Iklan Hasil RUPS [],BBRI,https://www.idx.co.id/StaticData/NewsAndAnnouncement/ANNOUNCEMENTSTOCK/From_EREP/202512/98423a577a_0486530fa7.pdf,20251219_BBRI_Penyampaian Bukti Iklan_32014239_lamp1.pdf,,
"01 Des 2025
					19:06:42",https://www.idx.co.id/StaticData/NewsAndAnnouncement/ANNOUNCEMENTSTOCK/From_EREP/202512/ae435048cd_beee41f03d.pdf,Penyampaian Bukti Iklan Panggilan RUPS [],BBTN,https://www.idx.co.id/StaticData/NewsAndAnnouncement/ANNOUNCEMENTSTOCK/From_EREP/202512/aeb968a502_1ddc6e7233.pdf,20251201_BBTN_Penyampaian Bukti Iklan_31998606_lamp1.pdf,,
"05 Des 2025
					21:33:16",https://www.idx.co.id/StaticData/NewsAndAnnouncement/ANNOUNCEMENTSTOCK/From_EREP/202512/bad56e4b55_2c1f14527c.pdf,Penyampaian Bukti Iklan Perubahan dan/atau Tambahan Informasi Prospektus Ringkas atas Rencana Penerbitan Penawaran Umum Berkelanjutan Obligasi Berwawasan Sosial Berkelanjutan I Bank BTN Tahap I Tahun 2025 dan Obligasi Subordinasi Berkelanjutan I Bank BTN Tahap I Tahun 2025 [],BBTN,https://www.idx.co.id/StaticData/NewsAndAnnouncement/ANNOUNCEMENTSTOCK/From_EREP/202512/53da4d8e4e_7ac9203143.pdf,20251205_BBTN_Penyampaian Bukti Iklan_32000649_lamp1.pdf,https://www.idx.co.id/StaticData/NewsAndAnnouncement/ANNOUNCEMENTSTOCK/From_EREP/202512/eb178890db_f99801bef3.pdf,20251205_BBTN_Penyampaian Bukti Iklan_32000649_lamp2.pdf
"09 Des 2025
					20:24:14",https://www.idx.co.id/StaticData/NewsAndAnnouncement/ANNOUNCEMENTSTOCK/From_EREP/202512/30342c92b3_5fa7f02134.pdf,Laporan Bulanan Registrasi Pemegang Efek [],BBTN,https://www.idx.co.id/StaticData/NewsAndAnnouncement/ANNOUNCEMENTSTOCK/From_EREP/202512/3110f0a319_85d2020e47.pdf,20251208_BBTN_Laporan Bulanan Registrasi Pemegang Efek/Perubahan Struktur Pemegang Saham_32010894_lamp1.pdf,,
"15 Des 2025
					16:46:36",https://www.idx.co.id/StaticData/NewsAndAnnouncement/ANNOUNCEMENTSTOCK/From_EREP/202512/9db6e6e0a2_3d269e0ec9.pdf,Pengumuman Bursa Pencatatan Awal Obligasi dan Sukuk [],BBTN,https://www.idx.co.id/StaticData/NewsAndAnnouncement/ANNOUNCEMENTSTOCK/From_EREP/202512/7fbf87c63c_62bd755ff2.pdf,20251212_BBTN_Pengumuman Pencatatan Awal Obligasi dan Sukuk_32012849_lamp1.pdf,,
"16 Des 2025
					22:25:33",https://www.idx.co.id/StaticData/NewsAndAnnouncement/ANNOUNCEMENTSTOCK/From_EREP/202512/0caf9a215c_1fee623e77.pdf,Perubahan Jadwal Rapat Umum Pemegang Saham Luar Biasa [],BBTN,https://www.idx.co.id/StaticData/NewsAndAnnouncement/ANNOUNCEMENTSTOCK/From_EREP/202512/b8f5c35e5c_09012b51ac.pdf,20251216_BBTN_Pemanggilan RUPS_32013582_lamp1.pdf,,
"18 Des 2025
					16:21:00",https://www.idx.co.id/StaticData/NewsAndAnnouncement/ANNOUNCEMENTSTOCK/From_EREP/202512/9764a3ed21_918f0b1240.pdf,Penyampaian Bukti Iklan Pemanggilan Ulang RUPS Luar Biasa [],BBTN,https://www.idx.co.id/StaticData/NewsAndAnnouncement/ANNOUNCEMENTSTOCK/From_EREP/202512/51b7bd1908_79c8576a48.pdf,20251218_BBTN_Penyampaian Bukti Iklan_32013946_lamp1.pdf,,
"23 Des 2025
					19:58:21",https://www.idx.co.id/StaticData/NewsAndAnnouncement/ANNOUNCEMENTSTOCK/From_EREP/202512/d30e3fccdc_0d0486620e.pdf,Penyelesaian Pemisahan Unit Usaha Syariah (UUS) Perseroan. [],BBTN,https://www.idx.co.id/StaticData/NewsAndAnnouncement/ANNOUNCEMENTSTOCK/From_EREP/202512/358b3ddbbd_c066adc5f0.pdf,20251223_BBTN_Laporan Informasi dan Fakta Material_32015182_lamp1.pdf,,
"24 Des 2025
					17:42:26",https://www.idx.co.id/StaticData/NewsAndAnnouncement/ANNOUNCEMENTSTOCK/From_EREP/202512/287a30c90b_9deb91656e.pdf,Transaksi Afiliasi [],BBTN,https://www.idx.co.id/StaticData/NewsAndAnnouncement/ANNOUNCEMENTSTOCK/From_EREP/202512/167b9c85cb_36a5e578b7.pdf,20251224_BBTN_Informasi Transaksi Afiliasi_32015454_lamp1.pdf,https://www.idx.co.id/StaticData/NewsAndAnnouncement/ANNOUNCEMENTSTOCK/From_EREP/202512/2555c3d0f2_872999b605.pdf,20251224_BBTN_Informasi Transaksi Afiliasi_32015454_lamp5.pdf
"01 Des 2025
					15:02:18",https://www.idx.co.id/StaticData/NewsAndAnnouncement/ANNOUNCEMENTSTOCK/From_EREP/202512/c5e598d680_2d48953ad9.pdf,Penyampaian Bukti Iklan Panggilan RUPS [],BMRI,https://www.idx.co.id/StaticData/NewsAndAnnouncement/ANNOUNCEMENTSTOCK/From_EREP/202512/392986818c_dfcc5327c5.pdf,20251128_BMRI_Penyampaian Bukti Iklan_31988557_lamp2.pdf,https://www.idx.co.id/StaticData/NewsAndAnnouncement/ANNOUNCEMENTSTOCK/From_EREP/202512/65cce1d716_e49ba02b62.pdf,20251128_BMRI_Penyampaian Bukti Iklan_31988557_lamp1.pdf
"02 Des 2025
					12:03:15",https://www.idx.co.id/StaticData/NewsAndAnnouncement/ANNOUNCEMENTSTOCK/From_EREP/202512/8ea7feacbb_f330e9c443.pdf,Perubahan Corporate Secretary [],BMRI,https://www.idx.co.id/StaticData/NewsAndAnnouncement/ANNOUNCEMENTSTOCK/From_EREP/202512/ceaf034928_2ab7c8ce81.pdf,20251202_BMRI_Perubahan Corsec Komite Audit Alamat NPWP Internal Audit_31999029_lamp1.pdf,,
"02 Des 2025
					18:56:47",https://www.idx.co.id/StaticData/NewsAndAnnouncement/ANNOUNCEMENTSTOCK/From_EREP/202512/7842dd3393_1abdf7cd13.pdf,Penetapan Efektif Pengangkatan Direktur Utama dan Wakil Direktur Utama Perseroan [],BMRI,https://www.idx.co.id/StaticData/NewsAndAnnouncement/ANNOUNCEMENTSTOCK/From_EREP/202512/f91418c91b_dc5d24e316.pdf,20251202_BMRI_Laporan Informasi dan Fakta Material_31999265_lamp1.pdf,,
"09 Des 2025
					19:29:31",https://www.idx.co.id/StaticData/NewsAndAnnouncement/ANNOUNCEMENTSTOCK/From_EREP/202512/94cd9bb87c_11d39401ca.pdf,Laporan Bulanan Registrasi Pemegang Efek [],BMRI,https://www.idx.co.id/StaticData/NewsAndAnnouncement/ANNOUNCEMENTSTOCK/From_EREP/202512/5ee47aba41_29b5610de6.pdf,20251204_BMRI_Laporan Bulanan Registrasi Pemegang Efek/Perubahan Struktur Pemegang Saham_31999833_lamp2.pdf,https://www.idx.co.id/StaticData/NewsAndAnnouncement/ANNOUNCEMENTSTOCK/From_EREP/202512/6ba8b96a93_4cd946bcb8.pdf,20251204_BMRI_Laporan Bulanan Registrasi Pemegang Efek/Perubahan Struktur Pemegang Saham_31999833_lamp4.pdf
"19 Des 2025
					08:10:53",https://www.idx.co.id/StaticData/NewsAndAnnouncement/ANNOUNCEMENTSTOCK/From_EREP/202512/cbb16bd48c_86fa350c71.pdf,Pembagian dividen interim [],BMRI,https://www.idx.co.id/StaticData/NewsAndAnnouncement/ANNOUNCEMENTSTOCK/From_EREP/202512/77ce6c5c88_3db082405d.pdf,20251218_BMRI_Laporan Informasi dan Fakta Material_32014211_lamp1.pdf,,
"19 Des 2025
					19:44:39",https://www.idx.co.id/StaticData/NewsAndAnnouncement/ANNOUNCEMENTSTOCK/From_EREP/202512/7970c15207_6f24133fd9.pdf,Pengumuman Bursa Pencatatan Awal Obligasi dan Sukuk [],BMRI,https://www.idx.co.id/StaticData/NewsAndAnnouncement/ANNOUNCEMENTSTOCK/From_EREP/202512/e6cecd863d_a3f7668ccc.pdf,20251219_BMRI_Pengumuman Pencatatan Awal Obligasi dan Sukuk_32014348_lamp1.pdf,,
"19 Des 2025
					22:38:21",https://www.idx.co.id/StaticData/NewsAndAnnouncement/ANNOUNCEMENTSTOCK/From_EREP/202502/20260220181211-59276-0/FinancialStatement-2025-III-BMRI.pdf,Penyampaian Laporan Keuangan Interim (KOREKSI) [],BMRI,https://www.idx.co.id/StaticData/NewsAndAnnouncement/ANNOUNCEMENTSTOCK/From_EREP/202502/20260220181211-59276-0/FinancialStatement-2025-III-BMRI.xlsx,FinancialStatement-2025-III-BMRI.xlsx,https://www.idx.co.id/StaticData/NewsAndAnnouncement/ANNOUNCEMENTSTOCK/From_EREP/202502/20260220181211-59276-0/inlineXBRL.zip,inlineXBRL.zip
"19 Des 2025
					23:04:09",https://www.idx.co.id/StaticData/NewsAndAnnouncement/ANNOUNCEMENTSTOCK/From_EREP/202512/6e10e3efa9_e8aafa186a.pdf,Penetapan Efektif Pengurus Perseroan [],BMRI,https://www.idx.co.id/StaticData/NewsAndAnnouncement/ANNOUNCEMENTSTOCK/From_EREP/202512/846d816fe5_d698741b83.pdf,20251219_BMRI_Laporan Informasi dan Fakta Material_32014556_lamp1.pdf,,
"19 Des 2025
					23:10:25",https://www.idx.co.id/StaticData/NewsAndAnnouncement/ANNOUNCEMENTSTOCK/From_EREP/202512/5e9cf73639_21ab273180.pdf,Perubahan anggota Direksi dan/atau anggota Dewan Komisaris [],BMRI,https://www.idx.co.id/StaticData/NewsAndAnnouncement/ANNOUNCEMENTSTOCK/From_EREP/202512/59d8d26839_1229e4f44e.pdf,20251219_BMRI_Laporan Informasi dan Fakta Material_32014559_lamp1.pdf,,
"22 Des 2025
					08:31:52",https://www.idx.co.id/StaticData/NewsAndAnnouncement/ANNOUNCEMENTSTOCK/From_EREP/202512/1984c4cd19_eaa69db631.pdf,Jadwal Dividen Tunai Interim [],BMRI,https://www.idx.co.id/StaticData/NewsAndAnnouncement/ANNOUNCEMENTSTOCK/From_EREP/202512/929c0a67be_732b4d28ee.pdf,20251222_BMRI_Jadwal Aksi Korporasi (Khusus Penyampaian Dividen Interim)_32014584_lamp1.pdf,,
"22 Des 2025
					10:21:42",https://www.idx.co.id/StaticData/NewsAndAnnouncement/ANNOUNCEMENTSTOCK/From_EREP/202512/035d8d69cc_cdf1625287.pdf,Jadwal Dividen Tunai Interim (KOREKSI) [],BMRI,https://www.idx.co.id/StaticData/NewsAndAnnouncement/ANNOUNCEMENTSTOCK/From_EREP/202512/064f6b4d6d_ad9e30ba63.pdf,20251222_BMRI_Jadwal Aksi Korporasi (Khusus Penyampaian Dividen Interim)_32014628_lamp1.pdf,,
"23 Des 2025
					10:42:16",https://www.idx.co.id/StaticData/NewsAndAnnouncement/ANNOUNCEMENTSTOCK/From_EREP/202512/e1b5570c52_2e7a0b3134.pdf,Ringkasan Risalah Rapat Umum Para Pemegang Saham Luar Biasa [],BMRI,https://www.idx.co.id/StaticData/NewsAndAnnouncement/ANNOUNCEMENTSTOCK/From_EREP/202512/4028340ce6_8663595630.pdf,20251223_BMRI_Ringkasan Risalah/Risalah RUPS_32014975_lamp3.pdf,https://www.idx.co.id/StaticData/NewsAndAnnouncement/ANNOUNCEMENTSTOCK/From_EREP/202512/a7346a2082_63c66eb19a.pdf,20251223_BMRI_Ringkasan Risalah/Risalah RUPS_32014975_lamp2.pdf
"23 Des 2025
					17:02:57",https://www.idx.co.id/StaticData/NewsAndAnnouncement/ANNOUNCEMENTSTOCK/From_EREP/202512/9e8f4ad02c_d82484afc6.pdf,Penyampaian Bukti Iklan Jadwal Pembagian dividen interim [],BMRI,https://www.idx.co.id/StaticData/NewsAndAnnouncement/ANNOUNCEMENTSTOCK/From_EREP/202512/25b7afdc77_e64ed4b3b9.pdf,20251223_BMRI_Penyampaian Bukti Iklan_32015129_lamp1.pdf,,
"24 Des 2025
					11:47:52",https://www.idx.co.id/StaticData/NewsAndAnnouncement/ANNOUNCEMENTSTOCK/From_EREP/202512/51ebdbacd2_b42d92c4cf.pdf,Penyampaian Bukti Iklan Hasil RUPS [],BMRI,https://www.idx.co.id/StaticData/NewsAndAnnouncement/ANNOUNCEMENTSTOCK/From_EREP/202512/91800abd41_cc1cb3e221.pdf,20251224_BMRI_Penyampaian Bukti Iklan_32015334_lamp1.pdf,,
"01 Des 2025
					19:23:53",https://www.idx.co.id/StaticData/NewsAndAnnouncement/ANNOUNCEMENTSTOCK/From_EREP/202512/f03f24f001_4323093c4f.pdf,Penyampaian Bukti Iklan Panggilan RUPS [],BRIS,https://www.idx.co.id/StaticData/NewsAndAnnouncement/ANNOUNCEMENTSTOCK/From_EREP/202512/3cdd78054a_9678337a1d.pdf,20251201_BRIS_Penyampaian Bukti Iklan_31998729_lamp1.pdf,,
"09 Des 2025
					18:48:55",https://www.idx.co.id/StaticData/NewsAndAnnouncement/ANNOUNCEMENTSTOCK/From_EREP/202512/61205e218e_8c09d9e941.pdf,Laporan Bulanan Registrasi Pemegang Efek [],BRIS,https://www.idx.co.id/StaticData/NewsAndAnnouncement/ANNOUNCEMENTSTOCK/From_EREP/202512/ca1131666c_939ad375c4.pdf,20251208_BRIS_Laporan Bulanan Registrasi Pemegang Efek/Perubahan Struktur Pemegang Saham_32011316_lamp1.pdf,,
"12 Des 2025
					19:06:03",https://www.idx.co.id/StaticData/NewsAndAnnouncement/ANNOUNCEMENTSTOCK/From_EREP/202512/c637e0a2ab_07ca5b45a6.pdf,Laporan Informasi Efektif Pengangkatan Anggota Dewan Komisaris Dan Anggota Direksi Perseroan [],BRIS,https://www.idx.co.id/StaticData/NewsAndAnnouncement/ANNOUNCEMENTSTOCK/From_EREP/202512/bdba0af9c6_e9ba2d53f2.pdf,20251212_BRIS_Laporan Informasi dan Fakta Material_32012821_lamp1.pdf,,
"17 Des 2025
					18:14:17",https://www.idx.co.id/StaticData/NewsAndAnnouncement/ANNOUNCEMENTSTOCK/From_EREP/202512/36174bd7a5_e4df2292ee.pdf,Penjelasan atas Permintaan Penjelasan Bursa [],BRIS,https://www.idx.co.id/StaticData/NewsAndAnnouncement/ANNOUNCEMENTSTOCK/From_EREP/202512/3b69e55ba1_7d3f5929f0.pdf,20251217_BRIS_Tanggapan atas Permintaan Penjelasan Bursa_32013836_lamp1.pdf,,
"24 Des 2025
					17:47:55",https://www.idx.co.id/StaticData/NewsAndAnnouncement/ANNOUNCEMENTSTOCK/From_EREP/202512/6697f8d959_aa2fea61c0.pdf,Ringkasan Risalah Rapat Umum Para Pemegang Saham Luar Biasa [],BRIS,https://www.idx.co.id/StaticData/NewsAndAnnouncement/ANNOUNCEMENTSTOCK/From_EREP/202512/9869b56369_f4f030490d.pdf,20251224_BRIS_Ringkasan Risalah/Risalah RUPS_32015461_lamp1.pdf,https://www.idx.co.id/StaticData/NewsAndAnnouncement/ANNOUNCEMENTSTOCK/From_EREP/202512/e5504c3db7_6e67682336.pdf,20251224_BRIS_Ringkasan Risalah/Risalah RUPS_32015461_lamp2.pdf
"29 Des 2025
					12:17:20",https://www.idx.co.id/StaticData/NewsAndAnnouncement/ANNOUNCEMENTSTOCK/From_EREP/202512/4b763c43dc_4f55a4b80d.pdf,Penyampaian Bukti Iklan Hasil RUPS [],BRIS,https://www.idx.co.id/StaticData/NewsAndAnnouncement/ANNOUNCEMENTSTOCK/From_EREP/202512/c4d8a68dfc_c24c416466.pdf,20251229_BRIS_Penyampaian Bukti Iklan_32015655_lamp1.pdf,,
"05 Des 2025
					19:24:57",https://www.idx.co.id/StaticData/NewsAndAnnouncement/ANNOUNCEMENTSTOCK/From_EREP/202512/0313f46fba_70cdec9e6b.pdf,Jatuh Tempo Obligasi / Sukuk Korporasi [],BRPT,https://www.idx.co.id/StaticData/NewsAndAnnouncement/ANNOUNCEMENTSTOCK/From_EREP/202512/e59fb938b8_fe9b2e98df.pdf,20251205_BRPT_Pengumuman Jatuh Tempo Obligasi dan Sukuk_32000191_lamp1.pdf,,
"09 Des 2025
					16:35:11",https://www.idx.co.id/StaticData/NewsAndAnnouncement/ANNOUNCEMENTSTOCK/From_EREP/202512/8d9eb4c8f5_be9a68e0cd.pdf,Laporan Bulanan Registrasi Pemegang Efek [],BRPT,https://www.idx.co.id/StaticData/NewsAndAnnouncement/ANNOUNCEMENTSTOCK/From_EREP/202512/c1fd543fca_cc219dd4f4.pdf,20251202_BRPT_Laporan Bulanan Registrasi Pemegang Efek/Perubahan Struktur Pemegang Saham_31999101_lamp1.pdf,,
"05 Des 2025
					10:02:57",https://www.idx.co.id/StaticData/NewsAndAnnouncement/ANNOUNCEMENTSTOCK/From_EREP/202512/fd861574c9_685aca0159.pdf,Laporan Bulanan Registrasi Pemegang Efek [],CPIN,https://www.idx.co.id/StaticData/NewsAndAnnouncement/ANNOUNCEMENTSTOCK/From_EREP/202512/c672d541c1_2597803d9b.pdf,20251205_CPIN_Laporan Bulanan Registrasi Pemegang Efek/Perubahan Struktur Pemegang Saham_32000299_lamp1.pdf,,
"10 Des 2025
					16:09:46",https://www.idx.co.id/StaticData/NewsAndAnnouncement/ANNOUNCEMENTSTOCK/From_EREP/202512/7cbcec7db4_73ef5d6a59.pdf,Penjelasan atas Permintaan Penjelasan Bursa [],CPIN,https://www.idx.co.id/StaticData/NewsAndAnnouncement/ANNOUNCEMENTSTOCK/From_EREP/202512/a8f3d59f1b_1934b762a8.pdf,20251210_CPIN_Tanggapan atas Permintaan Penjelasan Bursa_32012251_lamp1.pdf,,
"10 Des 2025
					13:32:27",https://www.idx.co.id/StaticData/NewsAndAnnouncement/ANNOUNCEMENTSTOCK/From_EREP/202512/499882e684_9c36106481.pdf,Laporan Bulanan Registrasi Pemegang Efek [],CTRA,https://www.idx.co.id/StaticData/NewsAndAnnouncement/ANNOUNCEMENTSTOCK/From_EREP/202512/3f5d8efdfc_e7cb067eaf.pdf,20251210_CTRA_Laporan Bulanan Registrasi Pemegang Efek/Perubahan Struktur Pemegang Saham_32012022_lamp1.pdf,,
"01 Des 2025
					16:46:18",https://www.idx.co.id/StaticData/NewsAndAnnouncement/ANNOUNCEMENTSTOCK/From_EREP/202512/7a34c50614_e0a0f99073.pdf,Informasi Kupon [],EXCL,https://www.idx.co.id/StaticData/NewsAndAnnouncement/ANNOUNCEMENTSTOCK/From_EREP/202512/23dd2dcacf_b05a6e6806.pdf,20251201_EXCL_Pembayaran Kupon/Bagi Hasil/Ijarah/Pokok_31998770_lamp1.pdf,,
"01 Des 2025
					16:47:26",https://www.idx.co.id/StaticData/NewsAndAnnouncement/ANNOUNCEMENTSTOCK/From_EREP/202512/88c0512d2f_ce9e9f7b49.pdf,Informasi Ijarah Fee [],EXCL,https://www.idx.co.id/StaticData/NewsAndAnnouncement/ANNOUNCEMENTSTOCK/From_EREP/202512/bcb1b9ddd6_8374242934.pdf,20251201_EXCL_Pembayaran Kupon/Bagi Hasil/Ijarah/Pokok_31998764_lamp1.pdf,,
"05 Des 2025
					08:37:22",https://www.idx.co.id/StaticData/NewsAndAnnouncement/ANNOUNCEMENTSTOCK/From_EREP/202512/57dd977002_66d87a441d.pdf,Laporan Kepemilikan atau Setiap Perubahan Kepemilikan Saham Perusahaan Terbuka [],EXCL,,,,
"09 Des 2025
					17:55:33",https://www.idx.co.id/StaticData/NewsAndAnnouncement/ANNOUNCEMENTSTOCK/From_EREP/202512/dc592c5dd3_d83ea926dc.pdf,Laporan Bulanan Registrasi Pemegang Efek [],EXCL,,,,
"11 Des 2025
					22:40:55",https://www.idx.co.id/StaticData/NewsAndAnnouncement/ANNOUNCEMENTSTOCK/From_KSEI/LK-11122025-0923-00.pdf-0.pdf,LAPORAN KEPEMILIKAN ATAU SETIAP PERUBAHAN KEPEMILIKAN SAHAM PERUSAHAAN TERBUKA [],EXCL,,,,
"16 Des 2025
					15:18:35",https://www.idx.co.id/StaticData/NewsAndAnnouncement/ANNOUNCEMENTSTOCK/From_KSEI/LK-16122025-5459-00.pdf-0.pdf,LAPORAN KEPEMILIKAN ATAU SETIAP PERUBAHAN KEPEMILIKAN SAHAM PERUSAHAAN TERBUKA [],EXCL,,,,
"17 Des 2025
					21:02:19",https://www.idx.co.id/StaticData/NewsAndAnnouncement/ANNOUNCEMENTSTOCK/From_EREP/202512/e92a08e006_036baf28c0.pdf,Penjelasan atas Volatilitas Transaksi [],EXCL,,,,
"22 Des 2025
					14:43:16",https://www.idx.co.id/StaticData/NewsAndAnnouncement/ANNOUNCEMENTSTOCK/From_KSEI/LK-22122025-0665-00.pdf-0.pdf,LAPORAN KEPEMILIKAN ATAU SETIAP PERUBAHAN KEPEMILIKAN SAHAM PERUSAHAAN TERBUKA [],EXCL,,,,
"23 Des 2025
					10:27:58",https://www.idx.co.id/StaticData/NewsAndAnnouncement/ANNOUNCEMENTSTOCK/From_KSEI/LK-23122025-2649-00.pdf-0.pdf,LAPORAN KEPEMILIKAN ATAU SETIAP PERUBAHAN KEPEMILIKAN SAHAM PERUSAHAAN TERBUKA [],EXCL,,,,
"01 Des 2025
					21:32:04",https://www.idx.co.id/StaticData/NewsAndAnnouncement/ANNOUNCEMENTSTOCK/From_EREP/202512/57019885d2_26485adf9b.pdf,Penjelasan atas Pemberitaan Media Massa [],GOTO,https://www.idx.co.id/StaticData/NewsAndAnnouncement/ANNOUNCEMENTSTOCK/From_EREP/202512/f7b3731937_9709e2ead1.pdf,20251201_GOTO_Tanggapan atas Permintaan Penjelasan Bursa_31998907_lamp1.pdf,,
"08 Des 2025
					16:26:36",https://www.idx.co.id/StaticData/NewsAndAnnouncement/ANNOUNCEMENTSTOCK/From_EREP/202512/df4f080cb5_100d1e5d9d.pdf,Laporan Bulanan Registrasi Pemegang Efek [],GOTO,https://www.idx.co.id/StaticData/NewsAndAnnouncement/ANNOUNCEMENTSTOCK/From_EREP/202512/3012cf905f_3d6ac4b4bd.pdf,20251208_GOTO_Laporan Bulanan Registrasi Pemegang Efek/Perubahan Struktur Pemegang Saham_32011179_lamp1.pdf,,
"17 Des 2025
					20:02:12",https://www.idx.co.id/StaticData/NewsAndAnnouncement/ANNOUNCEMENTSTOCK/From_EREP/202512/a3159f7a1d_a8ca32fbab.pdf,Ringkasan Risalah Rapat Umum Para Pemegang Saham Luar Biasa [],GOTO,https://www.idx.co.id/StaticData/NewsAndAnnouncement/ANNOUNCEMENTSTOCK/From_EREP/202512/36549439a3_996ff6472d.pdf,20251217_GOTO_Ringkasan Risalah/Risalah RUPS_32013847_lamp1.pdf,,
"17 Des 2025
					20:22:43",https://www.idx.co.id/StaticData/NewsAndAnnouncement/ANNOUNCEMENTSTOCK/From_EREP/202512/d3e9971d99_1ac35229bd.pdf,Perubahan anggota Direksi dan/atau anggota Dewan Komisaris [],GOTO,https://www.idx.co.id/StaticData/NewsAndAnnouncement/ANNOUNCEMENTSTOCK/From_EREP/202512/d4ac758a4b_e6270cb66f.pdf,20251217_GOTO_Laporan Informasi dan Fakta Material_32013869_lamp1.pdf,,
"18 Des 2025
					17:40:32",https://www.idx.co.id/StaticData/NewsAndAnnouncement/ANNOUNCEMENTSTOCK/From_EREP/202512/b822e5807c_6f9b0a718f.pdf,Penyampaian Bukti Iklan Hasil RUPS [],GOTO,https://www.idx.co.id/StaticData/NewsAndAnnouncement/ANNOUNCEMENTSTOCK/From_EREP/202512/1792565431_6cd82eff97.pdf,20251218_GOTO_Penyampaian Bukti Iklan_32013895_lamp1.pdf,,
"30 Des 2025
					16:35:26",https://www.idx.co.id/StaticData/NewsAndAnnouncement/ANNOUNCEMENTSTOCK/From_EREP/202512/57a3d48c86_7ce84bfba4.pdf,Perubahan Komite Nominasi dan Remunerasi Emiten atau Perusahaan Publik [],GOTO,https://www.idx.co.id/StaticData/NewsAndAnnouncement/ANNOUNCEMENTSTOCK/From_EREP/202512/825f5195ce_0588f84d00.pdf,20251230_GOTO_Perubahan Corsec Komite Audit Alamat NPWP Internal Audit_32015997_lamp1.pdf,,
"10 Des 2025
					16:44:57",https://www.idx.co.id/StaticData/NewsAndAnnouncement/ANNOUNCEMENTSTOCK/From_EREP/202512/937e11e0d6_315ef32732.pdf,Laporan Bulanan Registrasi Pemegang Efek [],ICBP,,,,
"03 Des 2025
					11:03:44",https://www.idx.co.id/StaticData/NewsAndAnnouncement/ANNOUNCEMENTSTOCK/From_EREP/202512/7e1f969757_9c234b972a.pdf,Laporan Bulanan Registrasi Pemegang Efek [],INCO,https://www.idx.co.id/StaticData/NewsAndAnnouncement/ANNOUNCEMENTSTOCK/From_EREP/202512/f87749f24a_755f8c9c34.pdf,20251203_INCO_Laporan Bulanan Registrasi Pemegang Efek/Perubahan Struktur Pemegang Saham_31999361_lamp1.pdf,,
"15 Des 2025
					21:50:25",https://www.idx.co.id/StaticData/NewsAndAnnouncement/ANNOUNCEMENTSTOCK/From_EREP/202512/484fd1db7f_892c3f10a7.pdf,Perubahan Komite Audit [],INCO,https://www.idx.co.id/StaticData/NewsAndAnnouncement/ANNOUNCEMENTSTOCK/From_EREP/202512/297243fed9_1c98bd4b1d.pdf,20251215_INCO_Perubahan Corsec Komite Audit Alamat NPWP Internal Audit_32013096_lamp1.pdf,,
"22 Des 2025
					14:00:57",https://www.idx.co.id/StaticData/NewsAndAnnouncement/ANNOUNCEMENTSTOCK/From_EREP/202512/2482d65137_be247c11dd.pdf,Saham Hilang [],INCO,https://www.idx.co.id/StaticData/NewsAndAnnouncement/ANNOUNCEMENTSTOCK/From_EREP/202512/9b73a1cb2a_3afcd9c968.pdf,20251219_INCO_Pengumuman Bursa_32014369_lamp1.pdf,,
"29 Des 2025
					12:41:08",https://www.idx.co.id/StaticData/NewsAndAnnouncement/ANNOUNCEMENTSTOCK/From_EREP/202512/66f4830e09_e2e50b0b86.pdf,Penjelasan atas Volatilitas Transaksi [],INCO,https://www.idx.co.id/StaticData/NewsAndAnnouncement/ANNOUNCEMENTSTOCK/From_EREP/202512/cdf311afc7_30a7426839.pdf,20251229_INCO_Tanggapan atas Permintaan Penjelasan Bursa_32015658_lamp1.pdf,,
"10 Des 2025
					16:11:49",https://www.idx.co.id/StaticData/NewsAndAnnouncement/ANNOUNCEMENTSTOCK/From_EREP/202512/b5daa35a67_a3ca345118.pdf,Laporan Bulanan Registrasi Pemegang Efek [],INDF,,,,
"05 Des 2025
					13:47:13",https://www.idx.co.id/StaticData/NewsAndAnnouncement/ANNOUNCEMENTSTOCK/From_EREP/202512/4857ceeba6_a0c20ed5be.pdf,Laporan Bulanan Registrasi Pemegang Efek [],INKP,https://www.idx.co.id/StaticData/NewsAndAnnouncement/ANNOUNCEMENTSTOCK/From_EREP/202512/2c85a1fe2f_9ebc83aff8.pdf,20251204_INKP_Laporan Bulanan Registrasi Pemegang Efek/Perubahan Struktur Pemegang Saham_32000083_lamp1.pdf,,
"10 Des 2025
					10:37:00",https://www.idx.co.id/StaticData/NewsAndAnnouncement/ANNOUNCEMENTSTOCK/From_KSEI/LK-10122025-8427-00.pdf-0.pdf,LAPORAN KEPEMILIKAN ATAU SETIAP PERUBAHAN KEPEMILIKAN SAHAM PERUSAHAAN TERBUKA [],INKP,,,,
"11 Des 2025
					01:26:50",https://www.idx.co.id/StaticData/NewsAndAnnouncement/ANNOUNCEMENTSTOCK/From_EREP/202512/521f092dd4_77629eb6b3.pdf,Jatuh Tempo Obligasi / Sukuk Korporasi [],INKP,https://www.idx.co.id/StaticData/NewsAndAnnouncement/ANNOUNCEMENTSTOCK/From_EREP/202512/2298694675_dcd620e203.pdf,20251210_INKP_Pengumuman Jatuh Tempo Obligasi dan Sukuk_32012080_lamp2.pdf,https://www.idx.co.id/StaticData/NewsAndAnnouncement/ANNOUNCEMENTSTOCK/From_EREP/202512/94088d3cce_efd161da24.pdf,20251210_INKP_Pengumuman Jatuh Tempo Obligasi dan Sukuk_32012080_lamp1.pdf
"11 Des 2025
					11:28:54",https://www.idx.co.id/StaticData/NewsAndAnnouncement/ANNOUNCEMENTSTOCK/From_EREP/202502/20260220174023-59235-0/FinancialStatement-2025-III-INKP.pdf,Penyampaian Laporan Keuangan Interim Auditan [],INKP,https://www.idx.co.id/StaticData/NewsAndAnnouncement/ANNOUNCEMENTSTOCK/From_EREP/202502/20260220174023-59235-0/072%20IK-Laporan%20Keuangan%2030%20September%2025%20(Q3)%20(1).pdf,072 IK-Laporan Keuangan 30 September 25 (Q3) (1).pdf,https://www.idx.co.id/StaticData/NewsAndAnnouncement/ANNOUNCEMENTSTOCK/From_EREP/202502/20260220174023-59235-0/DirStat%20-%200925.pdf,DirStat - 0925.pdf
"12 Des 2025
					13:35:16",https://www.idx.co.id/StaticData/NewsAndAnnouncement/ANNOUNCEMENTSTOCK/From_EREP/202512/93aef99a29_82be625e44.pdf,Pelunasan Obligasi  [],INKP,https://www.idx.co.id/StaticData/NewsAndAnnouncement/ANNOUNCEMENTSTOCK/From_EREP/202512/b8b3a04534_62211c4edb.pdf,20251211_INKP_Laporan Informasi dan Fakta Material_32012452_lamp1.pdf,,
"12 Des 2025
					19:53:21",https://www.idx.co.id/StaticData/NewsAndAnnouncement/ANNOUNCEMENTSTOCK/From_EREP/202512/28df306c54_1c98597662.pdf,Jatuh Tempo Obligasi / Sukuk Korporasi [],INKP,https://www.idx.co.id/StaticData/NewsAndAnnouncement/ANNOUNCEMENTSTOCK/From_EREP/202512/3b5d5d8665_09a68214de.pdf,20251212_INKP_Pengumuman Jatuh Tempo Obligasi dan Sukuk_32012793_lamp2.pdf,https://www.idx.co.id/StaticData/NewsAndAnnouncement/ANNOUNCEMENTSTOCK/From_EREP/202512/44bc945c68_b3b479e539.pdf,20251212_INKP_Pengumuman Jatuh Tempo Obligasi dan Sukuk_32012793_lamp1.pdf
"16 Des 2025
					08:52:53",https://www.idx.co.id/StaticData/NewsAndAnnouncement/ANNOUNCEMENTSTOCK/From_EREP/202512/9de1403f92_cfb7eba4a5.pdf,Pelunasan Obligasi dan Sukuk Mudharabah  [],INKP,https://www.idx.co.id/StaticData/NewsAndAnnouncement/ANNOUNCEMENTSTOCK/From_EREP/202512/cb6f71b31e_e40cf7874b.pdf,20251215_INKP_Laporan Informasi dan Fakta Material_32012963_lamp1.pdf,,
"16 Des 2025
					10:27:16",https://www.idx.co.id/StaticData/NewsAndAnnouncement/ANNOUNCEMENTSTOCK/From_EREP/202512/3f734d7f98_e6a2bda273.pdf,Laporan Hasil Pemeringkatan Pemeringkatan Tahunan [],INKP,https://www.idx.co.id/StaticData/NewsAndAnnouncement/ANNOUNCEMENTSTOCK/From_EREP/202512/5681627412_b94a68f479.pdf,20251216_INKP_Laporan Hasil Pemeringkatan_32013329_lamp1.pdf,https://www.idx.co.id/StaticData/NewsAndAnnouncement/ANNOUNCEMENTSTOCK/From_EREP/202512/7228807c9d_db980a8ee3.pdf,20251216_INKP_Laporan Hasil Pemeringkatan_32013329_lamp2.pdf
"16 Des 2025
					19:45:59",https://www.idx.co.id/StaticData/NewsAndAnnouncement/ANNOUNCEMENTSTOCK/From_EREP/202512/a601526e58_871bee16eb.pdf,Jatuh Tempo Obligasi / Sukuk Korporasi [],INKP,https://www.idx.co.id/StaticData/NewsAndAnnouncement/ANNOUNCEMENTSTOCK/From_EREP/202512/333848b6ef_5339d84784.pdf,20251215_INKP_Pengumuman Jatuh Tempo Obligasi dan Sukuk_32013056_lamp1.pdf,https://www.idx.co.id/StaticData/NewsAndAnnouncement/ANNOUNCEMENTSTOCK/From_EREP/202512/35dc22ddf7_f502000cb4.pdf,20251215_INKP_Pengumuman Jatuh Tempo Obligasi dan Sukuk_32013056_lamp2.pdf
"17 Des 2025
					09:38:55",https://www.idx.co.id/StaticData/NewsAndAnnouncement/ANNOUNCEMENTSTOCK/From_EREP/202512/2f7cce6eb8_dab2cf06ad.pdf,Pelunasan Obligasi dan Sukuk Mudharabah  [],INKP,https://www.idx.co.id/StaticData/NewsAndAnnouncement/ANNOUNCEMENTSTOCK/From_EREP/202512/ffb3a28086_11d109a2fc.pdf,20251216_INKP_Laporan Informasi dan Fakta Material_32013315_lamp1.pdf,,
"17 Des 2025
					15:11:37",https://www.idx.co.id/StaticData/NewsAndAnnouncement/ANNOUNCEMENTSTOCK/From_EREP/202512/8ec6dfbc74_42f0643cbc.pdf,Laporan Hasil Pemeringkatan Pemeringkatan Tahunan [],INKP,https://www.idx.co.id/StaticData/NewsAndAnnouncement/ANNOUNCEMENTSTOCK/From_EREP/202512/45c79cc771_3360118fcb.pdf,20251215_INKP_Laporan Hasil Pemeringkatan_32013136_lamp1.pdf,https://www.idx.co.id/StaticData/NewsAndAnnouncement/ANNOUNCEMENTSTOCK/From_EREP/202512/47525121ad_60503e1f62.pdf,20251215_INKP_Laporan Hasil Pemeringkatan_32013136_lamp2.pdf
"24 Des 2025
					11:21:46",https://www.idx.co.id/StaticData/NewsAndAnnouncement/ANNOUNCEMENTSTOCK/From_EREP/202512/b9056e6934_d750986420.pdf,Transaksi Afiliasi [],INKP,https://www.idx.co.id/StaticData/NewsAndAnnouncement/ANNOUNCEMENTSTOCK/From_EREP/202512/76a7162c83_3fb716e0a1.pdf,20251216_INKP_Informasi Transaksi Afiliasi_32013334_lamp2.pdf,https://www.idx.co.id/StaticData/NewsAndAnnouncement/ANNOUNCEMENTSTOCK/From_EREP/202512/9a25727bb2_69df5b8028.pdf,20251216_INKP_Informasi Transaksi Afiliasi_32013334_lamp1.pdf
"05 Des 2025
					20:32:11",https://www.idx.co.id/StaticData/NewsAndAnnouncement/ANNOUNCEMENTSTOCK/From_EREP/202512/7d030fd28e_1f1cb55c80.pdf,Jatuh Tempo Obligasi / Sukuk Korporasi [],ISAT,https://www.idx.co.id/StaticData/NewsAndAnnouncement/ANNOUNCEMENTSTOCK/From_EREP/202512/8f4f6448ea_03f2ab917e.pdf,20251205_ISAT_Pengumuman Jatuh Tempo Obligasi dan Sukuk_32000433_lamp1.pdf,https://www.idx.co.id/StaticData/NewsAndAnnouncement/ANNOUNCEMENTSTOCK/From_EREP/202512/9a30e6cb45_873e909ece.pdf,20251205_ISAT_Pengumuman Jatuh Tempo Obligasi dan Sukuk_32000433_lamp2.pdf
"10 Des 2025
					16:04:31",https://www.idx.co.id/StaticData/NewsAndAnnouncement/ANNOUNCEMENTSTOCK/From_EREP/202512/8dc88c9bd6_af69622cc6.pdf,Laporan Bulanan Registrasi Pemegang Efek [],ISAT,https://www.idx.co.id/StaticData/NewsAndAnnouncement/ANNOUNCEMENTSTOCK/From_EREP/202512/002e6bd257_477124c7ca.pdf,20251210_ISAT_Laporan Bulanan Registrasi Pemegang Efek/Perubahan Struktur Pemegang Saham_32012121_lamp1.pdf,https://www.idx.co.id/StaticData/NewsAndAnnouncement/ANNOUNCEMENTSTOCK/From_EREP/202512/b4bc9edf4f_d3db12021c.pdf,20251210_ISAT_Laporan Bulanan Registrasi Pemegang Efek/Perubahan Struktur Pemegang Saham_32012121_lamp2.pdf
"23 Des 2025
					11:32:46",https://www.idx.co.id/StaticData/NewsAndAnnouncement/ANNOUNCEMENTSTOCK/From_EREP/202512/b105fd9910_f38cf60915.pdf,"Penandatanganan Perjanjian Investasi antara PT Indosat Tbk (Perseroan), PT Aplikanusa Lintasarta (Lintasarta), PT Ainfrastruktur Indonesia Raya (Investor secara bersama-sama dengan Perseroan dan Lintasarta selanjutnya disebut sebagai Para Pihak) tertanggal 23 Desember 2025 (Perjanjian Investasi). []",ISAT,https://www.idx.co.id/StaticData/NewsAndAnnouncement/ANNOUNCEMENTSTOCK/From_EREP/202512/b924209101_2033c14f85.pdf,20251223_ISAT_Laporan Informasi dan Fakta Material_32014996_lamp1.pdf,,
"08 Des 2025
					20:36:05",https://www.idx.co.id/StaticData/NewsAndAnnouncement/ANNOUNCEMENTSTOCK/From_EREP/202512/689ff872a5_27e35e5e59.pdf,Laporan Bulanan Registrasi Pemegang Efek [],ITMG,https://www.idx.co.id/StaticData/NewsAndAnnouncement/ANNOUNCEMENTSTOCK/From_EREP/202512/5a74674f49_9c788ab727.pdf,20251208_ITMG_Laporan Bulanan Registrasi Pemegang Efek/Perubahan Struktur Pemegang Saham_32010752_lamp1.pdf,https://www.idx.co.id/StaticData/NewsAndAnnouncement/ANNOUNCEMENTSTOCK/From_EREP/202512/e844dd3d9e_07c50bb041.pdf,20251208_ITMG_Laporan Bulanan Registrasi Pemegang Efek/Perubahan Struktur Pemegang Saham_32010752_lamp2.pdf
"09 Des 2025
					16:33:53",https://www.idx.co.id/StaticData/NewsAndAnnouncement/ANNOUNCEMENTSTOCK/From_EREP/202512/55e427c013_af290d6deb.pdf,Laporan Bulanan Registrasi Pemegang Efek [],JPFA,https://www.idx.co.id/StaticData/NewsAndAnnouncement/ANNOUNCEMENTSTOCK/From_EREP/202512/5a789d1d0f_5486f7caed.pdf,20251209_JPFA_Laporan Bulanan Registrasi Pemegang Efek/Perubahan Struktur Pemegang Saham_32011831_lamp2.pdf,https://www.idx.co.id/StaticData/NewsAndAnnouncement/ANNOUNCEMENTSTOCK/From_EREP/202512/bc21d68e69_bb5f9cfa05.pdf,20251209_JPFA_Laporan Bulanan Registrasi Pemegang Efek/Perubahan Struktur Pemegang Saham_32011831_lamp1.pdf
"09 Des 2025
					21:00:07",https://www.idx.co.id/StaticData/NewsAndAnnouncement/ANNOUNCEMENTSTOCK/From_EREP/202512/aba36a2b67_a1a4e35b44.pdf,Laporan Bulanan Registrasi Pemegang Efek [],JSMR,https://www.idx.co.id/StaticData/NewsAndAnnouncement/ANNOUNCEMENTSTOCK/From_EREP/202512/10d6b5a5ae_63ac5f4c3b.pdf,20251209_JSMR_Laporan Bulanan Registrasi Pemegang Efek/Perubahan Struktur Pemegang Saham_32011974_lamp4.pdf,https://www.idx.co.id/StaticData/NewsAndAnnouncement/ANNOUNCEMENTSTOCK/From_EREP/202512/3d22af2d61_e858562a86.pdf,20251209_JSMR_Laporan Bulanan Registrasi Pemegang Efek/Perubahan Struktur Pemegang Saham_32011974_lamp3.pdf
"10 Des 2025
					18:47:31",https://www.idx.co.id/StaticData/NewsAndAnnouncement/ANNOUNCEMENTSTOCK/From_EREP/202512/89d31a63ab_6168f4e90b.pdf,Penjelasan atas Pemberitaan Media Massa [],JSMR,https://www.idx.co.id/StaticData/NewsAndAnnouncement/ANNOUNCEMENTSTOCK/From_EREP/202512/907e68bff7_2b58dd382a.pdf,20251210_JSMR_Tanggapan atas Permintaan Penjelasan Bursa_32012352_lamp1.pdf,,
"18 Des 2025
					08:56:27",https://www.idx.co.id/StaticData/NewsAndAnnouncement/ANNOUNCEMENTSTOCK/From_EREP/202512/38788e9660_58b18e0c0e.pdf,Perubahan anggota Direksi dan/atau anggota Dewan Komisaris [],JSMR,https://www.idx.co.id/StaticData/NewsAndAnnouncement/ANNOUNCEMENTSTOCK/From_EREP/202512/77054b051a_87cb6af527.pdf,20251218_JSMR_Laporan Informasi dan Fakta Material_32013905_lamp1.pdf,,
"18 Des 2025
					17:29:02",https://www.idx.co.id/StaticData/NewsAndAnnouncement/ANNOUNCEMENTSTOCK/From_EREP/202512/d32a6663f2_ba96530f75.pdf,Ringkasan Risalah Rapat Umum Para Pemegang Saham Luar Biasa [],JSMR,https://www.idx.co.id/StaticData/NewsAndAnnouncement/ANNOUNCEMENTSTOCK/From_EREP/202512/8e405bf901_d8b3330768.pdf,20251218_JSMR_Ringkasan Risalah/Risalah RUPS_32014142_lamp2.pdf,https://www.idx.co.id/StaticData/NewsAndAnnouncement/ANNOUNCEMENTSTOCK/From_EREP/202512/b2317a9784_6c4f540059.pdf,20251218_JSMR_Ringkasan Risalah/Risalah RUPS_32014142_lamp1.pdf
"09 Des 2025
					20:57:49",https://www.idx.co.id/StaticData/NewsAndAnnouncement/ANNOUNCEMENTSTOCK/From_EREP/202512/cf220e26b4_bc33a3546b.pdf,Laporan Bulanan Registrasi Pemegang Efek [],KLBF,https://www.idx.co.id/StaticData/NewsAndAnnouncement/ANNOUNCEMENTSTOCK/From_EREP/202512/4933a51a12_596342510b.pdf,20251209_KLBF_Laporan Bulanan Registrasi Pemegang Efek/Perubahan Struktur Pemegang Saham_32011453_lamp1.pdf,,
"12 Des 2025
					18:10:22",https://www.idx.co.id/StaticData/NewsAndAnnouncement/ANNOUNCEMENTSTOCK/From_EREP/202512/c55023dd1b_2c9e497f8a.pdf,Rencana Pembelian Kembali Saham dalam Kondisi Pasar yang Berfluktuasi secara Signifikan [],KLBF,https://www.idx.co.id/StaticData/NewsAndAnnouncement/ANNOUNCEMENTSTOCK/From_EREP/202512/3ddbf5fc8c_40d89151db.pdf,20251212_KLBF_Laporan Informasi dan Fakta Material_32012845_lamp1.pdf,,
"15 Des 2025
					09:08:22",https://www.idx.co.id/StaticData/NewsAndAnnouncement/ANNOUNCEMENTSTOCK/From_KSEI/LK-15122025-2000-00.pdf-0.pdf,LAPORAN KEPEMILIKAN ATAU SETIAP PERUBAHAN KEPEMILIKAN SAHAM PERUSAHAAN TERBUKA [],KLBF,,,,
"24 Des 2025
					15:35:33",https://www.idx.co.id/StaticData/NewsAndAnnouncement/ANNOUNCEMENTSTOCK/From_EREP/202512/c654b64114_5ba3f8c68c.pdf,Keterbukaan Informasi Transaksi Afiliasi [],KLBF,https://www.idx.co.id/StaticData/NewsAndAnnouncement/ANNOUNCEMENTSTOCK/From_EREP/202512/5c0302c942_3edc8112df.pdf,20251224_KLBF_Laporan Informasi dan Fakta Material_32015404_lamp1.pdf,,
"10 Des 2025
					13:37:18",https://www.idx.co.id/StaticData/NewsAndAnnouncement/ANNOUNCEMENTSTOCK/From_EREP/202512/dc375b73aa_fc523e04c7.pdf,Laporan Bulanan Registrasi Pemegang Efek [],MAPA,https://www.idx.co.id/StaticData/NewsAndAnnouncement/ANNOUNCEMENTSTOCK/From_EREP/202512/91ac5786ca_886b521443.pdf,20251208_MAPA_Laporan Bulanan Registrasi Pemegang Efek/Perubahan Struktur Pemegang Saham_32010801_lamp3.pdf,https://www.idx.co.id/StaticData/NewsAndAnnouncement/ANNOUNCEMENTSTOCK/From_EREP/202512/96dfe20d69_38911f63b3.pdf,20251208_MAPA_Laporan Bulanan Registrasi Pemegang Efek/Perubahan Struktur Pemegang Saham_32010801_lamp1.pdf
"10 Des 2025
					13:30:20",https://www.idx.co.id/StaticData/NewsAndAnnouncement/ANNOUNCEMENTSTOCK/From_EREP/202512/c0e50d261a_e9115f88a0.pdf,Laporan Bulanan Registrasi Pemegang Efek [],MAPI,https://www.idx.co.id/StaticData/NewsAndAnnouncement/ANNOUNCEMENTSTOCK/From_EREP/202512/1bb9e9df9d_8e50208c95.pdf,20251208_MAPI_Laporan Bulanan Registrasi Pemegang Efek/Perubahan Struktur Pemegang Saham_32010789_lamp2.pdf,https://www.idx.co.id/StaticData/NewsAndAnnouncement/ANNOUNCEMENTSTOCK/From_EREP/202512/a170d5c3af_7660a8aca8.pdf,20251208_MAPI_Laporan Bulanan Registrasi Pemegang Efek/Perubahan Struktur Pemegang Saham_32010789_lamp1.pdf
"04 Des 2025
					12:51:36",https://www.idx.co.id/StaticData/NewsAndAnnouncement/ANNOUNCEMENTSTOCK/From_EREP/202512/1defc4d771_a1af4e011d.pdf,Tambahan Informasi dan/atau Perbaikan atas Informasi Tambahan Ringkas PUB Obligasi Berkelanjutan I Merdeka Battery Materials Tahap III Tahun 2025 dan Sukuk Mudharabah Berkelanjutan I Merdeka Battery Materials Tahap III Tahun 2025 [],MBMA,https://www.idx.co.id/StaticData/NewsAndAnnouncement/ANNOUNCEMENTSTOCK/From_EREP/202512/9d7a30910a_00b5690ab7.pdf,20251204_MBMA_Laporan Informasi dan Fakta Material_31999846_lamp2.pdf,https://www.idx.co.id/StaticData/NewsAndAnnouncement/ANNOUNCEMENTSTOCK/From_EREP/202512/a44e90afda_a7a9b4e289.pdf,20251204_MBMA_Laporan Informasi dan Fakta Material_31999846_lamp1.pdf
"08 Des 2025
					12:54:18",https://www.idx.co.id/StaticData/NewsAndAnnouncement/ANNOUNCEMENTSTOCK/From_EREP/202512/87e1c2bd03_c95b4000c1.pdf,Penyampaian Bukti Iklan Penyampaian Bukti Iklan Penyampaian Bukti Iklan Tambahan Informasi dan/atau Perbaikan atas Informasi Tambahan Ringkas PUB Obligasi Berkelanjutan I Merdeka Battery Materials Tahap III Tahun 2025 dan Sukuk Mudharabah Berkelanjutan I Merdeka Battery Materials Tahap III Tahun 2025 [],MBMA,https://www.idx.co.id/StaticData/NewsAndAnnouncement/ANNOUNCEMENTSTOCK/From_EREP/202512/cedfcb9968_4db5f63b6c.pdf,20251204_MBMA_Penyampaian Bukti Iklan_31999883_lamp1.pdf,,
"09 Des 2025
					17:41:13",https://www.idx.co.id/StaticData/NewsAndAnnouncement/ANNOUNCEMENTSTOCK/From_EREP/202512/bd0738d667_0fe943ae5e.pdf,Pengumuman Bursa Pencatatan Awal Obligasi dan Sukuk [],MBMA,https://www.idx.co.id/StaticData/NewsAndAnnouncement/ANNOUNCEMENTSTOCK/From_EREP/202512/ff1e37ec30_58910cb3d3.pdf,20251209_MBMA_Pengumuman Pencatatan Awal Obligasi dan Sukuk_32011771_lamp1.pdf,,
"10 Des 2025
					16:15:14",https://www.idx.co.id/StaticData/NewsAndAnnouncement/ANNOUNCEMENTSTOCK/From_EREP/202512/4015ba6461_2a3f0884e0.pdf,Laporan Bulanan Registrasi Pemegang Efek [],MBMA,https://www.idx.co.id/StaticData/NewsAndAnnouncement/ANNOUNCEMENTSTOCK/From_EREP/202512/0b0bca28a0_25343225f1.pdf,20251208_MBMA_Laporan Bulanan Registrasi Pemegang Efek/Perubahan Struktur Pemegang Saham_32010994_lamp1.pdf,https://www.idx.co.id/StaticData/NewsAndAnnouncement/ANNOUNCEMENTSTOCK/From_EREP/202512/823e6e4b01_7dc49091e1.pdf,20251208_MBMA_Laporan Bulanan Registrasi Pemegang Efek/Perubahan Struktur Pemegang Saham_32010994_lamp2.pdf
"15 Des 2025
					19:18:34",https://www.idx.co.id/StaticData/NewsAndAnnouncement/ANNOUNCEMENTSTOCK/From_EREP/202512/9afb3e492d_99a6c6889c.pdf,Transaksi Afiliasi Akad Mudharabah antara Perseroan dan MTI [],MBMA,https://www.idx.co.id/StaticData/NewsAndAnnouncement/ANNOUNCEMENTSTOCK/From_EREP/202512/4a8ade0b56_a4825b91dc.pdf,20251215_MBMA_Laporan Informasi dan Fakta Material_32013257_lamp1.pdf,,
"16 Des 2025
					20:04:17",https://www.idx.co.id/StaticData/NewsAndAnnouncement/ANNOUNCEMENTSTOCK/From_EREP/202512/fe48cb67ae_84b452ff0c.pdf,Transaksi Afiliasi Perjanjian Pinjaman antara Perseroan dan SCM [],MBMA,https://www.idx.co.id/StaticData/NewsAndAnnouncement/ANNOUNCEMENTSTOCK/From_EREP/202512/e7a186a2c5_50c878cb52.pdf,20251216_MBMA_Laporan Informasi dan Fakta Material_32013378_lamp1.pdf,,
"17 Des 2025
					16:39:39",https://www.idx.co.id/StaticData/NewsAndAnnouncement/ANNOUNCEMENTSTOCK/From_EREP/202512/20251217165220-59196-0/FinancialStatement-2025-III-MBMA.pdf,Penyampaian Laporan Keuangan Interim Auditan [],MBMA,https://www.idx.co.id/StaticData/NewsAndAnnouncement/ANNOUNCEMENTSTOCK/From_EREP/202512/20251217165220-59196-0/FinancialStatement-2025-III-MBMA.xlsx,FinancialStatement-2025-III-MBMA.xlsx,https://www.idx.co.id/StaticData/NewsAndAnnouncement/ANNOUNCEMENTSTOCK/From_EREP/202512/20251217165220-59196-0/inlineXBRL.zip,inlineXBRL.zip
"17 Des 2025
					19:17:27",https://www.idx.co.id/StaticData/NewsAndAnnouncement/ANNOUNCEMENTSTOCK/From_EREP/202512/f12ffcf01d_08175abf54.pdf,Transaksi Afiliasi Perjanjian Pinjaman antara Perseroan dan HNMI [],MBMA,https://www.idx.co.id/StaticData/NewsAndAnnouncement/ANNOUNCEMENTSTOCK/From_EREP/202512/a7f3008d47_18c8be1660.pdf,20251217_MBMA_Laporan Informasi dan Fakta Material_32013737_lamp1.pdf,,
"01 Des 2025
					17:35:23",https://www.idx.co.id/StaticData/NewsAndAnnouncement/ANNOUNCEMENTSTOCK/From_EREP/202512/e0ad1eb711_36abb45fc5.pdf,Transaksi Afiliasi Perjanjian Utang Piutang yang dibuat oleh dan antara MDKA dengan EMAS [],MDKA,https://www.idx.co.id/StaticData/NewsAndAnnouncement/ANNOUNCEMENTSTOCK/From_EREP/202512/0918c292ea_28d91f3d49.pdf,20251201_MDKA_Laporan Informasi dan Fakta Material_31998829_lamp1.pdf,,
"10 Des 2025
					08:39:36",https://www.idx.co.id/StaticData/NewsAndAnnouncement/ANNOUNCEMENTSTOCK/From_EREP/202512/4001f74db3_6112a821b3.pdf,Laporan Bulanan Registrasi Pemegang Efek [],MDKA,https://www.idx.co.id/StaticData/NewsAndAnnouncement/ANNOUNCEMENTSTOCK/From_EREP/202512/016b0befea_3d367acafc.pdf,20251208_MDKA_Laporan Bulanan Registrasi Pemegang Efek/Perubahan Struktur Pemegang Saham_32010981_lamp1.pdf,https://www.idx.co.id/StaticData/NewsAndAnnouncement/ANNOUNCEMENTSTOCK/From_EREP/202512/8e8650de92_6e2eb8ff74.pdf,20251208_MDKA_Laporan Bulanan Registrasi Pemegang Efek/Perubahan Struktur Pemegang Saham_32010981_lamp3.pdf
"12 Des 2025
					19:39:20",https://www.idx.co.id/StaticData/NewsAndAnnouncement/ANNOUNCEMENTSTOCK/From_EREP/202512/18315e0b89_d7932dbd9e.pdf,Jatuh Tempo Obligasi / Sukuk Korporasi [],MDKA,https://www.idx.co.id/StaticData/NewsAndAnnouncement/ANNOUNCEMENTSTOCK/From_EREP/202512/3f664ec23e_48c2d25cb0.pdf,20251212_MDKA_Pengumuman Jatuh Tempo Obligasi dan Sukuk_32012781_lamp1.pdf,,
"13 Des 2025
					16:18:07",https://www.idx.co.id/StaticData/NewsAndAnnouncement/ANNOUNCEMENTSTOCK/From_EREP/202512/26b490966e_5725c51628.pdf,Pembelian kembali atau pembayaran Efek Bersifat Utang dan/atau Sukuk [],MDKA,https://www.idx.co.id/StaticData/NewsAndAnnouncement/ANNOUNCEMENTSTOCK/From_EREP/202512/98e8cb1a18_f43be6e9ab.pdf,20251210_MDKA_Laporan Informasi dan Fakta Material_32012321_lamp1.pdf,,
"17 Des 2025
					16:55:44",https://www.idx.co.id/StaticData/NewsAndAnnouncement/ANNOUNCEMENTSTOCK/From_EREP/202502/20260220192636-59230-0/FinancialStatement-2025-III-MDKA.pdf,Penyampaian Laporan Keuangan Interim Auditan [],MDKA,https://www.idx.co.id/StaticData/NewsAndAnnouncement/ANNOUNCEMENTSTOCK/From_EREP/202502/20260220192636-59230-0/Financial%20Statements%20MDKA%2030%20September%202025.pdf,Financial Statements MDKA 30 September 2025.pdf,https://www.idx.co.id/StaticData/NewsAndAnnouncement/ANNOUNCEMENTSTOCK/From_EREP/202502/20260220192636-59230-0/FinancialStatement-2025-III-MDKA.xlsx,FinancialStatement-2025-III-MDKA.xlsx
"03 Des 2025
					19:18:43",https://www.idx.co.id/StaticData/NewsAndAnnouncement/ANNOUNCEMENTSTOCK/From_EREP/202512/a26b90ef62_2376699bd5.pdf,Perjanjian Alokasi Biaya antara Perseroan dengan anak-anak perusahaan yang sahamnya dimiliki baik secara langsung maupun tidak langsung oleh Perseroan [],MEDC,https://www.idx.co.id/StaticData/NewsAndAnnouncement/ANNOUNCEMENTSTOCK/From_EREP/202512/ac7b16f75a_1acf4d08e3.pdf,20251203_MEDC_Laporan Informasi dan Fakta Material_31999656_lamp1.pdf,,
"04 Des 2025
					09:46:56",https://www.idx.co.id/StaticData/NewsAndAnnouncement/ANNOUNCEMENTSTOCK/From_EREP/202512/85cfdd872b_4224e65b43.pdf,Perjanjian Alokasi Biaya antara Perseroan dengan anak-anak perusahaan yang sahamnya dimiliki baik secara langsung maupun tidak langsung oleh Perseroan (KOREKSI) [],MEDC,https://www.idx.co.id/StaticData/NewsAndAnnouncement/ANNOUNCEMENTSTOCK/From_EREP/202512/da0ba4e35f_3796af0bcf.pdf,20251204_MEDC_Laporan Informasi dan Fakta Material_31999744_lamp1.pdf,,
"08 Des 2025
					13:52:04",https://www.idx.co.id/StaticData/NewsAndAnnouncement/ANNOUNCEMENTSTOCK/From_EREP/202512/9584d68141_f2aca1445a.pdf,Laporan Bulanan Registrasi Pemegang Efek [],MEDC,https://www.idx.co.id/StaticData/NewsAndAnnouncement/ANNOUNCEMENTSTOCK/From_EREP/202512/382a8f09e2_1b5f801b1b.pdf,20251208_MEDC_Laporan Bulanan Registrasi Pemegang Efek/Perubahan Struktur Pemegang Saham_32011013_lamp2.pdf,https://www.idx.co.id/StaticData/NewsAndAnnouncement/ANNOUNCEMENTSTOCK/From_EREP/202512/92183dead7_24557978b1.pdf,20251208_MEDC_Laporan Bulanan Registrasi Pemegang Efek/Perubahan Struktur Pemegang Saham_32011013_lamp1.pdf
"08 Des 2025
					16:24:58",https://www.idx.co.id/StaticData/NewsAndAnnouncement/ANNOUNCEMENTSTOCK/From_EREP/202512/5b03098ec2_6b76ee7320.pdf,Perjanjian Penjaminan dan Penanggungan antara Perseroan dengan Petco Trading Labuan Company Ltd. [],MEDC,https://www.idx.co.id/StaticData/NewsAndAnnouncement/ANNOUNCEMENTSTOCK/From_EREP/202512/ec97b6684d_9fa0c8651d.pdf,20251208_MEDC_Laporan Informasi dan Fakta Material_32011193_lamp1.pdf,,
"09 Des 2025
					14:39:47",https://www.idx.co.id/StaticData/NewsAndAnnouncement/ANNOUNCEMENTSTOCK/From_EREP/202512/800d08c3c5_c1f55d69eb.pdf,Laporan Bulanan Registrasi Pemegang Efek (KOREKSI) [],MEDC,https://www.idx.co.id/StaticData/NewsAndAnnouncement/ANNOUNCEMENTSTOCK/From_EREP/202512/8fd2da1ec9_c79fb9dc9e.pdf,20251209_MEDC_Laporan Bulanan Registrasi Pemegang Efek/Perubahan Struktur Pemegang Saham_32011693_lamp1.pdf,https://www.idx.co.id/StaticData/NewsAndAnnouncement/ANNOUNCEMENTSTOCK/From_EREP/202512/ad9a969159_b7a4960abc.pdf,20251209_MEDC_Laporan Bulanan Registrasi Pemegang Efek/Perubahan Struktur Pemegang Saham_32011693_lamp2.pdf
"10 Des 2025
					20:22:41",https://www.idx.co.id/StaticData/NewsAndAnnouncement/ANNOUNCEMENTSTOCK/From_EREP/202512/c3aeb5425c_2f8fe799ae.pdf,Penjaminan Perusahaan dari PT Medco LNG Indonesia yang diberikan kepada PT Bank Mandiri (Persero) atas pinjaman yang diterima oleh PT Satria Raksa Buminusa [],MEDC,https://www.idx.co.id/StaticData/NewsAndAnnouncement/ANNOUNCEMENTSTOCK/From_EREP/202512/a49886caa3_b77f8b6962.pdf,20251210_MEDC_Laporan Informasi dan Fakta Material_32012395_lamp1.pdf,,
"11 Des 2025
					04:27:34",https://www.idx.co.id/StaticData/NewsAndAnnouncement/ANNOUNCEMENTSTOCK/From_EREP/202512/d9a1c92240_9079a39ebc.pdf,Penjelasan atas Permintaan Penjelasan Bursa [],MEDC,,,,
"16 Des 2025
					16:13:27",https://www.idx.co.id/StaticData/NewsAndAnnouncement/ANNOUNCEMENTSTOCK/From_EREP/202512/314a516f35_c54491d766.pdf,"Perjanjian Jual Beli antara PT Medco LNG Indonesia dengan Transasia Pipeline Company Pvt. Ltd. , anak-anak perusahaan yang seluruh sahamnya dimiliki secara langsung dan tidak langsung oleh Perseroan. []",MEDC,https://www.idx.co.id/StaticData/NewsAndAnnouncement/ANNOUNCEMENTSTOCK/From_EREP/202512/0f15b5173f_1fa9b07e55.pdf,20251216_MEDC_Laporan Informasi dan Fakta Material_32013458_lamp1.pdf,,
"23 Des 2025
					16:07:53",https://www.idx.co.id/StaticData/NewsAndAnnouncement/ANNOUNCEMENTSTOCK/From_EREP/202512/3c7d40909c_48422def85.pdf,"Perjanjian Konversi Pinjaman antar Perusahaan antara Perseroan dengan Medco Energi Global Pte. Ltd. (MEG), anak perusahaan yang seluruh sahamnya dimiliki secara tidak langsung oleh Perseroan  []",MEDC,https://www.idx.co.id/StaticData/NewsAndAnnouncement/ANNOUNCEMENTSTOCK/From_EREP/202512/ce58300a2b_1343c441cb.pdf,20251223_MEDC_Laporan Informasi dan Fakta Material_32015102_lamp1.pdf,,
"24 Des 2025
					14:59:04",https://www.idx.co.id/StaticData/NewsAndAnnouncement/ANNOUNCEMENTSTOCK/From_EREP/202512/d6fc8cbd2f_2031a5147e.pdf,"Perjanjian Penjaminan antara Perseroan dengan Australia And New Zealand Banking Group Limited (ANZ), terkait transaksi Perjanjian Fasilitas Yang Diubah dan Dinyatakan Kembali untuk kepentingan PT Medco E&P Tomori Sulawesi (MEPTS) dan PT Medco E&P Malaka (MEPM), anak-anak perusahaan yang seluruh sahamnya dimiliki secara langsung oleh Perseroan []",MEDC,https://www.idx.co.id/StaticData/NewsAndAnnouncement/ANNOUNCEMENTSTOCK/From_EREP/202512/598e0cb755_2b49a46a27.pdf,20251224_MEDC_Laporan Informasi dan Fakta Material_32015400_lamp1.pdf,,
"30 Des 2025
					12:59:57",https://www.idx.co.id/StaticData/NewsAndAnnouncement/ANNOUNCEMENTSTOCK/From_EREP/202512/0f9cd44b4c_59989c57ad.pdf,"Perjanjian Jual Beli antara PT Medco Energi Internasional Tbk (MEI) dengan PT Medco LNG Indonesia (MLI), anak perusahaan yang seluruh sahamnya dimiliki secara langsung oleh Perseroan. []",MEDC,https://www.idx.co.id/StaticData/NewsAndAnnouncement/ANNOUNCEMENTSTOCK/From_EREP/202512/4eb40cec5a_d0d06a612d.pdf,20251230_MEDC_Laporan Informasi dan Fakta Material_32015925_lamp1.pdf,,
"30 Des 2025
					15:41:19",https://www.idx.co.id/StaticData/NewsAndAnnouncement/ANNOUNCEMENTSTOCK/From_EREP/202512/eba7173da6_7e66c1b50b.pdf,"Perjanjian Pinjam Meminjam antar Perusahaan (Perjanjian) antara Perseroan dengan PT Satria Raksa Buminusa (SRB), anak perusahaan yang seluruh sahamnya dimiliki secara tidak langsung oleh Perseroan.  []",MEDC,https://www.idx.co.id/StaticData/NewsAndAnnouncement/ANNOUNCEMENTSTOCK/From_EREP/202512/d00fe25f32_58f3f54c09.pdf,20251230_MEDC_Laporan Informasi dan Fakta Material_32015999_lamp1.pdf,,
"02 Des 2025
					10:31:52",https://www.idx.co.id/StaticData/NewsAndAnnouncement/ANNOUNCEMENTSTOCK/From_EREP/202512/da537eb44f_800149f33a.pdf,Perubahan Internal Audit [],PGAS,https://www.idx.co.id/StaticData/NewsAndAnnouncement/ANNOUNCEMENTSTOCK/From_EREP/202512/1d9edf919a_3e78b89718.pdf,20251202_PGAS_Perubahan Corsec Komite Audit Alamat NPWP Internal Audit_31998984_lamp2.pdf,https://www.idx.co.id/StaticData/NewsAndAnnouncement/ANNOUNCEMENTSTOCK/From_EREP/202512/203bd52115_08cbfca2d0.pdf,20251202_PGAS_Perubahan Corsec Komite Audit Alamat NPWP Internal Audit_31998984_lamp1.pdf
"05 Des 2025
					13:54:45",https://www.idx.co.id/StaticData/NewsAndAnnouncement/ANNOUNCEMENTSTOCK/From_EREP/202512/dbac1ad300_e61e1be3e8.pdf,Pemanggilan Rapat Umum Pemegang Saham Luar Biasa [],PGAS,https://www.idx.co.id/StaticData/NewsAndAnnouncement/ANNOUNCEMENTSTOCK/From_EREP/202512/b0fab80c7a_26b5857513.pdf,20251205_PGAS_Pemanggilan RUPS_32000431_lamp2.pdf,https://www.idx.co.id/StaticData/NewsAndAnnouncement/ANNOUNCEMENTSTOCK/From_EREP/202512/ec44cb3f27_1b33db3cb4.pdf,20251205_PGAS_Pemanggilan RUPS_32000431_lamp1.pdf
"05 Des 2025
					19:40:25",https://www.idx.co.id/StaticData/NewsAndAnnouncement/ANNOUNCEMENTSTOCK/From_EREP/202512/d58df9e988_e224697a47.pdf,Penyampaian Bukti Iklan Panggilan RUPS [],PGAS,https://www.idx.co.id/StaticData/NewsAndAnnouncement/ANNOUNCEMENTSTOCK/From_EREP/202512/781e8daee7_b042af91ae.pdf,20251205_PGAS_Penyampaian Bukti Iklan_32000711_lamp1.pdf,,
"08 Des 2025
					18:29:03",https://www.idx.co.id/StaticData/NewsAndAnnouncement/ANNOUNCEMENTSTOCK/From_EREP/202512/189f868f44_d6258c3b6f.pdf,Transaksi Afiliasi [],PGAS,https://www.idx.co.id/StaticData/NewsAndAnnouncement/ANNOUNCEMENTSTOCK/From_EREP/202512/1a861b0dea_966d235b56.pdf,20251208_PGAS_Informasi Transaksi Afiliasi_32011292_lamp2.pdf,https://www.idx.co.id/StaticData/NewsAndAnnouncement/ANNOUNCEMENTSTOCK/From_EREP/202512/28acb401cf_2e0fa57a96.pdf,20251208_PGAS_Informasi Transaksi Afiliasi_32011292_lamp3.pdf
"09 Des 2025
					20:39:33",https://www.idx.co.id/StaticData/NewsAndAnnouncement/ANNOUNCEMENTSTOCK/From_EREP/202512/221963b9ca_4c657aa0a1.pdf,Laporan Bulanan Registrasi Pemegang Efek [],PGAS,https://www.idx.co.id/StaticData/NewsAndAnnouncement/ANNOUNCEMENTSTOCK/From_EREP/202512/07839239d6_516bd1db97.pdf,20251209_PGAS_Laporan Bulanan Registrasi Pemegang Efek/Perubahan Struktur Pemegang Saham_32011950_lamp3.pdf,https://www.idx.co.id/StaticData/NewsAndAnnouncement/ANNOUNCEMENTSTOCK/From_EREP/202512/2449dae886_10a146bbda.pdf,20251209_PGAS_Laporan Bulanan Registrasi Pemegang Efek/Perubahan Struktur Pemegang Saham_32011950_lamp2.pdf
"18 Des 2025
					15:25:21",https://www.idx.co.id/StaticData/NewsAndAnnouncement/ANNOUNCEMENTSTOCK/From_EREP/202512/a2f0431d1d_afd6b954bb.pdf,"Siaran Pers_Wujudkan Diversifikasi Pasokan, PGN dan Dart Energy Kerjasama Pemanfaatan CBM dari WK GMB Tanjung Enim []",PGAS,https://www.idx.co.id/StaticData/NewsAndAnnouncement/ANNOUNCEMENTSTOCK/From_EREP/202512/8737616de5_ef6dd1825e.pdf,20251218_PGAS_Laporan Informasi dan Fakta Material_32014034_lamp1.pdf,https://www.idx.co.id/StaticData/NewsAndAnnouncement/ANNOUNCEMENTSTOCK/From_EREP/202512/cdc89bcb9d_78e3023415.pdf,20251218_PGAS_Laporan Informasi dan Fakta Material_32014034_lamp2.pdf
"30 Des 2025
					17:43:24",https://www.idx.co.id/StaticData/NewsAndAnnouncement/ANNOUNCEMENTSTOCK/From_EREP/202512/0539e98bf9_a4bbda6120.pdf,Ringkasan Risalah Rapat Umum Para Pemegang Saham Luar Biasa [],PGAS,https://www.idx.co.id/StaticData/NewsAndAnnouncement/ANNOUNCEMENTSTOCK/From_EREP/202512/14dcfcfbb1_1004d73e73.pdf,20251230_PGAS_Ringkasan Risalah/Risalah RUPS_32016027_lamp1.pdf,https://www.idx.co.id/StaticData/NewsAndAnnouncement/ANNOUNCEMENTSTOCK/From_EREP/202512/d7a910ad90_b54619216d.pdf,20251230_PGAS_Ringkasan Risalah/Risalah RUPS_32016027_lamp2.pdf
"03 Des 2025
					09:53:14",https://www.idx.co.id/StaticData/NewsAndAnnouncement/ANNOUNCEMENTSTOCK/From_EREP/202512/f3be1e652f_87d5374b39.pdf,Perubahan Komite Audit [],PGEO,,,,
"03 Des 2025
					16:34:03",https://www.idx.co.id/StaticData/NewsAndAnnouncement/ANNOUNCEMENTSTOCK/From_EREP/202512/4107454ffc_4d3f40e473.pdf,Kemitraan Teknologi antara Ecolab dan PT Pertamina Geothermal Energy Tbk (PGE) Menetapkan Tolok Ukur Baru untuk Kinerja Energi Bersih  [],PGEO,,,,
"04 Des 2025
					15:09:55",https://www.idx.co.id/StaticData/NewsAndAnnouncement/ANNOUNCEMENTSTOCK/From_EREP/202512/d9c10777b9_7bab38a0ff.pdf,"Empat Proyek PGE Masuk Blue Book Bappenas 2025-2029, Didukung Pembiayaan  Konsesional dengan nilai Indikatif USD 613 Juta untuk Dorong Pengembangan Panas Bumi 3 GW []",PGEO,,,,
"05 Des 2025
					10:17:05",https://www.idx.co.id/StaticData/NewsAndAnnouncement/ANNOUNCEMENTSTOCK/From_EREP/202512/be92df3514_13a960b514.pdf,Laporan Bulanan Registrasi Pemegang Efek [],PGEO,https://www.idx.co.id/StaticData/NewsAndAnnouncement/ANNOUNCEMENTSTOCK/From_EREP/202512/38e50f2edb_f31297aa1d.pdf,20251204_PGEO_Laporan Bulanan Registrasi Pemegang Efek/Perubahan Struktur Pemegang Saham_32000097_lamp5.pdf,https://www.idx.co.id/StaticData/NewsAndAnnouncement/ANNOUNCEMENTSTOCK/From_EREP/202512/6267f1588d_aabd7d369f.pdf,20251204_PGEO_Laporan Bulanan Registrasi Pemegang Efek/Perubahan Struktur Pemegang Saham_32000097_lamp2.pdf
"12 Des 2025
					15:50:50",https://www.idx.co.id/StaticData/NewsAndAnnouncement/ANNOUNCEMENTSTOCK/From_EREP/202512/e2f883b441_c243996586.pdf,Pemberitahuan Rencana Rapat Umum Pemegang Saham Luar Biasa [],PGEO,https://www.idx.co.id/StaticData/NewsAndAnnouncement/ANNOUNCEMENTSTOCK/From_EREP/202512/a89b5794b6_faf9b51cc1.pdf,20251211_PGEO_Pengumuman RUPS_32012496_lamp2.pdf,https://www.idx.co.id/StaticData/NewsAndAnnouncement/ANNOUNCEMENTSTOCK/From_EREP/202512/e5a1cd9472_da5ac5991c.pdf,20251211_PGEO_Pengumuman RUPS_32012496_lamp1.pdf
"13 Des 2025
					10:59:25",https://www.idx.co.id/StaticData/NewsAndAnnouncement/ANNOUNCEMENTSTOCK/From_EREP/202512/d5de62dac3_c4ee8b85ea.pdf,"Inisiasi Industrialisasi Panas Bumi, PGE Kaji Peluang Kembangkan Green Data Center Berbasis Panas Bumi Pertama di Indonesia []",PGEO,,,,
"15 Des 2025
					14:34:32",https://www.idx.co.id/StaticData/NewsAndAnnouncement/ANNOUNCEMENTSTOCK/From_EREP/202512/f73c3d6f8e_cdae053c75.pdf,Penyampaian Bukti Iklan Pemberitahuan RUPS [],PGEO,https://www.idx.co.id/StaticData/NewsAndAnnouncement/ANNOUNCEMENTSTOCK/From_EREP/202512/e4b752c9d8_22e5556b2c.pdf,20251215_PGEO_Penyampaian Bukti Iklan_32013020_lamp1.pdf,,
"17 Des 2025
					15:35:44",https://www.idx.co.id/StaticData/NewsAndAnnouncement/ANNOUNCEMENTSTOCK/From_EREP/202512/450d8d9302_c5d5ac9e3a.pdf,"Percepat Pengembangan PLTP Lahendong Unit 7 dan 8, PGE Rampungkan Dokumen Teknis ke PLN []",PGEO,,,,
"24 Des 2025
					13:39:27",https://www.idx.co.id/StaticData/NewsAndAnnouncement/ANNOUNCEMENTSTOCK/From_EREP/202512/4c0543ddfd_d3ce1a3775.pdf,"Konsorsium PGE-PLN IP Sepakati Tarif dengan PLN untuk PLTP Ulubelu Bottoming Unit, Perkuat Transisi Energi Nasional []",PGEO,,,,
"29 Des 2025
					18:31:51",https://www.idx.co.id/StaticData/NewsAndAnnouncement/ANNOUNCEMENTSTOCK/From_EREP/202512/07878319a2_e8d43c1edb.pdf,Pemanggilan Rapat Umum Pemegang Saham Luar Biasa [],PGEO,https://www.idx.co.id/StaticData/NewsAndAnnouncement/ANNOUNCEMENTSTOCK/From_EREP/202512/3166b18f48_03b5fb6241.pdf,20251229_PGEO_Pemanggilan RUPS_32015650_lamp1.pdf,https://www.idx.co.id/StaticData/NewsAndAnnouncement/ANNOUNCEMENTSTOCK/From_EREP/202512/60638ebfcc_a95f8e9855.pdf,20251229_PGEO_Pemanggilan RUPS_32015650_lamp2.pdf
"30 Des 2025
					15:20:20",https://www.idx.co.id/StaticData/NewsAndAnnouncement/ANNOUNCEMENTSTOCK/From_EREP/202512/1b24cfa864_4222463b13.pdf,Penyampaian Bukti Iklan Panggilan RUPS [],PGEO,https://www.idx.co.id/StaticData/NewsAndAnnouncement/ANNOUNCEMENTSTOCK/From_EREP/202512/6b6022e2c0_9372452755.pdf,20251230_PGEO_Penyampaian Bukti Iklan_32015859_lamp1.pdf,,
"05 Des 2025
					20:47:41",https://www.idx.co.id/StaticData/NewsAndAnnouncement/ANNOUNCEMENTSTOCK/From_EREP/202512/35bca6ca02_5b004252a9.pdf,Laporan Bulanan Registrasi Pemegang Efek [],PTBA,https://www.idx.co.id/StaticData/NewsAndAnnouncement/ANNOUNCEMENTSTOCK/From_EREP/202512/1bb45a8c64_7baa0b5a55.pdf,20251205_PTBA_Laporan Bulanan Registrasi Pemegang Efek/Perubahan Struktur Pemegang Saham_32000480_lamp3.pdf,https://www.idx.co.id/StaticData/NewsAndAnnouncement/ANNOUNCEMENTSTOCK/From_EREP/202512/4feee2f4fd_e49a84f8be.pdf,20251205_PTBA_Laporan Bulanan Registrasi Pemegang Efek/Perubahan Struktur Pemegang Saham_32000480_lamp2.pdf
"12 Des 2025
					15:58:38",https://www.idx.co.id/StaticData/NewsAndAnnouncement/ANNOUNCEMENTSTOCK/From_EREP/202512/65473f711c_b306107f60.pdf,Perubahan Komite Nominasi dan Remunerasi Emiten atau Perusahaan Publik [],PTBA,https://www.idx.co.id/StaticData/NewsAndAnnouncement/ANNOUNCEMENTSTOCK/From_EREP/202512/d20263a2c5_bbf13ec110.pdf,20251212_PTBA_Perubahan Corsec Komite Audit Alamat NPWP Internal Audit_32012842_lamp1.pdf,,
"17 Des 2025
					16:22:36",https://www.idx.co.id/StaticData/NewsAndAnnouncement/ANNOUNCEMENTSTOCK/From_EREP/202512/407d961ade_67e72e4dd9.pdf,Ringkasan Risalah Rapat Umum Para Pemegang Saham Luar Biasa [],PTBA,https://www.idx.co.id/StaticData/NewsAndAnnouncement/ANNOUNCEMENTSTOCK/From_EREP/202512/33da3a6261_0736abe106.pdf,20251217_PTBA_Ringkasan Risalah/Risalah RUPS_32013778_lamp2.pdf,https://www.idx.co.id/StaticData/NewsAndAnnouncement/ANNOUNCEMENTSTOCK/From_EREP/202512/4f5fec072c_48e4ef50f8.pdf,20251217_PTBA_Ringkasan Risalah/Risalah RUPS_32013778_lamp1.pdf
"17 Des 2025
					17:31:43",https://www.idx.co.id/StaticData/NewsAndAnnouncement/ANNOUNCEMENTSTOCK/From_EREP/202512/378e74fb7c_be10256750.pdf,Penyampaian Bukti Iklan Hasil RUPS [],PTBA,https://www.idx.co.id/StaticData/NewsAndAnnouncement/ANNOUNCEMENTSTOCK/From_EREP/202512/0b84e55e29_a180e84a7d.pdf,20251217_PTBA_Penyampaian Bukti Iklan_32013827_lamp1.pdf,https://www.idx.co.id/StaticData/NewsAndAnnouncement/ANNOUNCEMENTSTOCK/From_EREP/202512/3a33910aaa_ee04a8905e.pdf,20251217_PTBA_Penyampaian Bukti Iklan_32013827_lamp2.pdf
"10 Des 2025
					17:08:23",https://www.idx.co.id/StaticData/NewsAndAnnouncement/ANNOUNCEMENTSTOCK/From_EREP/202512/333cee0ad1_ab21eeb2c6.pdf,Laporan Bulanan Registrasi Pemegang Efek [],SCMA,https://www.idx.co.id/StaticData/NewsAndAnnouncement/ANNOUNCEMENTSTOCK/From_EREP/202512/d7841897fd_300454a34d.pdf,20251210_SCMA_Laporan Bulanan Registrasi Pemegang Efek/Perubahan Struktur Pemegang Saham_32012060_lamp1.pdf,,
"10 Des 2025
					17:24:04",https://www.idx.co.id/StaticData/NewsAndAnnouncement/ANNOUNCEMENTSTOCK/From_EREP/202512/f8c8d04d59_9e05687dfe.pdf,Pengalihan atas Saham Hasil Pembelian Kembali Melalui Management and Employee Stock Option Program (MESOP) [],SCMA,https://www.idx.co.id/StaticData/NewsAndAnnouncement/ANNOUNCEMENTSTOCK/From_EREP/202512/85ff1519f5_da0fa1ad54.pdf,20251210_SCMA_Laporan Informasi dan Fakta Material_32012220_lamp1.pdf,,
"16 Des 2025
					11:28:37",https://www.idx.co.id/StaticData/NewsAndAnnouncement/ANNOUNCEMENTSTOCK/From_EREP/202512/968fbe8e2b_5046b34068.pdf,Laporan Bulanan Registrasi Pemegang Efek (KOREKSI) [],SCMA,https://www.idx.co.id/StaticData/NewsAndAnnouncement/ANNOUNCEMENTSTOCK/From_EREP/202512/c877fdb57f_ec9d4502a5.pdf,20251216_SCMA_Laporan Bulanan Registrasi Pemegang Efek/Perubahan Struktur Pemegang Saham_32013356_lamp1.pdf,,
"19 Des 2025
					19:35:54",https://www.idx.co.id/StaticData/NewsAndAnnouncement/ANNOUNCEMENTSTOCK/From_EREP/202512/a97b7c830d_b82ae13aaa.pdf,Laporan Kepemilikan Saham atau Setiap Perubahan Kepemilikan Saham Perusahaan Terbuka [],SCMA,https://www.idx.co.id/StaticData/NewsAndAnnouncement/ANNOUNCEMENTSTOCK/From_EREP/202512/c0bffb28e2_28c89d64d0.pdf,20251219_SCMA_Laporan Informasi dan Fakta Material_32014364_lamp1.pdf,,
"19 Des 2025
					19:36:32",https://www.idx.co.id/StaticData/NewsAndAnnouncement/ANNOUNCEMENTSTOCK/From_EREP/202512/05bf633021_dfac89b6de.pdf,Hasil Pelaksanaan Pengalihan Atas Saham Hasil Pembelian Kembali Melalui Management and Employee Stock Option Program (MESOP) [],SCMA,https://www.idx.co.id/StaticData/NewsAndAnnouncement/ANNOUNCEMENTSTOCK/From_EREP/202512/94953a006e_5c1ae7cf37.pdf,20251219_SCMA_Laporan Informasi dan Fakta Material_32014360_lamp1.pdf,,
"01 Des 2025
					17:57:02",https://www.idx.co.id/StaticData/NewsAndAnnouncement/ANNOUNCEMENTSTOCK/From_EREP/202512/309e1b54cb_f64e2be829.pdf,Pemegang Saham di atas 5% (KSEI) [],Semua Emiten Saham,https://www.idx.co.id/StaticData/NewsAndAnnouncement/ANNOUNCEMENTSTOCK/From_EREP/202512/91da4fc53f_47ed4dc276.pdf,20251201_Semua Emiten Saham_Pengumuman Bursa_31998692_lamp1.pdf,,
"02 Des 2025
					16:52:49",https://www.idx.co.id/StaticData/NewsAndAnnouncement/ANNOUNCEMENTSTOCK/From_EREP/202512/8fa73d5122_e8632c127a.pdf,Pemegang Saham di atas 5% (KSEI) [],Semua Emiten Saham,https://www.idx.co.id/StaticData/NewsAndAnnouncement/ANNOUNCEMENTSTOCK/From_EREP/202512/f43f30fe00_e8aecd28b8.pdf,20251202_Semua Emiten Saham_Pengumuman Bursa_31999037_lamp1.pdf,,
"03 Des 2025
					16:01:50",https://www.idx.co.id/StaticData/NewsAndAnnouncement/ANNOUNCEMENTSTOCK/From_EREP/202512/6d12b72d6d_c58a820da1.pdf,Pemegang Saham di atas 5% (KSEI) [],Semua Emiten Saham,https://www.idx.co.id/StaticData/NewsAndAnnouncement/ANNOUNCEMENTSTOCK/From_EREP/202512/42ccaf232b_f870b44e8e.pdf,20251203_Semua Emiten Saham_Pengumuman Bursa_31999397_lamp1.pdf,,
"04 Des 2025
					16:48:15",https://www.idx.co.id/StaticData/NewsAndAnnouncement/ANNOUNCEMENTSTOCK/From_EREP/202512/023c43b134_a7888f42fb.pdf,Pemegang Saham di atas 5% (KSEI) [],Semua Emiten Saham,https://www.idx.co.id/StaticData/NewsAndAnnouncement/ANNOUNCEMENTSTOCK/From_EREP/202512/e59db54c63_a76725ef28.pdf,20251204_Semua Emiten Saham_Pengumuman Bursa_31999960_lamp1.pdf,,
"05 Des 2025
					14:15:54",https://www.idx.co.id/StaticData/NewsAndAnnouncement/ANNOUNCEMENTSTOCK/From_EREP/202512/dbd63e1d99_fd00975981.pdf,Pemegang Saham di atas 5% (KSEI) [],Semua Emiten Saham,https://www.idx.co.id/StaticData/NewsAndAnnouncement/ANNOUNCEMENTSTOCK/From_EREP/202512/491ddb5078_e3265c4125.pdf,20251205_Semua Emiten Saham_Pengumuman Bursa_32000375_lamp1.pdf,,
"09 Des 2025
					17:29:43",https://www.idx.co.id/StaticData/NewsAndAnnouncement/ANNOUNCEMENTSTOCK/From_EREP/202512/290ed26fdc_1502e142d3.pdf,Pemegang Saham di atas 5% (KSEI) [],Semua Emiten Saham,https://www.idx.co.id/StaticData/NewsAndAnnouncement/ANNOUNCEMENTSTOCK/From_EREP/202512/d08d516295_3b2c9f23dc.pdf,20251208_Semua Emiten Saham_Pengumuman Bursa_32010965_lamp1.pdf,,
"09 Des 2025
					17:31:31",https://www.idx.co.id/StaticData/NewsAndAnnouncement/ANNOUNCEMENTSTOCK/From_EREP/202512/f5dbeedda4_b76f6763d0.pdf,Pemegang Saham di atas 5% (KSEI) [],Semua Emiten Saham,https://www.idx.co.id/StaticData/NewsAndAnnouncement/ANNOUNCEMENTSTOCK/From_EREP/202512/759acc0ca4_c508416727.pdf,20251209_Semua Emiten Saham_Pengumuman Bursa_32011582_lamp1.pdf,,
"11 Des 2025
					18:00:05",https://www.idx.co.id/StaticData/NewsAndAnnouncement/ANNOUNCEMENTSTOCK/From_EREP/202512/9c4400b423_148bd7ebf6.pdf,Pemegang Saham di atas 5% (KSEI) [],Semua Emiten Saham,https://www.idx.co.id/StaticData/NewsAndAnnouncement/ANNOUNCEMENTSTOCK/From_EREP/202512/55d08d4532_6b70add5a1.pdf,20251211_Semua Emiten Saham_Pengumuman Bursa_32012508_lamp1.pdf,,
"11 Des 2025
					18:04:05",https://www.idx.co.id/StaticData/NewsAndAnnouncement/ANNOUNCEMENTSTOCK/From_EREP/202512/29998bbc90_c8b7d07eab.pdf,Pemegang Saham di atas 5% (KSEI) [],Semua Emiten Saham,https://www.idx.co.id/StaticData/NewsAndAnnouncement/ANNOUNCEMENTSTOCK/From_EREP/202512/9233e4ec0f_44512b9638.pdf,20251210_Semua Emiten Saham_Pengumuman Bursa_32012081_lamp1.pdf,,
"12 Des 2025
					18:52:37",https://www.idx.co.id/StaticData/NewsAndAnnouncement/ANNOUNCEMENTSTOCK/From_EREP/202512/1a75dcd644_514428c8ec.pdf,Pemegang Saham di atas 5% (KSEI) [],Semua Emiten Saham,https://www.idx.co.id/StaticData/NewsAndAnnouncement/ANNOUNCEMENTSTOCK/From_EREP/202512/bf4dcc44da_d0cc59cbcb.pdf,20251212_Semua Emiten Saham_Pengumuman Bursa_32012767_lamp1.pdf,,
"15 Des 2025
					18:36:49",https://www.idx.co.id/StaticData/NewsAndAnnouncement/ANNOUNCEMENTSTOCK/From_EREP/202512/8f68cc8e9d_2ae0fda514.pdf,Pemegang Saham di atas 5% (KSEI) [],Semua Emiten Saham,https://www.idx.co.id/StaticData/NewsAndAnnouncement/ANNOUNCEMENTSTOCK/From_EREP/202512/4f3d2f8bdb_77f3cf2bb8.pdf,20251215_Semua Emiten Saham_Pengumuman Bursa_32013047_lamp1.pdf,,
"16 Des 2025
					15:46:54",https://www.idx.co.id/StaticData/NewsAndAnnouncement/ANNOUNCEMENTSTOCK/From_EREP/202512/e8c4ed9835_a9d6bdb810.pdf,Pemegang Saham di atas 5% (KSEI) [],Semua Emiten Saham,https://www.idx.co.id/StaticData/NewsAndAnnouncement/ANNOUNCEMENTSTOCK/From_EREP/202512/fdae35a6aa_d21d9b7800.pdf,20251216_Semua Emiten Saham_Pengumuman Bursa_32013370_lamp1.pdf,,
"17 Des 2025
					17:11:51",https://www.idx.co.id/StaticData/NewsAndAnnouncement/ANNOUNCEMENTSTOCK/From_EREP/202512/4635299275_df2eaa821b.pdf,Pemegang Saham di atas 5% (KSEI) [],Semua Emiten Saham,https://www.idx.co.id/StaticData/NewsAndAnnouncement/ANNOUNCEMENTSTOCK/From_EREP/202512/4ce53df960_a59211eee9.pdf,20251217_Semua Emiten Saham_Pengumuman Bursa_32013675_lamp1.pdf,,
"19 Des 2025
					16:42:04",https://www.idx.co.id/StaticData/NewsAndAnnouncement/ANNOUNCEMENTSTOCK/From_EREP/202512/912975be13_f7c8dfe9d1.pdf,Pemegang Saham di atas 5% (KSEI) [],Semua Emiten Saham,https://www.idx.co.id/StaticData/NewsAndAnnouncement/ANNOUNCEMENTSTOCK/From_EREP/202512/b43ae60ea5_38fe0fd92f.pdf,20251219_Semua Emiten Saham_Pengumuman Bursa_32014281_lamp1.pdf,,
"19 Des 2025
					16:47:20",https://www.idx.co.id/StaticData/NewsAndAnnouncement/ANNOUNCEMENTSTOCK/From_EREP/202512/b1009c222a_00318d69d1.pdf,Pemegang Saham di atas 5% (KSEI) [],Semua Emiten Saham,https://www.idx.co.id/StaticData/NewsAndAnnouncement/ANNOUNCEMENTSTOCK/From_EREP/202512/ef06c027d7_94e3cb61c7.pdf,20251218_Semua Emiten Saham_Pengumuman Bursa_32013971_lamp1.pdf,,
"22 Des 2025
					16:31:20",https://www.idx.co.id/StaticData/NewsAndAnnouncement/ANNOUNCEMENTSTOCK/From_EREP/202512/80cf80e397_fe1d03dabb.pdf,Pemegang Saham di atas 5% (KSEI) [],Semua Emiten Saham,https://www.idx.co.id/StaticData/NewsAndAnnouncement/ANNOUNCEMENTSTOCK/From_EREP/202512/02c7a7448a_4eedc0992f.pdf,20251222_Semua Emiten Saham_Pengumuman Bursa_32014709_lamp1.pdf,,
"23 Des 2025
					16:20:06",https://www.idx.co.id/StaticData/NewsAndAnnouncement/ANNOUNCEMENTSTOCK/From_EREP/202512/b0d370b830_882e64c658.pdf,Pemegang Saham di atas 5% (KSEI) [],Semua Emiten Saham,https://www.idx.co.id/StaticData/NewsAndAnnouncement/ANNOUNCEMENTSTOCK/From_EREP/202512/18838ddc44_22c6558378.pdf,20251223_Semua Emiten Saham_Pengumuman Bursa_32015018_lamp1.pdf,,
"24 Des 2025
					17:37:53",https://www.idx.co.id/StaticData/NewsAndAnnouncement/ANNOUNCEMENTSTOCK/From_EREP/202512/44c388f102_84de1b08c4.pdf,Pemegang Saham di atas 5% (KSEI) [],Semua Emiten Saham,https://www.idx.co.id/StaticData/NewsAndAnnouncement/ANNOUNCEMENTSTOCK/From_EREP/202512/4795de0445_782256c191.pdf,20251224_Semua Emiten Saham_Pengumuman Bursa_32015326_lamp1.pdf,,
"29 Des 2025
					17:57:27",https://www.idx.co.id/StaticData/NewsAndAnnouncement/ANNOUNCEMENTSTOCK/From_EREP/202512/58e4577fd3_1cd415acc6.pdf,Pemegang Saham di atas 5% (KSEI) [],Semua Emiten Saham,https://www.idx.co.id/StaticData/NewsAndAnnouncement/ANNOUNCEMENTSTOCK/From_EREP/202512/5342a2b733_aabdfc21f9.pdf,20251229_Semua Emiten Saham_Pengumuman Bursa_32015640_lamp1.pdf,,
"30 Des 2025
					15:42:13",https://www.idx.co.id/StaticData/NewsAndAnnouncement/ANNOUNCEMENTSTOCK/From_EREP/202512/34ac53c518_1e9402edee.pdf,Pemegang Saham di atas 5% (KSEI) [],Semua Emiten Saham,https://www.idx.co.id/StaticData/NewsAndAnnouncement/ANNOUNCEMENTSTOCK/From_EREP/202512/0949deecad_67f9fc8f53.pdf,20251230_Semua Emiten Saham_Pengumuman Bursa_32015932_lamp1.pdf,,
"01 Des 2025
					16:30:07",https://www.idx.co.id/StaticData/NewsAndAnnouncement/ANNOUNCEMENTSTOCK/From_EREP/202512/8f6b9c6229_1d3cd7fc65.pdf,Penyampaian Bukti Iklan Panggilan RUPS [],SMGR,https://www.idx.co.id/StaticData/NewsAndAnnouncement/ANNOUNCEMENTSTOCK/From_EREP/202512/bba60d2fb1_04f7bbd3f8.pdf,20251201_SMGR_Penyampaian Bukti Iklan_31998695_lamp2.pdf,https://www.idx.co.id/StaticData/NewsAndAnnouncement/ANNOUNCEMENTSTOCK/From_EREP/202512/bf74948776_85fe1cdaf5.pdf,20251201_SMGR_Penyampaian Bukti Iklan_31998695_lamp1.pdf
"01 Des 2025
					18:08:27",https://www.idx.co.id/StaticData/NewsAndAnnouncement/ANNOUNCEMENTSTOCK/From_EREP/202512/718041a51f_d72c86c7cd.pdf,Penjelasan atas Volatilitas Transaksi [],SMGR,https://www.idx.co.id/StaticData/NewsAndAnnouncement/ANNOUNCEMENTSTOCK/From_EREP/202512/fc45b5442f_7b6b90e2b1.pdf,20251201_SMGR_Tanggapan atas Permintaan Penjelasan Bursa_31998838_lamp1.pdf,,
"04 Des 2025
					17:41:06",https://www.idx.co.id/StaticData/NewsAndAnnouncement/ANNOUNCEMENTSTOCK/From_EREP/202512/fd93afd145_242141338c.pdf,Laporan Bulanan Registrasi Pemegang Efek [],SMGR,https://www.idx.co.id/StaticData/NewsAndAnnouncement/ANNOUNCEMENTSTOCK/From_EREP/202512/5ed6860814_7d76f6c307.pdf,20251204_SMGR_Laporan Bulanan Registrasi Pemegang Efek/Perubahan Struktur Pemegang Saham_32000047_lamp1.pdf,,
"23 Des 2025
					23:26:45",https://www.idx.co.id/StaticData/NewsAndAnnouncement/ANNOUNCEMENTSTOCK/From_EREP/202512/6011473baa_e661939ee5.pdf,Transaksi Afiliasi [],SMGR,https://www.idx.co.id/StaticData/NewsAndAnnouncement/ANNOUNCEMENTSTOCK/From_EREP/202512/992b328c95_c35a8ce0ed.pdf,20251223_SMGR_Informasi Transaksi Afiliasi_32015184_lamp1.pdf,,
"23 Des 2025
					23:52:48",https://www.idx.co.id/StaticData/NewsAndAnnouncement/ANNOUNCEMENTSTOCK/From_EREP/202512/bd3003091d_f8b427b9ac.pdf,Transaksi Afiliasi (KOREKSI) [],SMGR,https://www.idx.co.id/StaticData/NewsAndAnnouncement/ANNOUNCEMENTSTOCK/From_EREP/202512/1d2cbee02f_804db86d03.pdf,20251223_SMGR_Informasi Transaksi Afiliasi_32015216_lamp1.pdf,,
"24 Des 2025
					14:37:17",https://www.idx.co.id/StaticData/NewsAndAnnouncement/ANNOUNCEMENTSTOCK/From_EREP/202512/ebc22a6604_c0232f6e63.pdf,Ringkasan Risalah Rapat Umum Para Pemegang Saham Luar Biasa [],SMGR,https://www.idx.co.id/StaticData/NewsAndAnnouncement/ANNOUNCEMENTSTOCK/From_EREP/202512/3e962694b2_6de8555d40.pdf,20251224_SMGR_Ringkasan Risalah/Risalah RUPS_32015339_lamp1.pdf,,
"26 Des 2025
					13:05:47",https://www.idx.co.id/StaticData/NewsAndAnnouncement/ANNOUNCEMENTSTOCK/From_EREP/202512/8b04f6398e_8f2b12396f.pdf,Penyampaian Bukti Iklan Hasil RUPS [],SMGR,https://www.idx.co.id/StaticData/NewsAndAnnouncement/ANNOUNCEMENTSTOCK/From_EREP/202512/440236e842_227b4a94d0.pdf,20251225_SMGR_Penyampaian Bukti Iklan_32015554_lamp1.pdf,,
"08 Des 2025
					13:36:43",https://www.idx.co.id/StaticData/NewsAndAnnouncement/ANNOUNCEMENTSTOCK/From_EREP/202512/b10689ff6c_6f78db806c.pdf,Laporan Bulanan Registrasi Pemegang Efek [],SMRA,https://www.idx.co.id/StaticData/NewsAndAnnouncement/ANNOUNCEMENTSTOCK/From_EREP/202512/2556125673_50075aab4f.pdf,20251208_SMRA_Laporan Bulanan Registrasi Pemegang Efek/Perubahan Struktur Pemegang Saham_32010749_lamp1.pdf,,
"01 Des 2025
					17:40:53",https://www.idx.co.id/StaticData/NewsAndAnnouncement/ANNOUNCEMENTSTOCK/From_EREP/202512/f66ffe814b_e6b492e3f2.pdf,Transaksi Material Tanpa Persetujuan RUPS [],TLKM,https://www.idx.co.id/StaticData/NewsAndAnnouncement/ANNOUNCEMENTSTOCK/From_EREP/202512/b87736121b_ef61a554b4.pdf,20251201_TLKM_Transaksi Material Tanpa Persetujuan RUPS_31998825_lamp2.pdf,https://www.idx.co.id/StaticData/NewsAndAnnouncement/ANNOUNCEMENTSTOCK/From_EREP/202512/d12cec90d5_5b9b4354ab.pdf,20251201_TLKM_Transaksi Material Tanpa Persetujuan RUPS_31998825_lamp1.pdf
"02 Des 2025
					19:47:41",https://www.idx.co.id/StaticData/NewsAndAnnouncement/ANNOUNCEMENTSTOCK/From_EREP/202512/bca2c11486_cc4a077c65.pdf,Perubahan Komite Audit [],TLKM,https://www.idx.co.id/StaticData/NewsAndAnnouncement/ANNOUNCEMENTSTOCK/From_EREP/202512/283e150a89_eefbcfaa8f.pdf,20251202_TLKM_Perubahan Corsec Komite Audit Alamat NPWP Internal Audit_31999272_lamp2.pdf,https://www.idx.co.id/StaticData/NewsAndAnnouncement/ANNOUNCEMENTSTOCK/From_EREP/202512/f1686a0ad4_0cdf5cb936.pdf,20251202_TLKM_Perubahan Corsec Komite Audit Alamat NPWP Internal Audit_31999272_lamp1.pdf
"03 Des 2025
					16:47:35",https://www.idx.co.id/StaticData/NewsAndAnnouncement/ANNOUNCEMENTSTOCK/From_EREP/202512/cd68a0e079_8e40032186.pdf,Saham Hilang [],TLKM,https://www.idx.co.id/StaticData/NewsAndAnnouncement/ANNOUNCEMENTSTOCK/From_EREP/202512/c20c6503ce_5495594787.pdf,20251203_TLKM_Pengumuman Bursa_31999464_lamp1.pdf,,
"05 Des 2025
					15:25:52",https://www.idx.co.id/StaticData/NewsAndAnnouncement/ANNOUNCEMENTSTOCK/From_EREP/202512/fa19782c6f_1ef0a7101f.pdf,Saham Hilang [],TLKM,https://www.idx.co.id/StaticData/NewsAndAnnouncement/ANNOUNCEMENTSTOCK/From_EREP/202512/7c7001b08c_e2d43eb5ed.pdf,20251205_TLKM_Pengumuman Bursa_32000503_lamp1.pdf,,
"10 Des 2025
					18:07:20",https://www.idx.co.id/StaticData/NewsAndAnnouncement/ANNOUNCEMENTSTOCK/From_EREP/202601/846082ddd3_94a18c983e.pdf,Laporan Bulanan Registrasi Pemegang Efek [],TLKM,https://www.idx.co.id/StaticData/NewsAndAnnouncement/ANNOUNCEMENTSTOCK/From_EREP/202601/0265a53c43_5f543531c1.pdf,20251209_TLKM_Laporan Bulanan Registrasi Pemegang Efek/Perubahan Struktur Pemegang Saham_32011946_lamp1.pdf,,
"10 Des 2025
					23:46:33",https://www.idx.co.id/StaticData/NewsAndAnnouncement/ANNOUNCEMENTSTOCK/From_EREP/202512/92ec775ab6_cc69a374ba.pdf,Transaksi Material Tanpa Persetujuan RUPS [],TLKM,https://www.idx.co.id/StaticData/NewsAndAnnouncement/ANNOUNCEMENTSTOCK/From_EREP/202512/3fa3518e40_f3c6fde097.pdf,20251210_TLKM_Transaksi Material Tanpa Persetujuan RUPS_32012421_lamp1.pdf,https://www.idx.co.id/StaticData/NewsAndAnnouncement/ANNOUNCEMENTSTOCK/From_EREP/202512/aefbd9d4ce_ca7245dadc.pdf,20251210_TLKM_Transaksi Material Tanpa Persetujuan RUPS_32012421_lamp2.pdf
"11 Des 2025
					17:31:15",https://www.idx.co.id/StaticData/NewsAndAnnouncement/ANNOUNCEMENTSTOCK/From_EREP/202512/ed74693fef_c72c16a899.pdf,Transaksi Material Tanpa Persetujuan RUPS [],TLKM,https://www.idx.co.id/StaticData/NewsAndAnnouncement/ANNOUNCEMENTSTOCK/From_EREP/202512/cae957f6ed_ba04597931.pdf,20251211_TLKM_Transaksi Material Tanpa Persetujuan RUPS_32012594_lamp1.pdf,https://www.idx.co.id/StaticData/NewsAndAnnouncement/ANNOUNCEMENTSTOCK/From_EREP/202512/f98beebb54_5e9765fcd9.pdf,20251211_TLKM_Transaksi Material Tanpa Persetujuan RUPS_32012594_lamp2.pdf
"11 Des 2025
					18:46:24",https://www.idx.co.id/StaticData/NewsAndAnnouncement/ANNOUNCEMENTSTOCK/From_EREP/202512/6b25011e7a_bb7e49cfbc.pdf,Penyampaian Bukti Iklan PENYAMPAIAN BUKTI IKLAN PERUBAHAN DAN/ATAU TAMBAHAN KETERBUKAAN INFORMASI KEPADA MASY ARAKAT TERKAIT PEMISAHAN SEBAGIAN BISNIS & ASET WHOLESALE FIBER CONNECTIVITY PERUSAHAAN PERSEROAN (PERSERO) PT TELEKOMUNIKASI INDONESIA Tbk  [],TLKM,https://www.idx.co.id/StaticData/NewsAndAnnouncement/ANNOUNCEMENTSTOCK/From_EREP/202512/093a5a280f_f2c552ba99.pdf,20251211_TLKM_Penyampaian Bukti Iklan_32012631_lamp2.pdf,https://www.idx.co.id/StaticData/NewsAndAnnouncement/ANNOUNCEMENTSTOCK/From_EREP/202512/701431c12a_83b57fe5cb.pdf,20251211_TLKM_Penyampaian Bukti Iklan_32012631_lamp3.pdf
"15 Des 2025
					16:01:21",https://www.idx.co.id/StaticData/NewsAndAnnouncement/ANNOUNCEMENTSTOCK/From_EREP/202512/81d9b5af53_bc0c294277.pdf,Keterbukaan Informasi Pembelian Kembali Saham dalam Rangka Pemenuhan Ketentuan Pasal 62 Undang-Undang No. 40 Tahun 2007 tentang Perseroan Terbatas sebagaimana terakhir diubah dengan Undang-Undang No. 6 Tahun 2023 tentang Penetapan Peraturan Pemerintah Pengganti Undang-Undang No. 2 Tahun 2022 tentang Cipta Kerja Menjadi Undang-Undang sehubungan dengan Pemisahan sebagian Bisnis dan Aset Wholesale Fiber Connectivity PT Telkom Indonesia (Persero) Tbk  kepada PT Telkom Infrastruktur Indonesia  [],TLKM,https://www.idx.co.id/StaticData/NewsAndAnnouncement/ANNOUNCEMENTSTOCK/From_EREP/202512/2d8fc0805e_3526ed44c8.pdf,20251215_TLKM_Laporan Informasi dan Fakta Material_32013142_lamp1.pdf,https://www.idx.co.id/StaticData/NewsAndAnnouncement/ANNOUNCEMENTSTOCK/From_EREP/202512/b10579ac1a_334d827976.pdf,20251215_TLKM_Laporan Informasi dan Fakta Material_32013142_lamp2.pdf
"16 Des 2025
					22:07:06",https://www.idx.co.id/StaticData/NewsAndAnnouncement/ANNOUNCEMENTSTOCK/From_EREP/202512/98fd4b1344_d9404d4821.pdf,Ringkasan Risalah Rapat Umum Para Pemegang Saham Luar Biasa [],TLKM,https://www.idx.co.id/StaticData/NewsAndAnnouncement/ANNOUNCEMENTSTOCK/From_EREP/202512/246d972e21_e729c5d85b.pdf,20251216_TLKM_Ringkasan Risalah/Risalah RUPS_32013538_lamp2.pdf,https://www.idx.co.id/StaticData/NewsAndAnnouncement/ANNOUNCEMENTSTOCK/From_EREP/202512/d9ca358479_88eb997ab6.pdf,20251216_TLKM_Ringkasan Risalah/Risalah RUPS_32013538_lamp1.pdf
"17 Des 2025
					20:38:44",https://www.idx.co.id/StaticData/NewsAndAnnouncement/ANNOUNCEMENTSTOCK/From_EREP/202512/31f2ba4897_34dbf380c1.pdf,Laporan Hasil Pelaksanaan Pembelian Kembali Saham dalam Rangka Pemenuhan Ketentuan Pasal 62 Undang-undang Perseroan Terbatas No.40 Tahun 2007 (UUPT) [],TLKM,https://www.idx.co.id/StaticData/NewsAndAnnouncement/ANNOUNCEMENTSTOCK/From_EREP/202512/57fa81d717_4e68f1ef1b.pdf,20251217_TLKM_Laporan Informasi dan Fakta Material_32013856_lamp1.pdf,https://www.idx.co.id/StaticData/NewsAndAnnouncement/ANNOUNCEMENTSTOCK/From_EREP/202512/8f4ae2de0c_52dd1cfd47.pdf,20251217_TLKM_Laporan Informasi dan Fakta Material_32013856_lamp2.pdf
"18 Des 2025
					18:08:00",https://www.idx.co.id/StaticData/NewsAndAnnouncement/ANNOUNCEMENTSTOCK/From_EREP/202512/f304d56827_ec2fdd6191.pdf,Penandatangan Akta Pemisahan Sebagian Bisnis dan Aset Wholesale Fiber Connectivity oleh PT Telkom Indonesia (Persero) Tbk ke dalam PT Telkom Infrastruktur Indonesia (TIF) yang merupakan Tahap-1 dari rencana Pengalihan Seluruh Bisnis dan Aset Wholesale Fiber Connectivity kepada PT Telkom Infrastruktur Indonesia (TIF) [],TLKM,https://www.idx.co.id/StaticData/NewsAndAnnouncement/ANNOUNCEMENTSTOCK/From_EREP/202512/9fc5795254_941b99a126.pdf,20251218_TLKM_Laporan Informasi dan Fakta Material_32014094_lamp2.pdf,https://www.idx.co.id/StaticData/NewsAndAnnouncement/ANNOUNCEMENTSTOCK/From_EREP/202512/e380064ceb_ad869f23bd.pdf,20251218_TLKM_Laporan Informasi dan Fakta Material_32014094_lamp1.pdf
"23 Des 2025
					17:07:04",https://www.idx.co.id/StaticData/NewsAndAnnouncement/ANNOUNCEMENTSTOCK/From_EREP/202512/3f3f204c19_f5d4fd8287.pdf,Perubahan Komite Audit [],TLKM,https://www.idx.co.id/StaticData/NewsAndAnnouncement/ANNOUNCEMENTSTOCK/From_EREP/202512/4b2897244e_087efc3770.pdf,20251223_TLKM_Perubahan Corsec Komite Audit Alamat NPWP Internal Audit_32015110_lamp2.pdf,https://www.idx.co.id/StaticData/NewsAndAnnouncement/ANNOUNCEMENTSTOCK/From_EREP/202512/8a4f01f87e_2d8cfd6e33.pdf,20251223_TLKM_Perubahan Corsec Komite Audit Alamat NPWP Internal Audit_32015110_lamp1.pdf
"01 Des 2025
					11:46:52",https://www.idx.co.id/StaticData/NewsAndAnnouncement/ANNOUNCEMENTSTOCK/From_EREP/202512/c5ce241440_007b21cde5.pdf,Pembagian dividen interim [],TOWR,https://www.idx.co.id/StaticData/NewsAndAnnouncement/ANNOUNCEMENTSTOCK/From_EREP/202512/1049ed053d_8bd58b85b9.pdf,20251201_TOWR_Laporan Informasi dan Fakta Material_31998679_lamp2.pdf,https://www.idx.co.id/StaticData/NewsAndAnnouncement/ANNOUNCEMENTSTOCK/From_EREP/202512/123c5b7cd9_b48b3fa93c.pdf,20251201_TOWR_Laporan Informasi dan Fakta Material_31998679_lamp1.pdf
"01 Des 2025
					13:14:06",https://www.idx.co.id/StaticData/NewsAndAnnouncement/ANNOUNCEMENTSTOCK/From_EREP/202512/8472b924ae_3a04c6f6f2.pdf,Jadwal Dividen Tunai Interim [],TOWR,https://www.idx.co.id/StaticData/NewsAndAnnouncement/ANNOUNCEMENTSTOCK/From_EREP/202512/8e393f8e0a_af25024495.pdf,20251201_TOWR_Jadwal Aksi Korporasi (Khusus Penyampaian Dividen Interim)_31998671_lamp1.pdf,,
"03 Des 2025
					16:25:10",https://www.idx.co.id/StaticData/NewsAndAnnouncement/ANNOUNCEMENTSTOCK/From_EREP/202512/905d4920e7_b1529fc538.pdf,Laporan Bulanan Registrasi Pemegang Efek [],TOWR,https://www.idx.co.id/StaticData/NewsAndAnnouncement/ANNOUNCEMENTSTOCK/From_EREP/202512/06f8bbe276_0445cd0216.pdf,20251203_TOWR_Laporan Bulanan Registrasi Pemegang Efek/Perubahan Struktur Pemegang Saham_31999558_lamp1.pdf,,
"18 Des 2025
					17:58:17",https://www.idx.co.id/StaticData/NewsAndAnnouncement/ANNOUNCEMENTSTOCK/From_EREP/202512/e8626de652_e2d17ee905.pdf,Transaksi Material Tanpa Persetujuan RUPS [],TOWR,https://www.idx.co.id/StaticData/NewsAndAnnouncement/ANNOUNCEMENTSTOCK/From_EREP/202512/9a27edf124_8a634f9a24.pdf,20251218_TOWR_Transaksi Material Tanpa Persetujuan RUPS_32014149_lamp1.pdf,,
"18 Des 2025
					18:25:58",https://www.idx.co.id/StaticData/NewsAndAnnouncement/ANNOUNCEMENTSTOCK/From_EREP/202512/ba2fd651ea_5fa44b748e.pdf,Transaksi Material Tanpa Persetujuan RUPS (KOREKSI) [],TOWR,https://www.idx.co.id/StaticData/NewsAndAnnouncement/ANNOUNCEMENTSTOCK/From_EREP/202512/dbecafa471_b37daf3e3b.pdf,20251218_TOWR_Transaksi Material Tanpa Persetujuan RUPS_32014182_lamp1.pdf,,
"19 Des 2025
					21:59:54",https://www.idx.co.id/StaticData/NewsAndAnnouncement/ANNOUNCEMENTSTOCK/From_EREP/202512/4bb824be8c_76a55abf5c.pdf,"Penandatangan Perjanjian Perubahan atas Perjanjian Fasilitas antara Protelindo, Iforte, SUPR, dan IBST dengan MUFG Bank Ltd., Cabang Jakarta []",TOWR,https://www.idx.co.id/StaticData/NewsAndAnnouncement/ANNOUNCEMENTSTOCK/From_EREP/202512/72eaf914d7_df4afc343f.pdf,20251219_TOWR_Laporan Informasi dan Fakta Material_32014540_lamp1.pdf,,
"03 Des 2025
					07:57:20",https://www.idx.co.id/StaticData/NewsAndAnnouncement/ANNOUNCEMENTSTOCK/From_EREP/202512/e243d8a81f_41f6e8da43.pdf,Pendirian Usaha Baru [],UNTR,https://www.idx.co.id/StaticData/NewsAndAnnouncement/ANNOUNCEMENTSTOCK/From_EREP/202512/17f27e668a_77d1ef7796.pdf,20251203_UNTR_Laporan Informasi dan Fakta Material_31999296_lamp1.pdf,,
"05 Des 2025
					17:51:52",https://www.idx.co.id/StaticData/NewsAndAnnouncement/ANNOUNCEMENTSTOCK/From_EREP/202512/9d84edafff_04aa1d45c5.pdf,Laporan Bulanan Registrasi Pemegang Efek [],UNTR,https://www.idx.co.id/StaticData/NewsAndAnnouncement/ANNOUNCEMENTSTOCK/From_EREP/202512/5ab2490695_12d5499577.pdf,20251205_UNTR_Laporan Bulanan Registrasi Pemegang Efek/Perubahan Struktur Pemegang Saham_32000617_lamp3.pdf,https://www.idx.co.id/StaticData/NewsAndAnnouncement/ANNOUNCEMENTSTOCK/From_EREP/202512/71e60ccffc_6cdd4970a4.pdf,20251205_UNTR_Laporan Bulanan Registrasi Pemegang Efek/Perubahan Struktur Pemegang Saham_32000617_lamp2.pdf
"11 Des 2025
					09:21:51",https://www.idx.co.id/StaticData/NewsAndAnnouncement/ANNOUNCEMENTSTOCK/From_EREP/202512/98e6f40f0d_9e5b5717f6.pdf,Penjelasan atas Permintaan Penjelasan Bursa [],UNTR,https://www.idx.co.id/StaticData/NewsAndAnnouncement/ANNOUNCEMENTSTOCK/From_EREP/202512/36c5eebe51_dfa2805a1c.pdf,20251211_UNTR_Tanggapan atas Permintaan Penjelasan Bursa_32012448_lamp1.pdf,,
"15 Des 2025
					16:56:35",https://www.idx.co.id/StaticData/NewsAndAnnouncement/ANNOUNCEMENTSTOCK/From_EREP/202512/77362f4ca9_fa8188c860.pdf,Transaksi Afiliasi [],UNTR,https://www.idx.co.id/StaticData/NewsAndAnnouncement/ANNOUNCEMENTSTOCK/From_EREP/202512/a008635774_0bfad149ef.pdf,20251215_UNTR_Informasi Transaksi Afiliasi_32013100_lamp1.pdf,,
"04 Des 2025
					18:58:18",https://www.idx.co.id/StaticData/NewsAndAnnouncement/ANNOUNCEMENTSTOCK/From_EREP/202512/e5c2586437_7a08297057.pdf,Jadwal Dividen Tunai Interim [],UNVR,https://www.idx.co.id/StaticData/NewsAndAnnouncement/ANNOUNCEMENTSTOCK/From_EREP/202512/faab75a032_95bdffb8e8.pdf,20251204_UNVR_Jadwal Aksi Korporasi (Khusus Penyampaian Dividen Interim)_32000056_lamp1.pdf,,
"08 Des 2025
					16:19:43",https://www.idx.co.id/StaticData/NewsAndAnnouncement/ANNOUNCEMENTSTOCK/From_EREP/202512/37fe898de0_cce89af82b.pdf,Penyelesaian Penjualan Bisnis Es Krim oleh Perseroan [],UNVR,https://www.idx.co.id/StaticData/NewsAndAnnouncement/ANNOUNCEMENTSTOCK/From_EREP/202512/6464c5e4ab_473e1a56dc.pdf,20251208_UNVR_Laporan Informasi dan Fakta Material_32011170_lamp1.pdf,,
"10 Des 2025
					10:49:58",https://www.idx.co.id/StaticData/NewsAndAnnouncement/ANNOUNCEMENTSTOCK/From_EREP/202512/1a3014e08e_0226f25656.pdf,Laporan Bulanan Registrasi Pemegang Efek [],UNVR,https://www.idx.co.id/StaticData/NewsAndAnnouncement/ANNOUNCEMENTSTOCK/From_EREP/202512/613fe9d558_d497287d49.pdf,20251210_UNVR_Laporan Bulanan Registrasi Pemegang Efek/Perubahan Struktur Pemegang Saham_32012073_lamp2.pdf,https://www.idx.co.id/StaticData/NewsAndAnnouncement/ANNOUNCEMENTSTOCK/From_EREP/202512/79bae36a98_1df883f0f9.pdf,20251210_UNVR_Laporan Bulanan Registrasi Pemegang Efek/Perubahan Struktur Pemegang Saham_32012073_lamp1.pdf
"10 Des 2025
					17:18:11",https://www.idx.co.id/StaticData/NewsAndAnnouncement/ANNOUNCEMENTSTOCK/From_EREP/202512/11ca5c44dd_5765d5b887.pdf,Perubahan anggota Direksi dan/atau anggota Dewan Komisaris [],UNVR,https://www.idx.co.id/StaticData/NewsAndAnnouncement/ANNOUNCEMENTSTOCK/From_EREP/202512/0866b99469_ec8f1b3417.pdf,20251210_UNVR_Laporan Informasi dan Fakta Material_32012298_lamp1.pdf,,
"30 Des 2025
					16:37:53",https://www.idx.co.id/StaticData/NewsAndAnnouncement/ANNOUNCEMENTSTOCK/From_EREP/202512/7a769ac034_f1c41ed66c.pdf,Penyampaian Laporan Keuangan [],UNVR,https://www.idx.co.id/StaticData/NewsAndAnnouncement/ANNOUNCEMENTSTOCK/From_EREP/202512/22846c3e2f_7a34eca68a.pdf,20251230_UNVR_Laporan Informasi dan Fakta Material_32016022_lamp1.pdf,https://www.idx.co.id/StaticData/NewsAndAnnouncement/ANNOUNCEMENTSTOCK/From_EREP/202512/9e1ba0f7a0_ff884ab1a7.pdf,20251230_UNVR_Laporan Informasi dan Fakta Material_32016022_lamp2.pdf
"01 Des 2025
					16:45:22",https://www.idx.co.id/StaticData/NewsAndAnnouncement/ANNOUNCEMENTSTOCK/From_EREP/202512/ee3291b360_c9e90d1b29.pdf,Pencabutan Efek Bersifat Ekuitas Dari Pemantauan Khusus [],,,,,
"01 Des 2025
					17:37:05",https://www.idx.co.id/StaticData/NewsAndAnnouncement/ANNOUNCEMENTSTOCK/From_EREP/202512/a028b5a1fb_682599bfd3.pdf,Efek Bersifat Ekuitas Dalam Pemantauan Khusus [],,,,,
"02 Des 2025
					16:14:38",https://www.idx.co.id/StaticData/NewsAndAnnouncement/ANNOUNCEMENTSTOCK/From_EREP/202512/fb0d1fb79d_b0081de374.pdf,Efek Bersifat Ekuitas Dalam Pemantauan Khusus [],,,,,
"02 Des 2025
					16:14:40",https://www.idx.co.id/StaticData/NewsAndAnnouncement/ANNOUNCEMENTSTOCK/From_EREP/202512/fb0d1fb79d_b0081de374.pdf,Efek Bersifat Ekuitas Dalam Pemantauan Khusus [],,,,,
"03 Des 2025
					17:17:44",https://www.idx.co.id/StaticData/NewsAndAnnouncement/ANNOUNCEMENTSTOCK/From_EREP/202512/f4ef6a4107_143968694e.pdf,Efek Bersifat Ekuitas Dalam Pemantauan Khusus [],,,,,
"04 Des 2025
					13:49:18",https://www.idx.co.id/StaticData/NewsAndAnnouncement/ANNOUNCEMENTSTOCK/From_EREP/202512/8a582359b7_cbc9b2b739.pdf,Kode Efek Waran Terstruktur PT CGS International Sekuritas Indonesia (YU) [],,https://www.idx.co.id/StaticData/NewsAndAnnouncement/ANNOUNCEMENTSTOCK/From_EREP/202512/641c1a24fb_396213d5ef.pdf,20251204_Pengumuman Bursa_31999808_lamp1.pdf,,
"04 Des 2025
					13:58:09",https://www.idx.co.id/StaticData/NewsAndAnnouncement/ANNOUNCEMENTSTOCK/From_EREP/202512/7bb4d38f99_713733bdb4.pdf,Kode Efek Waran Terstruktur PT KGI Sekuritas Indonesia (HD) [],,https://www.idx.co.id/StaticData/NewsAndAnnouncement/ANNOUNCEMENTSTOCK/From_EREP/202512/35ce22a115_b62c7574f7.pdf,20251204_Pengumuman Bursa_31999800_lamp1.pdf,,
"04 Des 2025
					14:40:50",https://www.idx.co.id/StaticData/NewsAndAnnouncement/ANNOUNCEMENTSTOCK/From_EREP/202512/7214de1181_0cab2a2f5e.pdf,Kode Efek Waran Terstruktur PT Korea Investment and Sekuritas Indonesia (BQ) [],,https://www.idx.co.id/StaticData/NewsAndAnnouncement/ANNOUNCEMENTSTOCK/From_EREP/202512/c3f0016df4_280ca02df5.pdf,20251204_Pengumuman Bursa_31999806_lamp1.pdf,,
"04 Des 2025
					14:42:59",https://www.idx.co.id/StaticData/NewsAndAnnouncement/ANNOUNCEMENTSTOCK/From_EREP/202512/65c9794fed_a769662f96.pdf,Kode Efek Waran Terstruktur PT RHB Sekuritas Indonesia (DR) [],,https://www.idx.co.id/StaticData/NewsAndAnnouncement/ANNOUNCEMENTSTOCK/From_EREP/202512/9246e547dc_fe0fc5fd1a.pdf,20251204_Pengumuman Bursa_31999786_lamp1.pdf,,
"04 Des 2025
					14:45:52",https://www.idx.co.id/StaticData/NewsAndAnnouncement/ANNOUNCEMENTSTOCK/From_EREP/202512/a1752b2a6c_c49331d4f3.pdf,Kode Efek Waran Terstruktur PT RHB Sekuritas Indonesia (DR) [],,https://www.idx.co.id/StaticData/NewsAndAnnouncement/ANNOUNCEMENTSTOCK/From_EREP/202512/422f690df4_9e690ea185.pdf,20251204_Pengumuman Bursa_31999804_lamp1.pdf,,
"04 Des 2025
					14:50:07",https://www.idx.co.id/StaticData/NewsAndAnnouncement/ANNOUNCEMENTSTOCK/From_EREP/202512/1d970a47c2_752f69be79.pdf,Kode Efek Waran Terstruktur PT Maybank Sekuritas Indonesia (ZP) [],,https://www.idx.co.id/StaticData/NewsAndAnnouncement/ANNOUNCEMENTSTOCK/From_EREP/202512/ee8aa93095_8cf5bf5304.pdf,20251204_Pengumuman Bursa_31999797_lamp1.pdf,,
"04 Des 2025
					16:13:08",https://www.idx.co.id/StaticData/NewsAndAnnouncement/ANNOUNCEMENTSTOCK/From_EREP/202512/91fa7846d0_0a7aff8496.pdf,Efek Bersifat Ekuitas Dalam Pemantauan Khusus [],,,,,
"04 Des 2025
					16:14:36",https://www.idx.co.id/StaticData/NewsAndAnnouncement/ANNOUNCEMENTSTOCK/From_EREP/202512/a2a67d5bc1_87ce9b79de.pdf,Pencabutan Efek Bersifat Ekuitas Dari Pemantauan Khusus [],,,,,
"05 Des 2025
					17:29:37",https://www.idx.co.id/StaticData/NewsAndAnnouncement/ANNOUNCEMENTSTOCK/From_EREP/202512/b8a3b3537a_a55db758e4.pdf,Efek Bersifat Ekuitas Dalam Pemantauan Khusus [],,,,,
"08 Des 2025
					08:21:12",https://www.idx.co.id/StaticData/NewsAndAnnouncement/ANNOUNCEMENTSTOCK/From_EREP/202512/837bd6ad2d_ed11cf7cf0.pdf,Pengumuman Status Penyampaian Laporan Keuangan Interim per 30 Juni 2025 [],,https://www.idx.co.id/StaticData/NewsAndAnnouncement/ANNOUNCEMENTSTOCK/From_EREP/202512/f98d263348_755ac4fd4f.pdf,20251204_Pengumuman Bursa_31999938_lamp1.pdf,,
"08 Des 2025
					16:57:16",https://www.idx.co.id/StaticData/NewsAndAnnouncement/ANNOUNCEMENTSTOCK/From_EREP/202512/07a8e5e07f_181c2c5624.pdf,Perubahan Efek Bersifat Ekuitas Dalam Pemantauan Khusus [],,,,,
"09 Des 2025
					16:26:33",https://www.idx.co.id/StaticData/NewsAndAnnouncement/ANNOUNCEMENTSTOCK/From_EREP/202512/bc5a831bcc_6c7fd4b8ef.pdf,Efek Bersifat Ekuitas Dalam Pemantauan Khusus [],,,,,
"09 Des 2025
					16:29:03",https://www.idx.co.id/StaticData/NewsAndAnnouncement/ANNOUNCEMENTSTOCK/From_EREP/202602/8054bc3378_b96c023563.pdf,Pencabutan Efek Bersifat Ekuitas Dari Pemantauan Khusus [],,,,,
"09 Des 2025
					17:00:12",https://www.idx.co.id/StaticData/NewsAndAnnouncement/ANNOUNCEMENTSTOCK/From_EREP/202512/a34778030d_7d41d59986.pdf,Efek Bersifat Ekuitas Dalam Pemantauan Khusus (KOREKSI) [],,,,,
"09 Des 2025
					17:04:22",https://www.idx.co.id/StaticData/NewsAndAnnouncement/ANNOUNCEMENTSTOCK/From_EREP/202512/f145dfe320_0db4fc7e2b.pdf,Pencabutan Efek Bersifat Ekuitas Dari Pemantauan Khusus (KOREKSI) [],,,,,
"10 Des 2025
					16:22:52",https://www.idx.co.id/StaticData/NewsAndAnnouncement/ANNOUNCEMENTSTOCK/From_EREP/202512/073923d3de_6fa2af38e4.pdf,Efek Bersifat Ekuitas Dalam Pemantauan Khusus [],,,,,
"10 Des 2025
					16:26:38",https://www.idx.co.id/StaticData/NewsAndAnnouncement/ANNOUNCEMENTSTOCK/From_EREP/202512/5dcdfe7ef5_00cb975e31.pdf,Pencabutan Efek Bersifat Ekuitas Dari Pemantauan Khusus [],,,,,
"11 Des 2025
					16:44:25",https://www.idx.co.id/StaticData/NewsAndAnnouncement/ANNOUNCEMENTSTOCK/From_EREP/202512/a9299edd19_484b950b34.pdf,Pencabutan Efek Bersifat Ekuitas Dari Pemantauan Khusus [],,,,,
"11 Des 2025
					16:45:46",https://www.idx.co.id/StaticData/NewsAndAnnouncement/ANNOUNCEMENTSTOCK/From_EREP/202512/087801801d_d330c7c040.pdf,Efek Bersifat Ekuitas Dalam Pemantauan Khusus [],,,,,
"12 Des 2025
					16:44:55",https://www.idx.co.id/StaticData/NewsAndAnnouncement/ANNOUNCEMENTSTOCK/From_EREP/202512/01fbc6e389_1bfc1509f5.pdf,Pencabutan Efek Bersifat Ekuitas Dari Pemantauan Khusus [],,,,,
"12 Des 2025
					16:45:36",https://www.idx.co.id/StaticData/NewsAndAnnouncement/ANNOUNCEMENTSTOCK/From_EREP/202512/aacc10239f_fcf1c7b24e.pdf,Efek Bersifat Ekuitas Dalam Pemantauan Khusus [],,,,,
"15 Des 2025
					15:58:48",https://www.idx.co.id/StaticData/NewsAndAnnouncement/ANNOUNCEMENTSTOCK/From_EREP/202512/f9b708a58f_115be4a5d8.pdf,Efek Bersifat Ekuitas Dalam Pemantauan Khusus [],,,,,
"15 Des 2025
					15:59:16",https://www.idx.co.id/StaticData/NewsAndAnnouncement/ANNOUNCEMENTSTOCK/From_EREP/202512/8b67739999_84d5a3ae14.pdf,Pencabutan Efek Bersifat Ekuitas Dari Pemantauan Khusus [],,,,,
"16 Des 2025
					14:12:50",https://www.idx.co.id/StaticData/NewsAndAnnouncement/ANNOUNCEMENTSTOCK/From_EREP/202512/9807d578f9_86c53041a4.pdf,Pengumuman Status Penyampaian Laporan Keuangan Interim Perusahaan Tercatat per 30 September 2025 [],,https://www.idx.co.id/StaticData/NewsAndAnnouncement/ANNOUNCEMENTSTOCK/From_EREP/202512/b84dbd7223_d565e568d7.pdf,20251216_Pengumuman Bursa_32013396_lamp1.pdf,,
"16 Des 2025
					16:39:36",https://www.idx.co.id/StaticData/NewsAndAnnouncement/ANNOUNCEMENTSTOCK/From_EREP/202512/ad02eef077_6d5d0a5d8b.pdf,Efek Bersifat Ekuitas Dalam Pemantauan Khusus [],,,,,
"16 Des 2025
					16:40:28",https://www.idx.co.id/StaticData/NewsAndAnnouncement/ANNOUNCEMENTSTOCK/From_EREP/202512/c922aea42b_93416def67.pdf,Pencabutan Efek Bersifat Ekuitas Dari Pemantauan Khusus [],,,,,
"17 Des 2025
					16:02:50",https://www.idx.co.id/StaticData/NewsAndAnnouncement/ANNOUNCEMENTSTOCK/From_EREP/202512/17a16cfc8e_30e9223da5.pdf,Perubahan Efek Bersifat Ekuitas Dalam Pemantauan Khusus [],,,,,
"17 Des 2025
					16:03:37",https://www.idx.co.id/StaticData/NewsAndAnnouncement/ANNOUNCEMENTSTOCK/From_EREP/202512/fe0055d435_afb693dcd2.pdf,Efek Bersifat Ekuitas Dalam Pemantauan Khusus [],,,,,
"17 Des 2025
					23:06:25",https://www.idx.co.id/StaticData/NewsAndAnnouncement/ANNOUNCEMENTSTOCK/From_EREP/202512/4d6a4b9a5b_072b043475.pdf,Penghentian Sementara Perdagangan Efek Waran Terstruktur  Call Warrant RATU HD Exp 13 Agustus 2026 (RATUHDCQ6A) yang diterbitkan oleh PT KGI Sekuritas Indonesia (HD) [],,https://www.idx.co.id/StaticData/NewsAndAnnouncement/ANNOUNCEMENTSTOCK/From_EREP/202512/3ef62a1ede_7ca440dd2a.pdf,20251217_Pengumuman Bursa_32013881_lamp1.pdf,,
"18 Des 2025
					16:20:27",https://www.idx.co.id/StaticData/NewsAndAnnouncement/ANNOUNCEMENTSTOCK/From_EREP/202512/189f4bbd7f_7a35c41706.pdf,Efek Bersifat Ekuitas Dalam Pemantauan Khusus [],,,,,
"18 Des 2025
					16:21:12",https://www.idx.co.id/StaticData/NewsAndAnnouncement/ANNOUNCEMENTSTOCK/From_EREP/202512/21750b2668_6bef684ba0.pdf,Perubahan Efek Bersifat Ekuitas Dalam Pemantauan Khusus [],,,,,
"18 Des 2025
					16:21:41",https://www.idx.co.id/StaticData/NewsAndAnnouncement/ANNOUNCEMENTSTOCK/From_EREP/202512/dfd436b26f_6300319a32.pdf,Pencabutan Efek Bersifat Ekuitas Dari Pemantauan Khusus [],,,,,
"19 Des 2025
					17:19:08",https://www.idx.co.id/StaticData/NewsAndAnnouncement/ANNOUNCEMENTSTOCK/From_EREP/202512/70f009e65e_5aba9e4986.pdf,Efek Bersifat Ekuitas Dalam Pemantauan Khusus [],,,,,
"19 Des 2025
					17:20:26",https://www.idx.co.id/StaticData/NewsAndAnnouncement/ANNOUNCEMENTSTOCK/From_EREP/202512/a66d73aef1_7bb9e7245b.pdf,Pencabutan Efek Bersifat Ekuitas Dari Pemantauan Khusus [],,,,,
"22 Des 2025
					16:12:07",https://www.idx.co.id/StaticData/NewsAndAnnouncement/ANNOUNCEMENTSTOCK/From_EREP/202512/87f2a18bb0_996b6980cf.pdf,Pencabutan Efek Bersifat Ekuitas Dari Pemantauan Khusus [],,,,,
"22 Des 2025
					16:12:29",https://www.idx.co.id/StaticData/NewsAndAnnouncement/ANNOUNCEMENTSTOCK/From_EREP/202512/dd6af22d60_bee7cda7bf.pdf,Efek Bersifat Ekuitas Dalam Pemantauan Khusus [],,,,,
"22 Des 2025
					16:47:13",https://www.idx.co.id/StaticData/NewsAndAnnouncement/ANNOUNCEMENTSTOCK/From_EREP/202512/ac420ccafb_f11aac9902.pdf,Pengumuman Delisting Waran Terstruktur (Call Warrant RATUHDCQ6A) Diterbitkan oleh PT KGI Sekuritas Indonesia. [],,https://www.idx.co.id/StaticData/NewsAndAnnouncement/ANNOUNCEMENTSTOCK/From_EREP/202512/623aeebc01_ba322f69fe.pdf,20251222_Pengumuman Bursa_32014779_lamp1.pdf,,
"23 Des 2025
					15:59:56",https://www.idx.co.id/StaticData/NewsAndAnnouncement/ANNOUNCEMENTSTOCK/From_EREP/202512/8110a62471_30dde734c2.pdf,Pencabutan Efek Bersifat Ekuitas Dari Pemantauan Khusus [],,,,,
"23 Des 2025
					16:01:11",https://www.idx.co.id/StaticData/NewsAndAnnouncement/ANNOUNCEMENTSTOCK/From_EREP/202512/80a59016b9_70df14a600.pdf,Efek Bersifat Ekuitas Dalam Pemantauan Khusus [],,,,,
"23 Des 2025
					16:51:47",https://www.idx.co.id/StaticData/NewsAndAnnouncement/ANNOUNCEMENTSTOCK/From_EREP/202512/6f93e0938f_8a2fa18dd2.pdf,Perubahan Efek Bersifat Ekuitas Dalam Pemantauan Khusus [],,,,,
"24 Des 2025
					10:56:17",https://www.idx.co.id/StaticData/NewsAndAnnouncement/ANNOUNCEMENTSTOCK/From_EREP/202512/319c229b0a_3b6b33f455.pdf,Kode Efek Waran Terstruktur PT RHB Sekuritas Indonesia (DR) [],,https://www.idx.co.id/StaticData/NewsAndAnnouncement/ANNOUNCEMENTSTOCK/From_EREP/202512/59316141ab_41b7257674.pdf,20251224_Pengumuman Bursa_32015256_lamp1.pdf,,
"24 Des 2025
					10:57:06",https://www.idx.co.id/StaticData/NewsAndAnnouncement/ANNOUNCEMENTSTOCK/From_EREP/202512/5063c6aea8_8268742b10.pdf,Kode Efek Waran Terstruktur PT Maybank Sekuritas Indonesia (ZP) [],,https://www.idx.co.id/StaticData/NewsAndAnnouncement/ANNOUNCEMENTSTOCK/From_EREP/202512/bdcf27dd5d_cae8bb717d.pdf,20251224_Pengumuman Bursa_32015246_lamp1.pdf,,
"24 Des 2025
					10:57:37",https://www.idx.co.id/StaticData/NewsAndAnnouncement/ANNOUNCEMENTSTOCK/From_EREP/202512/5bdc5b53f9_9000b4a8f1.pdf,Kode Efek Waran Terstruktur PT RHB Sekuritas Indonesia (DR) [],,https://www.idx.co.id/StaticData/NewsAndAnnouncement/ANNOUNCEMENTSTOCK/From_EREP/202512/112c356bfb_178a649577.pdf,20251224_Pengumuman Bursa_32015255_lamp1.pdf,,
"24 Des 2025
					10:58:43",https://www.idx.co.id/StaticData/NewsAndAnnouncement/ANNOUNCEMENTSTOCK/From_EREP/202512/110db87712_ab829879ad.pdf,Kode Efek Waran Terstruktur PT KGI Sekuritas Indonesia (HD) [],,https://www.idx.co.id/StaticData/NewsAndAnnouncement/ANNOUNCEMENTSTOCK/From_EREP/202512/cd194bd6cf_98a3ff5ec8.pdf,20251224_Pengumuman Bursa_32015245_lamp1.pdf,,
"24 Des 2025
					16:15:18",https://www.idx.co.id/StaticData/NewsAndAnnouncement/ANNOUNCEMENTSTOCK/From_EREP/202512/58a3facafe_ab7507752c.pdf,Efek Bersifat Ekuitas Dalam Pemantauan Khusus [],,,,,
"24 Des 2025
					16:15:43",https://www.idx.co.id/StaticData/NewsAndAnnouncement/ANNOUNCEMENTSTOCK/From_EREP/202512/e1fc60f7c1_681a56f852.pdf,Pencabutan Efek Bersifat Ekuitas Dari Pemantauan Khusus [],,,,,
"24 Des 2025
					17:58:21",https://www.idx.co.id/StaticData/NewsAndAnnouncement/ANNOUNCEMENTSTOCK/From_EREP/202512/6c99df114f_583d4a6e84.pdf,Pengumuman Kode Pencatatan Reksa Dana Indo ETF RDN Kas Bertumbuh (XRDN) [],,https://www.idx.co.id/StaticData/NewsAndAnnouncement/ANNOUNCEMENTSTOCK/From_EREP/202512/fae98a3039_8e555a12cb.pdf,20251224_Pengumuman Bursa_32015469_lamp1.pdf,,
"29 Des 2025
					16:46:17",https://www.idx.co.id/StaticData/NewsAndAnnouncement/ANNOUNCEMENTSTOCK/From_EREP/202512/f5e5ffd3d0_b2ff1c09cc.pdf,Pencabutan Efek Bersifat Ekuitas Dari Pemantauan Khusus [],,,,,
"29 Des 2025
					16:49:28",https://www.idx.co.id/StaticData/NewsAndAnnouncement/ANNOUNCEMENTSTOCK/From_EREP/202512/5a5bcc4980_62e02fc93a.pdf,Efek Bersifat Ekuitas Dalam Pemantauan Khusus [],,,,,
"29 Des 2025
					16:49:54",https://www.idx.co.id/StaticData/NewsAndAnnouncement/ANNOUNCEMENTSTOCK/From_EREP/202512/7173ccad48_09b8831ae4.pdf,Perubahan Efek Bersifat Ekuitas Dalam Pemantauan Khusus [],,,,,
"30 Des 2025
					12:03:39",https://www.idx.co.id/StaticData/NewsAndAnnouncement/ANNOUNCEMENTSTOCK/From_EREP/202512/f67ef6fa36_2c756f6957.pdf,Potensi Delisting [],,https://www.idx.co.id/StaticData/NewsAndAnnouncement/ANNOUNCEMENTSTOCK/From_EREP/202512/a71eb7e0e1_d16bc1b65d.pdf,20251229_Pengumuman Bursa_32015818_lamp1.pdf,,
"30 Des 2025
					16:44:29",https://www.idx.co.id/StaticData/NewsAndAnnouncement/ANNOUNCEMENTSTOCK/From_EREP/202512/761adad3e0_3cb1daaa49.pdf,Perubahan Efek Bersifat Ekuitas Dalam Pemantauan Khusus [],,,,,
"30 Des 2025
					16:47:28",https://www.idx.co.id/StaticData/NewsAndAnnouncement/ANNOUNCEMENTSTOCK/From_EREP/202512/807c2bf39c_9fc9074dbd.pdf,Efek Bersifat Ekuitas Dalam Pemantauan Khusus [],,,,,
"30 Des 2025
					16:50:14",https://www.idx.co.id/StaticData/NewsAndAnnouncement/ANNOUNCEMENTSTOCK/From_EREP/202512/ee0c3283c7_f4ec042c40.pdf,Pencabutan Efek Bersifat Ekuitas Dari Pemantauan Khusus [],,,,,