text-small,attach-card href,f-m-20,f-m-20 2,d-iblock href,d-iblock,d-iblock href 2,d-iblock 2
"10 Sep 2025
					19:57:09",https://www.idx.co.id/StaticData/NewsAndAnnouncement/ANNOUNCEMENTSTOCK/From_EREP/202509/bf8e10fb7d_27d543b604.pdf,Laporan Bulanan Registrasi Pemegang Efek [],AADI,https://www.idx.co.id/StaticData/NewsAndAnnouncement/ANNOUNCEMENTSTOCK/From_EREP/202509/8ef261368c_4dcfae04f1.pdf,20250903_AADI_Laporan Bulanan Registrasi Pemegang Efek/Perubahan Struktur Pemegang Saham_31937232_lamp1.pdf,,
"04 Sep 2025
					15:44:24",https://www.idx.co.id/StaticData/NewsAndAnnouncement/ANNOUNCEMENTSTOCK/From_EREP/202509/00a6541a4f_1f60dfbe94.pdf,Laporan Bulanan Registrasi Pemegang Efek [],ACES,https://www.idx.co.id/StaticData/NewsAndAnnouncement/ANNOUNCEMENTSTOCK/From_EREP/202509/9d203aebae_ee348759d6.pdf,20250904_ACES_Laporan Bulanan Registrasi Pemegang Efek/Perubahan Struktur Pemegang Saham_31937502_lamp1.pdf,,
"04 Sep 2025
					18:57:49",https://www.idx.co.id/StaticData/NewsAndAnnouncement/ANNOUNCEMENTSTOCK/From_EREP/202509/64c3127996_eeac88ced2.pdf,Penjelasan atas Permintaan Penjelasan Bursa [],ADMR,https://www.idx.co.id/StaticData/NewsAndAnnouncement/ANNOUNCEMENTSTOCK/From_EREP/202509/d286c2ef8f_30f8930487.pdf,20250904_ADMR_Tanggapan atas Permintaan Penjelasan Bursa_31937813_lamp1.pdf,,
"09 Sep 2025
					15:53:56",https://www.idx.co.id/StaticData/NewsAndAnnouncement/ANNOUNCEMENTSTOCK/From_EREP/202509/a5f4987596_89f98d3136.pdf,Laporan Bulanan Registrasi Pemegang Efek [],ADMR,https://www.idx.co.id/StaticData/NewsAndAnnouncement/ANNOUNCEMENTSTOCK/From_EREP/202509/50b46e5695_bb37b5324b.pdf,20250908_ADMR_Laporan Bulanan Registrasi Pemegang Efek/Perubahan Struktur Pemegang Saham_31938176_lamp1.pdf,,
"16 Sep 2025
					23:12:40",https://www.idx.co.id/StaticData/NewsAndAnnouncement/ANNOUNCEMENTSTOCK/From_EREP/202509/09034b4f0d_4e255d2e18.pdf,Penjelasan atas Permintaan Penjelasan Bursa [],ADMR,https://www.idx.co.id/StaticData/NewsAndAnnouncement/ANNOUNCEMENTSTOCK/From_EREP/202509/4496609a5b_f61f933053.pdf,20250916_ADMR_Tanggapan atas Permintaan Penjelasan Bursa_31950390_lamp1.pdf,,
"10 Sep 2025
					16:01:31",https://www.idx.co.id/StaticData/NewsAndAnnouncement/ANNOUNCEMENTSTOCK/From_EREP/202509/c6359b417f_1a744bfb03.pdf,Laporan Bulanan Registrasi Pemegang Efek [],ADRO,https://www.idx.co.id/StaticData/NewsAndAnnouncement/ANNOUNCEMENTSTOCK/From_EREP/202509/532e8ad5bb_80e1b6ee87.pdf,20250909_ADRO_Laporan Bulanan Registrasi Pemegang Efek/Perubahan Struktur Pemegang Saham_31938749_lamp1.pdf,,
"03 Sep 2025
					23:04:51",https://www.idx.co.id/StaticData/NewsAndAnnouncement/ANNOUNCEMENTSTOCK/From_EREP/202509/3c9bb04015_15181b5d84.pdf,Penyampaian Materi Public Expose - Tahunan [],AKRA,https://www.idx.co.id/StaticData/NewsAndAnnouncement/ANNOUNCEMENTSTOCK/From_EREP/202509/1840e9bb1c_a6f18bde18.pdf,20250903_AKRA_Public Expose_31937245_lamp1.pdf,,
"10 Sep 2025
					14:03:38",https://www.idx.co.id/StaticData/NewsAndAnnouncement/ANNOUNCEMENTSTOCK/From_EREP/202509/75d430ffe0_6f595be01e.pdf,Laporan Bulanan Registrasi Pemegang Efek [],AKRA,https://www.idx.co.id/StaticData/NewsAndAnnouncement/ANNOUNCEMENTSTOCK/From_EREP/202509/ee70008277_c5c80916e5.pdf,20250910_AKRA_Laporan Bulanan Registrasi Pemegang Efek/Perubahan Struktur Pemegang Saham_31939040_lamp1.pdf,,
"12 Sep 2025
					10:01:34",https://www.idx.co.id/StaticData/NewsAndAnnouncement/ANNOUNCEMENTSTOCK/From_EREP/202509/2934c887f3_d7e6cebaf6.pdf,Laporan Hasil Public Expose - Tahunan [],AKRA,https://www.idx.co.id/StaticData/NewsAndAnnouncement/ANNOUNCEMENTSTOCK/From_EREP/202509/42aa0fa181_8290d1a1f7.pdf,20250912_AKRA_Public Expose_31939660_lamp1.pdf,,
"03 Sep 2025
					18:24:42",https://www.idx.co.id/StaticData/NewsAndAnnouncement/ANNOUNCEMENTSTOCK/From_EREP/202509/48c1639f7e_4f888c8a40.pdf,Laporan Kepemilikan atau Setiap Perubahan Kepemilikan Saham Perusahaan Terbuka [],AMMN,https://www.idx.co.id/StaticData/NewsAndAnnouncement/ANNOUNCEMENTSTOCK/From_EREP/202509/febfd04fb9_a79613bacb.pdf,20250903_AMMN_Laporan Kepemilikan atau Setiap Perubahan Kepemilikan Saham Perusahaan Terbuka_31937209_lamp1.pdf,,
"10 Sep 2025
					15:20:25",https://www.idx.co.id/StaticData/NewsAndAnnouncement/ANNOUNCEMENTSTOCK/From_EREP/202509/026da06c01_2f107233bf.pdf,Laporan Bulanan Registrasi Pemegang Efek [],AMMN,https://www.idx.co.id/StaticData/NewsAndAnnouncement/ANNOUNCEMENTSTOCK/From_EREP/202509/11e379f4b6_884058d214.pdf,20250909_AMMN_Laporan Bulanan Registrasi Pemegang Efek/Perubahan Struktur Pemegang Saham_31938679_lamp3.pdf,https://www.idx.co.id/StaticData/NewsAndAnnouncement/ANNOUNCEMENTSTOCK/From_EREP/202509/4c2619e409_5c7eda2660.pdf,20250909_AMMN_Laporan Bulanan Registrasi Pemegang Efek/Perubahan Struktur Pemegang Saham_31938679_lamp1.pdf
"30 Sep 2025
					21:24:40",https://www.idx.co.id/StaticData/NewsAndAnnouncement/ANNOUNCEMENTSTOCK/From_EREP/202509/7fea6bb8cd_5cc4e6c5c1.pdf,Laporan Kepemilikan atau Setiap Perubahan Kepemilikan Saham Perusahaan Terbuka [],AMMN,https://www.idx.co.id/StaticData/NewsAndAnnouncement/ANNOUNCEMENTSTOCK/From_EREP/202509/0cf2ea1f76_616cb395d5.pdf,20250925_AMMN_Laporan Kepemilikan atau Setiap Perubahan Kepemilikan Saham Perusahaan Terbuka_31952316_lamp1.pdf,,
"08 Sep 2025
					15:04:00",https://www.idx.co.id/StaticData/NewsAndAnnouncement/ANNOUNCEMENTSTOCK/From_EREP/202509/fe4c094424_60ec1d7539.pdf,Laporan Bulanan Registrasi Pemegang Efek [],AMRT,,,,
"08 Sep 2025
					18:17:06",https://www.idx.co.id/StaticData/NewsAndAnnouncement/ANNOUNCEMENTSTOCK/From_EREP/202509/70717bb1da_8ceeea0447.pdf,Penyampaian Materi Public Expose - Tahunan [],ANTM,https://www.idx.co.id/StaticData/NewsAndAnnouncement/ANNOUNCEMENTSTOCK/From_EREP/202509/0b39141df2_84791ec251.pdf,20250908_ANTM_Public Expose_31938448_lamp1.pdf,https://www.idx.co.id/StaticData/NewsAndAnnouncement/ANNOUNCEMENTSTOCK/From_EREP/202509/d05ac977b6_9bec5125a7.pdf,20250908_ANTM_Public Expose_31938448_lamp2.pdf
"09 Sep 2025
					14:41:10",https://www.idx.co.id/StaticData/NewsAndAnnouncement/ANNOUNCEMENTSTOCK/From_EREP/202509/8643ed85a1_2844a958ce.pdf,Penyampaian Materi Public Expose - Tahunan (KOREKSI) [],ANTM,https://www.idx.co.id/StaticData/NewsAndAnnouncement/ANNOUNCEMENTSTOCK/From_EREP/202509/300d771a08_deface76f1.pdf,20250909_ANTM_Public Expose_31938712_lamp1.pdf,,
"09 Sep 2025
					14:56:37",https://www.idx.co.id/StaticData/NewsAndAnnouncement/ANNOUNCEMENTSTOCK/From_EREP/202509/8a5d7eb8c4_893ae94862.pdf,Laporan Bulanan Registrasi Pemegang Efek [],ANTM,https://www.idx.co.id/StaticData/NewsAndAnnouncement/ANNOUNCEMENTSTOCK/From_EREP/202509/ed4aa9b955_d46409fecc.pdf,20250909_ANTM_Laporan Bulanan Registrasi Pemegang Efek/Perubahan Struktur Pemegang Saham_31938730_lamp1.pdf,,
"11 Sep 2025
					18:41:49",https://www.idx.co.id/StaticData/NewsAndAnnouncement/ANNOUNCEMENTSTOCK/From_EREP/202509/6fdea0a912_09528f33a9.pdf,Public Expose Live 2025: ANTAM Catat Lonjakan Laba Semester I 2025 [],ANTM,https://www.idx.co.id/StaticData/NewsAndAnnouncement/ANNOUNCEMENTSTOCK/From_EREP/202509/3606306fce_e92341a072.pdf,20250911_ANTM_Laporan Informasi dan Fakta Material_31939550_lamp2.pdf,https://www.idx.co.id/StaticData/NewsAndAnnouncement/ANNOUNCEMENTSTOCK/From_EREP/202509/3e0c88f914_39ffb8c82d.pdf,20250911_ANTM_Laporan Informasi dan Fakta Material_31939550_lamp1.pdf
"16 Sep 2025
					19:01:44",https://www.idx.co.id/StaticData/NewsAndAnnouncement/ANNOUNCEMENTSTOCK/From_EREP/202509/4b39b81056_080a602f41.pdf,Laporan Hasil Public Expose - Tahunan [],ANTM,https://www.idx.co.id/StaticData/NewsAndAnnouncement/ANNOUNCEMENTSTOCK/From_EREP/202509/201c996e1e_367e80a797.pdf,20250916_ANTM_Public Expose_31950506_lamp1.pdf,https://www.idx.co.id/StaticData/NewsAndAnnouncement/ANNOUNCEMENTSTOCK/From_EREP/202509/ece5f51a4e_c20d0e9255.pdf,20250916_ANTM_Public Expose_31950506_lamp2.pdf
"22 Sep 2025
					18:26:58",https://www.idx.co.id/StaticData/NewsAndAnnouncement/ANNOUNCEMENTSTOCK/From_EREP/202509/e880bbbd72_ffd7ccde59.pdf,"ANTAM Raih Sejumlah Penghargaan ENSIA 2025, Bukti Konsistensi Penerapan ESG []",ANTM,https://www.idx.co.id/StaticData/NewsAndAnnouncement/ANNOUNCEMENTSTOCK/From_EREP/202509/8eae975bde_32589858fc.pdf,20250922_ANTM_Laporan Informasi dan Fakta Material_31951570_lamp1.pdf,https://www.idx.co.id/StaticData/NewsAndAnnouncement/ANNOUNCEMENTSTOCK/From_EREP/202509/939baba1bd_89ac50e04d.pdf,20250922_ANTM_Laporan Informasi dan Fakta Material_31951570_lamp2.pdf
"30 Sep 2025
					15:21:19",https://www.idx.co.id/StaticData/NewsAndAnnouncement/ANNOUNCEMENTSTOCK/From_EREP/202509/a3d032eeb9_1624dd85cc.pdf,ANTAM Raih Dua Penghargaan di Stellar Workplace Award 2025 [],ANTM,https://www.idx.co.id/StaticData/NewsAndAnnouncement/ANNOUNCEMENTSTOCK/From_EREP/202509/a4672222c2_bcea8a5894.pdf,20250930_ANTM_Laporan Informasi dan Fakta Material_31953282_lamp1.pdf,https://www.idx.co.id/StaticData/NewsAndAnnouncement/ANNOUNCEMENTSTOCK/From_EREP/202509/c38eaf0c43_07821027a7.pdf,20250930_ANTM_Laporan Informasi dan Fakta Material_31953282_lamp2.pdf
"30 Sep 2025
					15:27:41",https://www.idx.co.id/StaticData/NewsAndAnnouncement/ANNOUNCEMENTSTOCK/From_EREP/202509/77a5b89bd1_6b7186130c.pdf,Komitmen ESG ANTAM dalam Peringatan Hari Sungai Sedunia melalui Program Kolaborasi Urban Farming dan Giat Bersih [],ANTM,https://www.idx.co.id/StaticData/NewsAndAnnouncement/ANNOUNCEMENTSTOCK/From_EREP/202509/745e02ef1b_8e09c256ea.pdf,20250930_ANTM_Laporan Informasi dan Fakta Material_31953287_lamp2.pdf,https://www.idx.co.id/StaticData/NewsAndAnnouncement/ANNOUNCEMENTSTOCK/From_EREP/202509/7ec6b56b37_8c0dda1f63.pdf,20250930_ANTM_Laporan Informasi dan Fakta Material_31953287_lamp1.pdf
"08 Sep 2025
					17:24:55",https://www.idx.co.id/StaticData/NewsAndAnnouncement/ANNOUNCEMENTSTOCK/From_EREP/202509/5968c34898_15a9dfb224.pdf,Penyampaian Materi Public Expose - Tahunan [],ARTO,https://www.idx.co.id/StaticData/NewsAndAnnouncement/ANNOUNCEMENTSTOCK/From_EREP/202509/0577c422b1_216b54dfad.pdf,20250908_ARTO_Public Expose_31938209_lamp1.pdf,https://www.idx.co.id/StaticData/NewsAndAnnouncement/ANNOUNCEMENTSTOCK/From_EREP/202509/f5d2363864_91257a8b6f.pdf,20250908_ARTO_Public Expose_31938209_lamp2.pdf
"09 Sep 2025
					11:11:44",https://www.idx.co.id/StaticData/NewsAndAnnouncement/ANNOUNCEMENTSTOCK/From_EREP/202509/f5c1846c23_6e05130874.pdf,Laporan Bulanan Registrasi Pemegang Efek [],ARTO,https://www.idx.co.id/StaticData/NewsAndAnnouncement/ANNOUNCEMENTSTOCK/From_EREP/202509/8cc89f0f9f_9ea4a700a6.pdf,20250908_ARTO_Laporan Bulanan Registrasi Pemegang Efek/Perubahan Struktur Pemegang Saham_31938361_lamp1.pdf,https://www.idx.co.id/StaticData/NewsAndAnnouncement/ANNOUNCEMENTSTOCK/From_EREP/202509/a2a73228f4_283cc99943.pdf,20250908_ARTO_Laporan Bulanan Registrasi Pemegang Efek/Perubahan Struktur Pemegang Saham_31938361_lamp2.pdf
"12 Sep 2025
					17:34:46",https://www.idx.co.id/StaticData/NewsAndAnnouncement/ANNOUNCEMENTSTOCK/From_EREP/202509/54fb83ab11_aa16de450b.pdf,Informasi atau Fakta Material lainnya. [],ARTO,https://www.idx.co.id/StaticData/NewsAndAnnouncement/ANNOUNCEMENTSTOCK/From_EREP/202509/73eefac209_b953def537.pdf,20250912_ARTO_Laporan Informasi dan Fakta Material_31939809_lamp2.pdf,https://www.idx.co.id/StaticData/NewsAndAnnouncement/ANNOUNCEMENTSTOCK/From_EREP/202509/7cc457e490_858edf671f.pdf,20250912_ARTO_Laporan Informasi dan Fakta Material_31939809_lamp1.pdf
"17 Sep 2025
					07:57:09",https://www.idx.co.id/StaticData/NewsAndAnnouncement/ANNOUNCEMENTSTOCK/From_EREP/202509/4fceb42b61_4e748bb548.pdf,Laporan Hasil Public Expose - Tahunan [],ARTO,https://www.idx.co.id/StaticData/NewsAndAnnouncement/ANNOUNCEMENTSTOCK/From_EREP/202509/6a86575fdb_d4dde616cb.pdf,20250916_ARTO_Public Expose_31950322_lamp1.pdf,,
"02 Sep 2025
					09:34:06",https://www.idx.co.id/StaticData/NewsAndAnnouncement/ANNOUNCEMENTSTOCK/From_EREP/202509/1aed4f0b67_c13bf6be36.pdf,Laporan Hasil Public Expose - Tahunan [],ASII,https://www.idx.co.id/StaticData/NewsAndAnnouncement/ANNOUNCEMENTSTOCK/From_EREP/202509/20c3db77ea_017b8439f5.pdf,20250901_ASII_Public Expose_31936515_lamp4.pdf,https://www.idx.co.id/StaticData/NewsAndAnnouncement/ANNOUNCEMENTSTOCK/From_EREP/202509/92485f94c5_fe5d4c8e72.pdf,20250901_ASII_Public Expose_31936515_lamp3.pdf
"09 Sep 2025
					16:50:47",https://www.idx.co.id/StaticData/NewsAndAnnouncement/ANNOUNCEMENTSTOCK/From_EREP/202509/0e706f9450_a616ec822b.pdf,Laporan Bulanan Registrasi Pemegang Efek [],ASII,https://www.idx.co.id/StaticData/NewsAndAnnouncement/ANNOUNCEMENTSTOCK/From_EREP/202509/d04ec0dbdd_8fc1eded91.pdf,20250905_ASII_Laporan Bulanan Registrasi Pemegang Efek/Perubahan Struktur Pemegang Saham_31937856_lamp1.pdf,,
"16 Sep 2025
					16:30:38",https://www.idx.co.id/StaticData/NewsAndAnnouncement/ANNOUNCEMENTSTOCK/From_EREP/202509/fba20c4eb0_58ac63d02c.pdf,Laporan Kepemilikan atau Setiap Perubahan Kepemilikan Saham Perusahaan Terbuka [],ASII,https://www.idx.co.id/StaticData/NewsAndAnnouncement/ANNOUNCEMENTSTOCK/From_EREP/202509/c816d1b31d_1b35e76c54.pdf,20250916_ASII_Laporan Kepemilikan atau Setiap Perubahan Kepemilikan Saham Perusahaan Terbuka_31950429_lamp1.pdf,,
"02 Sep 2025
					16:22:13",https://www.idx.co.id/StaticData/NewsAndAnnouncement/ANNOUNCEMENTSTOCK/From_EREP/202509/6575e10c22_46b8e1d0b9.pdf,Laporan Kepemilikan atau Setiap Perubahan Kepemilikan Saham Perusahaan Terbuka [],BBCA,https://www.idx.co.id/StaticData/NewsAndAnnouncement/ANNOUNCEMENTSTOCK/From_EREP/202509/4f9633bd4a_87390ae6c9.pdf,20250902_BBCA_Laporan Kepemilikan atau Setiap Perubahan Kepemilikan Saham Perusahaan Terbuka_31936722_lamp1.pdf,,
"08 Sep 2025
					17:16:28",https://www.idx.co.id/StaticData/NewsAndAnnouncement/ANNOUNCEMENTSTOCK/From_EREP/202509/9eb6498d7e_87af0f8f28.pdf,Penyampaian Materi Public Expose - Tahunan [],BBCA,https://www.idx.co.id/StaticData/NewsAndAnnouncement/ANNOUNCEMENTSTOCK/From_EREP/202509/3ee1431ae4_175cc40929.pdf,20250908_BBCA_Public Expose_31938235_lamp1.pdf,,
"09 Sep 2025
					08:55:59",https://www.idx.co.id/StaticData/NewsAndAnnouncement/ANNOUNCEMENTSTOCK/From_EREP/202509/d788a23270_8154b36635.pdf,Laporan Bulanan Registrasi Pemegang Efek [],BBCA,,,,
"10 Sep 2025
					16:33:27",https://www.idx.co.id/StaticData/NewsAndAnnouncement/ANNOUNCEMENTSTOCK/From_EREP/202509/6c4f4717e9_5af797fcec.pdf,Laporan Kepemilikan atau Setiap Perubahan Kepemilikan Saham Perusahaan Terbuka [],BBCA,https://www.idx.co.id/StaticData/NewsAndAnnouncement/ANNOUNCEMENTSTOCK/From_EREP/202509/cf40418f59_3b3db18a49.pdf,20250910_BBCA_Laporan Kepemilikan atau Setiap Perubahan Kepemilikan Saham Perusahaan Terbuka_31939128_lamp1.pdf,,
"12 Sep 2025
					11:03:23",https://www.idx.co.id/StaticData/NewsAndAnnouncement/ANNOUNCEMENTSTOCK/From_EREP/202509/95cc22503e_d1ef455103.pdf,Penjelasan atas Pemberitaan Media Massa [],BBCA,https://www.idx.co.id/StaticData/NewsAndAnnouncement/ANNOUNCEMENTSTOCK/From_EREP/202509/e8af99928e_cc4a801718.pdf,20250912_BBCA_Tanggapan atas Permintaan Penjelasan Bursa_31939693_lamp2.pdf,https://www.idx.co.id/StaticData/NewsAndAnnouncement/ANNOUNCEMENTSTOCK/From_EREP/202509/ec07d8b345_e03a6146fc.pdf,20250912_BBCA_Tanggapan atas Permintaan Penjelasan Bursa_31939693_lamp1.pdf
"16 Sep 2025
					18:26:15",https://www.idx.co.id/StaticData/NewsAndAnnouncement/ANNOUNCEMENTSTOCK/From_EREP/202509/d62ec7ff33_5f892ec550.pdf,Laporan Hasil Public Expose - Tahunan [],BBCA,https://www.idx.co.id/StaticData/NewsAndAnnouncement/ANNOUNCEMENTSTOCK/From_EREP/202509/1cd4a2ce71_26e10377c4.pdf,20250916_BBCA_Public Expose_31950391_lamp4.pdf,https://www.idx.co.id/StaticData/NewsAndAnnouncement/ANNOUNCEMENTSTOCK/From_EREP/202509/7a67ae82e8_ea45e3a02d.pdf,20250916_BBCA_Public Expose_31950391_lamp1.pdf
"02 Sep 2025
					17:41:18",https://www.idx.co.id/StaticData/NewsAndAnnouncement/ANNOUNCEMENTSTOCK/From_EREP/202509/c419628d14_1f6d6d2be3.pdf,Penyampaian Materi Public Expose - Tahunan [],BBNI,https://www.idx.co.id/StaticData/NewsAndAnnouncement/ANNOUNCEMENTSTOCK/From_EREP/202509/390e7d6bce_cb6c116236.pdf,20250902_BBNI_Public Expose_31936700_lamp1.pdf,https://www.idx.co.id/StaticData/NewsAndAnnouncement/ANNOUNCEMENTSTOCK/From_EREP/202509/b6bbd142c2_a1ade64e73.pdf,20250902_BBNI_Public Expose_31936700_lamp2.pdf
"04 Sep 2025
					15:15:20",https://www.idx.co.id/StaticData/NewsAndAnnouncement/ANNOUNCEMENTSTOCK/From_EREP/202509/5baed8e50a_470805f4e6.pdf,Perubahan Komite Audit [],BBNI,https://www.idx.co.id/StaticData/NewsAndAnnouncement/ANNOUNCEMENTSTOCK/From_EREP/202509/a721b549e1_5e128af3fd.pdf,20250903_BBNI_Perubahan Corsec Komite Audit Alamat NPWP Internal Audit_31937208_lamp1.pdf,,
"08 Sep 2025
					16:16:14",https://www.idx.co.id/StaticData/NewsAndAnnouncement/ANNOUNCEMENTSTOCK/From_EREP/202509/5609d459bd_9428accc6e.pdf,Perubahan Internal Audit [],BBNI,https://www.idx.co.id/StaticData/NewsAndAnnouncement/ANNOUNCEMENTSTOCK/From_EREP/202509/4a01330df3_5d1311751c.pdf,20250908_BBNI_Perubahan Corsec Komite Audit Alamat NPWP Internal Audit_31938156_lamp1.pdf,,
"09 Sep 2025
					17:00:29",https://www.idx.co.id/StaticData/NewsAndAnnouncement/ANNOUNCEMENTSTOCK/From_EREP/202509/1eb5e2610b_af441ce856.pdf,Laporan Bulanan Registrasi Pemegang Efek [],BBNI,https://www.idx.co.id/StaticData/NewsAndAnnouncement/ANNOUNCEMENTSTOCK/From_EREP/202509/67fef659c7_5b72a0158e.pdf,20250908_BBNI_Laporan Bulanan Registrasi Pemegang Efek/Perubahan Struktur Pemegang Saham_31938462_lamp1.pdf,,
"11 Sep 2025
					15:58:10",https://www.idx.co.id/StaticData/NewsAndAnnouncement/ANNOUNCEMENTSTOCK/From_EREP/202509/ba548ec8ca_9be60abbb0.pdf,Laporan Hasil Public Expose - Tahunan [],BBNI,https://www.idx.co.id/StaticData/NewsAndAnnouncement/ANNOUNCEMENTSTOCK/From_EREP/202509/294b8c36df_3ff66705fe.pdf,20250911_BBNI_Public Expose_31939396_lamp1.pdf,,
"01 Sep 2025
					16:09:36",https://www.idx.co.id/StaticData/NewsAndAnnouncement/ANNOUNCEMENTSTOCK/From_EREP/202509/cd763075e5_cccb9eabbb.pdf,Perubahan Corporate Secretary [],BBRI,https://www.idx.co.id/StaticData/NewsAndAnnouncement/ANNOUNCEMENTSTOCK/From_EREP/202509/6bad09a916_a3e8470c5c.pdf,20250901_BBRI_Perubahan Corsec Komite Audit Alamat NPWP Internal Audit_31936264_lamp1.pdf,,
"10 Sep 2025
					14:37:52",https://www.idx.co.id/StaticData/NewsAndAnnouncement/ANNOUNCEMENTSTOCK/From_EREP/202509/3c06ff07fb_43710a1241.pdf,Laporan Bulanan Registrasi Pemegang Efek [],BBRI,https://www.idx.co.id/StaticData/NewsAndAnnouncement/ANNOUNCEMENTSTOCK/From_EREP/202509/572634a1be_0a73cd7a46.pdf,20250909_BBRI_Laporan Bulanan Registrasi Pemegang Efek/Perubahan Struktur Pemegang Saham_31938794_lamp2.pdf,https://www.idx.co.id/StaticData/NewsAndAnnouncement/ANNOUNCEMENTSTOCK/From_EREP/202509/c948b0d5a1_8ae43b76e6.pdf,20250909_BBRI_Laporan Bulanan Registrasi Pemegang Efek/Perubahan Struktur Pemegang Saham_31938794_lamp1.pdf
"25 Sep 2025
					15:38:53",https://www.idx.co.id/StaticData/NewsAndAnnouncement/ANNOUNCEMENTSTOCK/From_EREP/202509/8b760ecddf_5201edefa0.pdf,Laporan Kesiapan Dana Pelunasan Obligasi Berwawasan Lingkungan Berkelanjutan I Bank BRI Tahap II Tahun 2023 Seri B [],BBRI,https://www.idx.co.id/StaticData/NewsAndAnnouncement/ANNOUNCEMENTSTOCK/From_EREP/202509/0b167a545e_47dd681654.pdf,20250925_BBRI_Laporan Informasi dan Fakta Material_31952343_lamp1.pdf,,
"01 Sep 2025
					23:29:10",https://www.idx.co.id/StaticData/NewsAndAnnouncement/ANNOUNCEMENTSTOCK/From_EREP/202509/d33b23d0ab_1cea7efe76.pdf,Penyampaian Bukti Iklan Informasi Laporan Keuangan Interim [],BBTN,https://www.idx.co.id/StaticData/NewsAndAnnouncement/ANNOUNCEMENTSTOCK/From_EREP/202509/0d2d70f31e_1ebdd9f2b5.pdf,20250828_BBTN_Penyampaian Bukti Iklan_31935700_lamp5.pdf,https://www.idx.co.id/StaticData/NewsAndAnnouncement/ANNOUNCEMENTSTOCK/From_EREP/202509/32cc072188_6d00489931.pdf,20250828_BBTN_Penyampaian Bukti Iklan_31935700_lamp1.pdf
"01 Sep 2025
					23:30:03",https://www.idx.co.id/StaticData/NewsAndAnnouncement/ANNOUNCEMENTSTOCK/From_EREP/202509/20250901233933-57434-0/FinancialStatement-2025-II-BBTN.pdf,Penyampaian Laporan Keuangan Interim Auditan [],BBTN,https://www.idx.co.id/StaticData/NewsAndAnnouncement/ANNOUNCEMENTSTOCK/From_EREP/202509/20250901233933-57434-0/1455.DIR.CSD.VIII.2025.pdf,1455.DIR.CSD.VIII.2025.pdf,https://www.idx.co.id/StaticData/NewsAndAnnouncement/ANNOUNCEMENTSTOCK/From_EREP/202509/20250901233933-57434-0/BTN%20LAPKEU%20ENG%20FINAL.pdf,BTN LAPKEU ENG FINAL.pdf
"02 Sep 2025
					18:34:27",https://www.idx.co.id/StaticData/NewsAndAnnouncement/ANNOUNCEMENTSTOCK/From_EREP/202509/20250902184304-57475-0/FinancialStatement-2025-II-BBTN.pdf,Penyampaian Laporan Keuangan Interim (KOREKSI) [],BBTN,https://www.idx.co.id/StaticData/NewsAndAnnouncement/ANNOUNCEMENTSTOCK/From_EREP/202509/20250902184304-57475-0/1455.DIR.CSD.VIII.2025.pdf,1455.DIR.CSD.VIII.2025.pdf,https://www.idx.co.id/StaticData/NewsAndAnnouncement/ANNOUNCEMENTSTOCK/From_EREP/202509/20250902184304-57475-0/BTN%20Lapkeu%20Q2%202025%20-%20(%20ENG%20)%20FINAL%202.pdf,BTN Lapkeu Q2 2025 - ( ENG ) FINAL 2.pdf
"02 Sep 2025
					18:41:25",https://www.idx.co.id/StaticData/NewsAndAnnouncement/ANNOUNCEMENTSTOCK/From_EREP/202509/df20cb8a21_258a52e983.pdf,Penyampaian Bukti Iklan Informasi Laporan Keuangan Interim (KOREKSI) [],BBTN,https://www.idx.co.id/StaticData/NewsAndAnnouncement/ANNOUNCEMENTSTOCK/From_EREP/202509/122521b4c5_6a3056ba10.pdf,20250902_BBTN_Penyampaian Bukti Iklan_31936816_lamp2.pdf,https://www.idx.co.id/StaticData/NewsAndAnnouncement/ANNOUNCEMENTSTOCK/From_EREP/202509/12ec3a62c1_21e19d4764.pdf,20250902_BBTN_Penyampaian Bukti Iklan_31936816_lamp7.pdf
"04 Sep 2025
					14:24:31",https://www.idx.co.id/StaticData/NewsAndAnnouncement/ANNOUNCEMENTSTOCK/From_EREP/202509/087a969bd5_fd549a95b6.pdf,Penyampaian Materi Public Expose - Tahunan [],BBTN,https://www.idx.co.id/StaticData/NewsAndAnnouncement/ANNOUNCEMENTSTOCK/From_EREP/202509/4b81d53f06_2258fc667a.pdf,20250904_BBTN_Public Expose_31937402_lamp2.pdf,https://www.idx.co.id/StaticData/NewsAndAnnouncement/ANNOUNCEMENTSTOCK/From_EREP/202509/85b810cd00_2b2a932697.pdf,20250904_BBTN_Public Expose_31937402_lamp1.pdf
"08 Sep 2025
					21:52:39",https://www.idx.co.id/StaticData/NewsAndAnnouncement/ANNOUNCEMENTSTOCK/From_EREP/202509/19851abdf3_ca0f5362a8.pdf,Laporan Bulanan Registrasi Pemegang Efek [],BBTN,https://www.idx.co.id/StaticData/NewsAndAnnouncement/ANNOUNCEMENTSTOCK/From_EREP/202509/42ed1753a2_eb7aebe90e.pdf,20250908_BBTN_Laporan Bulanan Registrasi Pemegang Efek/Perubahan Struktur Pemegang Saham_31937923_lamp1.pdf,,
"08 Sep 2025
					21:54:11",https://www.idx.co.id/StaticData/NewsAndAnnouncement/ANNOUNCEMENTSTOCK/From_EREP/202509/63ce65530f_1c49433c15.pdf,Penyampaian Materi Public Expose - Tahunan (KOREKSI) [],BBTN,https://www.idx.co.id/StaticData/NewsAndAnnouncement/ANNOUNCEMENTSTOCK/From_EREP/202509/02fcbd33a2_7a34e95e1d.pdf,20250908_BBTN_Public Expose_31938073_lamp2.pdf,https://www.idx.co.id/StaticData/NewsAndAnnouncement/ANNOUNCEMENTSTOCK/From_EREP/202509/9e2c3bdb3c_2970cc133e.pdf,20250908_BBTN_Public Expose_31938073_lamp1.pdf
"15 Sep 2025
					21:59:02",https://www.idx.co.id/StaticData/NewsAndAnnouncement/ANNOUNCEMENTSTOCK/From_EREP/202509/694836f459_f14c2d522a.pdf,Laporan Hasil Public Expose - Tahunan [],BBTN,https://www.idx.co.id/StaticData/NewsAndAnnouncement/ANNOUNCEMENTSTOCK/From_EREP/202509/02dc7500b1_a7ff8bf4f6.pdf,20250912_BBTN_Public Expose_31939822_lamp1.pdf,,
"16 Sep 2025
					21:45:26",https://www.idx.co.id/StaticData/NewsAndAnnouncement/ANNOUNCEMENTSTOCK/From_EREP/202509/eaf6e4042c_6298a6d56c.pdf,Penjelasan atas Volatilitas Transaksi [],BBTN,https://www.idx.co.id/StaticData/NewsAndAnnouncement/ANNOUNCEMENTSTOCK/From_EREP/202509/db3aba4f9b_890dd637b4.pdf,20250916_BBTN_Tanggapan atas Permintaan Penjelasan Bursa_31950514_lamp1.pdf,,
"25 Sep 2025
					22:16:31",https://www.idx.co.id/StaticData/NewsAndAnnouncement/ANNOUNCEMENTSTOCK/From_EREP/202509/9fbb1c097a_2113c78177.pdf,Pengumuman Ringkasan Rancangan Pemisahan Unit Usaha Syariah PT Bank Tabungan Negara (Persero) Tbk dengan Cara Pengalihan Hak dan Kewajiban Kepada PT Bank Syariah Nasional [],BBTN,https://www.idx.co.id/StaticData/NewsAndAnnouncement/ANNOUNCEMENTSTOCK/From_EREP/202509/4a44429af3_87a11a00a7.pdf,20250925_BBTN_Laporan Informasi dan Fakta Material_31952334_lamp2.pdf,https://www.idx.co.id/StaticData/NewsAndAnnouncement/ANNOUNCEMENTSTOCK/From_EREP/202509/8737ec9ae2_1de21ed2bf.pdf,20250925_BBTN_Laporan Informasi dan Fakta Material_31952334_lamp3.pdf
"25 Sep 2025
					22:17:34",https://www.idx.co.id/StaticData/NewsAndAnnouncement/ANNOUNCEMENTSTOCK/From_EREP/202509/5cf0ad8de8_5d4f9c4481.pdf,Penyampaian Bukti Iklan Pengumuman Ringkasan Rancangan Pemisahan Unit Usaha Syariah PT Bank Tabungan Negara (Persero) Tbk  dengan Cara Pengalihan Hak dan Kewajiban Kepada PT Bank Syariah Nasional [],BBTN,https://www.idx.co.id/StaticData/NewsAndAnnouncement/ANNOUNCEMENTSTOCK/From_EREP/202509/35ee20ada3_681711b87a.pdf,20250925_BBTN_Penyampaian Bukti Iklan_31952338_lamp1.pdf,https://www.idx.co.id/StaticData/NewsAndAnnouncement/ANNOUNCEMENTSTOCK/From_EREP/202509/9b3bc20247_519d729c0d.pdf,20250925_BBTN_Penyampaian Bukti Iklan_31952338_lamp2.pdf
"02 Sep 2025
					16:48:18",https://www.idx.co.id/StaticData/NewsAndAnnouncement/ANNOUNCEMENTSTOCK/From_EREP/202509/0edd66c3c0_578f7f4174.pdf,Perubahan Komite Audit [],BMRI,https://www.idx.co.id/StaticData/NewsAndAnnouncement/ANNOUNCEMENTSTOCK/From_EREP/202509/e99a44cbc4_2e2e33ef67.pdf,20250902_BMRI_Perubahan Corsec Komite Audit Alamat NPWP Internal Audit_31936566_lamp1.pdf,,
"10 Sep 2025
					16:37:32",https://www.idx.co.id/StaticData/NewsAndAnnouncement/ANNOUNCEMENTSTOCK/From_EREP/202509/126febf142_9b8704b9d9.pdf,Laporan Bulanan Registrasi Pemegang Efek [],BMRI,https://www.idx.co.id/StaticData/NewsAndAnnouncement/ANNOUNCEMENTSTOCK/From_EREP/202509/670317a8f1_5c59be4960.pdf,20250904_BMRI_Laporan Bulanan Registrasi Pemegang Efek/Perubahan Struktur Pemegang Saham_31937789_lamp1.pdf,https://www.idx.co.id/StaticData/NewsAndAnnouncement/ANNOUNCEMENTSTOCK/From_EREP/202509/67c0a39da4_fff8c292b6.pdf,20250904_BMRI_Laporan Bulanan Registrasi Pemegang Efek/Perubahan Struktur Pemegang Saham_31937789_lamp3.pdf
"19 Sep 2025
					16:33:03",https://www.idx.co.id/StaticData/NewsAndAnnouncement/ANNOUNCEMENTSTOCK/From_EREP/202509/20250919163938-57554-0/FinancialStatement-2025-II-BMRI.pdf,Penyampaian Laporan Keuangan Interim Auditan [],BMRI,https://www.idx.co.id/StaticData/NewsAndAnnouncement/ANNOUNCEMENTSTOCK/From_EREP/202509/20250919163938-57554-0/Checklist%20OJK%20Juni%202025%20Audited-Compressed.pdf,Checklist OJK Juni 2025 Audited-Compressed.pdf,https://www.idx.co.id/StaticData/NewsAndAnnouncement/ANNOUNCEMENTSTOCK/From_EREP/202509/20250919163938-57554-0/FinancialStatement-2025-II-BMRI.xlsx,FinancialStatement-2025-II-BMRI.xlsx
"19 Sep 2025
					19:29:52",https://www.idx.co.id/StaticData/NewsAndAnnouncement/ANNOUNCEMENTSTOCK/From_EREP/202509/84105e4e2e_e357a0dab4.pdf,Penyampaian Bukti Iklan Informasi Laporan Keuangan Interim [],BMRI,https://www.idx.co.id/StaticData/NewsAndAnnouncement/ANNOUNCEMENTSTOCK/From_EREP/202509/536267be70_b2377fe8d5.pdf,20250919_BMRI_Penyampaian Bukti Iklan_31951241_lamp1.pdf,https://www.idx.co.id/StaticData/NewsAndAnnouncement/ANNOUNCEMENTSTOCK/From_EREP/202509/615d9fb6d7_618619bc4e.pdf,20250919_BMRI_Penyampaian Bukti Iklan_31951241_lamp2.pdf
"19 Sep 2025
					21:22:02",https://www.idx.co.id/StaticData/NewsAndAnnouncement/ANNOUNCEMENTSTOCK/From_EREP/202509/106762a3f2_72357b41bd.pdf,Penyampaian Press Release Pemaparan Kinerja Perseroan [],BMRI,https://www.idx.co.id/StaticData/NewsAndAnnouncement/ANNOUNCEMENTSTOCK/From_EREP/202509/15f517f11f_32cf2f441f.pdf,20250919_BMRI_Laporan Informasi dan Fakta Material_31951244_lamp1.pdf,,
"01 Sep 2025
					17:12:25",https://www.idx.co.id/StaticData/NewsAndAnnouncement/ANNOUNCEMENTSTOCK/From_EREP/202509/25cc36c9c1_da7fa1f759.pdf,Perubahan Internal Audit [],BRIS,https://www.idx.co.id/StaticData/NewsAndAnnouncement/ANNOUNCEMENTSTOCK/From_EREP/202509/a39106c91e_ecf85dfce5.pdf,20250901_BRIS_Perubahan Corsec Komite Audit Alamat NPWP Internal Audit_31936416_lamp1.pdf,,
"01 Sep 2025
					17:42:18",https://www.idx.co.id/StaticData/NewsAndAnnouncement/ANNOUNCEMENTSTOCK/From_EREP/202509/d43dbaee3e_4cf63f1977.pdf,Laporan Informasi Efektif Pengangkatan Komisaris Utama dan Direktur Utama Perseroan [],BRIS,https://www.idx.co.id/StaticData/NewsAndAnnouncement/ANNOUNCEMENTSTOCK/From_EREP/202509/fd45effdb7_195fa167ac.pdf,20250901_BRIS_Laporan Informasi dan Fakta Material_31936423_lamp1.pdf,,
"10 Sep 2025
					16:52:42",https://www.idx.co.id/StaticData/NewsAndAnnouncement/ANNOUNCEMENTSTOCK/From_EREP/202509/f39a3c9cb8_ad9e66aa4a.pdf,Laporan Bulanan Registrasi Pemegang Efek [],BRIS,https://www.idx.co.id/StaticData/NewsAndAnnouncement/ANNOUNCEMENTSTOCK/From_EREP/202509/305cdd329c_164e6acccc.pdf,20250908_BRIS_Laporan Bulanan Registrasi Pemegang Efek/Perubahan Struktur Pemegang Saham_31938408_lamp1.pdf,,
"19 Sep 2025
					14:36:11",https://www.idx.co.id/StaticData/NewsAndAnnouncement/ANNOUNCEMENTSTOCK/From_EREP/202509/20250919144341-57507-0/FinancialStatement-2025-II-BRIS.pdf,Penyampaian Laporan Keuangan Interim Auditan [],BRIS,https://www.idx.co.id/StaticData/NewsAndAnnouncement/ANNOUNCEMENTSTOCK/From_EREP/202509/20250919144341-57507-0/05.1745-3.DIR-CFA.pdf,05.1745-3.DIR-CFA.pdf,https://www.idx.co.id/StaticData/NewsAndAnnouncement/ANNOUNCEMENTSTOCK/From_EREP/202509/20250919144341-57507-0/bank%20syariah%20indonesia%20tbk_billingual_30%20juni%202025.pdf,bank syariah indonesia tbk_billingual_30 juni 2025.pdf
"22 Sep 2025
					14:23:18",https://www.idx.co.id/StaticData/NewsAndAnnouncement/ANNOUNCEMENTSTOCK/From_EREP/202509/e033887715_3ac2e96ffa.pdf,Penyampaian Bukti Iklan Informasi Laporan Keuangan Interim [],BRIS,https://www.idx.co.id/StaticData/NewsAndAnnouncement/ANNOUNCEMENTSTOCK/From_EREP/202509/83dfb2d868_6dc78b032f.pdf,20250922_BRIS_Penyampaian Bukti Iklan_31951306_lamp2.pdf,https://www.idx.co.id/StaticData/NewsAndAnnouncement/ANNOUNCEMENTSTOCK/From_EREP/202509/d699ab9104_90b14a0e57.pdf,20250922_BRIS_Penyampaian Bukti Iklan_31951306_lamp1.pdf
"04 Sep 2025
					17:17:41",https://www.idx.co.id/StaticData/NewsAndAnnouncement/ANNOUNCEMENTSTOCK/From_EREP/202509/fa8e2e0ad2_2a5e46a6be.pdf,Laporan Bulanan Registrasi Pemegang Efek [],BRPT,https://www.idx.co.id/StaticData/NewsAndAnnouncement/ANNOUNCEMENTSTOCK/From_EREP/202509/b765078b63_77574d4062.pdf,20250903_BRPT_Laporan Bulanan Registrasi Pemegang Efek/Perubahan Struktur Pemegang Saham_31936930_lamp1.pdf,,
"18 Sep 2025
					18:14:17",https://www.idx.co.id/StaticData/NewsAndAnnouncement/ANNOUNCEMENTSTOCK/From_EREP/202509/68eb58375b_7a1c68243b.pdf,Laporan Kepemilikan atau Setiap Perubahan Kepemilikan Saham Perusahaan Terbuka [],BRPT,https://www.idx.co.id/StaticData/NewsAndAnnouncement/ANNOUNCEMENTSTOCK/From_EREP/202509/935f0db3f5_6ac7b58d97.pdf,20250918_BRPT_Laporan Kepemilikan atau Setiap Perubahan Kepemilikan Saham Perusahaan Terbuka_31950879_lamp1.pdf,,
"18 Sep 2025
					18:15:09",https://www.idx.co.id/StaticData/NewsAndAnnouncement/ANNOUNCEMENTSTOCK/From_EREP/202509/6bcdb243b3_c9e38f7154.pdf,Laporan Kepemilikan atau Setiap Perubahan Kepemilikan Saham Perusahaan Terbuka [],BRPT,https://www.idx.co.id/StaticData/NewsAndAnnouncement/ANNOUNCEMENTSTOCK/From_EREP/202509/9a315d3b39_642660f9a3.pdf,20250918_BRPT_Laporan Kepemilikan atau Setiap Perubahan Kepemilikan Saham Perusahaan Terbuka_31950896_lamp1.pdf,,
"18 Sep 2025
					18:16:30",https://www.idx.co.id/StaticData/NewsAndAnnouncement/ANNOUNCEMENTSTOCK/From_EREP/202509/ec45535523_b37e1add17.pdf,Laporan Kepemilikan atau Setiap Perubahan Kepemilikan Saham Perusahaan Terbuka [],BRPT,https://www.idx.co.id/StaticData/NewsAndAnnouncement/ANNOUNCEMENTSTOCK/From_EREP/202509/5dc7a66caf_b7c846400d.pdf,20250918_BRPT_Laporan Kepemilikan atau Setiap Perubahan Kepemilikan Saham Perusahaan Terbuka_31950897_lamp1.pdf,,
"18 Sep 2025
					18:16:56",https://www.idx.co.id/StaticData/NewsAndAnnouncement/ANNOUNCEMENTSTOCK/From_EREP/202509/08b0ce1e7a_0168645026.pdf,Laporan Kepemilikan atau Setiap Perubahan Kepemilikan Saham Perusahaan Terbuka [],BRPT,https://www.idx.co.id/StaticData/NewsAndAnnouncement/ANNOUNCEMENTSTOCK/From_EREP/202509/cbc9d1159f_ddae0056fe.pdf,20250918_BRPT_Laporan Kepemilikan atau Setiap Perubahan Kepemilikan Saham Perusahaan Terbuka_31950900_lamp1.pdf,,
"18 Sep 2025
					18:17:50",https://www.idx.co.id/StaticData/NewsAndAnnouncement/ANNOUNCEMENTSTOCK/From_EREP/202509/68a92d633f_5e5297c512.pdf,Laporan Kepemilikan atau Setiap Perubahan Kepemilikan Saham Perusahaan Terbuka [],BRPT,https://www.idx.co.id/StaticData/NewsAndAnnouncement/ANNOUNCEMENTSTOCK/From_EREP/202509/6fded821f5_2fe98eacb9.pdf,20250918_BRPT_Laporan Kepemilikan atau Setiap Perubahan Kepemilikan Saham Perusahaan Terbuka_31950901_lamp1.pdf,,
"18 Sep 2025
					18:21:19",https://www.idx.co.id/StaticData/NewsAndAnnouncement/ANNOUNCEMENTSTOCK/From_EREP/202509/d7def41c76_db4222a88f.pdf,Laporan Kepemilikan atau Setiap Perubahan Kepemilikan Saham Perusahaan Terbuka [],BRPT,https://www.idx.co.id/StaticData/NewsAndAnnouncement/ANNOUNCEMENTSTOCK/From_EREP/202509/542615cd57_bf7243c1e7.pdf,20250918_BRPT_Laporan Kepemilikan atau Setiap Perubahan Kepemilikan Saham Perusahaan Terbuka_31950903_lamp1.pdf,,
"23 Sep 2025
					16:33:05",https://www.idx.co.id/StaticData/NewsAndAnnouncement/ANNOUNCEMENTSTOCK/From_EREP/202509/3e929a86c2_3efced24b5.pdf,Laporan Kepemilikan atau Setiap Perubahan Kepemilikan Saham Perusahaan Terbuka [],BRPT,https://www.idx.co.id/StaticData/NewsAndAnnouncement/ANNOUNCEMENTSTOCK/From_EREP/202509/64e9d2db00_cfcada7b4e.pdf,20250923_BRPT_Laporan Kepemilikan atau Setiap Perubahan Kepemilikan Saham Perusahaan Terbuka_31951753_lamp1.pdf,,
"23 Sep 2025
					17:08:19",https://www.idx.co.id/StaticData/NewsAndAnnouncement/ANNOUNCEMENTSTOCK/From_EREP/202509/8e710ee257_ac51aeffb7.pdf,Penjelasan atas Volatilitas Transaksi [],BRPT,https://www.idx.co.id/StaticData/NewsAndAnnouncement/ANNOUNCEMENTSTOCK/From_EREP/202509/7b362609f1_4a19184fad.pdf,20250923_BRPT_Tanggapan atas Permintaan Penjelasan Bursa_31951771_lamp1.pdf,,
"04 Sep 2025
					14:37:18",https://www.idx.co.id/StaticData/NewsAndAnnouncement/ANNOUNCEMENTSTOCK/From_EREP/202509/9b3ae9ee95_e8c7f0fea8.pdf,Laporan Bulanan Registrasi Pemegang Efek [],CPIN,https://www.idx.co.id/StaticData/NewsAndAnnouncement/ANNOUNCEMENTSTOCK/From_EREP/202509/0876175be6_a108ce5c73.pdf,20250904_CPIN_Laporan Bulanan Registrasi Pemegang Efek/Perubahan Struktur Pemegang Saham_31937580_lamp1.pdf,,
"10 Sep 2025
					10:39:42",https://www.idx.co.id/StaticData/NewsAndAnnouncement/ANNOUNCEMENTSTOCK/From_EREP/202509/9a3a0032aa_5366eae4b1.pdf,Laporan Bulanan Registrasi Pemegang Efek [],CTRA,https://www.idx.co.id/StaticData/NewsAndAnnouncement/ANNOUNCEMENTSTOCK/From_EREP/202509/26f90b0530_5597aad989.pdf,20250910_CTRA_Laporan Bulanan Registrasi Pemegang Efek/Perubahan Struktur Pemegang Saham_31938977_lamp1.pdf,,
"01 Sep 2025
					16:28:50",https://www.idx.co.id/StaticData/NewsAndAnnouncement/ANNOUNCEMENTSTOCK/From_EREP/202509/e1163cb83d_c6fd97ec34.pdf,Informasi Kupon [],EXCL,https://www.idx.co.id/StaticData/NewsAndAnnouncement/ANNOUNCEMENTSTOCK/From_EREP/202509/13d5534c33_781c63e465.pdf,20250901_EXCL_Pembayaran Kupon/Bagi Hasil/Ijarah/Pokok_31936309_lamp1.pdf,,
"01 Sep 2025
					16:32:15",https://www.idx.co.id/StaticData/NewsAndAnnouncement/ANNOUNCEMENTSTOCK/From_EREP/202509/7e4043f6f5_bc4e579ae6.pdf,Informasi Ijarah Fee [],EXCL,https://www.idx.co.id/StaticData/NewsAndAnnouncement/ANNOUNCEMENTSTOCK/From_EREP/202509/4ad75fda83_42f2ac5d07.pdf,20250901_EXCL_Pembayaran Kupon/Bagi Hasil/Ijarah/Pokok_31936315_lamp1.pdf,,
"01 Sep 2025
					16:38:37",https://www.idx.co.id/StaticData/NewsAndAnnouncement/ANNOUNCEMENTSTOCK/From_EREP/202509/89fce2cc62_18e554a227.pdf,Pelunasan Pokok dan Bunga Obligasi dan Sukuk Ijarah Berkelanjutan [],EXCL,,,,
"10 Sep 2025
					13:49:17",https://www.idx.co.id/StaticData/NewsAndAnnouncement/ANNOUNCEMENTSTOCK/From_EREP/202509/2c7e26fc49_a08cacef82.pdf,Laporan Bulanan Registrasi Pemegang Efek [],EXCL,,,,
"10 Sep 2025
					19:19:59",https://www.idx.co.id/StaticData/NewsAndAnnouncement/ANNOUNCEMENTSTOCK/From_EREP/202509/62b2646d80_440538240e.pdf,Laporan Kepemilikan atau Setiap Perubahan Kepemilikan Saham Perusahaan Terbuka [],EXCL,https://www.idx.co.id/StaticData/NewsAndAnnouncement/ANNOUNCEMENTSTOCK/From_EREP/202509/b140218b14_4a07d0950e.pdf,20250910_EXCL_Laporan Kepemilikan atau Setiap Perubahan Kepemilikan Saham Perusahaan Terbuka_31939150_lamp1.pdf,,
"10 Sep 2025
					19:20:22",https://www.idx.co.id/StaticData/NewsAndAnnouncement/ANNOUNCEMENTSTOCK/From_EREP/202509/8dac2e0c58_3d51a9f161.pdf,Laporan Kepemilikan atau Setiap Perubahan Kepemilikan Saham Perusahaan Terbuka [],EXCL,https://www.idx.co.id/StaticData/NewsAndAnnouncement/ANNOUNCEMENTSTOCK/From_EREP/202509/672c8db93b_9f06d3c21e.pdf,20250910_EXCL_Laporan Kepemilikan atau Setiap Perubahan Kepemilikan Saham Perusahaan Terbuka_31939181_lamp1.pdf,,
"10 Sep 2025
					19:21:40",https://www.idx.co.id/StaticData/NewsAndAnnouncement/ANNOUNCEMENTSTOCK/From_EREP/202509/dde076a7b3_f9048c1512.pdf,Laporan Kepemilikan atau Setiap Perubahan Kepemilikan Saham Perusahaan Terbuka (KOREKSI) [],EXCL,https://www.idx.co.id/StaticData/NewsAndAnnouncement/ANNOUNCEMENTSTOCK/From_EREP/202509/e8abb6ca12_8d005bb8a4.pdf,20250910_EXCL_Laporan Kepemilikan atau Setiap Perubahan Kepemilikan Saham Perusahaan Terbuka_31939253_lamp1.pdf,,
"15 Sep 2025
					20:40:17",https://www.idx.co.id/StaticData/NewsAndAnnouncement/ANNOUNCEMENTSTOCK/From_EREP/202509/641325e393_cc23396abc.pdf,Laporan Kepemilikan atau Setiap Perubahan Kepemilikan Saham Perusahaan Terbuka [],EXCL,https://www.idx.co.id/StaticData/NewsAndAnnouncement/ANNOUNCEMENTSTOCK/From_EREP/202509/9e359bc9bf_71c030fac8.pdf,20250912_EXCL_Laporan Kepemilikan atau Setiap Perubahan Kepemilikan Saham Perusahaan Terbuka_31939760_lamp1.pdf,,
"15 Sep 2025
					20:41:46",https://www.idx.co.id/StaticData/NewsAndAnnouncement/ANNOUNCEMENTSTOCK/From_EREP/202509/5a327e1b3f_a7d2398ff8.pdf,Laporan Kepemilikan atau Setiap Perubahan Kepemilikan Saham Perusahaan Terbuka [],EXCL,https://www.idx.co.id/StaticData/NewsAndAnnouncement/ANNOUNCEMENTSTOCK/From_EREP/202509/680f8bc9b1_b0753ba5cf.pdf,20250912_EXCL_Laporan Kepemilikan atau Setiap Perubahan Kepemilikan Saham Perusahaan Terbuka_31939753_lamp1.pdf,,
"15 Sep 2025
					20:43:17",https://www.idx.co.id/StaticData/NewsAndAnnouncement/ANNOUNCEMENTSTOCK/From_EREP/202509/ecdad6e26b_9f0ef766d9.pdf,Laporan Hasil Pemeringkatan Pemeringkatan Ulang [],EXCL,https://www.idx.co.id/StaticData/NewsAndAnnouncement/ANNOUNCEMENTSTOCK/From_EREP/202509/39b4c2004d_d6f8e41a02.pdf,20250915_EXCL_Laporan Hasil Pemeringkatan_31950012_lamp3.pdf,https://www.idx.co.id/StaticData/NewsAndAnnouncement/ANNOUNCEMENTSTOCK/From_EREP/202509/c39e455620_10d70589e8.pdf,20250915_EXCL_Laporan Hasil Pemeringkatan_31950012_lamp1.pdf
"19 Sep 2025
					17:14:29",https://www.idx.co.id/StaticData/NewsAndAnnouncement/ANNOUNCEMENTSTOCK/From_EREP/202509/cc7dcbb2a6_61c2fc4c98.pdf,Laporan Kepemilikan atau Setiap Perubahan Kepemilikan Saham Perusahaan Terbuka [],EXCL,https://www.idx.co.id/StaticData/NewsAndAnnouncement/ANNOUNCEMENTSTOCK/From_EREP/202509/160c070a61_2a8b52cc4a.pdf,20250919_EXCL_Laporan Kepemilikan atau Setiap Perubahan Kepemilikan Saham Perusahaan Terbuka_31951115_lamp1.pdf,,
"24 Sep 2025
					17:10:04",https://www.idx.co.id/StaticData/NewsAndAnnouncement/ANNOUNCEMENTSTOCK/From_EREP/202509/edbc1f042a_d299cb76e1.pdf,Kesiapan Dana Menjelang Jatuh Tempo Obligasi dan Sukuk Ijarah Berkelanjutan [],EXCL,,,,
"26 Sep 2025
					18:03:27",https://www.idx.co.id/StaticData/NewsAndAnnouncement/ANNOUNCEMENTSTOCK/From_EREP/202509/41466c8498_ad5134f2c0.pdf,Laporan Kepemilikan atau Setiap Perubahan Kepemilikan Saham Perusahaan Terbuka [],EXCL,https://www.idx.co.id/StaticData/NewsAndAnnouncement/ANNOUNCEMENTSTOCK/From_EREP/202509/932e863394_fd2398131d.pdf,20250925_EXCL_Laporan Kepemilikan atau Setiap Perubahan Kepemilikan Saham Perusahaan Terbuka_31952433_lamp1.pdf,,
"02 Sep 2025
					17:57:57",https://www.idx.co.id/StaticData/NewsAndAnnouncement/ANNOUNCEMENTSTOCK/From_EREP/202509/46e5e09861_754af2d173.pdf,Laporan Kepemilikan atau Setiap Perubahan Kepemilikan Saham Perusahaan Terbuka [],GOTO,https://www.idx.co.id/StaticData/NewsAndAnnouncement/ANNOUNCEMENTSTOCK/From_EREP/202509/2504ded713_4ddee975ed.pdf,20250902_GOTO_Laporan Kepemilikan atau Setiap Perubahan Kepemilikan Saham Perusahaan Terbuka_31936804_lamp1.pdf,,
"08 Sep 2025
					16:37:16",https://www.idx.co.id/StaticData/NewsAndAnnouncement/ANNOUNCEMENTSTOCK/From_EREP/202509/4b970d3eab_ac05e2f56f.pdf,Laporan Bulanan Registrasi Pemegang Efek [],GOTO,https://www.idx.co.id/StaticData/NewsAndAnnouncement/ANNOUNCEMENTSTOCK/From_EREP/202509/b0094afc42_d4fa97c17a.pdf,20250908_GOTO_Laporan Bulanan Registrasi Pemegang Efek/Perubahan Struktur Pemegang Saham_31938159_lamp1.pdf,,
"09 Sep 2025
					16:34:32",https://www.idx.co.id/StaticData/NewsAndAnnouncement/ANNOUNCEMENTSTOCK/From_EREP/202509/5f617abb95_d42c76a580.pdf,Penjelasan atas Pemberitaan Media Massa [],GOTO,https://www.idx.co.id/StaticData/NewsAndAnnouncement/ANNOUNCEMENTSTOCK/From_EREP/202509/2922fd2429_09a293e936.pdf,20250909_GOTO_Tanggapan atas Permintaan Penjelasan Bursa_31938669_lamp1.pdf,,
"18 Sep 2025
					16:40:22",https://www.idx.co.id/StaticData/NewsAndAnnouncement/ANNOUNCEMENTSTOCK/From_EREP/202509/5d51a0b7ab_4d39a34358.pdf,"Siaran Pers: GoTo Raih Fasilitas Pinjaman Berjangka Senilai Rp4,65 Triliun []",GOTO,https://www.idx.co.id/StaticData/NewsAndAnnouncement/ANNOUNCEMENTSTOCK/From_EREP/202509/a8b879ba5f_708bc72558.pdf,20250918_GOTO_Laporan Informasi dan Fakta Material_31950927_lamp1.pdf,,
"10 Sep 2025
					16:50:32",https://www.idx.co.id/StaticData/NewsAndAnnouncement/ANNOUNCEMENTSTOCK/From_EREP/202509/b9e0636c89_309d18f271.pdf,Laporan Bulanan Registrasi Pemegang Efek [],ICBP,,,,
"15 Sep 2025
					22:21:41",https://www.idx.co.id/StaticData/NewsAndAnnouncement/ANNOUNCEMENTSTOCK/From_EREP/202509/61801d3db4_7ab466fa2d.pdf,Penjelasan atas Pemberitaan Media Massa [],ICBP,https://www.idx.co.id/StaticData/NewsAndAnnouncement/ANNOUNCEMENTSTOCK/From_EREP/202509/2b3fac56c3_7b8ee3a155.pdf,20250915_ICBP_Tanggapan atas Permintaan Penjelasan Bursa_31950132_lamp1.pdf,,
"01 Sep 2025
					16:22:03",https://www.idx.co.id/StaticData/NewsAndAnnouncement/ANNOUNCEMENTSTOCK/From_EREP/202509/a7acc14dc3_9237bc8158.pdf,Penerbitan SKS Pengganti Karena Hilang PT Vale Indonesia Tbk [],INCO,https://www.idx.co.id/StaticData/NewsAndAnnouncement/ANNOUNCEMENTSTOCK/From_EREP/202509/6cd82e5ffd_adb82fd61c.pdf,20250901_INCO_Pengumuman Bursa_31936353_lamp1.pdf,https://www.idx.co.id/StaticData/NewsAndAnnouncement/ANNOUNCEMENTSTOCK/From_EREP/202509/867a6c823b_7e3a22e3e9.pdf,20250901_INCO_Pengumuman Bursa_31936353_lamp2.pdf
"01 Sep 2025
					16:45:15",https://www.idx.co.id/StaticData/NewsAndAnnouncement/ANNOUNCEMENTSTOCK/From_EREP/202509/491d77f7d6_f1f095d957.pdf,Pemanggilan Rapat Umum Pemegang Saham Luar Biasa [],INCO,https://www.idx.co.id/StaticData/NewsAndAnnouncement/ANNOUNCEMENTSTOCK/From_EREP/202509/54f3986afd_2e3638ec23.pdf,20250901_INCO_Pemanggilan RUPS_31936435_lamp1.pdf,,
"02 Sep 2025
					09:12:03",https://www.idx.co.id/StaticData/NewsAndAnnouncement/ANNOUNCEMENTSTOCK/From_EREP/202509/79803a5502_d24befd3cf.pdf,Penyampaian Bukti Iklan Panggilan RUPS [],INCO,https://www.idx.co.id/StaticData/NewsAndAnnouncement/ANNOUNCEMENTSTOCK/From_EREP/202509/c3139f5522_3fb1eaf239.pdf,20250901_INCO_Penyampaian Bukti Iklan_31936482_lamp1.pdf,,
"04 Sep 2025
					14:41:47",https://www.idx.co.id/StaticData/NewsAndAnnouncement/ANNOUNCEMENTSTOCK/From_EREP/202509/2322f98af8_d5222c9afe.pdf,Laporan Bulanan Registrasi Pemegang Efek [],INCO,https://www.idx.co.id/StaticData/NewsAndAnnouncement/ANNOUNCEMENTSTOCK/From_EREP/202509/a029897665_9c6016faa9.pdf,20250904_INCO_Laporan Bulanan Registrasi Pemegang Efek/Perubahan Struktur Pemegang Saham_31937574_lamp1.pdf,,
"08 Sep 2025
					12:17:31",https://www.idx.co.id/StaticData/NewsAndAnnouncement/ANNOUNCEMENTSTOCK/From_EREP/202509/f3c954271b_8f72eda954.pdf,Penyampaian Materi Public Expose - Tahunan [],INCO,https://www.idx.co.id/StaticData/NewsAndAnnouncement/ANNOUNCEMENTSTOCK/From_EREP/202509/a74d4d81cd_ebefa68716.pdf,20250908_INCO_Public Expose_31938157_lamp1.pdf,,
"16 Sep 2025
					15:22:59",https://www.idx.co.id/StaticData/NewsAndAnnouncement/ANNOUNCEMENTSTOCK/From_EREP/202509/7f1315ac73_4c3b3bd377.pdf,Laporan Hasil Public Expose - Tahunan [],INCO,https://www.idx.co.id/StaticData/NewsAndAnnouncement/ANNOUNCEMENTSTOCK/From_EREP/202509/2008f81386_76389cdaba.pdf,20250916_INCO_Public Expose_31950403_lamp1.pdf,https://www.idx.co.id/StaticData/NewsAndAnnouncement/ANNOUNCEMENTSTOCK/From_EREP/202509/73ad8adb4c_a9511b0ced.pdf,20250916_INCO_Public Expose_31950403_lamp2.pdf
"23 Sep 2025
					20:36:23",https://www.idx.co.id/StaticData/NewsAndAnnouncement/ANNOUNCEMENTSTOCK/From_EREP/202509/4c265a1c20_028823d109.pdf,Siaran Pers Rapat Umum Pemegang Saham Luar Biasa  [],INCO,https://www.idx.co.id/StaticData/NewsAndAnnouncement/ANNOUNCEMENTSTOCK/From_EREP/202509/38c59ad97a_a79e375235.pdf,20250923_INCO_Laporan Informasi dan Fakta Material_31951908_lamp2.pdf,https://www.idx.co.id/StaticData/NewsAndAnnouncement/ANNOUNCEMENTSTOCK/From_EREP/202509/6ed900d682_5e669e1730.pdf,20250923_INCO_Laporan Informasi dan Fakta Material_31951908_lamp1.pdf
"23 Sep 2025
					23:06:19",https://www.idx.co.id/StaticData/NewsAndAnnouncement/ANNOUNCEMENTSTOCK/From_EREP/202509/01096b4e37_01bf2b0994.pdf,Perubahan Komite Nominasi dan Remunerasi Emiten atau Perusahaan Publik [],INCO,https://www.idx.co.id/StaticData/NewsAndAnnouncement/ANNOUNCEMENTSTOCK/From_EREP/202509/8b50dc7b66_5ced8f2b10.pdf,20250923_INCO_Perubahan Corsec Komite Audit Alamat NPWP Internal Audit_31951921_lamp1.pdf,,
"25 Sep 2025
					15:13:40",https://www.idx.co.id/StaticData/NewsAndAnnouncement/ANNOUNCEMENTSTOCK/From_EREP/202509/336ef7b967_796af13a9d.pdf,Ringkasan Risalah Rapat Umum Para Pemegang Saham Luar Biasa [],INCO,https://www.idx.co.id/StaticData/NewsAndAnnouncement/ANNOUNCEMENTSTOCK/From_EREP/202509/1f9aa9df47_fbc90ca99a.pdf,20250925_INCO_Ringkasan Risalah/Risalah RUPS_31952434_lamp1.pdf,https://www.idx.co.id/StaticData/NewsAndAnnouncement/ANNOUNCEMENTSTOCK/From_EREP/202509/a09a716d82_1bc5f416a1.pdf,20250925_INCO_Ringkasan Risalah/Risalah RUPS_31952434_lamp2.pdf
"25 Sep 2025
					15:51:04",https://www.idx.co.id/StaticData/NewsAndAnnouncement/ANNOUNCEMENTSTOCK/From_EREP/202509/e7f6ddfce3_5c05ad2328.pdf,Penyampaian Bukti Iklan Hasil RUPS [],INCO,https://www.idx.co.id/StaticData/NewsAndAnnouncement/ANNOUNCEMENTSTOCK/From_EREP/202509/38d0987df5_bd86eb6215.pdf,20250925_INCO_Penyampaian Bukti Iklan_31952465_lamp1.pdf,,
"30 Sep 2025
					10:15:09",https://www.idx.co.id/StaticData/NewsAndAnnouncement/ANNOUNCEMENTSTOCK/From_EREP/202509/4308cdc1fb_4be3030169.pdf,Perubahan Corporate Secretary [],INCO,https://www.idx.co.id/StaticData/NewsAndAnnouncement/ANNOUNCEMENTSTOCK/From_EREP/202509/a1f5b3f021_82476c7e96.pdf,20250929_INCO_Perubahan Corsec Komite Audit Alamat NPWP Internal Audit_31953003_lamp1.pdf,,
"10 Sep 2025
					16:49:10",https://www.idx.co.id/StaticData/NewsAndAnnouncement/ANNOUNCEMENTSTOCK/From_EREP/202509/d4455461ba_902647e434.pdf,Laporan Bulanan Registrasi Pemegang Efek [],INDF,,,,
"03 Sep 2025
					14:05:05",https://www.idx.co.id/StaticData/NewsAndAnnouncement/ANNOUNCEMENTSTOCK/From_EREP/202509/8f2a0f4f01_87cbf7b1c3.pdf,Laporan Bulanan Registrasi Pemegang Efek [],INKP,https://www.idx.co.id/StaticData/NewsAndAnnouncement/ANNOUNCEMENTSTOCK/From_EREP/202509/bf67f0a4aa_59ebdcc45a.pdf,20250903_INKP_Laporan Bulanan Registrasi Pemegang Efek/Perubahan Struktur Pemegang Saham_31937002_lamp1.pdf,,
"12 Sep 2025
					20:35:49",https://www.idx.co.id/StaticData/NewsAndAnnouncement/ANNOUNCEMENTSTOCK/From_EREP/202509/51456195c7_6ac596477f.pdf,"Informasi Tambahan Ringkas Penawaran Umum Obligasi Berkelanjutan V Indah Kiat Pulp & Paper Tahap V Tahun 2025, Sukuk Mudharabah Berkelanjutan IV Indah Kiat Pulp & Paper Tahap V Tahun 2025 dan Obligasi USD Berkelanjutan II Indah Kiat Pulp & Paper Tahap IV Tahun 2025 []",INKP,https://www.idx.co.id/StaticData/NewsAndAnnouncement/ANNOUNCEMENTSTOCK/From_EREP/202509/59797c9620_4c983fcb82.pdf,20250911_INKP_Laporan Informasi dan Fakta Material_31939441_lamp2.pdf,https://www.idx.co.id/StaticData/NewsAndAnnouncement/ANNOUNCEMENTSTOCK/From_EREP/202509/78a2f324f2_129bb10632.pdf,20250911_INKP_Laporan Informasi dan Fakta Material_31939441_lamp1.pdf
"15 Sep 2025
					17:25:42",https://www.idx.co.id/StaticData/NewsAndAnnouncement/ANNOUNCEMENTSTOCK/From_EREP/202509/9de3cfed0b_a63271bbae.pdf,Jatuh Tempo Obligasi / Sukuk Korporasi [],INKP,https://www.idx.co.id/StaticData/NewsAndAnnouncement/ANNOUNCEMENTSTOCK/From_EREP/202509/672491574d_df94076f19.pdf,20250915_INKP_Pengumuman Jatuh Tempo Obligasi dan Sukuk_31950056_lamp2.pdf,https://www.idx.co.id/StaticData/NewsAndAnnouncement/ANNOUNCEMENTSTOCK/From_EREP/202509/f02c94f91b_f292210e78.pdf,20250915_INKP_Pengumuman Jatuh Tempo Obligasi dan Sukuk_31950056_lamp1.pdf
"16 Sep 2025
					15:05:18",https://www.idx.co.id/StaticData/NewsAndAnnouncement/ANNOUNCEMENTSTOCK/From_EREP/202509/b51571c9ed_ea9fbd00c1.pdf,Informasi Pelunasan Efek [],INKP,https://www.idx.co.id/StaticData/NewsAndAnnouncement/ANNOUNCEMENTSTOCK/From_EREP/202509/105af27d2d_3b5a44ed26.pdf,20250912_INKP_Pembayaran Kupon/Bagi Hasil/Ijarah/Pokok_31939701_lamp1.pdf,,
"17 Sep 2025
					15:41:25",https://www.idx.co.id/StaticData/NewsAndAnnouncement/ANNOUNCEMENTSTOCK/From_EREP/202509/178d9c3551_fdbf508d0a.pdf,Pelunasan Obligasi  [],INKP,https://www.idx.co.id/StaticData/NewsAndAnnouncement/ANNOUNCEMENTSTOCK/From_EREP/202509/42e0f1931d_4535a4b597.pdf,20250903_INKP_Laporan Informasi dan Fakta Material_31936944_lamp1.pdf,,
"22 Sep 2025
					14:38:39",https://www.idx.co.id/StaticData/NewsAndAnnouncement/ANNOUNCEMENTSTOCK/From_EREP/202509/7880e545d2_d9913a3964.pdf,Laporan Penggunaan Dana Hasil Penawaran Umum [],INKP,https://www.idx.co.id/StaticData/NewsAndAnnouncement/ANNOUNCEMENTSTOCK/From_EREP/202509/df642f7be1_d6d71cad61.pdf,20250922_INKP_Laporan Penggunaan Dana Hasil Penawaran Umum_31951375_lamp2.pdf,https://www.idx.co.id/StaticData/NewsAndAnnouncement/ANNOUNCEMENTSTOCK/From_EREP/202509/f93dee6fb3_376c173b18.pdf,20250922_INKP_Laporan Penggunaan Dana Hasil Penawaran Umum_31951375_lamp1.pdf
"24 Sep 2025
					20:15:01",https://www.idx.co.id/StaticData/NewsAndAnnouncement/ANNOUNCEMENTSTOCK/From_EREP/202509/4d5ee257b2_67348e6b03.pdf,"lnformasi Tambahan dan/atau Perbaikan atas Informasi Tambahan Ringkas dalam rangka Penawaran Umum Berkelanjutan Obligasi Berkelanjutan V Indah Kiat Pulp & Paper Tahap V Tahun 2025, Sukuk Mudharabah Berkelanjutan IV Indah Kiat Pulp & Paper Tahap V Tahun 2025 dan Obligasi USD Berkelanjutan II Indah Kiat Pulp & Paper Tahap IV Tahun 2025 []",INKP,https://www.idx.co.id/StaticData/NewsAndAnnouncement/ANNOUNCEMENTSTOCK/From_EREP/202509/6c2b63b798_43510c609d.pdf,20250923_INKP_Laporan Informasi dan Fakta Material_31951696_lamp1.pdf,https://www.idx.co.id/StaticData/NewsAndAnnouncement/ANNOUNCEMENTSTOCK/From_EREP/202509/ce6e5ee18a_390e275f53.pdf,20250923_INKP_Laporan Informasi dan Fakta Material_31951696_lamp2.pdf
"03 Sep 2025
					17:48:54",https://www.idx.co.id/StaticData/NewsAndAnnouncement/ANNOUNCEMENTSTOCK/From_EREP/202509/2774edc07e_f324cbadb3.pdf,Pemanggilan Rapat Umum Pemegang Saham Luar Biasa [],ISAT,https://www.idx.co.id/StaticData/NewsAndAnnouncement/ANNOUNCEMENTSTOCK/From_EREP/202509/c5483195f1_5907a95cae.pdf,20250903_ISAT_Pemanggilan RUPS_31937196_lamp1.pdf,,
"10 Sep 2025
					17:39:34",https://www.idx.co.id/StaticData/NewsAndAnnouncement/ANNOUNCEMENTSTOCK/From_EREP/202509/c95925f00f_731817c7d7.pdf,Laporan Bulanan Registrasi Pemegang Efek [],ISAT,https://www.idx.co.id/StaticData/NewsAndAnnouncement/ANNOUNCEMENTSTOCK/From_EREP/202509/9889940616_e6d6031927.pdf,20250910_ISAT_Laporan Bulanan Registrasi Pemegang Efek/Perubahan Struktur Pemegang Saham_31939211_lamp2.pdf,https://www.idx.co.id/StaticData/NewsAndAnnouncement/ANNOUNCEMENTSTOCK/From_EREP/202509/f2132ab486_5b7af1362c.pdf,20250910_ISAT_Laporan Bulanan Registrasi Pemegang Efek/Perubahan Struktur Pemegang Saham_31939211_lamp1.pdf
"04 Sep 2025
					14:59:07",https://www.idx.co.id/StaticData/NewsAndAnnouncement/ANNOUNCEMENTSTOCK/From_EREP/202509/9337b6fd72_3fc5fd1897.pdf,Penyampaian Materi Public Expose - Tahunan [],ITMG,https://www.idx.co.id/StaticData/NewsAndAnnouncement/ANNOUNCEMENTSTOCK/From_EREP/202509/81bcbdbd17_d8cc4816e8.pdf,20250904_ITMG_Public Expose_31937593_lamp1.pdf,,
"10 Sep 2025
					17:37:21",https://www.idx.co.id/StaticData/NewsAndAnnouncement/ANNOUNCEMENTSTOCK/From_EREP/202509/936d1b464c_582056700a.pdf,Laporan Bulanan Registrasi Pemegang Efek [],ITMG,https://www.idx.co.id/StaticData/NewsAndAnnouncement/ANNOUNCEMENTSTOCK/From_EREP/202509/a4677f38c8_12f4118e26.pdf,20250910_ITMG_Laporan Bulanan Registrasi Pemegang Efek/Perubahan Struktur Pemegang Saham_31938955_lamp1.pdf,https://www.idx.co.id/StaticData/NewsAndAnnouncement/ANNOUNCEMENTSTOCK/From_EREP/202509/e8f1b17e60_89e6d9b205.pdf,20250910_ITMG_Laporan Bulanan Registrasi Pemegang Efek/Perubahan Struktur Pemegang Saham_31938955_lamp2.pdf
"12 Sep 2025
					09:58:26",https://www.idx.co.id/StaticData/NewsAndAnnouncement/ANNOUNCEMENTSTOCK/From_EREP/202509/9b8394cd5f_7d98e2a0e1.pdf,Laporan Hasil Public Expose - Tahunan [],ITMG,https://www.idx.co.id/StaticData/NewsAndAnnouncement/ANNOUNCEMENTSTOCK/From_EREP/202509/9d219c89c6_260b43324e.pdf,20250911_ITMG_Public Expose_31939622_lamp1.pdf,,
"18 Sep 2025
					14:36:37",https://www.idx.co.id/StaticData/NewsAndAnnouncement/ANNOUNCEMENTSTOCK/From_EREP/202509/c4a0afdbc5_0b04da9f8e.pdf,Pemberitahuan Rencana Rapat Umum Pemegang Saham Luar Biasa [],ITMG,https://www.idx.co.id/StaticData/NewsAndAnnouncement/ANNOUNCEMENTSTOCK/From_EREP/202509/227f346bfa_584b521e33.pdf,20250918_ITMG_Pengumuman RUPS_31950828_lamp1.pdf,https://www.idx.co.id/StaticData/NewsAndAnnouncement/ANNOUNCEMENTSTOCK/From_EREP/202509/3e6ae411e1_039c1d50ba.pdf,20250918_ITMG_Pengumuman RUPS_31950828_lamp2.pdf
"18 Sep 2025
					14:38:26",https://www.idx.co.id/StaticData/NewsAndAnnouncement/ANNOUNCEMENTSTOCK/From_EREP/202509/fc11b4512e_311147b1c6.pdf,Keterbukaan Informasi sehubungan dengan rencana pembelian kembali saham yang dikeluarkan oleh Perseroan (Buyback) dan tercatat di PT Bursa Efek Indonesia  sesuai Peraturan Otoritas Jasa Keuangan Nomor 29 Tahun 2023 tanggal 29 Desember 2023  [],ITMG,https://www.idx.co.id/StaticData/NewsAndAnnouncement/ANNOUNCEMENTSTOCK/From_EREP/202509/450dd8c966_5d12c823fc.pdf,20250918_ITMG_Laporan Informasi dan Fakta Material_31950882_lamp2.pdf,https://www.idx.co.id/StaticData/NewsAndAnnouncement/ANNOUNCEMENTSTOCK/From_EREP/202509/8d3cbe2f47_4693051c01.pdf,20250918_ITMG_Laporan Informasi dan Fakta Material_31950882_lamp1.pdf
"08 Sep 2025
					16:28:07",https://www.idx.co.id/StaticData/NewsAndAnnouncement/ANNOUNCEMENTSTOCK/From_EREP/202509/0cfc521d68_7eeaf1b049.pdf,Laporan Hasil Public Expose - Tahunan [],JPFA,https://www.idx.co.id/StaticData/NewsAndAnnouncement/ANNOUNCEMENTSTOCK/From_EREP/202509/066e7d6942_c8f4e8b8c9.pdf,20250908_JPFA_Public Expose_31938353_lamp1.pdf,,
"08 Sep 2025
					16:41:37",https://www.idx.co.id/StaticData/NewsAndAnnouncement/ANNOUNCEMENTSTOCK/From_EREP/202509/1e9ad865aa_9b536f3a1e.pdf,Laporan Bulanan Registrasi Pemegang Efek [],JPFA,https://www.idx.co.id/StaticData/NewsAndAnnouncement/ANNOUNCEMENTSTOCK/From_EREP/202509/31dfa4327a_72b3c43551.pdf,20250908_JPFA_Laporan Bulanan Registrasi Pemegang Efek/Perubahan Struktur Pemegang Saham_31938366_lamp1.pdf,https://www.idx.co.id/StaticData/NewsAndAnnouncement/ANNOUNCEMENTSTOCK/From_EREP/202509/ca462dc1b1_180c6a6c61.pdf,20250908_JPFA_Laporan Bulanan Registrasi Pemegang Efek/Perubahan Struktur Pemegang Saham_31938366_lamp2.pdf
"07 Sep 2025
					08:11:26",https://www.idx.co.id/StaticData/NewsAndAnnouncement/ANNOUNCEMENTSTOCK/From_EREP/202509/ee953dd27b_f0432ba9ef.pdf,Laporan Bulanan Registrasi Pemegang Efek [],JSMR,https://www.idx.co.id/StaticData/NewsAndAnnouncement/ANNOUNCEMENTSTOCK/From_EREP/202509/1a998cad61_57edca2124.pdf,20250907_JSMR_Laporan Bulanan Registrasi Pemegang Efek/Perubahan Struktur Pemegang Saham_31937878_lamp4.pdf,https://www.idx.co.id/StaticData/NewsAndAnnouncement/ANNOUNCEMENTSTOCK/From_EREP/202509/7060ce5071_ad0cf67473.pdf,20250907_JSMR_Laporan Bulanan Registrasi Pemegang Efek/Perubahan Struktur Pemegang Saham_31937878_lamp2.pdf
"08 Sep 2025
					00:21:15",https://www.idx.co.id/StaticData/NewsAndAnnouncement/ANNOUNCEMENTSTOCK/From_EREP/202509/4b9bbf07d1_e5ded722ee.pdf,Pengumuman Bursa Pencatatan Awal Obligasi dan Sukuk [],JSMR,https://www.idx.co.id/StaticData/NewsAndAnnouncement/ANNOUNCEMENTSTOCK/From_EREP/202509/e25a64872a_f5cb51c6b0.pdf,20250904_JSMR_Pengumuman Pencatatan Awal Obligasi dan Sukuk_31937815_lamp1.pdf,,
"08 Sep 2025
					00:30:23",https://www.idx.co.id/StaticData/NewsAndAnnouncement/ANNOUNCEMENTSTOCK/From_EREP/202509/13672d2925_45c91502ae.pdf,Jatuh Tempo Obligasi / Sukuk Korporasi [],JSMR,https://www.idx.co.id/StaticData/NewsAndAnnouncement/ANNOUNCEMENTSTOCK/From_EREP/202509/4c7d5add26_0bcaa671da.pdf,20250904_JSMR_Pengumuman Jatuh Tempo Obligasi dan Sukuk_31937377_lamp2.pdf,https://www.idx.co.id/StaticData/NewsAndAnnouncement/ANNOUNCEMENTSTOCK/From_EREP/202509/6903203a76_084e057247.pdf,20250904_JSMR_Pengumuman Jatuh Tempo Obligasi dan Sukuk_31937377_lamp1.pdf
"08 Sep 2025
					16:10:47",https://www.idx.co.id/StaticData/NewsAndAnnouncement/ANNOUNCEMENTSTOCK/From_EREP/202509/eb825ad89e_5c0d805128.pdf,Penyampaian Materi Public Expose - Tahunan [],JSMR,https://www.idx.co.id/StaticData/NewsAndAnnouncement/ANNOUNCEMENTSTOCK/From_EREP/202509/292772e74d_2adaa34ec4.pdf,20250908_JSMR_Public Expose_31938340_lamp1.pdf,,
"10 Sep 2025
					16:18:32",https://www.idx.co.id/StaticData/NewsAndAnnouncement/ANNOUNCEMENTSTOCK/From_EREP/202509/091787111b_0b227a2a3e.pdf,Rencana Penyelenggaraan Public Expose - Tahunan (KOREKSI) [],JSMR,https://www.idx.co.id/StaticData/NewsAndAnnouncement/ANNOUNCEMENTSTOCK/From_EREP/202509/0ae16789ad_a6a683351f.pdf,20250910_JSMR_Public Expose_31939141_lamp1.pdf,,
"10 Sep 2025
					16:33:10",https://www.idx.co.id/StaticData/NewsAndAnnouncement/ANNOUNCEMENTSTOCK/From_EREP/202509/59089db331_a98108b0f9.pdf,Penyampaian Materi Public Expose - Tahunan (KOREKSI) [],JSMR,https://www.idx.co.id/StaticData/NewsAndAnnouncement/ANNOUNCEMENTSTOCK/From_EREP/202509/ae02acea3b_e99463f6b3.pdf,20250910_JSMR_Public Expose_31939159_lamp1.pdf,,
"17 Sep 2025
					15:10:10",https://www.idx.co.id/StaticData/NewsAndAnnouncement/ANNOUNCEMENTSTOCK/From_EREP/202509/160fcfdc26_d0de20c63c.pdf,Laporan Hasil Public Expose - Tahunan [],JSMR,https://www.idx.co.id/StaticData/NewsAndAnnouncement/ANNOUNCEMENTSTOCK/From_EREP/202509/07dc1e29a9_001990488a.pdf,20250917_JSMR_Public Expose_31950624_lamp4.pdf,https://www.idx.co.id/StaticData/NewsAndAnnouncement/ANNOUNCEMENTSTOCK/From_EREP/202509/5129729c63_5529db5e75.pdf,20250917_JSMR_Public Expose_31950624_lamp1.pdf
"29 Sep 2025
					13:17:30",https://www.idx.co.id/StaticData/NewsAndAnnouncement/ANNOUNCEMENTSTOCK/From_EREP/202509/949c4e86fa_072656cdaf.pdf,Penjelasan atas Pemberitaan Media Massa [],JSMR,https://www.idx.co.id/StaticData/NewsAndAnnouncement/ANNOUNCEMENTSTOCK/From_EREP/202509/1d95f1e51e_e99bf64037.pdf,20250929_JSMR_Tanggapan atas Permintaan Penjelasan Bursa_31952931_lamp1.pdf,,
"02 Sep 2025
					15:30:58",https://www.idx.co.id/StaticData/NewsAndAnnouncement/ANNOUNCEMENTSTOCK/From_EREP/202509/220230d793_2134351b3a.pdf,Rencana Pembelian Kembali Saham dalam Kondisi Pasar yang Berfluktuasi secara Signifikan [],KLBF,https://www.idx.co.id/StaticData/NewsAndAnnouncement/ANNOUNCEMENTSTOCK/From_EREP/202509/f72bdd74b8_f11aad3576.pdf,20250902_KLBF_Laporan Informasi dan Fakta Material_31936607_lamp1.pdf,,
"04 Sep 2025
					18:03:27",https://www.idx.co.id/StaticData/NewsAndAnnouncement/ANNOUNCEMENTSTOCK/From_EREP/202509/78c9abc3c8_43da7dd697.pdf,Laporan Bulanan Registrasi Pemegang Efek [],KLBF,https://www.idx.co.id/StaticData/NewsAndAnnouncement/ANNOUNCEMENTSTOCK/From_EREP/202509/2175ad5ec8_8d577525fd.pdf,20250904_KLBF_Laporan Bulanan Registrasi Pemegang Efek/Perubahan Struktur Pemegang Saham_31937658_lamp1.pdf,,
"09 Sep 2025
					20:50:22",https://www.idx.co.id/StaticData/NewsAndAnnouncement/ANNOUNCEMENTSTOCK/From_EREP/202509/56251f2487_921e76828c.pdf,Penyampaian Materi Public Expose - Tahunan [],KLBF,https://www.idx.co.id/StaticData/NewsAndAnnouncement/ANNOUNCEMENTSTOCK/From_EREP/202509/fc503e8b06_bcab0d8cde.pdf,20250909_KLBF_Public Expose_31938857_lamp1.pdf,,
"11 Sep 2025
					17:44:17",https://www.idx.co.id/StaticData/NewsAndAnnouncement/ANNOUNCEMENTSTOCK/From_EREP/202509/58bd7d6591_75bef7c8ce.pdf,Laporan Kepemilikan atau Setiap Perubahan Kepemilikan Saham Perusahaan Terbuka [],KLBF,https://www.idx.co.id/StaticData/NewsAndAnnouncement/ANNOUNCEMENTSTOCK/From_EREP/202509/3db00c22fb_4f3d5e03c4.pdf,20250911_KLBF_Laporan Kepemilikan atau Setiap Perubahan Kepemilikan Saham Perusahaan Terbuka_31939313_lamp2.pdf,https://www.idx.co.id/StaticData/NewsAndAnnouncement/ANNOUNCEMENTSTOCK/From_EREP/202509/5c4b171db7_b9fb71913b.pdf,20250911_KLBF_Laporan Kepemilikan atau Setiap Perubahan Kepemilikan Saham Perusahaan Terbuka_31939313_lamp1.pdf
"17 Sep 2025
					15:20:43",https://www.idx.co.id/StaticData/NewsAndAnnouncement/ANNOUNCEMENTSTOCK/From_EREP/202509/a057f0a0a8_5f0c75a35e.pdf,Laporan Hasil Public Expose - Tahunan [],KLBF,https://www.idx.co.id/StaticData/NewsAndAnnouncement/ANNOUNCEMENTSTOCK/From_EREP/202509/644351b4cd_045d8773ca.pdf,20250917_KLBF_Public Expose_31950650_lamp1.pdf,https://www.idx.co.id/StaticData/NewsAndAnnouncement/ANNOUNCEMENTSTOCK/From_EREP/202509/64e36b40f8_90d6948da3.pdf,20250917_KLBF_Public Expose_31950650_lamp2.pdf
"10 Sep 2025
					11:10:11",https://www.idx.co.id/StaticData/NewsAndAnnouncement/ANNOUNCEMENTSTOCK/From_EREP/202509/5bd7c3e258_2d2b56d8c3.pdf,Laporan Bulanan Registrasi Pemegang Efek [],MAPA,https://www.idx.co.id/StaticData/NewsAndAnnouncement/ANNOUNCEMENTSTOCK/From_EREP/202509/274c20c366_83eac5aedf.pdf,20250904_MAPA_Laporan Bulanan Registrasi Pemegang Efek/Perubahan Struktur Pemegang Saham_31937605_lamp1.pdf,https://www.idx.co.id/StaticData/NewsAndAnnouncement/ANNOUNCEMENTSTOCK/From_EREP/202509/42f9798170_50241a34b0.pdf,20250904_MAPA_Laporan Bulanan Registrasi Pemegang Efek/Perubahan Struktur Pemegang Saham_31937605_lamp2.pdf
"10 Sep 2025
					11:26:34",https://www.idx.co.id/StaticData/NewsAndAnnouncement/ANNOUNCEMENTSTOCK/From_EREP/202509/1d1d09e32b_070f922c7c.pdf,Laporan Bulanan Registrasi Pemegang Efek [],MAPI,https://www.idx.co.id/StaticData/NewsAndAnnouncement/ANNOUNCEMENTSTOCK/From_EREP/202509/47c41afbf7_299eacab72.pdf,20250904_MAPI_Laporan Bulanan Registrasi Pemegang Efek/Perubahan Struktur Pemegang Saham_31937514_lamp3.pdf,https://www.idx.co.id/StaticData/NewsAndAnnouncement/ANNOUNCEMENTSTOCK/From_EREP/202509/632d436a7b_eb46ffa9e1.pdf,20250904_MAPI_Laporan Bulanan Registrasi Pemegang Efek/Perubahan Struktur Pemegang Saham_31937514_lamp1.pdf
"01 Sep 2025
					21:14:30",https://www.idx.co.id/StaticData/NewsAndAnnouncement/ANNOUNCEMENTSTOCK/From_EREP/202509/a5061fcbd7_86989e84df.pdf,Transaksi Afiliasi Akad Mudharabah antara Perseroan dan MTI [],MBMA,https://www.idx.co.id/StaticData/NewsAndAnnouncement/ANNOUNCEMENTSTOCK/From_EREP/202509/cdf477b3e6_1fecc5192b.pdf,20250901_MBMA_Laporan Informasi dan Fakta Material_31936369_lamp1.pdf,,
"09 Sep 2025
					10:52:37",https://www.idx.co.id/StaticData/NewsAndAnnouncement/ANNOUNCEMENTSTOCK/From_EREP/202509/f2d4f04bb0_31ef7f8ef3.pdf,Laporan Bulanan Registrasi Pemegang Efek [],MBMA,https://www.idx.co.id/StaticData/NewsAndAnnouncement/ANNOUNCEMENTSTOCK/From_EREP/202509/0cc4f036c3_4b3b15a175.pdf,20250904_MBMA_Laporan Bulanan Registrasi Pemegang Efek/Perubahan Struktur Pemegang Saham_31937373_lamp2.pdf,https://www.idx.co.id/StaticData/NewsAndAnnouncement/ANNOUNCEMENTSTOCK/From_EREP/202509/4c6f961c65_d905b4d27e.pdf,20250904_MBMA_Laporan Bulanan Registrasi Pemegang Efek/Perubahan Struktur Pemegang Saham_31937373_lamp4.pdf
"24 Sep 2025
					16:47:59",https://www.idx.co.id/StaticData/NewsAndAnnouncement/ANNOUNCEMENTSTOCK/From_EREP/202509/f1a05973e0_572ac6df4c.pdf,Kesiapan Dana untuk Pelunasan Pokok serta Pembayaran Bunga Keempat dari Obligasi II Merdeka Battery Materials Tahun 2024 Seri A [],MBMA,https://www.idx.co.id/StaticData/NewsAndAnnouncement/ANNOUNCEMENTSTOCK/From_EREP/202509/a905c97fb2_a6fc931375.pdf,20250924_MBMA_Laporan Informasi dan Fakta Material_31952107_lamp1.pdf,,
"25 Sep 2025
					20:02:12",https://www.idx.co.id/StaticData/NewsAndAnnouncement/ANNOUNCEMENTSTOCK/From_EREP/202509/20250925201659-57556-0/FinancialStatement-2025-II-MBMA.pdf,Penyampaian Laporan Keuangan Interim Auditan [],MBMA,https://www.idx.co.id/StaticData/NewsAndAnnouncement/ANNOUNCEMENTSTOCK/From_EREP/202509/20250925201659-57556-0/FinancialStatement-2025-II-MBMA.xlsx,FinancialStatement-2025-II-MBMA.xlsx,https://www.idx.co.id/StaticData/NewsAndAnnouncement/ANNOUNCEMENTSTOCK/From_EREP/202509/20250925201659-57556-0/inlineXBRL.zip,inlineXBRL.zip
"01 Sep 2025
					21:14:41",https://www.idx.co.id/StaticData/NewsAndAnnouncement/ANNOUNCEMENTSTOCK/From_EREP/202509/6b186d4f04_c7389f6d91.pdf,Pembelian kembali atau pembayaran Efek Bersifat Utang dan/atau Sukuk [],MDKA,https://www.idx.co.id/StaticData/NewsAndAnnouncement/ANNOUNCEMENTSTOCK/From_EREP/202509/991e29d529_db0126cafd.pdf,20250901_MDKA_Laporan Informasi dan Fakta Material_31936191_lamp1.pdf,,
"10 Sep 2025
					14:42:07",https://www.idx.co.id/StaticData/NewsAndAnnouncement/ANNOUNCEMENTSTOCK/From_EREP/202509/e4abdf6ce5_2f3d925d7a.pdf,Laporan Bulanan Registrasi Pemegang Efek [],MDKA,https://www.idx.co.id/StaticData/NewsAndAnnouncement/ANNOUNCEMENTSTOCK/From_EREP/202509/0438b646fe_91f4ce686a.pdf,20250903_MDKA_Laporan Bulanan Registrasi Pemegang Efek/Perubahan Struktur Pemegang Saham_31937020_lamp3.pdf,https://www.idx.co.id/StaticData/NewsAndAnnouncement/ANNOUNCEMENTSTOCK/From_EREP/202509/15bef21288_cd2215f455.pdf,20250903_MDKA_Laporan Bulanan Registrasi Pemegang Efek/Perubahan Struktur Pemegang Saham_31937020_lamp2.pdf
"25 Sep 2025
					20:14:20",https://www.idx.co.id/StaticData/NewsAndAnnouncement/ANNOUNCEMENTSTOCK/From_EREP/202509/20250925202620-57614-0/FinancialStatement-2025-II-MDKA.pdf,Penyampaian Laporan Keuangan Interim Auditan [],MDKA,https://www.idx.co.id/StaticData/NewsAndAnnouncement/ANNOUNCEMENTSTOCK/From_EREP/202509/20250925202620-57614-0/Financial%20Statements%20MDKA%2030%20June%202025.pdf,Financial Statements MDKA 30 June 2025.pdf,https://www.idx.co.id/StaticData/NewsAndAnnouncement/ANNOUNCEMENTSTOCK/From_EREP/202509/20250925202620-57614-0/FinancialStatement-2025-II-MDKA.xlsx,FinancialStatement-2025-II-MDKA.xlsx
"01 Sep 2025
					12:10:19",https://www.idx.co.id/StaticData/NewsAndAnnouncement/ANNOUNCEMENTSTOCK/From_EREP/202509/99726d7230_48d92c1e0d.pdf,Penyampaian Materi Public Expose - Tahunan [],MEDC,https://www.idx.co.id/StaticData/NewsAndAnnouncement/ANNOUNCEMENTSTOCK/From_EREP/202509/106a18076b_39a292ef29.pdf,20250901_MEDC_Public Expose_31936285_lamp1.pdf,,
"04 Sep 2025
					14:17:49",https://www.idx.co.id/StaticData/NewsAndAnnouncement/ANNOUNCEMENTSTOCK/From_EREP/202509/19bc872cbd_b4755afdb4.pdf,Keterbukaan Informasi Pembelian Kembali Saham Tahap II situasi berflutuaksi  [],MEDC,https://www.idx.co.id/StaticData/NewsAndAnnouncement/ANNOUNCEMENTSTOCK/From_EREP/202509/6faf6f28e7_63fcaeebdb.pdf,20250904_MEDC_Laporan Informasi dan Fakta Material_31937555_lamp2.pdf,https://www.idx.co.id/StaticData/NewsAndAnnouncement/ANNOUNCEMENTSTOCK/From_EREP/202509/c69f27036b_1f70107e22.pdf,20250904_MEDC_Laporan Informasi dan Fakta Material_31937555_lamp1.pdf
"08 Sep 2025
					10:49:28",https://www.idx.co.id/StaticData/NewsAndAnnouncement/ANNOUNCEMENTSTOCK/From_EREP/202509/3d6df6475a_921717eb2d.pdf,Laporan Bulanan Registrasi Pemegang Efek [],MEDC,https://www.idx.co.id/StaticData/NewsAndAnnouncement/ANNOUNCEMENTSTOCK/From_EREP/202509/866d76ed94_ae00c23190.pdf,20250908_MEDC_Laporan Bulanan Registrasi Pemegang Efek/Perubahan Struktur Pemegang Saham_31938067_lamp1.pdf,https://www.idx.co.id/StaticData/NewsAndAnnouncement/ANNOUNCEMENTSTOCK/From_EREP/202509/a40c477c88_e14c1fda6f.pdf,20250908_MEDC_Laporan Bulanan Registrasi Pemegang Efek/Perubahan Struktur Pemegang Saham_31938067_lamp2.pdf
"08 Sep 2025
					16:08:55",https://www.idx.co.id/StaticData/NewsAndAnnouncement/ANNOUNCEMENTSTOCK/From_EREP/202509/1000af4e39_40e83aea84.pdf,"Press Release dengan judul Pasang 1.500 Panel Surya di Blok Corridor, MedcoEnergi Kurangi Emisi hingga 934 Ton CO2e Per Tahun []",MEDC,https://www.idx.co.id/StaticData/NewsAndAnnouncement/ANNOUNCEMENTSTOCK/From_EREP/202509/1770e9a473_4134412200.pdf,20250908_MEDC_Laporan Informasi dan Fakta Material_31938336_lamp1.pdf,https://www.idx.co.id/StaticData/NewsAndAnnouncement/ANNOUNCEMENTSTOCK/From_EREP/202509/53a317e144_b38750db9f.pdf,20250908_MEDC_Laporan Informasi dan Fakta Material_31938336_lamp2.pdf
"12 Sep 2025
					16:53:40",https://www.idx.co.id/StaticData/NewsAndAnnouncement/ANNOUNCEMENTSTOCK/From_EREP/202509/5c9a36eb73_859fc86e4f.pdf,Laporan Hasil Public Expose - Tahunan [],MEDC,https://www.idx.co.id/StaticData/NewsAndAnnouncement/ANNOUNCEMENTSTOCK/From_EREP/202509/a592ee0106_a47eb2564f.pdf,20250912_MEDC_Public Expose_31939848_lamp1.pdf,,
"16 Sep 2025
					18:09:43",https://www.idx.co.id/StaticData/NewsAndAnnouncement/ANNOUNCEMENTSTOCK/From_EREP/202509/2ee8b69f02_e17165a47f.pdf,Press Release MedcoEnergi Perkuat Portofolio Inti di Sumatra [],MEDC,https://www.idx.co.id/StaticData/NewsAndAnnouncement/ANNOUNCEMENTSTOCK/From_EREP/202509/9dbda7be99_0f828261a2.pdf,20250916_MEDC_Laporan Informasi dan Fakta Material_31950498_lamp1.pdf,https://www.idx.co.id/StaticData/NewsAndAnnouncement/ANNOUNCEMENTSTOCK/From_EREP/202509/fdc2f834f7_0f2b25ecc1.pdf,20250916_MEDC_Laporan Informasi dan Fakta Material_31950498_lamp2.pdf
"29 Sep 2025
					18:23:12",https://www.idx.co.id/StaticData/NewsAndAnnouncement/ANNOUNCEMENTSTOCK/From_EREP/202509/a1914f6554_33d708c394.pdf,Revisi Keterbukaan Informasi ini dibuat terhadap Keterbukaan Informasi tanggal 4 September 2025 dan diterbitkan pada tanggal 29 September 2025 [],MEDC,https://www.idx.co.id/StaticData/NewsAndAnnouncement/ANNOUNCEMENTSTOCK/From_EREP/202509/4e30467bb3_35775983ae.pdf,20250929_MEDC_Laporan Informasi dan Fakta Material_31953033_lamp1.pdf,https://www.idx.co.id/StaticData/NewsAndAnnouncement/ANNOUNCEMENTSTOCK/From_EREP/202509/fda29cb298_1c004601f2.pdf,20250929_MEDC_Laporan Informasi dan Fakta Material_31953033_lamp2.pdf
"03 Sep 2025
					17:49:23",https://www.idx.co.id/StaticData/NewsAndAnnouncement/ANNOUNCEMENTSTOCK/From_EREP/202509/92c24b60ab_ae4b78cda7.pdf,Perubahan Komite Audit [],PGAS,https://www.idx.co.id/StaticData/NewsAndAnnouncement/ANNOUNCEMENTSTOCK/From_EREP/202509/8019913985_f43c4ff205.pdf,20250903_PGAS_Perubahan Corsec Komite Audit Alamat NPWP Internal Audit_31937194_lamp1.pdf,,
"04 Sep 2025
					19:25:30",https://www.idx.co.id/StaticData/NewsAndAnnouncement/ANNOUNCEMENTSTOCK/From_EREP/202509/51255f9893_2b1e54f3f9.pdf,Penyampaian Materi Public Expose - Tahunan [],PGAS,https://www.idx.co.id/StaticData/NewsAndAnnouncement/ANNOUNCEMENTSTOCK/From_EREP/202509/08aee7cacc_4774ed925e.pdf,20250904_PGAS_Public Expose_31937832_lamp2.pdf,https://www.idx.co.id/StaticData/NewsAndAnnouncement/ANNOUNCEMENTSTOCK/From_EREP/202509/65323ca789_5bc9fb4a3b.pdf,20250904_PGAS_Public Expose_31937832_lamp1.pdf
"08 Sep 2025
					16:51:34",https://www.idx.co.id/StaticData/NewsAndAnnouncement/ANNOUNCEMENTSTOCK/From_EREP/202509/b4af829b23_29afb8daa3.pdf,Penyampaian Materi Public Expose - Tahunan (KOREKSI) [],PGAS,https://www.idx.co.id/StaticData/NewsAndAnnouncement/ANNOUNCEMENTSTOCK/From_EREP/202509/2358119705_1c59abdee9.pdf,20250908_PGAS_Public Expose_31938367_lamp1.pdf,https://www.idx.co.id/StaticData/NewsAndAnnouncement/ANNOUNCEMENTSTOCK/From_EREP/202509/2bd27ad922_8d5f6fba20.pdf,20250908_PGAS_Public Expose_31938367_lamp2.pdf
"10 Sep 2025
					18:17:52",https://www.idx.co.id/StaticData/NewsAndAnnouncement/ANNOUNCEMENTSTOCK/From_EREP/202509/3589fbea1b_286217b752.pdf,Laporan Bulanan Registrasi Pemegang Efek [],PGAS,https://www.idx.co.id/StaticData/NewsAndAnnouncement/ANNOUNCEMENTSTOCK/From_EREP/202509/5ed9b1b611_6014f6ee8d.pdf,20250910_PGAS_Laporan Bulanan Registrasi Pemegang Efek/Perubahan Struktur Pemegang Saham_31939235_lamp5.pdf,https://www.idx.co.id/StaticData/NewsAndAnnouncement/ANNOUNCEMENTSTOCK/From_EREP/202509/b7552d4ad2_9808fbe141.pdf,20250910_PGAS_Laporan Bulanan Registrasi Pemegang Efek/Perubahan Struktur Pemegang Saham_31939235_lamp4.pdf
"15 Sep 2025
					11:53:20",https://www.idx.co.id/StaticData/NewsAndAnnouncement/ANNOUNCEMENTSTOCK/From_EREP/202509/c860ddecfc_d93f0d47f9.pdf,Laporan Hasil Public Expose - Tahunan [],PGAS,https://www.idx.co.id/StaticData/NewsAndAnnouncement/ANNOUNCEMENTSTOCK/From_EREP/202509/2162d39b7c_a93e1683ab.pdf,20250915_PGAS_Public Expose_31950006_lamp2.pdf,https://www.idx.co.id/StaticData/NewsAndAnnouncement/ANNOUNCEMENTSTOCK/From_EREP/202509/615b641935_b7611b9b04.pdf,20250915_PGAS_Public Expose_31950006_lamp1.pdf
"15 Sep 2025
					21:37:06",https://www.idx.co.id/StaticData/NewsAndAnnouncement/ANNOUNCEMENTSTOCK/From_EREP/202509/e9cbc9e4f7_aec0587538.pdf,Perubahan Komite Audit [],PGAS,https://www.idx.co.id/StaticData/NewsAndAnnouncement/ANNOUNCEMENTSTOCK/From_EREP/202509/8dd37b31b1_2fcfdc3d8e.pdf,20250915_PGAS_Perubahan Corsec Komite Audit Alamat NPWP Internal Audit_31950241_lamp1.pdf,,
"01 Sep 2025
					15:37:20",https://www.idx.co.id/StaticData/NewsAndAnnouncement/ANNOUNCEMENTSTOCK/From_EREP/202509/9a363d593e_5e37157608.pdf,Pencatatan Saham [],PGEO,https://www.idx.co.id/StaticData/NewsAndAnnouncement/ANNOUNCEMENTSTOCK/From_EREP/202509/94e2687f8b_423dfb2bb1.pdf,20250901_PGEO_Pencatatan Saham Tambahan dari Konversi_31936223_lamp1.pdf,,
"02 Sep 2025
					17:46:24",https://www.idx.co.id/StaticData/NewsAndAnnouncement/ANNOUNCEMENTSTOCK/From_EREP/202509/8f7dc5f940_037e8bd233.pdf,Pencatatan Saham [],PGEO,https://www.idx.co.id/StaticData/NewsAndAnnouncement/ANNOUNCEMENTSTOCK/From_EREP/202509/27085526a4_38570500d1.pdf,20250902_PGEO_Pencatatan Saham Tambahan dari Konversi_31936569_lamp1.pdf,,
"04 Sep 2025
					23:40:02",https://www.idx.co.id/StaticData/NewsAndAnnouncement/ANNOUNCEMENTSTOCK/From_EREP/202509/232cf7a4f6_6dadc1bf3b.pdf,Laporan Bulanan Registrasi Pemegang Efek [],PGEO,https://www.idx.co.id/StaticData/NewsAndAnnouncement/ANNOUNCEMENTSTOCK/From_EREP/202509/20881a69e2_6f7bab415d.pdf,20250904_PGEO_Laporan Bulanan Registrasi Pemegang Efek/Perubahan Struktur Pemegang Saham_31937846_lamp1.pdf,https://www.idx.co.id/StaticData/NewsAndAnnouncement/ANNOUNCEMENTSTOCK/From_EREP/202509/444fc8524f_ddb0a7ba9a.pdf,20250904_PGEO_Laporan Bulanan Registrasi Pemegang Efek/Perubahan Struktur Pemegang Saham_31937846_lamp3.pdf
"08 Sep 2025
					00:43:14",https://www.idx.co.id/StaticData/NewsAndAnnouncement/ANNOUNCEMENTSTOCK/From_EREP/202509/c61e5354b5_78f534dba0.pdf,Pencatatan Saham [],PGEO,https://www.idx.co.id/StaticData/NewsAndAnnouncement/ANNOUNCEMENTSTOCK/From_EREP/202509/d08c2405ce_10dbce3dc5.pdf,20250903_PGEO_Pencatatan Saham Tambahan dari Konversi_31937016_lamp1.pdf,,
"08 Sep 2025
					00:45:00",https://www.idx.co.id/StaticData/NewsAndAnnouncement/ANNOUNCEMENTSTOCK/From_EREP/202509/77544295b0_9a74fb7bb4.pdf,Pencatatan Saham [],PGEO,https://www.idx.co.id/StaticData/NewsAndAnnouncement/ANNOUNCEMENTSTOCK/From_EREP/202509/00fa183baa_468900d308.pdf,20250904_PGEO_Pencatatan Saham Tambahan dari Konversi_31937362_lamp1.pdf,,
"08 Sep 2025
					20:26:29",https://www.idx.co.id/StaticData/NewsAndAnnouncement/ANNOUNCEMENTSTOCK/From_EREP/202509/a2c4561c48_3dfe640557.pdf,Pencatatan Saham [],PGEO,https://www.idx.co.id/StaticData/NewsAndAnnouncement/ANNOUNCEMENTSTOCK/From_EREP/202509/59f52badd9_1c41a9a2aa.pdf,20250908_PGEO_Pencatatan Saham Tambahan dari Konversi_31938103_lamp1.pdf,,
"09 Sep 2025
					17:25:03",https://www.idx.co.id/StaticData/NewsAndAnnouncement/ANNOUNCEMENTSTOCK/From_EREP/202509/e4617cb247_d10c5a7a0d.pdf,Pencatatan Saham [],PGEO,https://www.idx.co.id/StaticData/NewsAndAnnouncement/ANNOUNCEMENTSTOCK/From_EREP/202509/7b9296e2ef_37c3784a3a.pdf,20250909_PGEO_Pencatatan Saham Tambahan dari Konversi_31938652_lamp1.pdf,,
"10 Sep 2025
					08:46:59",https://www.idx.co.id/StaticData/NewsAndAnnouncement/ANNOUNCEMENTSTOCK/From_EREP/202509/0d85cde3db_b6722d1821.pdf,Pertamina Resmikan Groundbreaking Pilot Plant Green Hydrogen di Ulubelu [],PGEO,,,,
"10 Sep 2025
					20:44:33",https://www.idx.co.id/StaticData/NewsAndAnnouncement/ANNOUNCEMENTSTOCK/From_EREP/202509/dc048e65a6_edc4b079d9.pdf,Pencatatan Saham [],PGEO,https://www.idx.co.id/StaticData/NewsAndAnnouncement/ANNOUNCEMENTSTOCK/From_EREP/202509/bc72d874e3_2572973b2f.pdf,20250910_PGEO_Pencatatan Saham Tambahan dari Konversi_31939002_lamp1.pdf,,
"13 Sep 2025
					22:37:18",https://www.idx.co.id/StaticData/NewsAndAnnouncement/ANNOUNCEMENTSTOCK/From_EREP/202509/348f2f43be_13fab54d34.pdf,Pencatatan Saham [],PGEO,https://www.idx.co.id/StaticData/NewsAndAnnouncement/ANNOUNCEMENTSTOCK/From_EREP/202509/8183285d61_3367c1d375.pdf,20250912_PGEO_Pencatatan Saham Tambahan dari Konversi_31939759_lamp1.pdf,,
"13 Sep 2025
					22:42:46",https://www.idx.co.id/StaticData/NewsAndAnnouncement/ANNOUNCEMENTSTOCK/From_EREP/202509/b6f764395c_8550900167.pdf,Pencatatan Saham [],PGEO,https://www.idx.co.id/StaticData/NewsAndAnnouncement/ANNOUNCEMENTSTOCK/From_EREP/202509/008405a8e5_7a23856232.pdf,20250911_PGEO_Pencatatan Saham Tambahan dari Konversi_31939361_lamp1.pdf,,
"15 Sep 2025
					18:17:37",https://www.idx.co.id/StaticData/NewsAndAnnouncement/ANNOUNCEMENTSTOCK/From_EREP/202509/9db9d16eed_eb9a338934.pdf,Pencatatan Saham [],PGEO,https://www.idx.co.id/StaticData/NewsAndAnnouncement/ANNOUNCEMENTSTOCK/From_EREP/202509/bff4d76bec_27dc710895.pdf,20250915_PGEO_Pencatatan Saham Tambahan dari Konversi_31950013_lamp1.pdf,,
"17 Sep 2025
					15:34:42",https://www.idx.co.id/StaticData/NewsAndAnnouncement/ANNOUNCEMENTSTOCK/From_EREP/202509/72efae070f_4dedd40524.pdf,Pencatatan Saham [],PGEO,https://www.idx.co.id/StaticData/NewsAndAnnouncement/ANNOUNCEMENTSTOCK/From_EREP/202509/3ac95c9054_e08e7a55a1.pdf,20250917_PGEO_Pencatatan Saham Tambahan dari Konversi_31950592_lamp1.pdf,,
"17 Sep 2025
					15:41:19",https://www.idx.co.id/StaticData/NewsAndAnnouncement/ANNOUNCEMENTSTOCK/From_EREP/202509/99b23b8837_44ac3ab44e.pdf,Pencatatan Saham [],PGEO,https://www.idx.co.id/StaticData/NewsAndAnnouncement/ANNOUNCEMENTSTOCK/From_EREP/202509/ebc6b3b589_762d4c390f.pdf,20250916_PGEO_Pencatatan Saham Tambahan dari Konversi_31950283_lamp1.pdf,,
"18 Sep 2025
					18:33:50",https://www.idx.co.id/StaticData/NewsAndAnnouncement/ANNOUNCEMENTSTOCK/From_EREP/202509/e07305122f_62560ead9c.pdf,Pencatatan Saham [],PGEO,https://www.idx.co.id/StaticData/NewsAndAnnouncement/ANNOUNCEMENTSTOCK/From_EREP/202509/e7b29b9846_fde0f7aff4.pdf,20250918_PGEO_Pencatatan Saham Tambahan dari Konversi_31950801_lamp1.pdf,,
"18 Sep 2025
					22:16:36",https://www.idx.co.id/StaticData/NewsAndAnnouncement/ANNOUNCEMENTSTOCK/From_EREP/202509/6168ef0173_50d0bdb3e4.pdf,"Hadir di IIGCE 2025, PGE Tegaskan Siap Bangun Ekosistem Panas Bumi di Indonesia []",PGEO,,,,
"19 Sep 2025
					10:10:20",https://www.idx.co.id/StaticData/NewsAndAnnouncement/ANNOUNCEMENTSTOCK/From_EREP/202509/682f08b569_970bd43fb7.pdf,Perubahan Komite Audit [],PGEO,,,,
"19 Sep 2025
					18:32:42",https://www.idx.co.id/StaticData/NewsAndAnnouncement/ANNOUNCEMENTSTOCK/From_EREP/202509/90e8747b51_fea2456722.pdf,Pencatatan Saham [],PGEO,https://www.idx.co.id/StaticData/NewsAndAnnouncement/ANNOUNCEMENTSTOCK/From_EREP/202509/a45082fe20_9df502bb61.pdf,20250919_PGEO_Pencatatan Saham Tambahan dari Konversi_31951063_lamp1.pdf,,
"23 Sep 2025
					14:50:06",https://www.idx.co.id/StaticData/NewsAndAnnouncement/ANNOUNCEMENTSTOCK/From_EREP/202509/636a1c7b39_973106765b.pdf,"Dorong Indonesia Jadi Pemimpin Panas Bumi Dunia, PGE Usung Beyond Electricity di IIGCE 2025 []",PGEO,,,,
"24 Sep 2025
					06:28:20",https://www.idx.co.id/StaticData/NewsAndAnnouncement/ANNOUNCEMENTSTOCK/From_EREP/202509/0bc07800c2_cb56b31896.pdf,Pencatatan Saham [],PGEO,https://www.idx.co.id/StaticData/NewsAndAnnouncement/ANNOUNCEMENTSTOCK/From_EREP/202509/ee75f6c5bf_6412a2bc66.pdf,20250923_PGEO_Pencatatan Saham Tambahan dari Konversi_31951705_lamp1.pdf,,
"24 Sep 2025
					18:59:20",https://www.idx.co.id/StaticData/NewsAndAnnouncement/ANNOUNCEMENTSTOCK/From_EREP/202509/5f5e13d92f_f67af313eb.pdf,Pencatatan Saham [],PGEO,https://www.idx.co.id/StaticData/NewsAndAnnouncement/ANNOUNCEMENTSTOCK/From_EREP/202509/2945ff3c0c_9e1731a6cc.pdf,20250924_PGEO_Pencatatan Saham Tambahan dari Konversi_31951994_lamp1.pdf,,
"26 Sep 2025
					17:43:12",https://www.idx.co.id/StaticData/NewsAndAnnouncement/ANNOUNCEMENTSTOCK/From_EREP/202509/aeda5ca1e4_b116e990b9.pdf,Pencatatan Saham [],PGEO,https://www.idx.co.id/StaticData/NewsAndAnnouncement/ANNOUNCEMENTSTOCK/From_EREP/202509/13529c846d_769a6bcc7b.pdf,20250925_PGEO_Pencatatan Saham Tambahan dari Konversi_31952364_lamp1.pdf,,
"26 Sep 2025
					17:48:44",https://www.idx.co.id/StaticData/NewsAndAnnouncement/ANNOUNCEMENTSTOCK/From_EREP/202509/e2afecac6c_c0308113e7.pdf,Pencatatan Saham [],PGEO,https://www.idx.co.id/StaticData/NewsAndAnnouncement/ANNOUNCEMENTSTOCK/From_EREP/202509/832e722b8a_fc683d897c.pdf,20250926_PGEO_Pencatatan Saham Tambahan dari Konversi_31952673_lamp1.pdf,,
"26 Sep 2025
					17:50:15",https://www.idx.co.id/StaticData/NewsAndAnnouncement/ANNOUNCEMENTSTOCK/From_EREP/202509/e2afecac6c_c0308113e7.pdf,Pencatatan Saham [],PGEO,https://www.idx.co.id/StaticData/NewsAndAnnouncement/ANNOUNCEMENTSTOCK/From_EREP/202509/832e722b8a_fc683d897c.pdf,20250926_PGEO_Pencatatan Saham Tambahan dari Konversi_31952673_lamp1.pdf,,
"29 Sep 2025
					19:34:05",https://www.idx.co.id/StaticData/NewsAndAnnouncement/ANNOUNCEMENTSTOCK/From_EREP/202509/28ebb604a5_0bcb678c2e.pdf,Pencatatan Saham [],PGEO,https://www.idx.co.id/StaticData/NewsAndAnnouncement/ANNOUNCEMENTSTOCK/From_EREP/202509/caee7b29e0_8c0ace5510.pdf,20250929_PGEO_Pencatatan Saham Tambahan dari Konversi_31952922_lamp1.pdf,,
"01 Sep 2025
					15:00:17",https://www.idx.co.id/StaticData/NewsAndAnnouncement/ANNOUNCEMENTSTOCK/From_EREP/202509/e961bf9934_3fb22545c1.pdf,Perubahan Corporate Secretary [],PTBA,https://www.idx.co.id/StaticData/NewsAndAnnouncement/ANNOUNCEMENTSTOCK/From_EREP/202509/06ce24324d_c04a5d131f.pdf,20250901_PTBA_Perubahan Corsec Komite Audit Alamat NPWP Internal Audit_31936378_lamp1.pdf,,
"01 Sep 2025
					15:12:54",https://www.idx.co.id/StaticData/NewsAndAnnouncement/ANNOUNCEMENTSTOCK/From_EREP/202509/0a13416f06_ff5c58686b.pdf,Perubahan Komite Audit [],PTBA,https://www.idx.co.id/StaticData/NewsAndAnnouncement/ANNOUNCEMENTSTOCK/From_EREP/202509/98f4e5c5d9_8f255eb438.pdf,20250901_PTBA_Perubahan Corsec Komite Audit Alamat NPWP Internal Audit_31936380_lamp1.pdf,,
"03 Sep 2025
					17:20:21",https://www.idx.co.id/StaticData/NewsAndAnnouncement/ANNOUNCEMENTSTOCK/From_EREP/202509/a9b42e4dee_70524ef607.pdf,Perubahan Internal Audit [],PTBA,https://www.idx.co.id/StaticData/NewsAndAnnouncement/ANNOUNCEMENTSTOCK/From_EREP/202509/9bc22455d7_b702ae92a9.pdf,20250903_PTBA_Perubahan Corsec Komite Audit Alamat NPWP Internal Audit_31936864_lamp1.pdf,,
"08 Sep 2025
					13:39:57",https://www.idx.co.id/StaticData/NewsAndAnnouncement/ANNOUNCEMENTSTOCK/From_EREP/202509/6fb6bcc17d_79d633c70c.pdf,Penyampaian Materi Public Expose - Tahunan [],PTBA,https://www.idx.co.id/StaticData/NewsAndAnnouncement/ANNOUNCEMENTSTOCK/From_EREP/202509/966320c0a9_781080267a.pdf,20250908_PTBA_Public Expose_31938198_lamp1.pdf,https://www.idx.co.id/StaticData/NewsAndAnnouncement/ANNOUNCEMENTSTOCK/From_EREP/202509/ef72ad0d93_d839edd341.pdf,20250908_PTBA_Public Expose_31938198_lamp2.pdf
"10 Sep 2025
					09:08:00",https://www.idx.co.id/StaticData/NewsAndAnnouncement/ANNOUNCEMENTSTOCK/From_EREP/202509/537587320f_87d0c03d46.pdf,Laporan Bulanan Registrasi Pemegang Efek [],PTBA,https://www.idx.co.id/StaticData/NewsAndAnnouncement/ANNOUNCEMENTSTOCK/From_EREP/202509/02aaf71da4_6ee8f8d7e9.pdf,20250910_PTBA_Laporan Bulanan Registrasi Pemegang Efek/Perubahan Struktur Pemegang Saham_31938932_lamp4.pdf,https://www.idx.co.id/StaticData/NewsAndAnnouncement/ANNOUNCEMENTSTOCK/From_EREP/202509/461892c6dd_d881c55017.pdf,20250910_PTBA_Laporan Bulanan Registrasi Pemegang Efek/Perubahan Struktur Pemegang Saham_31938932_lamp5.pdf
"15 Sep 2025
					15:11:56",https://www.idx.co.id/StaticData/NewsAndAnnouncement/ANNOUNCEMENTSTOCK/From_EREP/202509/610815dd10_ce71364f8e.pdf,Laporan Hasil Public Expose - Tahunan [],PTBA,https://www.idx.co.id/StaticData/NewsAndAnnouncement/ANNOUNCEMENTSTOCK/From_EREP/202509/3e5a41fcd0_3741083c83.pdf,20250915_PTBA_Public Expose_31950078_lamp2.pdf,https://www.idx.co.id/StaticData/NewsAndAnnouncement/ANNOUNCEMENTSTOCK/From_EREP/202509/53cfc4128a_40a39a38ff.pdf,20250915_PTBA_Public Expose_31950078_lamp1.pdf
"10 Sep 2025
					16:42:07",https://www.idx.co.id/StaticData/NewsAndAnnouncement/ANNOUNCEMENTSTOCK/From_EREP/202509/d51c1c3685_a50fdf448c.pdf,Laporan Bulanan Registrasi Pemegang Efek [],SCMA,https://www.idx.co.id/StaticData/NewsAndAnnouncement/ANNOUNCEMENTSTOCK/From_EREP/202509/bebb6c6d8b_ad6766c5de.pdf,20250910_SCMA_Laporan Bulanan Registrasi Pemegang Efek/Perubahan Struktur Pemegang Saham_31939158_lamp1.pdf,,
"01 Sep 2025
					16:23:59",https://www.idx.co.id/StaticData/NewsAndAnnouncement/ANNOUNCEMENTSTOCK/From_EREP/202509/c417ca3cc3_100e9f0556.pdf,Pemegang Saham di atas 5% (KSEI) [],Semua Emiten Saham,https://www.idx.co.id/StaticData/NewsAndAnnouncement/ANNOUNCEMENTSTOCK/From_EREP/202509/bc0dab430d_a388e99e41.pdf,20250901_Semua Emiten Saham_Pengumuman Bursa_31936286_lamp1.pdf,,
"02 Sep 2025
					17:04:32",https://www.idx.co.id/StaticData/NewsAndAnnouncement/ANNOUNCEMENTSTOCK/From_EREP/202509/084ab1f945_cc6a11e8c7.pdf,Pemegang Saham di atas 5% (KSEI) [],Semua Emiten Saham,https://www.idx.co.id/StaticData/NewsAndAnnouncement/ANNOUNCEMENTSTOCK/From_EREP/202509/9fbf15e2c3_887fc28402.pdf,20250902_Semua Emiten Saham_Pengumuman Bursa_31936617_lamp1.pdf,,
"03 Sep 2025
					16:25:48",https://www.idx.co.id/StaticData/NewsAndAnnouncement/ANNOUNCEMENTSTOCK/From_EREP/202509/b95e9f3315_fc5cbfd0cd.pdf,Pemegang Saham di atas 5% (KSEI) [],Semua Emiten Saham,https://www.idx.co.id/StaticData/NewsAndAnnouncement/ANNOUNCEMENTSTOCK/From_EREP/202509/a283fa096e_bcf3312594.pdf,20250903_Semua Emiten Saham_Pengumuman Bursa_31937026_lamp1.pdf,,
"04 Sep 2025
					16:49:22",https://www.idx.co.id/StaticData/NewsAndAnnouncement/ANNOUNCEMENTSTOCK/From_EREP/202509/2ba343e251_1465b7c9e9.pdf,Pemegang Saham di atas 5% (KSEI) [],Semua Emiten Saham,https://www.idx.co.id/StaticData/NewsAndAnnouncement/ANNOUNCEMENTSTOCK/From_EREP/202509/29c20f9abc_22d09b0ef5.pdf,20250904_Semua Emiten Saham_Pengumuman Bursa_31937454_lamp1.pdf,,
"09 Sep 2025
					19:41:14",https://www.idx.co.id/StaticData/NewsAndAnnouncement/ANNOUNCEMENTSTOCK/From_EREP/202509/82843c63f2_f3e3f22c72.pdf,Pemegang Saham di atas 5% (KSEI) [],Semua Emiten Saham,https://www.idx.co.id/StaticData/NewsAndAnnouncement/ANNOUNCEMENTSTOCK/From_EREP/202509/8ce2f49fee_7d13c1b348.pdf,20250909_Semua Emiten Saham_Pengumuman Bursa_31938642_lamp1.pdf,,
"10 Sep 2025
					17:11:21",https://www.idx.co.id/StaticData/NewsAndAnnouncement/ANNOUNCEMENTSTOCK/From_EREP/202509/a202581d7d_31c32352d0.pdf,Pemegang Saham di atas 5% (KSEI) [],Semua Emiten Saham,https://www.idx.co.id/StaticData/NewsAndAnnouncement/ANNOUNCEMENTSTOCK/From_EREP/202509/eb000f7c67_2891886e27.pdf,20250910_Semua Emiten Saham_Pengumuman Bursa_31938993_lamp1.pdf,,
"11 Sep 2025
					18:12:22",https://www.idx.co.id/StaticData/NewsAndAnnouncement/ANNOUNCEMENTSTOCK/From_EREP/202509/b864a24b69_cb1554e5ad.pdf,Pemegang Saham di atas 5% (KSEI) [],Semua Emiten Saham,https://www.idx.co.id/StaticData/NewsAndAnnouncement/ANNOUNCEMENTSTOCK/From_EREP/202509/64f80c90e4_9153ce97df.pdf,20250911_Semua Emiten Saham_Pengumuman Bursa_31939355_lamp1.pdf,,
"15 Sep 2025
					22:09:40",https://www.idx.co.id/StaticData/NewsAndAnnouncement/ANNOUNCEMENTSTOCK/From_EREP/202509/7bd22c2fc1_76a0a01ae8.pdf,Pemegang Saham di atas 5% (KSEI) [],Semua Emiten Saham,https://www.idx.co.id/StaticData/NewsAndAnnouncement/ANNOUNCEMENTSTOCK/From_EREP/202509/880b87dc87_a86667c679.pdf,20250915_Semua Emiten Saham_Pengumuman Bursa_31950019_lamp1.pdf,,
"15 Sep 2025
					22:10:29",https://www.idx.co.id/StaticData/NewsAndAnnouncement/ANNOUNCEMENTSTOCK/From_EREP/202509/7bd22c2fc1_76a0a01ae8.pdf,Pemegang Saham di atas 5% (KSEI) [],Semua Emiten Saham,https://www.idx.co.id/StaticData/NewsAndAnnouncement/ANNOUNCEMENTSTOCK/From_EREP/202509/880b87dc87_a86667c679.pdf,20250915_Semua Emiten Saham_Pengumuman Bursa_31950019_lamp1.pdf,,
"16 Sep 2025
					20:10:41",https://www.idx.co.id/StaticData/NewsAndAnnouncement/ANNOUNCEMENTSTOCK/From_EREP/202509/ffca4f6e9e_02bec40e97.pdf,Pemegang Saham di atas 5% (KSEI) [],Semua Emiten Saham,https://www.idx.co.id/StaticData/NewsAndAnnouncement/ANNOUNCEMENTSTOCK/From_EREP/202509/95f7e18f85_73e2b07c80.pdf,20250912_Semua Emiten Saham_Pengumuman Bursa_31939719_lamp1.pdf,,
"16 Sep 2025
					20:11:13",https://www.idx.co.id/StaticData/NewsAndAnnouncement/ANNOUNCEMENTSTOCK/From_EREP/202509/ffca4f6e9e_02bec40e97.pdf,Pemegang Saham di atas 5% (KSEI) [],Semua Emiten Saham,https://www.idx.co.id/StaticData/NewsAndAnnouncement/ANNOUNCEMENTSTOCK/From_EREP/202509/95f7e18f85_73e2b07c80.pdf,20250912_Semua Emiten Saham_Pengumuman Bursa_31939719_lamp1.pdf,,
"17 Sep 2025
					09:00:27",https://www.idx.co.id/StaticData/NewsAndAnnouncement/ANNOUNCEMENTSTOCK/From_EREP/202509/17adadf57b_c59a5a8777.pdf,Pemegang Saham di atas 5% (KSEI) [],Semua Emiten Saham,https://www.idx.co.id/StaticData/NewsAndAnnouncement/ANNOUNCEMENTSTOCK/From_EREP/202509/560055c489_525e0e8085.pdf,20250916_Semua Emiten Saham_Pengumuman Bursa_31950324_lamp1.pdf,,
"17 Sep 2025
					16:27:40",https://www.idx.co.id/StaticData/NewsAndAnnouncement/ANNOUNCEMENTSTOCK/From_EREP/202509/270f8be677_2126c27fb2.pdf,Pemegang Saham di atas 5% (KSEI) [],Semua Emiten Saham,https://www.idx.co.id/StaticData/NewsAndAnnouncement/ANNOUNCEMENTSTOCK/From_EREP/202509/e6fd35b1f1_6e1c437229.pdf,20250917_Semua Emiten Saham_Pengumuman Bursa_31950596_lamp1.pdf,,
"18 Sep 2025
					15:08:15",https://www.idx.co.id/StaticData/NewsAndAnnouncement/ANNOUNCEMENTSTOCK/From_EREP/202509/bb4b04e4df_196bfaf46a.pdf,Pemegang Saham di atas 5% (KSEI) [],Semua Emiten Saham,https://www.idx.co.id/StaticData/NewsAndAnnouncement/ANNOUNCEMENTSTOCK/From_EREP/202509/418b37b20b_b2a82d7093.pdf,20250918_Semua Emiten Saham_Pengumuman Bursa_31950821_lamp1.pdf,,
"19 Sep 2025
					16:27:52",https://www.idx.co.id/StaticData/NewsAndAnnouncement/ANNOUNCEMENTSTOCK/From_EREP/202509/1c2a193f35_9caad30e66.pdf,Pemegang Saham di atas 5% (KSEI) [],Semua Emiten Saham,https://www.idx.co.id/StaticData/NewsAndAnnouncement/ANNOUNCEMENTSTOCK/From_EREP/202509/f037099eda_7516be5d1d.pdf,20250919_Semua Emiten Saham_Pengumuman Bursa_31951066_lamp1.pdf,,
"22 Sep 2025
					16:45:44",https://www.idx.co.id/StaticData/NewsAndAnnouncement/ANNOUNCEMENTSTOCK/From_EREP/202509/dc60c43c42_f97f36ce22.pdf,Pemegang Saham di atas 5% (KSEI) [],Semua Emiten Saham,https://www.idx.co.id/StaticData/NewsAndAnnouncement/ANNOUNCEMENTSTOCK/From_EREP/202509/e52eaf885c_69848cd1e4.pdf,20250922_Semua Emiten Saham_Pengumuman Bursa_31951351_lamp1.pdf,,
"24 Sep 2025
					13:48:44",https://www.idx.co.id/StaticData/NewsAndAnnouncement/ANNOUNCEMENTSTOCK/From_EREP/202509/83e2313578_758ef48b9c.pdf,Pemegang Saham di atas 5% (KSEI) [],Semua Emiten Saham,https://www.idx.co.id/StaticData/NewsAndAnnouncement/ANNOUNCEMENTSTOCK/From_EREP/202509/f321758cef_22cfa5c219.pdf,20250923_Semua Emiten Saham_Pengumuman Bursa_31951706_lamp1.pdf,,
"24 Sep 2025
					18:03:35",https://www.idx.co.id/StaticData/NewsAndAnnouncement/ANNOUNCEMENTSTOCK/From_EREP/202509/f2ff74a66a_34b4923fcf.pdf,Pemegang Saham di atas 5% (KSEI) [],Semua Emiten Saham,https://www.idx.co.id/StaticData/NewsAndAnnouncement/ANNOUNCEMENTSTOCK/From_EREP/202509/dac0b10b31_4bd3147558.pdf,20250924_Semua Emiten Saham_Pengumuman Bursa_31952087_lamp1.pdf,,
"25 Sep 2025
					17:08:41",https://www.idx.co.id/StaticData/NewsAndAnnouncement/ANNOUNCEMENTSTOCK/From_EREP/202509/6ab7b06251_fcb53a9d33.pdf,Pemegang Saham di atas 5% (KSEI) [],Semua Emiten Saham,https://www.idx.co.id/StaticData/NewsAndAnnouncement/ANNOUNCEMENTSTOCK/From_EREP/202509/9adc7fb855_c7a7dccfbd.pdf,20250925_Semua Emiten Saham_Pengumuman Bursa_31952392_lamp1.pdf,,
"26 Sep 2025
					20:17:33",https://www.idx.co.id/StaticData/NewsAndAnnouncement/ANNOUNCEMENTSTOCK/From_EREP/202509/fa1a1641c0_4472993db6.pdf,Pemegang Saham di atas 5% (KSEI) [],Semua Emiten Saham,https://www.idx.co.id/StaticData/NewsAndAnnouncement/ANNOUNCEMENTSTOCK/From_EREP/202509/78672686a8_4fc69a464f.pdf,20250926_Semua Emiten Saham_Pengumuman Bursa_31952671_lamp1.pdf,,
"29 Sep 2025
					17:12:46",https://www.idx.co.id/StaticData/NewsAndAnnouncement/ANNOUNCEMENTSTOCK/From_EREP/202509/6fe6ada943_ae2e9d6a60.pdf,Pemegang Saham di atas 5% (KSEI) [],Semua Emiten Saham,https://www.idx.co.id/StaticData/NewsAndAnnouncement/ANNOUNCEMENTSTOCK/From_EREP/202509/342b1b3553_313d49a496.pdf,20250929_Semua Emiten Saham_Pengumuman Bursa_31952911_lamp1.pdf,,
"30 Sep 2025
					22:02:09",https://www.idx.co.id/StaticData/NewsAndAnnouncement/ANNOUNCEMENTSTOCK/From_EREP/202509/e651caaa60_5a0ef70303.pdf,Pemegang Saham di atas 5% (KSEI) [],Semua Emiten Saham,https://www.idx.co.id/StaticData/NewsAndAnnouncement/ANNOUNCEMENTSTOCK/From_EREP/202509/c078246806_4a3d126d48.pdf,20250930_Semua Emiten Saham_Pengumuman Bursa_31953227_lamp1.pdf,,
"04 Sep 2025
					14:51:10",https://www.idx.co.id/StaticData/NewsAndAnnouncement/ANNOUNCEMENTSTOCK/From_EREP/202509/5e31808399_72f34e53c9.pdf,Rencana Penyelenggaraan Public Expose - Tahunan (KOREKSI) [],SMGR,https://www.idx.co.id/StaticData/NewsAndAnnouncement/ANNOUNCEMENTSTOCK/From_EREP/202509/1a5534b3fb_a70f45db48.pdf,20250904_SMGR_Public Expose_31937599_lamp1.pdf,https://www.idx.co.id/StaticData/NewsAndAnnouncement/ANNOUNCEMENTSTOCK/From_EREP/202509/8844796ce8_60e58cedac.pdf,20250904_SMGR_Public Expose_31937599_lamp2.pdf
"08 Sep 2025
					16:01:35",https://www.idx.co.id/StaticData/NewsAndAnnouncement/ANNOUNCEMENTSTOCK/From_EREP/202509/b7de134c6a_e9aa47bddd.pdf,Laporan Bulanan Registrasi Pemegang Efek [],SMGR,https://www.idx.co.id/StaticData/NewsAndAnnouncement/ANNOUNCEMENTSTOCK/From_EREP/202509/667fe6f3ed_9d8223874b.pdf,20250908_SMGR_Laporan Bulanan Registrasi Pemegang Efek/Perubahan Struktur Pemegang Saham_31938267_lamp1.pdf,,
"09 Sep 2025
					19:38:18",https://www.idx.co.id/StaticData/NewsAndAnnouncement/ANNOUNCEMENTSTOCK/From_EREP/202509/590064e7e9_8db5e560c9.pdf,Penyampaian Materi Public Expose - Tahunan [],SMGR,https://www.idx.co.id/StaticData/NewsAndAnnouncement/ANNOUNCEMENTSTOCK/From_EREP/202509/a4ba91a29e_23b4917ddd.pdf,20250909_SMGR_Public Expose_31938812_lamp1.pdf,https://www.idx.co.id/StaticData/NewsAndAnnouncement/ANNOUNCEMENTSTOCK/From_EREP/202509/f69fa866bf_99af843154.pdf,20250909_SMGR_Public Expose_31938812_lamp2.pdf
"11 Sep 2025
					15:32:18",https://www.idx.co.id/StaticData/NewsAndAnnouncement/ANNOUNCEMENTSTOCK/From_EREP/202509/5858e3b384_f65d7623f8.pdf,Penyampaian Materi Public Expose - Tahunan (KOREKSI) [],SMGR,https://www.idx.co.id/StaticData/NewsAndAnnouncement/ANNOUNCEMENTSTOCK/From_EREP/202509/265b495c63_968f9e02c5.pdf,20250911_SMGR_Public Expose_31939419_lamp2.pdf,https://www.idx.co.id/StaticData/NewsAndAnnouncement/ANNOUNCEMENTSTOCK/From_EREP/202509/adcea8b838_16e2cd8c33.pdf,20250911_SMGR_Public Expose_31939419_lamp1.pdf
"17 Sep 2025
					10:44:50",https://www.idx.co.id/StaticData/NewsAndAnnouncement/ANNOUNCEMENTSTOCK/From_EREP/202509/cf8ba2e9ff_7f61a14e2f.pdf,Laporan Hasil Public Expose - Tahunan [],SMGR,https://www.idx.co.id/StaticData/NewsAndAnnouncement/ANNOUNCEMENTSTOCK/From_EREP/202509/350a0dbd04_7fb9ff78e6.pdf,20250917_SMGR_Public Expose_31950562_lamp1.pdf,https://www.idx.co.id/StaticData/NewsAndAnnouncement/ANNOUNCEMENTSTOCK/From_EREP/202509/c22e89b615_f7bf1e6dea.pdf,20250917_SMGR_Public Expose_31950562_lamp2.pdf
"08 Sep 2025
					17:35:32",https://www.idx.co.id/StaticData/NewsAndAnnouncement/ANNOUNCEMENTSTOCK/From_EREP/202509/fa9fdcb112_67fa761679.pdf,Laporan Bulanan Registrasi Pemegang Efek [],SMRA,https://www.idx.co.id/StaticData/NewsAndAnnouncement/ANNOUNCEMENTSTOCK/From_EREP/202509/a204179bf2_410c15c0a0.pdf,20250908_SMRA_Laporan Bulanan Registrasi Pemegang Efek/Perubahan Struktur Pemegang Saham_31938338_lamp1.pdf,,
"09 Sep 2025
					08:46:41",https://www.idx.co.id/StaticData/NewsAndAnnouncement/ANNOUNCEMENTSTOCK/From_EREP/202509/e97dc6e069_73acd7c87b.pdf,Laporan Transaksi Afiliasi [],SMRA,https://www.idx.co.id/StaticData/NewsAndAnnouncement/ANNOUNCEMENTSTOCK/From_EREP/202509/7910a197aa_fe5b46ce58.pdf,20250908_SMRA_Laporan Informasi dan Fakta Material_31938473_lamp1.pdf,,
"09 Sep 2025
					19:24:04",https://www.idx.co.id/StaticData/NewsAndAnnouncement/ANNOUNCEMENTSTOCK/From_EREP/202509/20250909193015-57496-0/FinancialStatement-2025-II-SMRA.pdf,Penyampaian Laporan Keuangan Interim Auditan [],SMRA,https://www.idx.co.id/StaticData/NewsAndAnnouncement/ANNOUNCEMENTSTOCK/From_EREP/202509/20250909193015-57496-0/FinancialStatement-2025-II-SMRA.xlsx,FinancialStatement-2025-II-SMRA.xlsx,https://www.idx.co.id/StaticData/NewsAndAnnouncement/ANNOUNCEMENTSTOCK/From_EREP/202509/20250909193015-57496-0/inlineXBRL.zip,inlineXBRL.zip
"10 Sep 2025
					16:17:26",https://www.idx.co.id/StaticData/NewsAndAnnouncement/ANNOUNCEMENTSTOCK/From_EREP/202509/f87d187163_a454f31263.pdf,Penyampaian Bukti Iklan Informasi Laporan Keuangan Interim [],SMRA,https://www.idx.co.id/StaticData/NewsAndAnnouncement/ANNOUNCEMENTSTOCK/From_EREP/202509/5bf20f1030_383174d207.pdf,20250910_SMRA_Penyampaian Bukti Iklan_31939123_lamp1.pdf,,
"16 Sep 2025
					10:13:30",https://www.idx.co.id/StaticData/NewsAndAnnouncement/ANNOUNCEMENTSTOCK/From_EREP/202509/20250916101646-57560-0/FinancialStatement-2025-II-SMRA.pdf,Penyampaian Laporan Keuangan Interim (KOREKSI) [],SMRA,https://www.idx.co.id/StaticData/NewsAndAnnouncement/ANNOUNCEMENTSTOCK/From_EREP/202509/20250916101646-57560-0/FinancialStatement-2025-II-SMRA.xlsx,FinancialStatement-2025-II-SMRA.xlsx,https://www.idx.co.id/StaticData/NewsAndAnnouncement/ANNOUNCEMENTSTOCK/From_EREP/202509/20250916101646-57560-0/inlineXBRL.zip,inlineXBRL.zip
"18 Sep 2025
					13:48:00",https://www.idx.co.id/StaticData/NewsAndAnnouncement/ANNOUNCEMENTSTOCK/From_EREP/202509/b9c71a2f5e_39b517609f.pdf,Laporan Transaksi Afiliasi [],SMRA,https://www.idx.co.id/StaticData/NewsAndAnnouncement/ANNOUNCEMENTSTOCK/From_EREP/202509/bd8f229370_02524210c0.pdf,20250918_SMRA_Laporan Informasi dan Fakta Material_31950799_lamp1.pdf,,
"03 Sep 2025
					13:48:46",https://www.idx.co.id/StaticData/NewsAndAnnouncement/ANNOUNCEMENTSTOCK/From_EREP/202509/b854849717_cfb4b5b892.pdf,Penundaan Rapat Umum Pemegang Saham Luar Biasa [],TLKM,https://www.idx.co.id/StaticData/NewsAndAnnouncement/ANNOUNCEMENTSTOCK/From_EREP/202509/61f92feb4d_4101218763.pdf,20250903_TLKM_Pemanggilan RUPS_31937014_lamp1.pdf,,
"03 Sep 2025
					14:06:48",https://www.idx.co.id/StaticData/NewsAndAnnouncement/ANNOUNCEMENTSTOCK/From_EREP/202509/ed609f1c61_bf9cbdc0fd.pdf,Penundaan Pelaksanaan Rapat Umum Pemegang Saham Luar Biasa Perseroan Tahun 2025 [],TLKM,https://www.idx.co.id/StaticData/NewsAndAnnouncement/ANNOUNCEMENTSTOCK/From_EREP/202509/72a127169b_0264767dbf.pdf,20250903_TLKM_Laporan Informasi dan Fakta Material_31937023_lamp1.pdf,https://www.idx.co.id/StaticData/NewsAndAnnouncement/ANNOUNCEMENTSTOCK/From_EREP/202509/9b4f1f6f7e_b6b760cdfd.pdf,20250903_TLKM_Laporan Informasi dan Fakta Material_31937023_lamp2.pdf
"03 Sep 2025
					17:33:04",https://www.idx.co.id/StaticData/NewsAndAnnouncement/ANNOUNCEMENTSTOCK/From_EREP/202509/12e4d2f932_1a6ea7bcff.pdf,Penerbitan SKS Pengganti Karena Hilang PT Telkom Indonesia (Persero) Tbk [],TLKM,https://www.idx.co.id/StaticData/NewsAndAnnouncement/ANNOUNCEMENTSTOCK/From_EREP/202509/ea853af8e1_3428ae504c.pdf,20250903_TLKM_Pengumuman Bursa_31937031_lamp1.pdf,,
"04 Sep 2025
					14:22:01",https://www.idx.co.id/StaticData/NewsAndAnnouncement/ANNOUNCEMENTSTOCK/From_EREP/202509/16eb32778a_c9eec6343f.pdf,Perubahan Jadwal Rapat Umum Pemegang Saham Luar Biasa [],TLKM,https://www.idx.co.id/StaticData/NewsAndAnnouncement/ANNOUNCEMENTSTOCK/From_EREP/202509/2dae8e68f7_dfdebf00db.pdf,20250904_TLKM_Pemanggilan RUPS_31937477_lamp3.pdf,https://www.idx.co.id/StaticData/NewsAndAnnouncement/ANNOUNCEMENTSTOCK/From_EREP/202509/b077c90a15_658321ec3f.pdf,20250904_TLKM_Pemanggilan RUPS_31937477_lamp1.pdf
"05 Sep 2025
					13:40:57",https://www.idx.co.id/StaticData/NewsAndAnnouncement/ANNOUNCEMENTSTOCK/From_EREP/202509/56434a916c_d42f27328f.pdf,Pengunduran Diri Anggota Direksi PT Telkom Indonesia (Persero) Tbk. [],TLKM,https://www.idx.co.id/StaticData/NewsAndAnnouncement/ANNOUNCEMENTSTOCK/From_EREP/202509/9f6c57d2d9_36665a2c52.pdf,20250905_TLKM_Laporan Informasi dan Fakta Material_31937852_lamp2.pdf,https://www.idx.co.id/StaticData/NewsAndAnnouncement/ANNOUNCEMENTSTOCK/From_EREP/202509/b4d856f0d7_fa534c74b0.pdf,20250905_TLKM_Laporan Informasi dan Fakta Material_31937852_lamp1.pdf
"08 Sep 2025
					17:38:27",https://www.idx.co.id/StaticData/NewsAndAnnouncement/ANNOUNCEMENTSTOCK/From_EREP/202509/a967f9e94d_6d7a2e9986.pdf,Laporan Bulanan Registrasi Pemegang Efek [],TLKM,https://www.idx.co.id/StaticData/NewsAndAnnouncement/ANNOUNCEMENTSTOCK/From_EREP/202509/511fab2ba4_f597b88374.pdf,20250908_TLKM_Laporan Bulanan Registrasi Pemegang Efek/Perubahan Struktur Pemegang Saham_31938132_lamp1.pdf,,
"09 Sep 2025
					18:42:48",https://www.idx.co.id/StaticData/NewsAndAnnouncement/ANNOUNCEMENTSTOCK/From_EREP/202509/1103937648_0f3911c3ec.pdf,Rencana Penyelenggaraan Public Expose - Tahunan [],TLKM,https://www.idx.co.id/StaticData/NewsAndAnnouncement/ANNOUNCEMENTSTOCK/From_EREP/202509/2a30406c65_e7a9ee6e0a.pdf,20250909_TLKM_Public Expose_31938861_lamp1.pdf,,
"09 Sep 2025
					20:54:43",https://www.idx.co.id/StaticData/NewsAndAnnouncement/ANNOUNCEMENTSTOCK/From_EREP/202509/8993ea1fe2_032fb1f7f8.pdf,Penyampaian Materi Public Expose - Tahunan [],TLKM,https://www.idx.co.id/StaticData/NewsAndAnnouncement/ANNOUNCEMENTSTOCK/From_EREP/202509/f4c35a1daf_6542deeb2d.pdf,20250909_TLKM_Public Expose_31938892_lamp1.pdf,,
"15 Sep 2025
					20:00:40",https://www.idx.co.id/StaticData/NewsAndAnnouncement/ANNOUNCEMENTSTOCK/From_EREP/202509/ea86334aab_af92271a98.pdf,Perubahan Jadwal Rapat Umum Pemegang Saham Luar Biasa [],TLKM,https://www.idx.co.id/StaticData/NewsAndAnnouncement/ANNOUNCEMENTSTOCK/From_EREP/202509/b59b7c6b21_9cc4e5f5fa.pdf,20250915_TLKM_Pemanggilan RUPS_31950215_lamp1.pdf,https://www.idx.co.id/StaticData/NewsAndAnnouncement/ANNOUNCEMENTSTOCK/From_EREP/202509/c1990f1f5d_ad379ba40f.pdf,20250915_TLKM_Pemanggilan RUPS_31950215_lamp2.pdf
"16 Sep 2025
					09:46:47",https://www.idx.co.id/StaticData/NewsAndAnnouncement/ANNOUNCEMENTSTOCK/From_EREP/202509/2d48f17412_1061aa537e.pdf,Laporan Hasil Public Expose - Tahunan [],TLKM,https://www.idx.co.id/StaticData/NewsAndAnnouncement/ANNOUNCEMENTSTOCK/From_EREP/202509/862c5e0b14_e9cd982853.pdf,20250916_TLKM_Public Expose_31950268_lamp2.pdf,https://www.idx.co.id/StaticData/NewsAndAnnouncement/ANNOUNCEMENTSTOCK/From_EREP/202509/98bc620290_5c2c50f944.pdf,20250916_TLKM_Public Expose_31950268_lamp3.pdf
"17 Sep 2025
					19:57:54",https://www.idx.co.id/StaticData/NewsAndAnnouncement/ANNOUNCEMENTSTOCK/From_EREP/202509/18c09a85e8_efade2ff1f.pdf,PENGUMUMAN RINGKASAN RISALAH RAPAT UMUM PEMEGANG SAHAM LUAR BIASA TAHUN 2025 PT TELKOM INDONESIA (PERSERO) Tbk [],TLKM,https://www.idx.co.id/StaticData/NewsAndAnnouncement/ANNOUNCEMENTSTOCK/From_EREP/202509/8bfdf9e4d3_a737fb69ad.pdf,20250917_TLKM_Laporan Informasi dan Fakta Material_31950741_lamp2.pdf,https://www.idx.co.id/StaticData/NewsAndAnnouncement/ANNOUNCEMENTSTOCK/From_EREP/202509/dc7981adec_e7887f899f.pdf,20250917_TLKM_Laporan Informasi dan Fakta Material_31950741_lamp1.pdf
"18 Sep 2025
					14:45:58",https://www.idx.co.id/StaticData/NewsAndAnnouncement/ANNOUNCEMENTSTOCK/From_EREP/202509/9ddaacaa1b_1d90c1f9e8.pdf,Ringkasan Risalah Rapat Umum Para Pemegang Saham Luar Biasa [],TLKM,https://www.idx.co.id/StaticData/NewsAndAnnouncement/ANNOUNCEMENTSTOCK/From_EREP/202509/259b99d6e2_7d1dbe581a.pdf,20250918_TLKM_Ringkasan Risalah/Risalah RUPS_31950890_lamp1.pdf,,
"18 Sep 2025
					15:07:46",https://www.idx.co.id/StaticData/NewsAndAnnouncement/ANNOUNCEMENTSTOCK/From_EREP/202509/6c01d476e6_4d4f6cbdb7.pdf,Perubahan Pengurus [],TLKM,https://www.idx.co.id/StaticData/NewsAndAnnouncement/ANNOUNCEMENTSTOCK/From_EREP/202509/d2a5ab0fde_2c709b966e.pdf,20250918_TLKM_Perubahan Pengurus_31950894_lamp1.pdf,,
"25 Sep 2025
					18:49:06",https://www.idx.co.id/StaticData/NewsAndAnnouncement/ANNOUNCEMENTSTOCK/From_EREP/202509/45676ddb36_720939b974.pdf,Perubahan Komite Audit [],TLKM,https://www.idx.co.id/StaticData/NewsAndAnnouncement/ANNOUNCEMENTSTOCK/From_EREP/202509/7569ca7ddd_18ee465705.pdf,20250925_TLKM_Perubahan Corsec Komite Audit Alamat NPWP Internal Audit_31952509_lamp2.pdf,https://www.idx.co.id/StaticData/NewsAndAnnouncement/ANNOUNCEMENTSTOCK/From_EREP/202509/7ec8748ad6_0759ffbcdd.pdf,20250925_TLKM_Perubahan Corsec Komite Audit Alamat NPWP Internal Audit_31952509_lamp1.pdf
"02 Sep 2025
					14:03:36",https://www.idx.co.id/StaticData/NewsAndAnnouncement/ANNOUNCEMENTSTOCK/From_EREP/202509/ca223026c6_d524407824.pdf,Penandatangan Perjanjian Kredit antara Protelindo dan Iforte dengan PT Bank CIMB Niaga Tbk [],TOWR,https://www.idx.co.id/StaticData/NewsAndAnnouncement/ANNOUNCEMENTSTOCK/From_EREP/202509/a7898ffa06_7b9bfeb9b0.pdf,20250902_TOWR_Laporan Informasi dan Fakta Material_31936636_lamp1.pdf,,
"02 Sep 2025
					20:26:59",https://www.idx.co.id/StaticData/NewsAndAnnouncement/ANNOUNCEMENTSTOCK/From_EREP/202509/c5363b9f82_8d5faead47.pdf,Penyampaian Materi Public Expose - Tahunan [],TOWR,https://www.idx.co.id/StaticData/NewsAndAnnouncement/ANNOUNCEMENTSTOCK/From_EREP/202509/22d8dd5eb7_25027b6b6f.pdf,20250902_TOWR_Public Expose_31936834_lamp2.pdf,https://www.idx.co.id/StaticData/NewsAndAnnouncement/ANNOUNCEMENTSTOCK/From_EREP/202509/e0ae821415_6ea2d91ccc.pdf,20250902_TOWR_Public Expose_31936834_lamp1.pdf
"04 Sep 2025
					15:35:28",https://www.idx.co.id/StaticData/NewsAndAnnouncement/ANNOUNCEMENTSTOCK/From_EREP/202509/2ffeac1ac3_34375a16c4.pdf,Keterbukaan Informasi Pembelian Kembali Saham dalam Kondisi Pasar yang Berfluktuasi secara Signifikan [],TOWR,https://www.idx.co.id/StaticData/NewsAndAnnouncement/ANNOUNCEMENTSTOCK/From_EREP/202509/0c9daabf47_e313b8cbb1.pdf,20250904_TOWR_Laporan Informasi dan Fakta Material_31937645_lamp3.pdf,https://www.idx.co.id/StaticData/NewsAndAnnouncement/ANNOUNCEMENTSTOCK/From_EREP/202509/415e46f71e_fddb12dd4f.pdf,20250904_TOWR_Laporan Informasi dan Fakta Material_31937645_lamp2.pdf
"07 Sep 2025
					12:31:29",https://www.idx.co.id/StaticData/NewsAndAnnouncement/ANNOUNCEMENTSTOCK/From_EREP/202509/0440eac291_d50afc7a66.pdf,Laporan Bulanan Registrasi Pemegang Efek [],TOWR,https://www.idx.co.id/StaticData/NewsAndAnnouncement/ANNOUNCEMENTSTOCK/From_EREP/202509/34aa943aa9_66c708e413.pdf,20250907_TOWR_Laporan Bulanan Registrasi Pemegang Efek/Perubahan Struktur Pemegang Saham_31937879_lamp1.pdf,,
"11 Sep 2025
					15:40:53",https://www.idx.co.id/StaticData/NewsAndAnnouncement/ANNOUNCEMENTSTOCK/From_EREP/202509/a967e7334d_ff082b971f.pdf,Penandatangan Perjanjian Kredit antara Protelindo dan Iforte dengan PT Bank China Construction Bank Indonesia Tbk [],TOWR,https://www.idx.co.id/StaticData/NewsAndAnnouncement/ANNOUNCEMENTSTOCK/From_EREP/202509/822927f6ad_61003e7938.pdf,20250911_TOWR_Laporan Informasi dan Fakta Material_31939445_lamp1.pdf,,
"11 Sep 2025
					16:39:14",https://www.idx.co.id/StaticData/NewsAndAnnouncement/ANNOUNCEMENTSTOCK/From_EREP/202509/f15dd0a107_b46aa7c38c.pdf,Laporan Hasil Public Expose - Tahunan [],TOWR,https://www.idx.co.id/StaticData/NewsAndAnnouncement/ANNOUNCEMENTSTOCK/From_EREP/202509/8750911d6c_6742ebcf44.pdf,20250911_TOWR_Public Expose_31939480_lamp1.pdf,,
"02 Sep 2025
					20:35:00",https://www.idx.co.id/StaticData/NewsAndAnnouncement/ANNOUNCEMENTSTOCK/From_EREP/202509/ab09d6aaeb_4a3ba2ff95.pdf,Penyampaian Materi Public Expose - Tahunan [],UNTR,https://www.idx.co.id/StaticData/NewsAndAnnouncement/ANNOUNCEMENTSTOCK/From_EREP/202509/445ea98d6d_65f8a35001.pdf,20250902_UNTR_Public Expose_31936748_lamp1.pdf,,
"04 Sep 2025
					18:29:06",https://www.idx.co.id/StaticData/NewsAndAnnouncement/ANNOUNCEMENTSTOCK/From_EREP/202509/7579b4d19d_c8c9b0379b.pdf,Laporan Bulanan Registrasi Pemegang Efek [],UNTR,https://www.idx.co.id/StaticData/NewsAndAnnouncement/ANNOUNCEMENTSTOCK/From_EREP/202509/0894d1a290_b9b77200d1.pdf,20250904_UNTR_Laporan Bulanan Registrasi Pemegang Efek/Perubahan Struktur Pemegang Saham_31937798_lamp1.pdf,https://www.idx.co.id/StaticData/NewsAndAnnouncement/ANNOUNCEMENTSTOCK/From_EREP/202509/3c43b46219_d5ceea5912.pdf,20250904_UNTR_Laporan Bulanan Registrasi Pemegang Efek/Perubahan Struktur Pemegang Saham_31937798_lamp2.pdf
"09 Sep 2025
					14:46:50",https://www.idx.co.id/StaticData/NewsAndAnnouncement/ANNOUNCEMENTSTOCK/From_EREP/202509/b910e74386_294c2c5001.pdf,Penjelasan atas Pemberitaan Media Massa [],UNTR,https://www.idx.co.id/StaticData/NewsAndAnnouncement/ANNOUNCEMENTSTOCK/From_EREP/202509/42da6cafb9_5604b5acde.pdf,20250909_UNTR_Tanggapan atas Permintaan Penjelasan Bursa_31938716_lamp1.pdf,,
"11 Sep 2025
					13:34:47",https://www.idx.co.id/StaticData/NewsAndAnnouncement/ANNOUNCEMENTSTOCK/From_EREP/202509/f731346196_a5ad0d057f.pdf,Laporan Hasil Public Expose - Tahunan [],UNTR,https://www.idx.co.id/StaticData/NewsAndAnnouncement/ANNOUNCEMENTSTOCK/From_EREP/202509/4886a1ce20_76ab680d87.pdf,20250911_UNTR_Public Expose_31939349_lamp1.pdf,https://www.idx.co.id/StaticData/NewsAndAnnouncement/ANNOUNCEMENTSTOCK/From_EREP/202509/99ee8b2729_a3523b70b0.pdf,20250911_UNTR_Public Expose_31939349_lamp4.pdf
"15 Sep 2025
					06:26:44",https://www.idx.co.id/StaticData/NewsAndAnnouncement/ANNOUNCEMENTSTOCK/From_EREP/202509/c7ed5fe446_88279c1312.pdf,Perjanjian Jual Beli Bersyarat [],UNTR,https://www.idx.co.id/StaticData/NewsAndAnnouncement/ANNOUNCEMENTSTOCK/From_EREP/202509/ccc7dc53f6_4830be3a8e.pdf,20250914_UNTR_Laporan Informasi dan Fakta Material_31949937_lamp1.pdf,,
"23 Sep 2025
					06:23:23",https://www.idx.co.id/StaticData/NewsAndAnnouncement/ANNOUNCEMENTSTOCK/From_EREP/202509/cd10640d3a_aa9989be0e.pdf,Likuidasi dari PT Tambang Karya Supra [],UNTR,https://www.idx.co.id/StaticData/NewsAndAnnouncement/ANNOUNCEMENTSTOCK/From_EREP/202509/1442c89e31_7446ee6679.pdf,20250922_UNTR_Laporan Informasi dan Fakta Material_31951513_lamp1.pdf,,
"29 Sep 2025
					07:55:24",https://www.idx.co.id/StaticData/NewsAndAnnouncement/ANNOUNCEMENTSTOCK/From_EREP/202509/edd4cc01ad_d550f0e430.pdf,Pembagian dividen interim [],UNTR,https://www.idx.co.id/StaticData/NewsAndAnnouncement/ANNOUNCEMENTSTOCK/From_EREP/202509/1ec7df2351_1af49b2407.pdf,20250927_UNTR_Laporan Informasi dan Fakta Material_31952859_lamp1.pdf,,
"29 Sep 2025
					07:55:42",https://www.idx.co.id/StaticData/NewsAndAnnouncement/ANNOUNCEMENTSTOCK/From_EREP/202509/5b8c02d68d_ecc56e0ba0.pdf,Jadwal Dividen Tunai Interim [],UNTR,,,,
"08 Sep 2025
					21:54:20",https://www.idx.co.id/StaticData/NewsAndAnnouncement/ANNOUNCEMENTSTOCK/From_EREP/202509/16859ff523_b9fd38b36a.pdf,Pemberitahuan Rencana Rapat Umum Pemegang Saham Luar Biasa [],UNVR,https://www.idx.co.id/StaticData/NewsAndAnnouncement/ANNOUNCEMENTSTOCK/From_EREP/202509/9422adfc81_d8324ddafe.pdf,20250908_UNVR_Pengumuman RUPS_31938474_lamp1.pdf,https://www.idx.co.id/StaticData/NewsAndAnnouncement/ANNOUNCEMENTSTOCK/From_EREP/202509/a1a55c42fc_1ab0d8d45a.pdf,20250908_UNVR_Pengumuman RUPS_31938474_lamp2.pdf
"10 Sep 2025
					16:39:36",https://www.idx.co.id/StaticData/NewsAndAnnouncement/ANNOUNCEMENTSTOCK/From_EREP/202509/4672ed935a_a1f2939a5c.pdf,Laporan Bulanan Registrasi Pemegang Efek [],UNVR,https://www.idx.co.id/StaticData/NewsAndAnnouncement/ANNOUNCEMENTSTOCK/From_EREP/202509/142dec1479_8e01814bbe.pdf,20250910_UNVR_Laporan Bulanan Registrasi Pemegang Efek/Perubahan Struktur Pemegang Saham_31939019_lamp1.pdf,https://www.idx.co.id/StaticData/NewsAndAnnouncement/ANNOUNCEMENTSTOCK/From_EREP/202509/e94b88b133_fef3c121cc.pdf,20250910_UNVR_Laporan Bulanan Registrasi Pemegang Efek/Perubahan Struktur Pemegang Saham_31939019_lamp2.pdf
"11 Sep 2025
					17:21:22",https://www.idx.co.id/StaticData/NewsAndAnnouncement/ANNOUNCEMENTSTOCK/From_EREP/202509/ce4ed8609b_fa92f46d26.pdf,Laporan Kepemilikan Saham [],UNVR,https://www.idx.co.id/StaticData/NewsAndAnnouncement/ANNOUNCEMENTSTOCK/From_EREP/202509/695e45ebad_ab5a542bbb.pdf,20250911_UNVR_Pengumuman Bursa_31939411_lamp1.pdf,,
"23 Sep 2025
					18:20:10",https://www.idx.co.id/StaticData/NewsAndAnnouncement/ANNOUNCEMENTSTOCK/From_EREP/202509/277d15427a_aa8b0e30ff.pdf,Pemanggilan Rapat Umum Pemegang Saham Luar Biasa [],UNVR,https://www.idx.co.id/StaticData/NewsAndAnnouncement/ANNOUNCEMENTSTOCK/From_EREP/202509/2a9b0d71e1_283a434a50.pdf,20250923_UNVR_Pemanggilan RUPS_31951850_lamp1.pdf,https://www.idx.co.id/StaticData/NewsAndAnnouncement/ANNOUNCEMENTSTOCK/From_EREP/202509/6277c3280d_9b4a5d8983.pdf,20250923_UNVR_Pemanggilan RUPS_31951850_lamp2.pdf
"23 Sep 2025
					18:20:14",https://www.idx.co.id/StaticData/NewsAndAnnouncement/ANNOUNCEMENTSTOCK/From_EREP/202509/277d15427a_aa8b0e30ff.pdf,Pemanggilan Rapat Umum Pemegang Saham Luar Biasa [],UNVR,https://www.idx.co.id/StaticData/NewsAndAnnouncement/ANNOUNCEMENTSTOCK/From_EREP/202509/2a9b0d71e1_283a434a50.pdf,20250923_UNVR_Pemanggilan RUPS_31951850_lamp1.pdf,https://www.idx.co.id/StaticData/NewsAndAnnouncement/ANNOUNCEMENTSTOCK/From_EREP/202509/6277c3280d_9b4a5d8983.pdf,20250923_UNVR_Pemanggilan RUPS_31951850_lamp2.pdf
"24 Sep 2025
					18:03:02",https://www.idx.co.id/StaticData/NewsAndAnnouncement/ANNOUNCEMENTSTOCK/From_EREP/202509/01004f2db0_7e7ee2b13e.pdf,Penerbitan SKS Pengganti Karena Saham Hilang PT Unilever Indonesia Tbk [],UNVR,https://www.idx.co.id/StaticData/NewsAndAnnouncement/ANNOUNCEMENTSTOCK/From_EREP/202509/329d105149_9f472b121f.pdf,20250924_UNVR_Pengumuman Bursa_31952093_lamp2.pdf,https://www.idx.co.id/StaticData/NewsAndAnnouncement/ANNOUNCEMENTSTOCK/From_EREP/202509/e002ac4c7e_3389be5780.pdf,20250924_UNVR_Pengumuman Bursa_31952093_lamp1.pdf
"29 Sep 2025
					17:45:08",https://www.idx.co.id/StaticData/NewsAndAnnouncement/ANNOUNCEMENTSTOCK/From_EREP/202509/edb265bde6_e518b84df9.pdf,Penyampaian Laporan Keuangan [],UNVR,https://www.idx.co.id/StaticData/NewsAndAnnouncement/ANNOUNCEMENTSTOCK/From_EREP/202509/5e2174d2e6_002739b959.pdf,20250929_UNVR_Laporan Informasi dan Fakta Material_31953065_lamp2.pdf,https://www.idx.co.id/StaticData/NewsAndAnnouncement/ANNOUNCEMENTSTOCK/From_EREP/202509/9f40014d34_d1ebe1936f.pdf,20250929_UNVR_Laporan Informasi dan Fakta Material_31953065_lamp1.pdf
"01 Sep 2025
					15:50:14",https://www.idx.co.id/StaticData/NewsAndAnnouncement/ANNOUNCEMENTSTOCK/From_EREP/202509/c83e28f810_22168b3e78.pdf,Pencabutan Efek Bersifat Ekuitas Dari Pemantauan Khusus [],,,,,
"01 Sep 2025
					15:50:37",https://www.idx.co.id/StaticData/NewsAndAnnouncement/ANNOUNCEMENTSTOCK/From_EREP/202509/9df8c5a8fc_5e63146b24.pdf,Efek Bersifat Ekuitas Dalam Pemantauan Khusus [],,,,,
"02 Sep 2025
					16:28:07",https://www.idx.co.id/StaticData/NewsAndAnnouncement/ANNOUNCEMENTSTOCK/From_EREP/202509/d386f8999e_1b1b48a2e0.pdf,Pencabutan Efek Bersifat Ekuitas Dari Pemantauan Khusus [],,,,,
"03 Sep 2025
					16:21:10",https://www.idx.co.id/StaticData/NewsAndAnnouncement/ANNOUNCEMENTSTOCK/From_EREP/202509/febb41cd68_c0e9624e9c.pdf,Pencabutan Efek Bersifat Ekuitas Dari Pemantauan Khusus [],,,,,
"04 Sep 2025
					16:24:22",https://www.idx.co.id/StaticData/NewsAndAnnouncement/ANNOUNCEMENTSTOCK/From_EREP/202509/13d3d19122_8993b60090.pdf,Perubahan Efek Bersifat Ekuitas Dalam Pemantauan Khusus [],,,,,
"04 Sep 2025
					16:24:44",https://www.idx.co.id/StaticData/NewsAndAnnouncement/ANNOUNCEMENTSTOCK/From_EREP/202509/9b196ffdc4_40b7685021.pdf,Pencabutan Efek Bersifat Ekuitas Dari Pemantauan Khusus [],,,,,
"04 Sep 2025
					16:39:17",https://www.idx.co.id/StaticData/NewsAndAnnouncement/ANNOUNCEMENTSTOCK/From_EREP/202509/9f704b27ac_feedee9597.pdf,Kode Efek Waran Terstruktur PT KGI Sekuritas Indonesia (HD) [],,https://www.idx.co.id/StaticData/NewsAndAnnouncement/ANNOUNCEMENTSTOCK/From_EREP/202509/e90d3378ec_987b34e63a.pdf,20250903_Pengumuman Bursa_31936892_lamp1.pdf,,
"08 Sep 2025
					16:56:33",https://www.idx.co.id/StaticData/NewsAndAnnouncement/ANNOUNCEMENTSTOCK/From_EREP/202509/0fdc2a9cde_568ed6e83b.pdf,Perubahan Efek Bersifat Ekuitas Dalam Pemantauan Khusus [],,,,,
"08 Sep 2025
					16:57:29",https://www.idx.co.id/StaticData/NewsAndAnnouncement/ANNOUNCEMENTSTOCK/From_EREP/202509/5a9af6ef19_c53574c23e.pdf,Pencabutan Efek Bersifat Ekuitas Dari Pemantauan Khusus [],,,,,
"08 Sep 2025
					16:58:37",https://www.idx.co.id/StaticData/NewsAndAnnouncement/ANNOUNCEMENTSTOCK/From_EREP/202509/2007f74a61_2334965c25.pdf,Efek Bersifat Ekuitas Dalam Pemantauan Khusus [],,,,,
"09 Sep 2025
					16:59:44",https://www.idx.co.id/StaticData/NewsAndAnnouncement/ANNOUNCEMENTSTOCK/From_EREP/202509/6d3cf55388_8d1ddcbc28.pdf,Efek Bersifat Ekuitas Dalam Pemantauan Khusus [],,,,,
"09 Sep 2025
					17:30:01",https://www.idx.co.id/StaticData/NewsAndAnnouncement/ANNOUNCEMENTSTOCK/From_EREP/202509/2b3b7cecc0_37816afc13.pdf,Perubahan Efek Bersifat Ekuitas Dalam Pemantauan Khusus [],,,,,
"10 Sep 2025
					07:57:38",https://www.idx.co.id/StaticData/NewsAndAnnouncement/ANNOUNCEMENTSTOCK/From_EREP/202509/07f6f2445a_7f1dd5a180.pdf,Pengumuman Sanksi Penyampaian Laporan Keuangan Tengah Tahunan Perusahaan Tercatat per 30 Juni 2025 [],,https://www.idx.co.id/StaticData/NewsAndAnnouncement/ANNOUNCEMENTSTOCK/From_EREP/202509/568752d184_c36d07dc73.pdf,20250909_Pengumuman Bursa_31938600_lamp1.pdf,,
"10 Sep 2025
					15:11:46",https://www.idx.co.id/StaticData/NewsAndAnnouncement/ANNOUNCEMENTSTOCK/Exchange/pabPush20250910081146/Persetujuan%20LP%20Waran%20Terstruktur%20PT%20Maybank%20Sekuritas%20Indonesia.pdf,Persetujuan kepada PT Maybank Sekuritas Indonesia sebagai Liquidity Provider atas penerbitan Waran Terstruktur [],,,,,
"10 Sep 2025
					15:57:13",https://www.idx.co.id/StaticData/NewsAndAnnouncement/ANNOUNCEMENTSTOCK/From_EREP/202509/7c0fe780f4_a934104e23.pdf,Pencabutan Efek Bersifat Ekuitas Dari Pemantauan Khusus [],,,,,
"10 Sep 2025
					15:57:39",https://www.idx.co.id/StaticData/NewsAndAnnouncement/ANNOUNCEMENTSTOCK/From_EREP/202509/e3015ece04_c9240d17f8.pdf,Efek Bersifat Ekuitas Dalam Pemantauan Khusus [],,,,,
"10 Sep 2025
					15:58:13",https://www.idx.co.id/StaticData/NewsAndAnnouncement/ANNOUNCEMENTSTOCK/From_EREP/202509/b52fa3061e_d8a342b225.pdf,Status Penyampaian Laporan Keuangan Interim per 30 Juni 2025 [],,https://www.idx.co.id/StaticData/NewsAndAnnouncement/ANNOUNCEMENTSTOCK/From_EREP/202509/4d9adf82e9_69f6aadc5d.pdf,20250910_Pengumuman Bursa_31938941_lamp1.pdf,,
"11 Sep 2025
					16:08:13",https://www.idx.co.id/StaticData/NewsAndAnnouncement/ANNOUNCEMENTSTOCK/From_EREP/202509/6211924660_c227d8f835.pdf,Pencabutan Efek Bersifat Ekuitas Dari Pemantauan Khusus [],,,,,
"11 Sep 2025
					16:09:30",https://www.idx.co.id/StaticData/NewsAndAnnouncement/ANNOUNCEMENTSTOCK/From_EREP/202509/573ecbe8ee_71ce5f8679.pdf,Efek Bersifat Ekuitas Dalam Pemantauan Khusus [],,,,,
"15 Sep 2025
					07:23:13",https://www.idx.co.id/StaticData/NewsAndAnnouncement/ANNOUNCEMENTSTOCK/From_EREP/202509/97dedd02cc_a24489db67.pdf,Perubahan Efek Bersifat Ekuitas Dalam Pemantauan Khusus [],,,,,
"15 Sep 2025
					19:22:31",https://www.idx.co.id/StaticData/NewsAndAnnouncement/ANNOUNCEMENTSTOCK/From_EREP/202509/aeacd2cf1c_fe4ddf47d0.pdf,Efek Bersifat Ekuitas Dalam Pemantauan Khusus [],,,,,
"16 Sep 2025
					15:58:11",https://www.idx.co.id/StaticData/NewsAndAnnouncement/ANNOUNCEMENTSTOCK/From_EREP/202509/755d6cec4e_2bc0aa23a5.pdf,Pencabutan Efek Bersifat Ekuitas Dari Pemantauan Khusus [],,,,,
"16 Sep 2025
					15:59:32",https://www.idx.co.id/StaticData/NewsAndAnnouncement/ANNOUNCEMENTSTOCK/From_EREP/202509/6f8c67505a_7ec6830807.pdf,Efek Bersifat Ekuitas Dalam Pemantauan Khusus [],,,,,
"17 Sep 2025
					16:52:33",https://www.idx.co.id/StaticData/NewsAndAnnouncement/ANNOUNCEMENTSTOCK/From_EREP/202509/2b35917549_f4cc421e17.pdf,Perubahan Efek Bersifat Ekuitas Dalam Pemantauan Khusus [],,,,,
"17 Sep 2025
					16:53:08",https://www.idx.co.id/StaticData/NewsAndAnnouncement/ANNOUNCEMENTSTOCK/From_EREP/202509/a147cdcbe9_4d77060365.pdf,Pencabutan Efek Bersifat Ekuitas Dari Pemantauan Khusus [],,,,,
"18 Sep 2025
					11:56:27",https://www.idx.co.id/StaticData/NewsAndAnnouncement/ANNOUNCEMENTSTOCK/From_EREP/202509/9c29759086_e4f3d0c24f.pdf,Pembukaan Penghentian Sementara Perdagangan Efek [],,https://www.idx.co.id/StaticData/NewsAndAnnouncement/ANNOUNCEMENTSTOCK/From_EREP/202509/3b319dd78b_41a15548c6.pdf,20250918_Suspensi dan Pembukaan Suspensi_31950839_lamp1.pdf,,
"18 Sep 2025
					15:59:14",https://www.idx.co.id/StaticData/NewsAndAnnouncement/ANNOUNCEMENTSTOCK/From_EREP/202509/04217dd278_86d3d9dc4a.pdf,Perubahan Efek Bersifat Ekuitas Dalam Pemantauan Khusus [],,,,,
"18 Sep 2025
					15:59:53",https://www.idx.co.id/StaticData/NewsAndAnnouncement/ANNOUNCEMENTSTOCK/From_EREP/202509/ebd24676e5_35aa639333.pdf,Pencabutan Efek Bersifat Ekuitas Dari Pemantauan Khusus [],,,,,
"19 Sep 2025
					16:48:54",https://www.idx.co.id/StaticData/NewsAndAnnouncement/ANNOUNCEMENTSTOCK/From_EREP/202509/a4d1727906_b9638296ad.pdf,Pencabutan Efek Bersifat Ekuitas Dari Pemantauan Khusus [],,,,,
"19 Sep 2025
					16:49:16",https://www.idx.co.id/StaticData/NewsAndAnnouncement/ANNOUNCEMENTSTOCK/From_EREP/202509/d8eba980c2_07fd375733.pdf,Efek Bersifat Ekuitas Dalam Pemantauan Khusus [],,,,,
"22 Sep 2025
					16:37:10",https://www.idx.co.id/StaticData/NewsAndAnnouncement/ANNOUNCEMENTSTOCK/From_EREP/202509/f139a40cd6_ed7761fa30.pdf,Efek Bersifat Ekuitas Dalam Pemantauan Khusus [],,,,,
"22 Sep 2025
					16:37:48",https://www.idx.co.id/StaticData/NewsAndAnnouncement/ANNOUNCEMENTSTOCK/From_EREP/202509/1aceadb724_725d574243.pdf,Pencabutan Efek Bersifat Ekuitas Dari Pemantauan Khusus [],,,,,
"22 Sep 2025
					16:43:50",https://www.idx.co.id/StaticData/NewsAndAnnouncement/ANNOUNCEMENTSTOCK/From_EREP/202509/c01c213969_08380f9ad2.pdf,Kode Efek Waran Terstruktur PT RHB Sekuritas Indonesia (DR) [],,https://www.idx.co.id/StaticData/NewsAndAnnouncement/ANNOUNCEMENTSTOCK/From_EREP/202509/a394f4ad54_a84700b67e.pdf,20250922_Pengumuman Bursa_31951468_lamp1.pdf,,
"22 Sep 2025
					17:14:03",https://www.idx.co.id/StaticData/NewsAndAnnouncement/ANNOUNCEMENTSTOCK/From_EREP/202509/c0a73e57b6_311d2fe325.pdf,Kode Efek Waran Terstruktur PT KGI Sekuritas Indonesia (HD) [],,https://www.idx.co.id/StaticData/NewsAndAnnouncement/ANNOUNCEMENTSTOCK/From_EREP/202509/26de9b03f5_bd17df9389.pdf,20250922_Pengumuman Bursa_31951470_lamp1.pdf,,
"22 Sep 2025
					17:49:20",https://www.idx.co.id/StaticData/NewsAndAnnouncement/ANNOUNCEMENTSTOCK/From_EREP/202509/b11caefeb3_61c8b40822.pdf,Kode Efek Waran Terstruktur PT CGS International Sekuritas Indonesia (YU) [],,https://www.idx.co.id/StaticData/NewsAndAnnouncement/ANNOUNCEMENTSTOCK/From_EREP/202509/1ef1332ed9_bd9f527727.pdf,20250922_Pengumuman Bursa_31951464_lamp1.pdf,,
"23 Sep 2025
					16:34:02",https://www.idx.co.id/StaticData/NewsAndAnnouncement/ANNOUNCEMENTSTOCK/From_EREP/202509/423c93f7f2_eb5286eb76.pdf,Efek Bersifat Ekuitas Dalam Pemantauan Khusus [],,,,,
"24 Sep 2025
					17:23:07",https://www.idx.co.id/StaticData/NewsAndAnnouncement/ANNOUNCEMENTSTOCK/From_EREP/202509/6914f106e7_4c5006825b.pdf,Pencabutan Efek Bersifat Ekuitas Dari Pemantauan Khusus [],,,,,
"24 Sep 2025
					17:42:02",https://www.idx.co.id/StaticData/NewsAndAnnouncement/ANNOUNCEMENTSTOCK/From_EREP/202509/35000caeb9_aedf8b3744.pdf,Kode Efek Waran Terstruktur PT Korea Investment and Sekuritas Indonesia (BQ) [],,https://www.idx.co.id/StaticData/NewsAndAnnouncement/ANNOUNCEMENTSTOCK/From_EREP/202509/b200fc0e77_338be6c246.pdf,20250924_Pengumuman Bursa_31952135_lamp1.pdf,,
"25 Sep 2025
					06:05:06",https://www.idx.co.id/StaticData/NewsAndAnnouncement/ANNOUNCEMENTSTOCK/From_EREP/202509/3fad6fdf44_2132538e74.pdf,Pencatatan Tambahan Waran Terstruktur Put Warrant BRPT DR Exp 8 Oktober 2025 (BRPTDRPV5A) PT RHB Sekuritas Indonesia (DR) [],,https://www.idx.co.id/StaticData/NewsAndAnnouncement/ANNOUNCEMENTSTOCK/From_EREP/202509/0f647a0ec0_9cee10d42b.pdf,20250924_Pengumuman Bursa_31952280_lamp1.pdf,https://www.idx.co.id/StaticData/NewsAndAnnouncement/ANNOUNCEMENTSTOCK/From_EREP/202509/9d1bbd5223_2f88e928d7.pdf,20250924_Pengumuman Bursa_31952280_lamp2.pdf
"25 Sep 2025
					16:53:52",https://www.idx.co.id/StaticData/NewsAndAnnouncement/ANNOUNCEMENTSTOCK/From_EREP/202509/5613d2491a_5035f5484c.pdf,Pencabutan Efek Bersifat Ekuitas Dari Pemantauan Khusus [],,,,,
"25 Sep 2025
					16:57:09",https://www.idx.co.id/StaticData/NewsAndAnnouncement/ANNOUNCEMENTSTOCK/From_EREP/202509/99f9be395f_8d389b5fb7.pdf,Efek Bersifat Ekuitas Dalam Pemantauan Khusus [],,,,,
"26 Sep 2025
					16:31:34",https://www.idx.co.id/StaticData/NewsAndAnnouncement/ANNOUNCEMENTSTOCK/From_EREP/202509/9d51412b6e_d6b58708cb.pdf,Efek Bersifat Ekuitas Dalam Pemantauan Khusus [],,,,,
"26 Sep 2025
					16:32:31",https://www.idx.co.id/StaticData/NewsAndAnnouncement/ANNOUNCEMENTSTOCK/From_EREP/202509/22f5cd5a76_2ac6508033.pdf,Perubahan Efek Bersifat Ekuitas Dalam Pemantauan Khusus [],,,,,
"29 Sep 2025
					15:36:04",https://www.idx.co.id/StaticData/NewsAndAnnouncement/ANNOUNCEMENTSTOCK/From_EREP/202509/8ab88387a0_30fe254892.pdf,Efek Bersifat Ekuitas Dalam Pemantauan Khusus [],,,,,
"30 Sep 2025
					15:57:27",https://www.idx.co.id/StaticData/NewsAndAnnouncement/ANNOUNCEMENTSTOCK/From_EREP/202509/2c6a56f335_8e8204414f.pdf,Pencabutan Efek Bersifat Ekuitas Dari Pemantauan Khusus [],,,,,
"30 Sep 2025
					16:47:06",https://www.idx.co.id/StaticData/NewsAndAnnouncement/ANNOUNCEMENTSTOCK/From_EREP/202509/cea4d89116_615b23ce8f.pdf,Kode Efek Waran Terstruktur PT RHB Sekuritas Indonesia (DR) [],,https://www.idx.co.id/StaticData/NewsAndAnnouncement/ANNOUNCEMENTSTOCK/From_EREP/202509/29fbd2512d_2ba63a8e81.pdf,20250930_Pengumuman Bursa_31953166_lamp1.pdf,,