text-small,attach-card href,f-m-20,f-m-20 2,d-iblock href,d-iblock,d-iblock href 2,d-iblock 2,d-iblock href 3,d-iblock 3,d-iblock href 4,d-iblock 4,d-iblock href 5,d-iblock 5
"10 Okt 2025
					19:04:12",https://www.idx.co.id/StaticData/NewsAndAnnouncement/ANNOUNCEMENTSTOCK/From_EREP/202510/1f2930e71f_a6b84057db.pdf,Laporan Bulanan Registrasi Pemegang Efek [],AADI,https://www.idx.co.id/StaticData/NewsAndAnnouncement/ANNOUNCEMENTSTOCK/From_EREP/202510/21de8dc593_c15fc34150.pdf,20251007_AADI_Laporan Bulanan Registrasi Pemegang Efek/Perubahan Struktur Pemegang Saham_31965104_lamp1.pdf,,,,,,,,
"10 Okt 2025
					20:26:45",https://www.idx.co.id/StaticData/NewsAndAnnouncement/ANNOUNCEMENTSTOCK/From_EREP/202510/a8ef915d44_58c5c39a5a.pdf,Laporan Bulanan Aktivitas Eksplorasi [],AADI,,,,,,,,,,
"31 Okt 2025
					19:19:17",https://www.idx.co.id/StaticData/NewsAndAnnouncement/ANNOUNCEMENTSTOCK/From_EREP/202502/20260220172249-58414-0/FinancialStatement-2025-III-AADI.pdf,Penyampaian Laporan Keuangan Interim Yang Tidak Diaudit [],AADI,https://www.idx.co.id/StaticData/NewsAndAnnouncement/ANNOUNCEMENTSTOCK/From_EREP/202502/20260220172249-58414-0/Director%20Statement%20AAI%2030%20September%202025.pdf,Director Statement AAI 30 September 2025.pdf,https://www.idx.co.id/StaticData/NewsAndAnnouncement/ANNOUNCEMENTSTOCK/From_EREP/202502/20260220172249-58414-0/FinancialStatement-2025-III-AADI.xlsx,FinancialStatement-2025-III-AADI.xlsx,https://www.idx.co.id/StaticData/NewsAndAnnouncement/ANNOUNCEMENTSTOCK/From_EREP/202502/20260220172249-58414-0/FS%20Adaro%20Andalan%20Indonesia%20Tbk%2030%20September%202025.pdf,FS Adaro Andalan Indonesia Tbk 30 September 2025.pdf,https://www.idx.co.id/StaticData/NewsAndAnnouncement/ANNOUNCEMENTSTOCK/From_EREP/202502/20260220172249-58414-0/inlineXBRL.zip,inlineXBRL.zip,https://www.idx.co.id/StaticData/NewsAndAnnouncement/ANNOUNCEMENTSTOCK/From_EREP/202502/20260220172249-58414-0/instance.zip,instance.zip
"06 Okt 2025
					16:56:56",https://www.idx.co.id/StaticData/NewsAndAnnouncement/ANNOUNCEMENTSTOCK/From_EREP/202510/0815041df8_3aa8fb4edb.pdf,Laporan Bulanan Registrasi Pemegang Efek [],ACES,https://www.idx.co.id/StaticData/NewsAndAnnouncement/ANNOUNCEMENTSTOCK/From_EREP/202510/44f4ef99e9_7a11c58ee4.pdf,20251006_ACES_Laporan Bulanan Registrasi Pemegang Efek/Perubahan Struktur Pemegang Saham_31964900_lamp1.pdf,,,,,,,,
"31 Okt 2025
					15:44:08",https://www.idx.co.id/StaticData/NewsAndAnnouncement/ANNOUNCEMENTSTOCK/From_EREP/202502/20260220171938-58176-0/FinancialStatement-2025-III-ACES.pdf,Penyampaian Laporan Keuangan Interim Yang Tidak Diaudit [],ACES,https://www.idx.co.id/StaticData/NewsAndAnnouncement/ANNOUNCEMENTSTOCK/From_EREP/202502/20260220171938-58176-0/Checklist%20LK%20AHI%203Q25.pdf,Checklist LK AHI 3Q25.pdf,https://www.idx.co.id/StaticData/NewsAndAnnouncement/ANNOUNCEMENTSTOCK/From_EREP/202502/20260220171938-58176-0/Cover%20Letter%20LK%203Q25.pdf,Cover Letter LK 3Q25.pdf,https://www.idx.co.id/StaticData/NewsAndAnnouncement/ANNOUNCEMENTSTOCK/From_EREP/202502/20260220171938-58176-0/FinancialStatement-2025-III-ACES.xlsx,FinancialStatement-2025-III-ACES.xlsx,https://www.idx.co.id/StaticData/NewsAndAnnouncement/ANNOUNCEMENTSTOCK/From_EREP/202502/20260220171938-58176-0/inlineXBRL.zip,inlineXBRL.zip,https://www.idx.co.id/StaticData/NewsAndAnnouncement/ANNOUNCEMENTSTOCK/From_EREP/202502/20260220171938-58176-0/instance.zip,instance.zip
"08 Okt 2025
					16:04:05",https://www.idx.co.id/StaticData/NewsAndAnnouncement/ANNOUNCEMENTSTOCK/From_EREP/202510/1ee0813d68_49b7103df1.pdf,Laporan Bulanan Registrasi Pemegang Efek [],ADMR,https://www.idx.co.id/StaticData/NewsAndAnnouncement/ANNOUNCEMENTSTOCK/From_EREP/202510/27ba098f40_d2136d32d4.pdf,20251006_ADMR_Laporan Bulanan Registrasi Pemegang Efek/Perubahan Struktur Pemegang Saham_31964876_lamp1.pdf,,,,,,,,
"08 Okt 2025
					16:04:48",https://www.idx.co.id/StaticData/NewsAndAnnouncement/ANNOUNCEMENTSTOCK/From_EREP/202510/2d3aa4118a_26dabafdc9.pdf,Laporan Bulanan Aktivitas Eksplorasi [],ADMR,,,,,,,,,,
"13 Okt 2025
					20:45:58",https://www.idx.co.id/StaticData/NewsAndAnnouncement/ANNOUNCEMENTSTOCK/From_EREP/202510/8b17f45f42_9c2db75453.pdf,Penjelasan atas Permintaan Penjelasan Bursa [],ADMR,https://www.idx.co.id/StaticData/NewsAndAnnouncement/ANNOUNCEMENTSTOCK/From_EREP/202510/c1fa174847_ed884e6bc3.pdf,20251013_ADMR_Tanggapan atas Permintaan Penjelasan Bursa_31967103_lamp1.pdf,,,,,,,,
"13 Okt 2025
					20:48:14",https://www.idx.co.id/StaticData/NewsAndAnnouncement/ANNOUNCEMENTSTOCK/From_EREP/202510/08cd5e549f_e076d7b0ed.pdf,Penjelasan atas Volatilitas Transaksi [],ADMR,,,,,,,,,,
"31 Okt 2025
					17:39:12",https://www.idx.co.id/StaticData/NewsAndAnnouncement/ANNOUNCEMENTSTOCK/From_EREP/202502/20260220175057-58514-0/FinancialStatement-2025-III-ADMR.pdf,Penyampaian Laporan Keuangan Interim Yang Tidak Diaudit [],ADMR,https://www.idx.co.id/StaticData/NewsAndAnnouncement/ANNOUNCEMENTSTOCK/From_EREP/202502/20260220175057-58514-0/ADMR%20-%20Directors%20Statement%2030%20Sep%202025.pdf,ADMR - Directors Statement 30 Sep 2025.pdf,https://www.idx.co.id/StaticData/NewsAndAnnouncement/ANNOUNCEMENTSTOCK/From_EREP/202502/20260220175057-58514-0/ADMR%20-%20Kenaikan%20Aset%20%20Liabilitas%20September%202025.pdf,ADMR - Kenaikan Aset  Liabilitas September 2025.pdf,https://www.idx.co.id/StaticData/NewsAndAnnouncement/ANNOUNCEMENTSTOCK/From_EREP/202502/20260220175057-58514-0/ADMR%20-%20Laporan%20Keuangan%20Konsolidasian%2030%20Sept%202025.pdf,ADMR - Laporan Keuangan Konsolidasian 30 Sept 2025.pdf,https://www.idx.co.id/StaticData/NewsAndAnnouncement/ANNOUNCEMENTSTOCK/From_EREP/202502/20260220175057-58514-0/FinancialStatement-2025-III-ADMR.xlsx,FinancialStatement-2025-III-ADMR.xlsx,https://www.idx.co.id/StaticData/NewsAndAnnouncement/ANNOUNCEMENTSTOCK/From_EREP/202502/20260220175057-58514-0/inlineXBRL.zip,inlineXBRL.zip
"08 Okt 2025
					16:05:13",https://www.idx.co.id/StaticData/NewsAndAnnouncement/ANNOUNCEMENTSTOCK/From_EREP/202510/4f062b5b4c_5bcba5ad8c.pdf,Laporan Bulanan Registrasi Pemegang Efek [],ADRO,https://www.idx.co.id/StaticData/NewsAndAnnouncement/ANNOUNCEMENTSTOCK/From_EREP/202510/a33ebf3806_755930b5ce.pdf,20251007_ADRO_Laporan Bulanan Registrasi Pemegang Efek/Perubahan Struktur Pemegang Saham_31965267_lamp1.pdf,,,,,,,,
"09 Okt 2025
					16:03:36",https://www.idx.co.id/StaticData/NewsAndAnnouncement/ANNOUNCEMENTSTOCK/From_EREP/202510/b3e9f77bda_71bc798ebb.pdf,Laporan Bulanan Aktivitas Eksplorasi [],ADRO,,,,,,,,,,
"14 Okt 2025
					21:19:52",https://www.idx.co.id/StaticData/NewsAndAnnouncement/ANNOUNCEMENTSTOCK/From_EREP/202510/7c8c2885e9_bb33465aa4.pdf,Penjelasan atas Pemberitaan Media Massa [],ADRO,,,,,,,,,,
"17 Okt 2025
					22:27:59",https://www.idx.co.id/StaticData/NewsAndAnnouncement/ANNOUNCEMENTSTOCK/From_EREP/202510/4d80ecf450_17be92eba5.pdf,Laporan Kepemilikan atau Setiap Perubahan Kepemilikan Saham Perusahaan Terbuka [],ADRO,https://www.idx.co.id/StaticData/NewsAndAnnouncement/ANNOUNCEMENTSTOCK/From_EREP/202510/5b10b9675c_4422436f4e.pdf,20251017_ADRO_Laporan Kepemilikan atau Setiap Perubahan Kepemilikan Saham Perusahaan Terbuka_31968069_lamp1.pdf,,,,,,,,
"31 Okt 2025
					16:28:15",https://www.idx.co.id/StaticData/NewsAndAnnouncement/ANNOUNCEMENTSTOCK/From_EREP/202510/20251031163955-58623-0/FinancialStatement-2025-III-ADRO.pdf,Penyampaian Laporan Keuangan Interim Yang Tidak Diaudit [],ADRO,https://www.idx.co.id/StaticData/NewsAndAnnouncement/ANNOUNCEMENTSTOCK/From_EREP/202510/20251031163955-58623-0/FinancialStatement-2025-III-ADRO.xlsx,FinancialStatement-2025-III-ADRO.xlsx,https://www.idx.co.id/StaticData/NewsAndAnnouncement/ANNOUNCEMENTSTOCK/From_EREP/202510/20251031163955-58623-0/FS%20AlamTri%200925.pdf,FS AlamTri 0925.pdf,https://www.idx.co.id/StaticData/NewsAndAnnouncement/ANNOUNCEMENTSTOCK/From_EREP/202510/20251031163955-58623-0/inlineXBRL.zip,inlineXBRL.zip,https://www.idx.co.id/StaticData/NewsAndAnnouncement/ANNOUNCEMENTSTOCK/From_EREP/202510/20251031163955-58623-0/instance.zip,instance.zip,,
"09 Okt 2025
					19:40:39",https://www.idx.co.id/StaticData/NewsAndAnnouncement/ANNOUNCEMENTSTOCK/From_EREP/202510/c8f0e56662_a357ae77b9.pdf,Laporan Bulanan Registrasi Pemegang Efek [],AKRA,https://www.idx.co.id/StaticData/NewsAndAnnouncement/ANNOUNCEMENTSTOCK/From_EREP/202510/e8c2a6caaa_fc3523efa4.pdf,20251009_AKRA_Laporan Bulanan Registrasi Pemegang Efek/Perubahan Struktur Pemegang Saham_31966455_lamp1.pdf,,,,,,,,
"23 Okt 2025
					10:17:50",https://www.idx.co.id/StaticData/NewsAndAnnouncement/ANNOUNCEMENTSTOCK/From_EREP/202502/20260220173518-57818-0/FinancialStatement-2025-III-AKRA.pdf,Penyampaian Laporan Keuangan Interim Yang Tidak Diaudit [],AKRA,https://www.idx.co.id/StaticData/NewsAndAnnouncement/ANNOUNCEMENTSTOCK/From_EREP/202502/20260220173518-57818-0/FinancialStatement-2025-III-AKRA.xlsx,FinancialStatement-2025-III-AKRA.xlsx,https://www.idx.co.id/StaticData/NewsAndAnnouncement/ANNOUNCEMENTSTOCK/From_EREP/202502/20260220173518-57818-0/inlineXBRL.zip,inlineXBRL.zip,https://www.idx.co.id/StaticData/NewsAndAnnouncement/ANNOUNCEMENTSTOCK/From_EREP/202502/20260220173518-57818-0/instance.zip,instance.zip,https://www.idx.co.id/StaticData/NewsAndAnnouncement/ANNOUNCEMENTSTOCK/From_EREP/202502/20260220173518-57818-0/PT%20AKR%20Corporindo%20Tbk.%2030%20September%202025_release.pdf,PT AKR Corporindo Tbk. 30 September 2025_release.pdf,https://www.idx.co.id/StaticData/NewsAndAnnouncement/ANNOUNCEMENTSTOCK/From_EREP/202502/20260220173518-57818-0/surat%20akra%20no.076.L.AKR.CS.2025.pdf,surat akra no.076.L.AKR.CS.2025.pdf
"27 Okt 2025
					17:23:50",https://www.idx.co.id/StaticData/NewsAndAnnouncement/ANNOUNCEMENTSTOCK/From_EREP/202510/e5128ceacc_99446f46cb.pdf,Penurunan Modal PT Jakarta Tank Terminal [],AKRA,https://www.idx.co.id/StaticData/NewsAndAnnouncement/ANNOUNCEMENTSTOCK/From_EREP/202510/f8641941dc_2b1106495e.pdf,20251027_AKRA_Laporan Informasi dan Fakta Material_31979925_lamp1.pdf,,,,,,,,
"28 Okt 2025
					13:36:32",https://www.idx.co.id/StaticData/NewsAndAnnouncement/ANNOUNCEMENTSTOCK/From_EREP/202510/9545445bb1_f844e90a7d.pdf,Peningkatan Modal PT Anugerah Krida Retailindo [],AKRA,https://www.idx.co.id/StaticData/NewsAndAnnouncement/ANNOUNCEMENTSTOCK/From_EREP/202510/fa78f231aa_15814c90a6.pdf,20251028_AKRA_Laporan Informasi dan Fakta Material_31980061_lamp1.pdf,,,,,,,,
"02 Okt 2025
					16:41:42",https://www.idx.co.id/StaticData/NewsAndAnnouncement/ANNOUNCEMENTSTOCK/From_EREP/202510/e240f234f7_8dbad87b1d.pdf,Laporan Kepemilikan atau Setiap Perubahan Kepemilikan Saham Perusahaan Terbuka [],AMMN,https://www.idx.co.id/StaticData/NewsAndAnnouncement/ANNOUNCEMENTSTOCK/From_EREP/202510/0a85d9c856_ca595f8bfb.pdf,20251002_AMMN_Laporan Kepemilikan atau Setiap Perubahan Kepemilikan Saham Perusahaan Terbuka_31953894_lamp1.pdf,,,,,,,,
"03 Okt 2025
					21:31:57",https://www.idx.co.id/StaticData/NewsAndAnnouncement/ANNOUNCEMENTSTOCK/From_EREP/202510/0ac3e50bb6_7e946ee3a3.pdf,Laporan Kepemilikan atau Setiap Perubahan Kepemilikan Saham Perusahaan Terbuka [],AMMN,https://www.idx.co.id/StaticData/NewsAndAnnouncement/ANNOUNCEMENTSTOCK/From_EREP/202510/6b67d3ff2b_ed63ead001.pdf,20251003_AMMN_Laporan Kepemilikan atau Setiap Perubahan Kepemilikan Saham Perusahaan Terbuka_31954189_lamp1.pdf,,,,,,,,
"10 Okt 2025
					16:01:42",https://www.idx.co.id/StaticData/NewsAndAnnouncement/ANNOUNCEMENTSTOCK/From_EREP/202510/2fa232cc25_724194f675.pdf,Laporan Bulanan Registrasi Pemegang Efek [],AMMN,https://www.idx.co.id/StaticData/NewsAndAnnouncement/ANNOUNCEMENTSTOCK/From_EREP/202510/60017be200_df65620908.pdf,20251008_AMMN_Laporan Bulanan Registrasi Pemegang Efek/Perubahan Struktur Pemegang Saham_31965863_lamp1.pdf,https://www.idx.co.id/StaticData/NewsAndAnnouncement/ANNOUNCEMENTSTOCK/From_EREP/202510/a1d063bff0_6e1a9f9353.pdf,20251008_AMMN_Laporan Bulanan Registrasi Pemegang Efek/Perubahan Struktur Pemegang Saham_31965863_lamp2.pdf,,,,,,
"10 Okt 2025
					16:24:12",https://www.idx.co.id/StaticData/NewsAndAnnouncement/ANNOUNCEMENTSTOCK/From_EREP/202510/83966e6953_c0f6ca947b.pdf,Laporan Bulanan Aktivitas Eksplorasi [],AMMN,https://www.idx.co.id/StaticData/NewsAndAnnouncement/ANNOUNCEMENTSTOCK/From_EREP/202510/72e8610ccd_44fc001c5f.pdf,20251010_AMMN_Laporan Bulanan Aktivitas Eksplorasi_31966635_lamp1.pdf,https://www.idx.co.id/StaticData/NewsAndAnnouncement/ANNOUNCEMENTSTOCK/From_EREP/202510/820af39753_56006d0364.pdf,20251010_AMMN_Laporan Bulanan Aktivitas Eksplorasi_31966635_lamp2.pdf,,,,,,
"20 Okt 2025
					16:30:23",https://www.idx.co.id/StaticData/NewsAndAnnouncement/ANNOUNCEMENTSTOCK/From_EREP/202510/66f2d7d993_6aa5e49f1b.pdf,Penjelasan atas Pemberitaan Media Massa [],AMMN,https://www.idx.co.id/StaticData/NewsAndAnnouncement/ANNOUNCEMENTSTOCK/From_EREP/202510/011e3cabea_f90f334388.pdf,20251020_AMMN_Tanggapan atas Permintaan Penjelasan Bursa_31978464_lamp1.pdf,,,,,,,,
"22 Okt 2025
					15:09:52",https://www.idx.co.id/StaticData/NewsAndAnnouncement/ANNOUNCEMENTSTOCK/From_EREP/202510/725bbb3200_24155e979a.pdf,Penjelasan atas Pemberitaan Media Massa (KOREKSI) [],AMMN,https://www.idx.co.id/StaticData/NewsAndAnnouncement/ANNOUNCEMENTSTOCK/From_EREP/202510/dbdd611b02_97bfdacb93.pdf,20251022_AMMN_Tanggapan atas Permintaan Penjelasan Bursa_31978996_lamp1.pdf,,,,,,,,
"27 Okt 2025
					16:17:49",https://www.idx.co.id/StaticData/NewsAndAnnouncement/ANNOUNCEMENTSTOCK/From_EREP/202510/f9fcb67207_3e270a2f45.pdf,Penjelasan atas Pemberitaan Media Massa [],AMMN,https://www.idx.co.id/StaticData/NewsAndAnnouncement/ANNOUNCEMENTSTOCK/From_EREP/202510/865fc0db8c_a9b5949fe4.pdf,20251027_AMMN_Tanggapan atas Permintaan Penjelasan Bursa_31979830_lamp1.pdf,,,,,,,,
"30 Okt 2025
					11:57:33",https://www.idx.co.id/StaticData/NewsAndAnnouncement/ANNOUNCEMENTSTOCK/From_EREP/202502/20260220145603-57787-0/FinancialStatement-2025-III-AMMN.pdf,Penyampaian Laporan Keuangan Interim Yang Tidak Diaudit [],AMMN,https://www.idx.co.id/StaticData/NewsAndAnnouncement/ANNOUNCEMENTSTOCK/From_EREP/202502/20260220145603-57787-0/AMMN%20-%20Penyampaian%20Laporan%20Keuangan%20Q325.pdf,AMMN - Penyampaian Laporan Keuangan Q325.pdf,https://www.idx.co.id/StaticData/NewsAndAnnouncement/ANNOUNCEMENTSTOCK/From_EREP/202502/20260220145603-57787-0/FinancialStatement-2025-III-AMMN.xlsx,FinancialStatement-2025-III-AMMN.xlsx,https://www.idx.co.id/StaticData/NewsAndAnnouncement/ANNOUNCEMENTSTOCK/From_EREP/202502/20260220145603-57787-0/FS%20PT%20AMMN%20Tbk%20-%2030%20September%202025.pdf,FS PT AMMN Tbk - 30 September 2025.pdf,https://www.idx.co.id/StaticData/NewsAndAnnouncement/ANNOUNCEMENTSTOCK/From_EREP/202502/20260220145603-57787-0/inlineXBRL.zip,inlineXBRL.zip,https://www.idx.co.id/StaticData/NewsAndAnnouncement/ANNOUNCEMENTSTOCK/From_EREP/202502/20260220145603-57787-0/instance.zip,instance.zip
"30 Okt 2025
					12:10:53",https://www.idx.co.id/StaticData/NewsAndAnnouncement/ANNOUNCEMENTSTOCK/From_EREP/202510/d95bec4dc8_067277fe7c.pdf,Hasil Kinerja 9M 2025 AMMAN [],AMMN,https://www.idx.co.id/StaticData/NewsAndAnnouncement/ANNOUNCEMENTSTOCK/From_EREP/202510/159f0a8da8_8949b75f52.pdf,20251030_AMMN_Laporan Informasi dan Fakta Material_31980692_lamp1.pdf,https://www.idx.co.id/StaticData/NewsAndAnnouncement/ANNOUNCEMENTSTOCK/From_EREP/202510/5d945f4bb1_6caccd074a.pdf,20251030_AMMN_Laporan Informasi dan Fakta Material_31980692_lamp2.pdf,,,,,,
"06 Okt 2025
					15:42:35",https://www.idx.co.id/StaticData/NewsAndAnnouncement/ANNOUNCEMENTSTOCK/From_EREP/202510/4a5e7410ab_a03e096efc.pdf,Laporan Kepemilikan Saham [],AMRT,https://www.idx.co.id/StaticData/NewsAndAnnouncement/ANNOUNCEMENTSTOCK/From_EREP/202510/562a59c8e1_a792384a59.pdf,20251006_AMRT_Pengumuman Bursa_31964671_lamp1.pdf,,,,,,,,
"07 Okt 2025
					09:56:10",https://www.idx.co.id/StaticData/NewsAndAnnouncement/ANNOUNCEMENTSTOCK/From_EREP/202510/b7669b765f_9cfe961f88.pdf,Laporan Bulanan Registrasi Pemegang Efek [],AMRT,,,,,,,,,,
"31 Okt 2025
					16:25:25",https://www.idx.co.id/StaticData/NewsAndAnnouncement/ANNOUNCEMENTSTOCK/From_EREP/202502/20260220174730-58458-0/FinancialStatement-2025-III-AMRT.pdf,Penyampaian Laporan Keuangan Interim Yang Tidak Diaudit [],AMRT,https://www.idx.co.id/StaticData/NewsAndAnnouncement/ANNOUNCEMENTSTOCK/From_EREP/202502/20260220174730-58458-0/022_OJK_Penyampaian%20Laporan%20Keuangan%20Q3%202025.pdf,022_OJK_Penyampaian Laporan Keuangan Q3 2025.pdf,https://www.idx.co.id/StaticData/NewsAndAnnouncement/ANNOUNCEMENTSTOCK/From_EREP/202502/20260220174730-58458-0/AMRT%20LK%20Q3%202025.pdf,AMRT LK Q3 2025.pdf,https://www.idx.co.id/StaticData/NewsAndAnnouncement/ANNOUNCEMENTSTOCK/From_EREP/202502/20260220174730-58458-0/FinancialStatement-2025-III-AMRT.xlsx,FinancialStatement-2025-III-AMRT.xlsx,https://www.idx.co.id/StaticData/NewsAndAnnouncement/ANNOUNCEMENTSTOCK/From_EREP/202502/20260220174730-58458-0/inlineXBRL.zip,inlineXBRL.zip,https://www.idx.co.id/StaticData/NewsAndAnnouncement/ANNOUNCEMENTSTOCK/From_EREP/202502/20260220174730-58458-0/instance.zip,instance.zip
"01 Okt 2025
					05:40:57",https://www.idx.co.id/StaticData/NewsAndAnnouncement/ANNOUNCEMENTSTOCK/From_EREP/202510/2b11cd5d9a_b33a5a55ec.pdf,Transaksi Afiliasi [],ANTM,https://www.idx.co.id/StaticData/NewsAndAnnouncement/ANNOUNCEMENTSTOCK/From_EREP/202510/0f96cb5c34_0ab8e29f02.pdf,20251001_ANTM_Informasi Transaksi Afiliasi_31953443_lamp1.pdf,,,,,,,,
"03 Okt 2025
					16:29:01",https://www.idx.co.id/StaticData/NewsAndAnnouncement/ANNOUNCEMENTSTOCK/From_EREP/202510/d96047f505_b3ad79e2de.pdf,Perubahan Corporate Secretary [],ANTM,https://www.idx.co.id/StaticData/NewsAndAnnouncement/ANNOUNCEMENTSTOCK/From_EREP/202510/ddc2e617a7_71157bd2c9.pdf,20251003_ANTM_Perubahan Corsec Komite Audit Alamat NPWP Internal Audit_31954321_lamp1.pdf,,,,,,,,
"07 Okt 2025
					20:34:47",https://www.idx.co.id/StaticData/NewsAndAnnouncement/ANNOUNCEMENTSTOCK/From_EREP/202510/5b03bb3ef7_46fa40cb25.pdf,Laporan Kepemilikan atau Setiap Perubahan Kepemilikan Saham Perusahaan Terbuka [],ANTM,https://www.idx.co.id/StaticData/NewsAndAnnouncement/ANNOUNCEMENTSTOCK/From_EREP/202510/88b4c9a030_64aa871fec.pdf,20251007_ANTM_Laporan Kepemilikan atau Setiap Perubahan Kepemilikan Saham Perusahaan Terbuka_31965557_lamp2.pdf,https://www.idx.co.id/StaticData/NewsAndAnnouncement/ANNOUNCEMENTSTOCK/From_EREP/202510/906d943f9c_fd777756b8.pdf,20251007_ANTM_Laporan Kepemilikan atau Setiap Perubahan Kepemilikan Saham Perusahaan Terbuka_31965557_lamp1.pdf,,,,,,
"08 Okt 2025
					09:28:43",https://www.idx.co.id/StaticData/NewsAndAnnouncement/ANNOUNCEMENTSTOCK/From_EREP/202510/f9e27db93d_e68b721ba8.pdf,Laporan Bulanan Registrasi Pemegang Efek [],ANTM,https://www.idx.co.id/StaticData/NewsAndAnnouncement/ANNOUNCEMENTSTOCK/From_EREP/202510/952e1912de_117e9d3551.pdf,20251008_ANTM_Laporan Bulanan Registrasi Pemegang Efek/Perubahan Struktur Pemegang Saham_31965617_lamp1.pdf,,,,,,,,
"10 Okt 2025
					15:53:36",https://www.idx.co.id/StaticData/NewsAndAnnouncement/ANNOUNCEMENTSTOCK/From_EREP/202510/d061d5921c_aa75164f60.pdf,Laporan Bulanan Aktivitas Eksplorasi [],ANTM,https://www.idx.co.id/StaticData/NewsAndAnnouncement/ANNOUNCEMENTSTOCK/From_EREP/202510/74677a5b20_b97ce0f8e4.pdf,20251010_ANTM_Laporan Bulanan Aktivitas Eksplorasi_31966768_lamp1.pdf,https://www.idx.co.id/StaticData/NewsAndAnnouncement/ANNOUNCEMENTSTOCK/From_EREP/202510/e890566a95_0680f81678.pdf,20251010_ANTM_Laporan Bulanan Aktivitas Eksplorasi_31966768_lamp2.pdf,,,,,,
"14 Okt 2025
					18:36:20",https://www.idx.co.id/StaticData/NewsAndAnnouncement/ANNOUNCEMENTSTOCK/From_EREP/202510/4336ecae71_b6a0c9e92c.pdf,Penjelasan atas Pemberitaan Media Massa [],ANTM,https://www.idx.co.id/StaticData/NewsAndAnnouncement/ANNOUNCEMENTSTOCK/From_EREP/202510/1ad4e26394_f738220d78.pdf,20251014_ANTM_Tanggapan atas Permintaan Penjelasan Bursa_31967452_lamp2.pdf,https://www.idx.co.id/StaticData/NewsAndAnnouncement/ANNOUNCEMENTSTOCK/From_EREP/202510/98d597a06e_cda24854bd.pdf,20251014_ANTM_Tanggapan atas Permintaan Penjelasan Bursa_31967452_lamp1.pdf,,,,,,
"20 Okt 2025
					20:12:34",https://www.idx.co.id/StaticData/NewsAndAnnouncement/ANNOUNCEMENTSTOCK/From_EREP/202510/fc2cdf093a_ad06b26def.pdf,Penyampaian Materi pada Acara Indonesia Day 2025 [],ANTM,https://www.idx.co.id/StaticData/NewsAndAnnouncement/ANNOUNCEMENTSTOCK/From_EREP/202510/1bac5c9492_f42f0262aa.pdf,20251020_ANTM_Laporan Informasi dan Fakta Material_31978574_lamp1.pdf,https://www.idx.co.id/StaticData/NewsAndAnnouncement/ANNOUNCEMENTSTOCK/From_EREP/202510/ac1415fce4_e70d8257f5.pdf,20251020_ANTM_Laporan Informasi dan Fakta Material_31978574_lamp2.pdf,,,,,,
"21 Okt 2025
					18:59:16",https://www.idx.co.id/StaticData/NewsAndAnnouncement/ANNOUNCEMENTSTOCK/From_EREP/202510/fa0c770e93_92b3d304e6.pdf,Penjelasan atas Pemberitaan Media Massa [],ANTM,https://www.idx.co.id/StaticData/NewsAndAnnouncement/ANNOUNCEMENTSTOCK/From_EREP/202510/ab5e9cdb22_4b49dab943.pdf,20251021_ANTM_Tanggapan atas Permintaan Penjelasan Bursa_31978847_lamp2.pdf,https://www.idx.co.id/StaticData/NewsAndAnnouncement/ANNOUNCEMENTSTOCK/From_EREP/202510/eef4bdae13_ba62871072.pdf,20251021_ANTM_Tanggapan atas Permintaan Penjelasan Bursa_31978847_lamp1.pdf,,,,,,
"27 Okt 2025
					21:33:48",https://www.idx.co.id/StaticData/NewsAndAnnouncement/ANNOUNCEMENTSTOCK/From_EREP/202502/20260220145931-58011-0/FinancialStatement-2025-III-ANTM.pdf,Penyampaian Laporan Keuangan Interim Yang Tidak Diaudit [],ANTM,https://www.idx.co.id/StaticData/NewsAndAnnouncement/ANNOUNCEMENTSTOCK/From_EREP/202502/20260220145931-58011-0/5101%20-%20OJK%20-%20Penyampaian%20Laporan%20Keuangan%203Q25.pdf,5101 - OJK - Penyampaian Laporan Keuangan 3Q25.pdf,https://www.idx.co.id/StaticData/NewsAndAnnouncement/ANNOUNCEMENTSTOCK/From_EREP/202502/20260220145931-58011-0/5102%20-%20IDX-%20Penyampaian%20Laporan%20Keuangan%203Q25.pdf,5102 - IDX- Penyampaian Laporan Keuangan 3Q25.pdf,https://www.idx.co.id/StaticData/NewsAndAnnouncement/ANNOUNCEMENTSTOCK/From_EREP/202502/20260220145931-58011-0/ANTAM%20FINAL%20FS%20Q3%202025.pdf,ANTAM FINAL FS Q3 2025.pdf,https://www.idx.co.id/StaticData/NewsAndAnnouncement/ANNOUNCEMENTSTOCK/From_EREP/202502/20260220145931-58011-0/FinancialStatement-2025-III-ANTM.xlsx,FinancialStatement-2025-III-ANTM.xlsx,https://www.idx.co.id/StaticData/NewsAndAnnouncement/ANNOUNCEMENTSTOCK/From_EREP/202502/20260220145931-58011-0/inlineXBRL.zip,inlineXBRL.zip
"27 Okt 2025
					21:39:46",https://www.idx.co.id/StaticData/NewsAndAnnouncement/ANNOUNCEMENTSTOCK/From_EREP/202510/856d980039_4abd1d6a4a.pdf,Laba ANTAM Melonjak Signifikan 197% Pada Sembilan Bulan Pertama Tahun 2025 [],ANTM,https://www.idx.co.id/StaticData/NewsAndAnnouncement/ANNOUNCEMENTSTOCK/From_EREP/202510/9d805eb01d_e5500c35d7.pdf,20251027_ANTM_Laporan Informasi dan Fakta Material_31979970_lamp1.pdf,https://www.idx.co.id/StaticData/NewsAndAnnouncement/ANNOUNCEMENTSTOCK/From_EREP/202510/b6fd517ffe_d6f76178ea.pdf,20251027_ANTM_Laporan Informasi dan Fakta Material_31979970_lamp2.pdf,,,,,,
"27 Okt 2025
					21:47:15",https://www.idx.co.id/StaticData/NewsAndAnnouncement/ANNOUNCEMENTSTOCK/From_EREP/202510/2f4c5bdcca_bc80e7dbdd.pdf,Penyampaian Laporan Kuartalan Periode Triwulan III Tahun 2025 [],ANTM,https://www.idx.co.id/StaticData/NewsAndAnnouncement/ANNOUNCEMENTSTOCK/From_EREP/202510/2821552515_91940db634.pdf,20251027_ANTM_Laporan Informasi dan Fakta Material_31979972_lamp1.pdf,https://www.idx.co.id/StaticData/NewsAndAnnouncement/ANNOUNCEMENTSTOCK/From_EREP/202510/d42268c970_21dada37cd.pdf,20251027_ANTM_Laporan Informasi dan Fakta Material_31979972_lamp2.pdf,,,,,,
"28 Okt 2025
					16:32:28",https://www.idx.co.id/StaticData/NewsAndAnnouncement/ANNOUNCEMENTSTOCK/From_EREP/202510/a0b9a6c9d0_8fffb4a81c.pdf,ANTAM dan PT Gag Nikel Raih Penghargaan di Subroto Award 2025 [],ANTM,https://www.idx.co.id/StaticData/NewsAndAnnouncement/ANNOUNCEMENTSTOCK/From_EREP/202510/05970677c9_f2ed862cff.pdf,20251028_ANTM_Laporan Informasi dan Fakta Material_31980182_lamp2.pdf,https://www.idx.co.id/StaticData/NewsAndAnnouncement/ANNOUNCEMENTSTOCK/From_EREP/202510/a20a78de92_68e9de3622.pdf,20251028_ANTM_Laporan Informasi dan Fakta Material_31980182_lamp1.pdf,,,,,,
"30 Okt 2025
					16:31:54",https://www.idx.co.id/StaticData/NewsAndAnnouncement/ANNOUNCEMENTSTOCK/From_EREP/202510/2c76a57921_410f62e2f8.pdf,ANTAM - BRIN Tandatangani Nota Kesepahaman untuk Tingkatkan Kualitas Sumber Daya Alam [],ANTM,https://www.idx.co.id/StaticData/NewsAndAnnouncement/ANNOUNCEMENTSTOCK/From_EREP/202510/2cdeeb48c4_f6367f4f22.pdf,20251030_ANTM_Laporan Informasi dan Fakta Material_31980871_lamp1.pdf,https://www.idx.co.id/StaticData/NewsAndAnnouncement/ANNOUNCEMENTSTOCK/From_EREP/202510/49ef3ab55f_ae0dc3be64.pdf,20251030_ANTM_Laporan Informasi dan Fakta Material_31980871_lamp2.pdf,,,,,,
"09 Okt 2025
					09:59:26",https://www.idx.co.id/StaticData/NewsAndAnnouncement/ANNOUNCEMENTSTOCK/From_EREP/202510/49b5719c8f_02cec4abd5.pdf,Laporan Bulanan Registrasi Pemegang Efek [],ARTO,https://www.idx.co.id/StaticData/NewsAndAnnouncement/ANNOUNCEMENTSTOCK/From_EREP/202510/2ac51f5ce2_85dca1f199.pdf,20251008_ARTO_Laporan Bulanan Registrasi Pemegang Efek/Perubahan Struktur Pemegang Saham_31965829_lamp1.pdf,https://www.idx.co.id/StaticData/NewsAndAnnouncement/ANNOUNCEMENTSTOCK/From_EREP/202510/c2a576438e_65d91747cb.pdf,20251008_ARTO_Laporan Bulanan Registrasi Pemegang Efek/Perubahan Struktur Pemegang Saham_31965829_lamp2.pdf,,,,,,
"29 Okt 2025
					15:33:51",https://www.idx.co.id/StaticData/NewsAndAnnouncement/ANNOUNCEMENTSTOCK/From_EREP/202502/20260220174639-58744-0/FinancialStatement-2025-III-ARTO.pdf,Penyampaian Laporan Keuangan Interim Yang Tidak Diaudit [],ARTO,https://www.idx.co.id/StaticData/NewsAndAnnouncement/ANNOUNCEMENTSTOCK/From_EREP/202502/20260220174639-58744-0/Bapepam%20Checklist%2030%20September%202025_signed.pdf,Bapepam Checklist 30 September 2025_signed.pdf,https://www.idx.co.id/StaticData/NewsAndAnnouncement/ANNOUNCEMENTSTOCK/From_EREP/202502/20260220174639-58744-0/FINAL_Dirstat%20300925.pdf,FINAL_Dirstat 300925.pdf,https://www.idx.co.id/StaticData/NewsAndAnnouncement/ANNOUNCEMENTSTOCK/From_EREP/202502/20260220174639-58744-0/FINAL_LKFS_PT%20Bank%20Jago%20Tbk_300925%20(combined).pdf,FINAL_LKFS_PT Bank Jago Tbk_300925 (combined).pdf,https://www.idx.co.id/StaticData/NewsAndAnnouncement/ANNOUNCEMENTSTOCK/From_EREP/202502/20260220174639-58744-0/FinancialStatement-2025-III-ARTO.xlsx,FinancialStatement-2025-III-ARTO.xlsx,https://www.idx.co.id/StaticData/NewsAndAnnouncement/ANNOUNCEMENTSTOCK/From_EREP/202502/20260220174639-58744-0/inlineXBRL.zip,inlineXBRL.zip
"29 Okt 2025
					15:39:49",https://www.idx.co.id/StaticData/NewsAndAnnouncement/ANNOUNCEMENTSTOCK/From_EREP/202510/6dc41286e5_3541c3e475.pdf,Siaran Pers [],ARTO,https://www.idx.co.id/StaticData/NewsAndAnnouncement/ANNOUNCEMENTSTOCK/From_EREP/202510/71a9f1da98_38c82313de.pdf,20251029_ARTO_Laporan Informasi dan Fakta Material_31980503_lamp3.pdf,https://www.idx.co.id/StaticData/NewsAndAnnouncement/ANNOUNCEMENTSTOCK/From_EREP/202510/83a282d9d4_0199e2549b.pdf,20251029_ARTO_Laporan Informasi dan Fakta Material_31980503_lamp1.pdf,https://www.idx.co.id/StaticData/NewsAndAnnouncement/ANNOUNCEMENTSTOCK/From_EREP/202510/f47900a533_c2a5b8f758.pdf,20251029_ARTO_Laporan Informasi dan Fakta Material_31980503_lamp2.pdf,,,,
"30 Okt 2025
					09:20:52",https://www.idx.co.id/StaticData/NewsAndAnnouncement/ANNOUNCEMENTSTOCK/From_EREP/202510/a5456a68f8_ab9a1360b7.pdf,Penyampaian Bukti Iklan Informasi Laporan Keuangan Interim [],ARTO,https://www.idx.co.id/StaticData/NewsAndAnnouncement/ANNOUNCEMENTSTOCK/From_EREP/202510/1c860a0c8d_8b7233fda4.pdf,20251029_ARTO_Penyampaian Bukti Iklan_31980517_lamp2.pdf,https://www.idx.co.id/StaticData/NewsAndAnnouncement/ANNOUNCEMENTSTOCK/From_EREP/202510/82955440ea_09bc0328f3.pdf,20251029_ARTO_Penyampaian Bukti Iklan_31980517_lamp1.pdf,,,,,,
"01 Okt 2025
					08:21:21",https://www.idx.co.id/StaticData/NewsAndAnnouncement/ANNOUNCEMENTSTOCK/From_EREP/202510/9a8e97a958_7b2b51f59c.pdf,"Penyelesaian Transaksi Pembelian 83,67% Saham PT Mega Manunggal Property Tbk oleh PT Saka Industrial Arjaya []",ASII,https://www.idx.co.id/StaticData/NewsAndAnnouncement/ANNOUNCEMENTSTOCK/From_EREP/202510/67ee8ba0dc_9e420fedec.pdf,20251001_ASII_Laporan Informasi dan Fakta Material_31953444_lamp1.pdf,,,,,,,,
"03 Okt 2025
					17:09:40",https://www.idx.co.id/StaticData/NewsAndAnnouncement/ANNOUNCEMENTSTOCK/From_EREP/202510/2655d87188_cffdac3e01.pdf,Jadwal Dividen Tunai Interim [],ASII,https://www.idx.co.id/StaticData/NewsAndAnnouncement/ANNOUNCEMENTSTOCK/From_EREP/202510/090c157825_012451f13a.pdf,20251003_ASII_Jadwal Aksi Korporasi (Khusus Penyampaian Dividen Interim)_31954126_lamp1.pdf,,,,,,,,
"03 Okt 2025
					17:10:29",https://www.idx.co.id/StaticData/NewsAndAnnouncement/ANNOUNCEMENTSTOCK/From_EREP/202510/eb7c1d4e8b_0bba097242.pdf,Pembagian dividen interim [],ASII,https://www.idx.co.id/StaticData/NewsAndAnnouncement/ANNOUNCEMENTSTOCK/From_EREP/202510/8b5b78788c_a69618d5a8.pdf,20251003_ASII_Laporan Informasi dan Fakta Material_31954256_lamp1.pdf,,,,,,,,
"08 Okt 2025
					16:33:26",https://www.idx.co.id/StaticData/NewsAndAnnouncement/ANNOUNCEMENTSTOCK/From_EREP/202510/4233c43998_67a1e06b25.pdf,Laporan Bulanan Registrasi Pemegang Efek [],ASII,https://www.idx.co.id/StaticData/NewsAndAnnouncement/ANNOUNCEMENTSTOCK/From_EREP/202510/dfea3abb65_59bbfbd669.pdf,20251003_ASII_Laporan Bulanan Registrasi Pemegang Efek/Perubahan Struktur Pemegang Saham_31954150_lamp1.pdf,,,,,,,,
"13 Okt 2025
					18:56:11",https://www.idx.co.id/StaticData/NewsAndAnnouncement/ANNOUNCEMENTSTOCK/From_EREP/202510/482fd5f33f_df39981961.pdf,Pemberitahuan Rencana Rapat Umum Pemegang Saham Luar Biasa [],ASII,https://www.idx.co.id/StaticData/NewsAndAnnouncement/ANNOUNCEMENTSTOCK/From_EREP/202510/0c97d7e697_cebe78e12a.pdf,20251013_ASII_Pengumuman RUPS_31966979_lamp1.pdf,https://www.idx.co.id/StaticData/NewsAndAnnouncement/ANNOUNCEMENTSTOCK/From_EREP/202510/43abe17268_eba6b98b6f.pdf,20251013_ASII_Pengumuman RUPS_31966979_lamp2.pdf,,,,,,
"13 Okt 2025
					19:12:17",https://www.idx.co.id/StaticData/NewsAndAnnouncement/ANNOUNCEMENTSTOCK/From_EREP/202510/d2455c98fe_816627277d.pdf,Pengunduran Diri Anggota Dewan Komisaris dan Direksi Perseroan [],ASII,https://www.idx.co.id/StaticData/NewsAndAnnouncement/ANNOUNCEMENTSTOCK/From_EREP/202510/bf2239c582_2a7a0801ec.pdf,20251013_ASII_Laporan Informasi dan Fakta Material_31967137_lamp1.pdf,,,,,,,,
"28 Okt 2025
					16:39:24",https://www.idx.co.id/StaticData/NewsAndAnnouncement/ANNOUNCEMENTSTOCK/From_EREP/202510/34a8146d7c_c3907863d1.pdf,Pemanggilan Rapat Umum Pemegang Saham Luar Biasa [],ASII,https://www.idx.co.id/StaticData/NewsAndAnnouncement/ANNOUNCEMENTSTOCK/From_EREP/202510/6ab96faa7c_7a76cef8a5.pdf,20251028_ASII_Pemanggilan RUPS_31980132_lamp3.pdf,https://www.idx.co.id/StaticData/NewsAndAnnouncement/ANNOUNCEMENTSTOCK/From_EREP/202510/bed505b282_059cea455a.pdf,20251028_ASII_Pemanggilan RUPS_31980132_lamp1.pdf,https://www.idx.co.id/StaticData/NewsAndAnnouncement/ANNOUNCEMENTSTOCK/From_EREP/202510/ea4416f5b4_07a108fb76.pdf,20251028_ASII_Pemanggilan RUPS_31980132_lamp2.pdf,,,,
"31 Okt 2025
					16:02:04",https://www.idx.co.id/StaticData/NewsAndAnnouncement/ANNOUNCEMENTSTOCK/From_EREP/202502/20260220145203-57686-0/FinancialStatement-2025-III-ASII.pdf,Penyampaian Laporan Keuangan Interim Yang Tidak Diaudit [],ASII,https://www.idx.co.id/StaticData/NewsAndAnnouncement/ANNOUNCEMENTSTOCK/From_EREP/202502/20260220145203-57686-0/Astra%20Account%20September%202025.pdf,Astra Account September 2025.pdf,https://www.idx.co.id/StaticData/NewsAndAnnouncement/ANNOUNCEMENTSTOCK/From_EREP/202502/20260220145203-57686-0/FinancialStatement-2025-III-ASII.xlsx,FinancialStatement-2025-III-ASII.xlsx,https://www.idx.co.id/StaticData/NewsAndAnnouncement/ANNOUNCEMENTSTOCK/From_EREP/202502/20260220145203-57686-0/inlineXBRL.zip,inlineXBRL.zip,https://www.idx.co.id/StaticData/NewsAndAnnouncement/ANNOUNCEMENTSTOCK/From_EREP/202502/20260220145203-57686-0/instance.zip,instance.zip,https://www.idx.co.id/StaticData/NewsAndAnnouncement/ANNOUNCEMENTSTOCK/From_EREP/202502/20260220145203-57686-0/LACC-%20245%20-%20Report%20to%20OJK%200925.pdf,LACC- 245 - Report to OJK 0925.pdf
"31 Okt 2025
					17:23:07",https://www.idx.co.id/StaticData/NewsAndAnnouncement/ANNOUNCEMENTSTOCK/From_EREP/202510/25403e76dc_ab3cf73263.pdf,Penyampaian Laporan Keuangan [],ASII,https://www.idx.co.id/StaticData/NewsAndAnnouncement/ANNOUNCEMENTSTOCK/From_EREP/202510/c35ee2d394_7469846b61.pdf,20251031_ASII_Laporan Informasi dan Fakta Material_31981265_lamp2.pdf,https://www.idx.co.id/StaticData/NewsAndAnnouncement/ANNOUNCEMENTSTOCK/From_EREP/202510/d34d76c6cd_a306478c9c.pdf,20251031_ASII_Laporan Informasi dan Fakta Material_31981265_lamp1.pdf,https://www.idx.co.id/StaticData/NewsAndAnnouncement/ANNOUNCEMENTSTOCK/From_EREP/202510/fbaab1dbd5_0a59409357.pdf,20251031_ASII_Laporan Informasi dan Fakta Material_31981265_lamp3.pdf,,,,
"31 Okt 2025
					17:40:46",https://www.idx.co.id/StaticData/NewsAndAnnouncement/ANNOUNCEMENTSTOCK/From_EREP/202510/be4fffe05b_b9ed03dfdc.pdf,Rencana Pembelian Kembali Saham dalam Kondisi Pasar Yang Berfluktuasi Secara Signifikan  [],ASII,https://www.idx.co.id/StaticData/NewsAndAnnouncement/ANNOUNCEMENTSTOCK/From_EREP/202510/5238903b78_b2784d0e99.pdf,20251031_ASII_Laporan Informasi dan Fakta Material_31981228_lamp1.pdf,https://www.idx.co.id/StaticData/NewsAndAnnouncement/ANNOUNCEMENTSTOCK/From_EREP/202510/83cb36b73d_a6e581d470.pdf,20251031_ASII_Laporan Informasi dan Fakta Material_31981228_lamp2.pdf,,,,,,
"03 Okt 2025
					16:13:27",https://www.idx.co.id/StaticData/NewsAndAnnouncement/ANNOUNCEMENTSTOCK/From_EREP/202510/6aae23878b_4a7d88c2b5.pdf,Laporan Bulanan Registrasi Pemegang Efek [],BBCA,,,,,,,,,,
"06 Okt 2025
					16:59:51",https://www.idx.co.id/StaticData/NewsAndAnnouncement/ANNOUNCEMENTSTOCK/From_EREP/202510/36dfd42fa8_0ba8b27286.pdf,Laporan Kepemilikan atau Setiap Perubahan Kepemilikan Saham Perusahaan Terbuka [],BBCA,https://www.idx.co.id/StaticData/NewsAndAnnouncement/ANNOUNCEMENTSTOCK/From_EREP/202510/f1600317f2_33c14105b7.pdf,20251006_BBCA_Laporan Kepemilikan atau Setiap Perubahan Kepemilikan Saham Perusahaan Terbuka_31964775_lamp1.pdf,,,,,,,,
"20 Okt 2025
					16:21:17",https://www.idx.co.id/StaticData/NewsAndAnnouncement/ANNOUNCEMENTSTOCK/From_EREP/202510/5559c02b3d_9a6f5de769.pdf,Rencana Pembelian Kembali Saham dalam Kondisi Pasar yang Berfluktuasi secara Signifikan [],BBCA,https://www.idx.co.id/StaticData/NewsAndAnnouncement/ANNOUNCEMENTSTOCK/From_EREP/202510/5affbc1809_431027fa25.pdf,20251020_BBCA_Laporan Informasi dan Fakta Material_31978494_lamp2.pdf,https://www.idx.co.id/StaticData/NewsAndAnnouncement/ANNOUNCEMENTSTOCK/From_EREP/202510/faeceea3dd_839e564005.pdf,20251020_BBCA_Laporan Informasi dan Fakta Material_31978494_lamp1.pdf,,,,,,
"20 Okt 2025
					16:36:02",https://www.idx.co.id/StaticData/NewsAndAnnouncement/ANNOUNCEMENTSTOCK/From_EREP/202502/20260220142019-57513-0/FinancialStatement-2025-III-BBCA.pdf,Penyampaian Laporan Keuangan Interim Yang Tidak Diaudit [],BBCA,https://www.idx.co.id/StaticData/NewsAndAnnouncement/ANNOUNCEMENTSTOCK/From_EREP/202502/20260220142019-57513-0/FinancialStatement-2025-III-BBCA.xlsx,FinancialStatement-2025-III-BBCA.xlsx,https://www.idx.co.id/StaticData/NewsAndAnnouncement/ANNOUNCEMENTSTOCK/From_EREP/202502/20260220142019-57513-0/inlineXBRL.zip,inlineXBRL.zip,,,,,,
"20 Okt 2025
					18:19:35",https://www.idx.co.id/StaticData/NewsAndAnnouncement/ANNOUNCEMENTSTOCK/From_EREP/202510/1cb5bc3f17_46d3ea221b.pdf,Penyampaian Materi pada Acara Indonesia Day 2025  [],BBCA,https://www.idx.co.id/StaticData/NewsAndAnnouncement/ANNOUNCEMENTSTOCK/From_EREP/202510/3092e0f972_43c178fdc3.pdf,20251020_BBCA_Laporan Informasi dan Fakta Material_31978562_lamp2.pdf,https://www.idx.co.id/StaticData/NewsAndAnnouncement/ANNOUNCEMENTSTOCK/From_EREP/202510/f734569dcc_bcc9786acf.pdf,20251020_BBCA_Laporan Informasi dan Fakta Material_31978562_lamp1.pdf,,,,,,
"20 Okt 2025
					18:24:52",https://www.idx.co.id/StaticData/NewsAndAnnouncement/ANNOUNCEMENTSTOCK/From_EREP/202510/3b6a2f613b_3fd961fb45.pdf,"Penyampaian Press Release terkait Informasi Ringkasan Kinerja Keuangan Kuartal III Tahun 2025 (unaudited) PT Bank Central Asia Tbk (""Perseroan"") []",BBCA,https://www.idx.co.id/StaticData/NewsAndAnnouncement/ANNOUNCEMENTSTOCK/From_EREP/202510/458d8f9ecf_22b25d0dd0.pdf,20251020_BBCA_Laporan Informasi dan Fakta Material_31978564_lamp2.pdf,https://www.idx.co.id/StaticData/NewsAndAnnouncement/ANNOUNCEMENTSTOCK/From_EREP/202510/ba2c6e513d_65398b5428.pdf,20251020_BBCA_Laporan Informasi dan Fakta Material_31978564_lamp1.pdf,,,,,,
"21 Okt 2025
					16:23:09",https://www.idx.co.id/StaticData/NewsAndAnnouncement/ANNOUNCEMENTSTOCK/From_EREP/202510/9dda884e68_f3ea74e558.pdf,Penyampaian Bukti Iklan Informasi Laporan Keuangan Interim [],BBCA,https://www.idx.co.id/StaticData/NewsAndAnnouncement/ANNOUNCEMENTSTOCK/From_EREP/202510/26481bba4a_c9a65d5618.pdf,20251021_BBCA_Penyampaian Bukti Iklan_31978624_lamp2.pdf,https://www.idx.co.id/StaticData/NewsAndAnnouncement/ANNOUNCEMENTSTOCK/From_EREP/202510/6e15e82471_dc40ed17df.pdf,20251021_BBCA_Penyampaian Bukti Iklan_31978624_lamp1.pdf,,,,,,
"08 Okt 2025
					16:43:35",https://www.idx.co.id/StaticData/NewsAndAnnouncement/ANNOUNCEMENTSTOCK/From_EREP/202510/cc2a0256ca_a54e487542.pdf,Laporan Bulanan Registrasi Pemegang Efek [],BBNI,https://www.idx.co.id/StaticData/NewsAndAnnouncement/ANNOUNCEMENTSTOCK/From_EREP/202510/6616fba406_2d97b16812.pdf,20251008_BBNI_Laporan Bulanan Registrasi Pemegang Efek/Perubahan Struktur Pemegang Saham_31965849_lamp1.pdf,,,,,,,,
"10 Okt 2025
					18:25:45",https://www.idx.co.id/StaticData/NewsAndAnnouncement/ANNOUNCEMENTSTOCK/From_EREP/202510/938f9f333e_9ea188fdc1.pdf,Berakhirnya Jabatan Anggota Dewan Komisaris Perseroan [],BBNI,https://www.idx.co.id/StaticData/NewsAndAnnouncement/ANNOUNCEMENTSTOCK/From_EREP/202510/81eb56cc1f_be4c5ab0fd.pdf,20251010_BBNI_Laporan Informasi dan Fakta Material_31966877_lamp1.pdf,,,,,,,,
"16 Okt 2025
					19:10:54",https://www.idx.co.id/StaticData/NewsAndAnnouncement/ANNOUNCEMENTSTOCK/From_EREP/202510/86b7809929_b4b3875e95.pdf,Laporan Tanggal Efektif Pengangkatan Anggota Dewan Komisaris PT Bank Negara Indonesia (Persero) Tbk [],BBNI,https://www.idx.co.id/StaticData/NewsAndAnnouncement/ANNOUNCEMENTSTOCK/From_EREP/202510/f37de2d63f_090592a1dd.pdf,20251016_BBNI_Laporan Informasi dan Fakta Material_31967994_lamp1.pdf,,,,,,,,
"24 Okt 2025
					09:21:12",https://www.idx.co.id/StaticData/NewsAndAnnouncement/ANNOUNCEMENTSTOCK/From_EREP/202502/20260220143146-57964-0/FinancialStatement-2025-III-BBNI.pdf,Penyampaian Laporan Keuangan Interim Yang Tidak Diaudit [],BBNI,https://www.idx.co.id/StaticData/NewsAndAnnouncement/ANNOUNCEMENTSTOCK/From_EREP/202502/20260220143146-57964-0/Ceklist%20LFR_30%20Sept%202025_Optimized.pdf,Ceklist LFR_30 Sept 2025_Optimized.pdf,https://www.idx.co.id/StaticData/NewsAndAnnouncement/ANNOUNCEMENTSTOCK/From_EREP/202502/20260220143146-57964-0/FinancialStatement-2025-III-BBNI.xlsx,FinancialStatement-2025-III-BBNI.xlsx,https://www.idx.co.id/StaticData/NewsAndAnnouncement/ANNOUNCEMENTSTOCK/From_EREP/202502/20260220143146-57964-0/inlineXBRL.zip,inlineXBRL.zip,https://www.idx.co.id/StaticData/NewsAndAnnouncement/ANNOUNCEMENTSTOCK/From_EREP/202502/20260220143146-57964-0/instance.zip,instance.zip,https://www.idx.co.id/StaticData/NewsAndAnnouncement/ANNOUNCEMENTSTOCK/From_EREP/202502/20260220143146-57964-0/LKFS%20BNI_Bilingual_30_Sep_2025_Released.pdf,LKFS BNI_Bilingual_30_Sep_2025_Released.pdf
"24 Okt 2025
					16:44:32",https://www.idx.co.id/StaticData/NewsAndAnnouncement/ANNOUNCEMENTSTOCK/From_EREP/202510/3f35cbcb99_dbc638a5d6.pdf,Penyampaian Bukti Iklan Informasi Laporan Keuangan Interim [],BBNI,https://www.idx.co.id/StaticData/NewsAndAnnouncement/ANNOUNCEMENTSTOCK/From_EREP/202510/bf9b864d69_9216d83966.pdf,20251024_BBNI_Penyampaian Bukti Iklan_31979573_lamp1.pdf,,,,,,,,
"24 Okt 2025
					16:48:27",https://www.idx.co.id/StaticData/NewsAndAnnouncement/ANNOUNCEMENTSTOCK/From_EREP/202510/9c419e2189_a4e21e79a1.pdf,Perseroan menyelenggarakan Earnings Call Kinerja 30 September 2025 [],BBNI,https://www.idx.co.id/StaticData/NewsAndAnnouncement/ANNOUNCEMENTSTOCK/From_EREP/202510/02c04548a9_f9940c3596.pdf,20251024_BBNI_Laporan Informasi dan Fakta Material_31979533_lamp1.pdf,,,,,,,,
"10 Okt 2025
					17:32:19",https://www.idx.co.id/StaticData/NewsAndAnnouncement/ANNOUNCEMENTSTOCK/From_EREP/202510/d25a0b949c_4a27cc96db.pdf,Laporan Bulanan Registrasi Pemegang Efek [],BBRI,https://www.idx.co.id/StaticData/NewsAndAnnouncement/ANNOUNCEMENTSTOCK/From_EREP/202510/9b5a594939_adf095d146.pdf,20251010_BBRI_Laporan Bulanan Registrasi Pemegang Efek/Perubahan Struktur Pemegang Saham_31966723_lamp1.pdf,,,,,,,,
"16 Okt 2025
					19:01:15",https://www.idx.co.id/StaticData/NewsAndAnnouncement/ANNOUNCEMENTSTOCK/From_EREP/202510/e191585b42_fcd99a8144.pdf,Jatuh Tempo Obligasi / Sukuk Korporasi [],BBRI,https://www.idx.co.id/StaticData/NewsAndAnnouncement/ANNOUNCEMENTSTOCK/From_EREP/202510/f2e279386a_515c760918.pdf,20251016_BBRI_Pengumuman Jatuh Tempo Obligasi dan Sukuk_31967861_lamp1.pdf,,,,,,,,
"30 Okt 2025
					18:17:07",https://www.idx.co.id/StaticData/NewsAndAnnouncement/ANNOUNCEMENTSTOCK/From_EREP/202510/71fd46873b_88c7d38ed7.pdf,Penyampaian Materi Kinerja Keuangan BRI Triwulan III Tahun 2025  [],BBRI,https://www.idx.co.id/StaticData/NewsAndAnnouncement/ANNOUNCEMENTSTOCK/From_EREP/202510/ea6cf84f77_c8f7b2e125.pdf,20251030_BBRI_Laporan Informasi dan Fakta Material_31980945_lamp1.pdf,,,,,,,,
"30 Okt 2025
					18:17:38",https://www.idx.co.id/StaticData/NewsAndAnnouncement/ANNOUNCEMENTSTOCK/From_EREP/202502/20260220144836-57957-0/FinancialStatement-2025-III-BBRI.pdf,Penyampaian Laporan Keuangan Interim Yang Tidak Diaudit [],BBRI,https://www.idx.co.id/StaticData/NewsAndAnnouncement/ANNOUNCEMENTSTOCK/From_EREP/202502/20260220144836-57957-0/BEI.pdf,BEI.pdf,https://www.idx.co.id/StaticData/NewsAndAnnouncement/ANNOUNCEMENTSTOCK/From_EREP/202502/20260220144836-57957-0/BRI_Billingual_Konsol_30%20September%202025%20Released.pdf,BRI_Billingual_Konsol_30 September 2025 Released.pdf,https://www.idx.co.id/StaticData/NewsAndAnnouncement/ANNOUNCEMENTSTOCK/From_EREP/202502/20260220144836-57957-0/Checklist%20Bapepam%20September%202025.pdf,Checklist Bapepam September 2025.pdf,https://www.idx.co.id/StaticData/NewsAndAnnouncement/ANNOUNCEMENTSTOCK/From_EREP/202502/20260220144836-57957-0/FinancialStatement-2025-III-BBRI.xlsx,FinancialStatement-2025-III-BBRI.xlsx,https://www.idx.co.id/StaticData/NewsAndAnnouncement/ANNOUNCEMENTSTOCK/From_EREP/202502/20260220144836-57957-0/inlineXBRL.zip,inlineXBRL.zip
"31 Okt 2025
					17:26:28",https://www.idx.co.id/StaticData/NewsAndAnnouncement/ANNOUNCEMENTSTOCK/From_EREP/202510/6ee5c7dbb5_bdfdf64e7c.pdf,Penyampaian Bukti Iklan Informasi Laporan Keuangan Interim [],BBRI,https://www.idx.co.id/StaticData/NewsAndAnnouncement/ANNOUNCEMENTSTOCK/From_EREP/202510/32a3e0253a_c50f703286.pdf,20251031_BBRI_Penyampaian Bukti Iklan_31981207_lamp5.pdf,https://www.idx.co.id/StaticData/NewsAndAnnouncement/ANNOUNCEMENTSTOCK/From_EREP/202510/515bf77a4a_1d8ffc0d52.pdf,20251031_BBRI_Penyampaian Bukti Iklan_31981207_lamp4.pdf,https://www.idx.co.id/StaticData/NewsAndAnnouncement/ANNOUNCEMENTSTOCK/From_EREP/202510/7172780c37_7046acef43.pdf,20251031_BBRI_Penyampaian Bukti Iklan_31981207_lamp1.pdf,https://www.idx.co.id/StaticData/NewsAndAnnouncement/ANNOUNCEMENTSTOCK/From_EREP/202510/a31cf67b84_217f3bdfb4.pdf,20251031_BBRI_Penyampaian Bukti Iklan_31981207_lamp3.pdf,https://www.idx.co.id/StaticData/NewsAndAnnouncement/ANNOUNCEMENTSTOCK/From_EREP/202510/a5e829ace3_5695ca8a6e.pdf,20251031_BBRI_Penyampaian Bukti Iklan_31981207_lamp7.pdf
"31 Okt 2025
					17:30:23",https://www.idx.co.id/StaticData/NewsAndAnnouncement/ANNOUNCEMENTSTOCK/From_EREP/202510/8fd04b6607_6e1d65d656.pdf,Laporan Kesiapan Dana Pelunasan MTN Bank BRI Tahun 2022 Seri B [],BBRI,https://www.idx.co.id/StaticData/NewsAndAnnouncement/ANNOUNCEMENTSTOCK/From_EREP/202510/74e687cbe2_596b225b9f.pdf,20251031_BBRI_Laporan Informasi dan Fakta Material_31981282_lamp1.pdf,,,,,,,,
"09 Okt 2025
					17:01:24",https://www.idx.co.id/StaticData/NewsAndAnnouncement/ANNOUNCEMENTSTOCK/From_EREP/202510/979b35a821_4575b1ad78.pdf,Laporan Bulanan Registrasi Pemegang Efek [],BBTN,https://www.idx.co.id/StaticData/NewsAndAnnouncement/ANNOUNCEMENTSTOCK/From_EREP/202510/9344fc5dee_9432d4fd3f.pdf,20251008_BBTN_Laporan Bulanan Registrasi Pemegang Efek/Perubahan Struktur Pemegang Saham_31965712_lamp1.pdf,,,,,,,,
"10 Okt 2025
					08:15:45",https://www.idx.co.id/StaticData/NewsAndAnnouncement/ANNOUNCEMENTSTOCK/From_EREP/202510/ff6cb419d4_24230a4ac8.pdf,Pemberitahuan Rencana Rapat Umum Pemegang Saham Luar Biasa [],BBTN,https://www.idx.co.id/StaticData/NewsAndAnnouncement/ANNOUNCEMENTSTOCK/From_EREP/202510/0e42121cf4_5ebe517d4f.pdf,20251010_BBTN_Pengumuman RUPS_31966499_lamp1.pdf,,,,,,,,
"13 Okt 2025
					16:36:45",https://www.idx.co.id/StaticData/NewsAndAnnouncement/ANNOUNCEMENTSTOCK/From_EREP/202510/8a39b139f9_a90396813b.pdf,Penyampaian Bukti Iklan Pemberitahuan RUPS [],BBTN,https://www.idx.co.id/StaticData/NewsAndAnnouncement/ANNOUNCEMENTSTOCK/From_EREP/202510/4bbe22d10c_f2106cf0e5.pdf,20251010_BBTN_Penyampaian Bukti Iklan_31966615_lamp1.pdf,,,,,,,,
"20 Okt 2025
					21:14:18",https://www.idx.co.id/StaticData/NewsAndAnnouncement/ANNOUNCEMENTSTOCK/From_EREP/202510/257d49b500_a935c2f705.pdf,Laporan Hasil Pemeringkatan Pemeringkatan Tahunan [],BBTN,https://www.idx.co.id/StaticData/NewsAndAnnouncement/ANNOUNCEMENTSTOCK/From_EREP/202510/475983d9ef_3b14e3ca1e.pdf,20251020_BBTN_Laporan Hasil Pemeringkatan_31978503_lamp1.pdf,,,,,,,,
"23 Okt 2025
					19:40:02",https://www.idx.co.id/StaticData/NewsAndAnnouncement/ANNOUNCEMENTSTOCK/From_EREP/202510/3b2295697c_0db12ff375.pdf,Penyampaian Materi Analyst Meeting PT Bank Tabungan Negara (Persero) Tbk per September 2025 [],BBTN,https://www.idx.co.id/StaticData/NewsAndAnnouncement/ANNOUNCEMENTSTOCK/From_EREP/202510/8751359c60_be8ffd91c5.pdf,20251023_BBTN_Laporan Informasi dan Fakta Material_31979365_lamp1.pdf,,,,,,,,
"24 Okt 2025
					21:18:39",https://www.idx.co.id/StaticData/NewsAndAnnouncement/ANNOUNCEMENTSTOCK/From_EREP/202502/20260220153938-57993-0/FinancialStatement-2025-III-BBTN.pdf,Penyampaian Laporan Keuangan Interim Yang Tidak Diaudit [],BBTN,https://www.idx.co.id/StaticData/NewsAndAnnouncement/ANNOUNCEMENTSTOCK/From_EREP/202502/20260220153938-57993-0/1803.DIR.CSD.X.2025.pdf,1803.DIR.CSD.X.2025.pdf,https://www.idx.co.id/StaticData/NewsAndAnnouncement/ANNOUNCEMENTSTOCK/From_EREP/202502/20260220153938-57993-0/btn_billingual_30_september_25_released.pdf,btn_billingual_30_september_25_released.pdf,https://www.idx.co.id/StaticData/NewsAndAnnouncement/ANNOUNCEMENTSTOCK/From_EREP/202502/20260220153938-57993-0/Checklist%20BBTN%2030%20September%202025.pdf,Checklist BBTN 30 September 2025.pdf,https://www.idx.co.id/StaticData/NewsAndAnnouncement/ANNOUNCEMENTSTOCK/From_EREP/202502/20260220153938-57993-0/FinancialStatement-2025-III-BBTN.xlsx,FinancialStatement-2025-III-BBTN.xlsx,https://www.idx.co.id/StaticData/NewsAndAnnouncement/ANNOUNCEMENTSTOCK/From_EREP/202502/20260220153938-57993-0/inlineXBRL.zip,inlineXBRL.zip
"24 Okt 2025
					21:35:55",https://www.idx.co.id/StaticData/NewsAndAnnouncement/ANNOUNCEMENTSTOCK/From_EREP/202510/32be66bb26_d4e6b306fe.pdf,Penyampaian Bukti Iklan Informasi Laporan Keuangan Interim [],BBTN,https://www.idx.co.id/StaticData/NewsAndAnnouncement/ANNOUNCEMENTSTOCK/From_EREP/202510/294a49d57c_9ff166b6a2.pdf,20251024_BBTN_Penyampaian Bukti Iklan_31979661_lamp2.pdf,https://www.idx.co.id/StaticData/NewsAndAnnouncement/ANNOUNCEMENTSTOCK/From_EREP/202510/dfdc62fe5f_1fec395671.pdf,20251024_BBTN_Penyampaian Bukti Iklan_31979661_lamp1.pdf,,,,,,
"27 Okt 2025
					20:01:19",https://www.idx.co.id/StaticData/NewsAndAnnouncement/ANNOUNCEMENTSTOCK/From_EREP/202510/93d4d6e539_bbc0fc4bf5.pdf,Pemanggilan Rapat Umum Pemegang Saham Luar Biasa [],BBTN,https://www.idx.co.id/StaticData/NewsAndAnnouncement/ANNOUNCEMENTSTOCK/From_EREP/202510/3d543f5eb6_bbd4b8bfb9.pdf,20251026_BBTN_Pemanggilan RUPS_31979669_lamp1.pdf,,,,,,,,
"28 Okt 2025
					18:57:28",https://www.idx.co.id/StaticData/NewsAndAnnouncement/ANNOUNCEMENTSTOCK/From_EREP/202510/bcbe232574_c738d2ece5.pdf,Penyampaian Bukti Iklan Panggilan RUPS [],BBTN,https://www.idx.co.id/StaticData/NewsAndAnnouncement/ANNOUNCEMENTSTOCK/From_EREP/202510/3e306e63bd_b845ef8bd9.pdf,20251028_BBTN_Penyampaian Bukti Iklan_31980022_lamp1.pdf,,,,,,,,
"08 Okt 2025
					17:40:39",https://www.idx.co.id/StaticData/NewsAndAnnouncement/ANNOUNCEMENTSTOCK/From_EREP/202510/06424cf748_5899164d28.pdf,Laporan Bulanan Registrasi Pemegang Efek [],BMRI,https://www.idx.co.id/StaticData/NewsAndAnnouncement/ANNOUNCEMENTSTOCK/From_EREP/202510/1c5e247b9a_75480cf045.pdf,20251006_BMRI_Laporan Bulanan Registrasi Pemegang Efek/Perubahan Struktur Pemegang Saham_31964558_lamp2.pdf,https://www.idx.co.id/StaticData/NewsAndAnnouncement/ANNOUNCEMENTSTOCK/From_EREP/202510/433942f08f_c0abfad141.pdf,20251006_BMRI_Laporan Bulanan Registrasi Pemegang Efek/Perubahan Struktur Pemegang Saham_31964558_lamp3.pdf,,,,,,
"28 Okt 2025
					17:53:41",https://www.idx.co.id/StaticData/NewsAndAnnouncement/ANNOUNCEMENTSTOCK/From_EREP/202510/20251028180047-58006-0/FinancialStatement-2025-III-BMRI.pdf,Penyampaian Laporan Keuangan Interim Yang Tidak Diaudit [],BMRI,https://www.idx.co.id/StaticData/NewsAndAnnouncement/ANNOUNCEMENTSTOCK/From_EREP/202510/20251028180047-58006-0/FinancialStatement-2025-III-BMRI.xlsx,FinancialStatement-2025-III-BMRI.xlsx,https://www.idx.co.id/StaticData/NewsAndAnnouncement/ANNOUNCEMENTSTOCK/From_EREP/202510/20251028180047-58006-0/inlineXBRL.zip,inlineXBRL.zip,https://www.idx.co.id/StaticData/NewsAndAnnouncement/ANNOUNCEMENTSTOCK/From_EREP/202510/20251028180047-58006-0/instance.zip,instance.zip,https://www.idx.co.id/StaticData/NewsAndAnnouncement/ANNOUNCEMENTSTOCK/From_EREP/202510/20251028180047-58006-0/LK%20PT%20Bank%20Mandiri-September%202025.pdf,LK PT Bank Mandiri-September 2025.pdf,https://www.idx.co.id/StaticData/NewsAndAnnouncement/ANNOUNCEMENTSTOCK/From_EREP/202510/20251028180047-58006-0/Surat%20Pengantar%20Corsec%20-%20BEI%20September%202025.pdf,Surat Pengantar Corsec - BEI September 2025.pdf
"28 Okt 2025
					19:45:48",https://www.idx.co.id/StaticData/NewsAndAnnouncement/ANNOUNCEMENTSTOCK/From_EREP/202510/3986ac6be8_a78466e1e1.pdf,Penyampaian Press Release Pemaparan Kinerja Perseroan [],BMRI,https://www.idx.co.id/StaticData/NewsAndAnnouncement/ANNOUNCEMENTSTOCK/From_EREP/202510/d1ed5f9e8a_45b61864d5.pdf,20251028_BMRI_Laporan Informasi dan Fakta Material_31980248_lamp1.pdf,,,,,,,,
"28 Okt 2025
					19:46:32",https://www.idx.co.id/StaticData/NewsAndAnnouncement/ANNOUNCEMENTSTOCK/From_EREP/202510/7ca1ba18db_f3e8ed51dd.pdf,Penyampaian Bukti Iklan Informasi Laporan Keuangan Interim [],BMRI,https://www.idx.co.id/StaticData/NewsAndAnnouncement/ANNOUNCEMENTSTOCK/From_EREP/202510/d1137326bf_f5abb4e21f.pdf,20251028_BMRI_Penyampaian Bukti Iklan_31980264_lamp2.pdf,https://www.idx.co.id/StaticData/NewsAndAnnouncement/ANNOUNCEMENTSTOCK/From_EREP/202510/f1776756d2_4ef65c4f6a.pdf,20251028_BMRI_Penyampaian Bukti Iklan_31980264_lamp1.pdf,,,,,,
"09 Okt 2025
					16:37:51",https://www.idx.co.id/StaticData/NewsAndAnnouncement/ANNOUNCEMENTSTOCK/From_EREP/202510/e71b3cfbd1_86af44f8ed.pdf,Laporan Bulanan Registrasi Pemegang Efek [],BRIS,https://www.idx.co.id/StaticData/NewsAndAnnouncement/ANNOUNCEMENTSTOCK/From_EREP/202510/3c357897a1_83ff7c02ad.pdf,20251008_BRIS_Laporan Bulanan Registrasi Pemegang Efek/Perubahan Struktur Pemegang Saham_31965720_lamp1.pdf,,,,,,,,
"13 Okt 2025
					17:15:51",https://www.idx.co.id/StaticData/NewsAndAnnouncement/ANNOUNCEMENTSTOCK/From_EREP/202510/6f000079f1_e10cfc71fa.pdf,Laporan Informasi Efektif Pengangkatan Direktur Perseroan [],BRIS,https://www.idx.co.id/StaticData/NewsAndAnnouncement/ANNOUNCEMENTSTOCK/From_EREP/202510/f30c970cc6_b1ca0bf304.pdf,20251013_BRIS_Laporan Informasi dan Fakta Material_31967113_lamp1.pdf,,,,,,,,
"29 Okt 2025
					20:18:07",https://www.idx.co.id/StaticData/NewsAndAnnouncement/ANNOUNCEMENTSTOCK/From_EREP/202502/20260220164321-58087-0/FinancialStatement-2025-III-BRIS.pdf,Penyampaian Laporan Keuangan Interim Yang Tidak Diaudit [],BRIS,https://www.idx.co.id/StaticData/NewsAndAnnouncement/ANNOUNCEMENTSTOCK/From_EREP/202502/20260220164321-58087-0/051894-3DIR-CFA.pdf,051894-3DIR-CFA.pdf,https://www.idx.co.id/StaticData/NewsAndAnnouncement/ANNOUNCEMENTSTOCK/From_EREP/202502/20260220164321-58087-0/Checklist%20Bappepam%2030%20Sep%202025.pdf,Checklist Bappepam 30 Sep 2025.pdf,https://www.idx.co.id/StaticData/NewsAndAnnouncement/ANNOUNCEMENTSTOCK/From_EREP/202502/20260220164321-58087-0/FinancialStatement-2025-III-BRIS.xlsx,FinancialStatement-2025-III-BRIS.xlsx,https://www.idx.co.id/StaticData/NewsAndAnnouncement/ANNOUNCEMENTSTOCK/From_EREP/202502/20260220164321-58087-0/inlineXBRL.zip,inlineXBRL.zip,https://www.idx.co.id/StaticData/NewsAndAnnouncement/ANNOUNCEMENTSTOCK/From_EREP/202502/20260220164321-58087-0/instance.zip,instance.zip
"30 Okt 2025
					17:58:35",https://www.idx.co.id/StaticData/NewsAndAnnouncement/ANNOUNCEMENTSTOCK/From_EREP/202510/16b930b479_d6d686263c.pdf,Penyampaian Bukti Iklan Informasi Laporan Keuangan Interim [],BRIS,https://www.idx.co.id/StaticData/NewsAndAnnouncement/ANNOUNCEMENTSTOCK/From_EREP/202510/9152eec904_f7c78c5bf5.pdf,20251030_BRIS_Penyampaian Bukti Iklan_31980710_lamp2.pdf,https://www.idx.co.id/StaticData/NewsAndAnnouncement/ANNOUNCEMENTSTOCK/From_EREP/202510/ef1729aa9b_08fc15eef1.pdf,20251030_BRIS_Penyampaian Bukti Iklan_31980710_lamp1.pdf,,,,,,
"07 Okt 2025
					16:03:07",https://www.idx.co.id/StaticData/NewsAndAnnouncement/ANNOUNCEMENTSTOCK/From_EREP/202510/138e463569_94a272f562.pdf,Laporan Bulanan Registrasi Pemegang Efek [],BRPT,https://www.idx.co.id/StaticData/NewsAndAnnouncement/ANNOUNCEMENTSTOCK/From_EREP/202510/e4def4fe86_1ce5cabf2d.pdf,20251002_BRPT_Laporan Bulanan Registrasi Pemegang Efek/Perubahan Struktur Pemegang Saham_31953919_lamp1.pdf,,,,,,,,
"13 Okt 2025
					16:16:12",https://www.idx.co.id/StaticData/NewsAndAnnouncement/ANNOUNCEMENTSTOCK/From_EREP/202510/2cde034ce1_732c59b8fe.pdf,Laporan Kepemilikan atau Setiap Perubahan Kepemilikan Saham Perusahaan Terbuka [],BRPT,https://www.idx.co.id/StaticData/NewsAndAnnouncement/ANNOUNCEMENTSTOCK/From_EREP/202510/7f5019187a_2223dc6a74.pdf,20251013_BRPT_Laporan Kepemilikan atau Setiap Perubahan Kepemilikan Saham Perusahaan Terbuka_31966959_lamp1.pdf,,,,,,,,
"29 Okt 2025
					17:05:12",https://www.idx.co.id/StaticData/NewsAndAnnouncement/ANNOUNCEMENTSTOCK/From_EREP/202510/3d93880a43_d06be47e33.pdf,Rencana Penyelenggaraan Public Expose - Tahunan [],BRPT,https://www.idx.co.id/StaticData/NewsAndAnnouncement/ANNOUNCEMENTSTOCK/From_EREP/202510/267674b804_4600efa984.pdf,20251027_BRPT_Public Expose_31979797_lamp1.pdf,,,,,,,,
"31 Okt 2025
					16:23:46",https://www.idx.co.id/StaticData/NewsAndAnnouncement/ANNOUNCEMENTSTOCK/From_EREP/202502/20260220175633-58321-0/FinancialStatement-2025-III-BRPT.pdf,Penyampaian Laporan Keuangan Interim Yang Tidak Diaudit [],BRPT,https://www.idx.co.id/StaticData/NewsAndAnnouncement/ANNOUNCEMENTSTOCK/From_EREP/202502/20260220175633-58321-0/BRPT%20Financial%20Statement%20-%2030%20Sept.%202025.pdf,BRPT Financial Statement - 30 Sept. 2025.pdf,https://www.idx.co.id/StaticData/NewsAndAnnouncement/ANNOUNCEMENTSTOCK/From_EREP/202502/20260220175633-58321-0/BRPT%20SP%20LK%2030%20September%202025.pdf,BRPT SP LK 30 September 2025.pdf,https://www.idx.co.id/StaticData/NewsAndAnnouncement/ANNOUNCEMENTSTOCK/From_EREP/202502/20260220175633-58321-0/FinancialStatement-2025-III-BRPT.xlsx,FinancialStatement-2025-III-BRPT.xlsx,https://www.idx.co.id/StaticData/NewsAndAnnouncement/ANNOUNCEMENTSTOCK/From_EREP/202502/20260220175633-58321-0/inlineXBRL.zip,inlineXBRL.zip,https://www.idx.co.id/StaticData/NewsAndAnnouncement/ANNOUNCEMENTSTOCK/From_EREP/202502/20260220175633-58321-0/instance.zip,instance.zip
"31 Okt 2025
					17:07:14",https://www.idx.co.id/StaticData/NewsAndAnnouncement/ANNOUNCEMENTSTOCK/From_EREP/202510/3e4fb6a59e_3b4bdba1df.pdf,Siaran Pers PT Barito Pacific Tbk terkait dengan Kinerja Konsolidasian Perseroan Yang Tidak Diaudit Untuk Periode per 30 September 2025 [],BRPT,https://www.idx.co.id/StaticData/NewsAndAnnouncement/ANNOUNCEMENTSTOCK/From_EREP/202510/4346bceabf_08a7684e8c.pdf,20251031_BRPT_Laporan Informasi dan Fakta Material_31981261_lamp3.pdf,https://www.idx.co.id/StaticData/NewsAndAnnouncement/ANNOUNCEMENTSTOCK/From_EREP/202510/cd88653d5c_cecbe59b47.pdf,20251031_BRPT_Laporan Informasi dan Fakta Material_31981261_lamp1.pdf,https://www.idx.co.id/StaticData/NewsAndAnnouncement/ANNOUNCEMENTSTOCK/From_EREP/202510/d76ca9fd2c_9177f89198.pdf,20251031_BRPT_Laporan Informasi dan Fakta Material_31981261_lamp2.pdf,,,,
"07 Okt 2025
					08:28:08",https://www.idx.co.id/StaticData/NewsAndAnnouncement/ANNOUNCEMENTSTOCK/From_EREP/202510/dc9dae41c0_b0db51f070.pdf,Laporan Bulanan Registrasi Pemegang Efek [],CPIN,https://www.idx.co.id/StaticData/NewsAndAnnouncement/ANNOUNCEMENTSTOCK/From_EREP/202510/20ce0ed1c4_6f1687a822.pdf,20251007_CPIN_Laporan Bulanan Registrasi Pemegang Efek/Perubahan Struktur Pemegang Saham_31965068_lamp1.pdf,,,,,,,,
"29 Okt 2025
					16:40:58",https://www.idx.co.id/StaticData/NewsAndAnnouncement/ANNOUNCEMENTSTOCK/From_EREP/202510/19cb9d4532_5bd7985380.pdf,Penjelasan atas Pemberitaan Media Massa [],CPIN,,,,,,,,,,
"31 Okt 2025
					15:59:07",https://www.idx.co.id/StaticData/NewsAndAnnouncement/ANNOUNCEMENTSTOCK/From_EREP/202502/20260220160715-58330-0/FinancialStatement-2025-III-CPIN.pdf,Penyampaian Laporan Keuangan Interim Yang Tidak Diaudit [],CPIN,https://www.idx.co.id/StaticData/NewsAndAnnouncement/ANNOUNCEMENTSTOCK/From_EREP/202502/20260220160715-58330-0/CPIN%20036%20CPIN-PM%20X%202025.pdf,CPIN 036 CPIN-PM X 2025.pdf,https://www.idx.co.id/StaticData/NewsAndAnnouncement/ANNOUNCEMENTSTOCK/From_EREP/202502/20260220160715-58330-0/CPIN%20Surat%20Pernyataan%20Direksi%20311025.pdf,CPIN Surat Pernyataan Direksi 311025.pdf,https://www.idx.co.id/StaticData/NewsAndAnnouncement/ANNOUNCEMENTSTOCK/From_EREP/202502/20260220160715-58330-0/CPIN-250930IE.pdf,CPIN-250930IE.pdf,https://www.idx.co.id/StaticData/NewsAndAnnouncement/ANNOUNCEMENTSTOCK/From_EREP/202502/20260220160715-58330-0/FinancialStatement-2025-III-CPIN.xlsx,FinancialStatement-2025-III-CPIN.xlsx,https://www.idx.co.id/StaticData/NewsAndAnnouncement/ANNOUNCEMENTSTOCK/From_EREP/202502/20260220160715-58330-0/inlineXBRL.zip,inlineXBRL.zip
"10 Okt 2025
					10:27:19",https://www.idx.co.id/StaticData/NewsAndAnnouncement/ANNOUNCEMENTSTOCK/From_EREP/202510/2402fec20d_1c1e70bc8c.pdf,Laporan Bulanan Registrasi Pemegang Efek [],CTRA,https://www.idx.co.id/StaticData/NewsAndAnnouncement/ANNOUNCEMENTSTOCK/From_EREP/202510/0b3c4b122c_704638f9ef.pdf,20251010_CTRA_Laporan Bulanan Registrasi Pemegang Efek/Perubahan Struktur Pemegang Saham_31966531_lamp1.pdf,,,,,,,,
"31 Okt 2025
					10:42:41",https://www.idx.co.id/StaticData/NewsAndAnnouncement/ANNOUNCEMENTSTOCK/From_EREP/202502/20260220143925-57693-0/FinancialStatement-2025-III-CTRA.pdf,Penyampaian Laporan Keuangan Interim Yang Tidak Diaudit [],CTRA,https://www.idx.co.id/StaticData/NewsAndAnnouncement/ANNOUNCEMENTSTOCK/From_EREP/202502/20260220143925-57693-0/FinancialStatement-2025-III-CTRA.xlsx,FinancialStatement-2025-III-CTRA.xlsx,https://www.idx.co.id/StaticData/NewsAndAnnouncement/ANNOUNCEMENTSTOCK/From_EREP/202502/20260220143925-57693-0/inlineXBRL.zip,inlineXBRL.zip,https://www.idx.co.id/StaticData/NewsAndAnnouncement/ANNOUNCEMENTSTOCK/From_EREP/202502/20260220143925-57693-0/instance.zip,instance.zip,https://www.idx.co.id/StaticData/NewsAndAnnouncement/ANNOUNCEMENTSTOCK/From_EREP/202502/20260220143925-57693-0/PT%20Ciputra%20Development%20Tbk%2030%20September%202025.pdf,PT Ciputra Development Tbk 30 September 2025.pdf,,
"01 Okt 2025
					06:07:39",https://www.idx.co.id/StaticData/NewsAndAnnouncement/ANNOUNCEMENTSTOCK/From_EREP/202510/15bf29b95f_11564ae2a7.pdf,Laporan Kepemilikan atau Setiap Perubahan Kepemilikan Saham Perusahaan Terbuka [],EXCL,https://www.idx.co.id/StaticData/NewsAndAnnouncement/ANNOUNCEMENTSTOCK/From_EREP/202510/77a0cac111_02e9936a64.pdf,20250930_EXCL_Laporan Kepemilikan atau Setiap Perubahan Kepemilikan Saham Perusahaan Terbuka_31953439_lamp1.pdf,,,,,,,,
"01 Okt 2025
					17:10:02",https://www.idx.co.id/StaticData/NewsAndAnnouncement/ANNOUNCEMENTSTOCK/From_EREP/202510/65f30c8359_86875b4c6e.pdf,Perubahan Internal Audit [],EXCL,,,,,,,,,,
"07 Okt 2025
					18:23:31",https://www.idx.co.id/StaticData/NewsAndAnnouncement/ANNOUNCEMENTSTOCK/From_EREP/202510/41ebc83998_e33eed0ac8.pdf,Rencana Penyampaian Laporan Keuangan Kuartal III 2025 Ditelaah secara terbatas [],EXCL,,,,,,,,,,
"09 Okt 2025
					16:04:54",https://www.idx.co.id/StaticData/NewsAndAnnouncement/ANNOUNCEMENTSTOCK/From_EREP/202510/67e5cacefa_163060752b.pdf,Laporan Bulanan Registrasi Pemegang Efek [],EXCL,,,,,,,,,,
"15 Okt 2025
					14:51:28",https://www.idx.co.id/StaticData/NewsAndAnnouncement/ANNOUNCEMENTSTOCK/From_EREP/202510/51dc168f19_1926cbdc4d.pdf,Pemberitahuan Rencana Rapat Umum Pemegang Saham Luar Biasa [],EXCL,https://www.idx.co.id/StaticData/NewsAndAnnouncement/ANNOUNCEMENTSTOCK/From_EREP/202510/92808da4dc_e03a9e6cd2.pdf,20251015_EXCL_Pengumuman RUPS_31967641_lamp1.pdf,https://www.idx.co.id/StaticData/NewsAndAnnouncement/ANNOUNCEMENTSTOCK/From_EREP/202510/b4d9917720_83dcca6e65.pdf,20251015_EXCL_Pengumuman RUPS_31967641_lamp2.pdf,,,,,,
"15 Okt 2025
					18:24:54",https://www.idx.co.id/StaticData/NewsAndAnnouncement/ANNOUNCEMENTSTOCK/From_EREP/202510/eae46f99a2_d59a764925.pdf,Jatuh Tempo Obligasi / Sukuk Korporasi [],EXCL,,,,,,,,,,
"15 Okt 2025
					22:07:46",https://www.idx.co.id/StaticData/NewsAndAnnouncement/ANNOUNCEMENTSTOCK/From_EREP/202510/98955e47e8_f21b633063.pdf,Informasi Kupon [],EXCL,,,,,,,,,,
"15 Okt 2025
					22:13:40",https://www.idx.co.id/StaticData/NewsAndAnnouncement/ANNOUNCEMENTSTOCK/From_EREP/202510/be99e60bb8_1397776cb4.pdf,Informasi Ijarah Fee [],EXCL,,,,,,,,,,
"16 Okt 2025
					17:06:46",https://www.idx.co.id/StaticData/NewsAndAnnouncement/ANNOUNCEMENTSTOCK/From_EREP/202510/cd1f711a17_6d5f3583ab.pdf,Pelunasan Pokok dan Bunga Obligasi dan Sukuk Ijarah Berkelanjutan [],EXCL,,,,,,,,,,
"28 Okt 2025
					11:41:37",https://www.idx.co.id/StaticData/NewsAndAnnouncement/ANNOUNCEMENTSTOCK/From_EREP/202510/101d37dc11_b28a08bca1.pdf,Informasi Ijarah Fee [],EXCL,https://www.idx.co.id/StaticData/NewsAndAnnouncement/ANNOUNCEMENTSTOCK/From_EREP/202510/d941a0bb82_be1a06fde9.pdf,20251027_EXCL_Pembayaran Kupon/Bagi Hasil/Ijarah/Pokok_31979898_lamp1.pdf,,,,,,,,
"30 Okt 2025
					16:15:36",https://www.idx.co.id/StaticData/NewsAndAnnouncement/ANNOUNCEMENTSTOCK/From_EREP/202510/a6e49d3dcf_5f71f1a8e6.pdf,Laporan Pengalihan Kembali Saham Hasil Buy Back [],EXCL,https://www.idx.co.id/StaticData/NewsAndAnnouncement/ANNOUNCEMENTSTOCK/From_EREP/202510/d8d63cca25_1009b8f033.pdf,20251030_EXCL_Laporan Pengalihan Saham Hasil Buy Back_31980811_lamp1.pdf,,,,,,,,
"30 Okt 2025
					17:01:00",https://www.idx.co.id/StaticData/NewsAndAnnouncement/ANNOUNCEMENTSTOCK/From_EREP/202510/b811c332ce_0e9abe743c.pdf,Pemanggilan Rapat Umum Pemegang Saham Luar Biasa [],EXCL,https://www.idx.co.id/StaticData/NewsAndAnnouncement/ANNOUNCEMENTSTOCK/From_EREP/202510/791f07c3f8_cbf7a5feaa.pdf,20251030_EXCL_Pemanggilan RUPS_31980743_lamp2.pdf,https://www.idx.co.id/StaticData/NewsAndAnnouncement/ANNOUNCEMENTSTOCK/From_EREP/202510/a586014a34_84672fe7a3.pdf,20251030_EXCL_Pemanggilan RUPS_31980743_lamp1.pdf,,,,,,
"08 Okt 2025
					16:24:59",https://www.idx.co.id/StaticData/NewsAndAnnouncement/ANNOUNCEMENTSTOCK/From_EREP/202510/22d5608e48_7bce343509.pdf,Laporan Bulanan Registrasi Pemegang Efek [],GOTO,https://www.idx.co.id/StaticData/NewsAndAnnouncement/ANNOUNCEMENTSTOCK/From_EREP/202510/2e4f309d1d_ba2840b830.pdf,20251008_GOTO_Laporan Bulanan Registrasi Pemegang Efek/Perubahan Struktur Pemegang Saham_31965803_lamp1.pdf,,,,,,,,
"29 Okt 2025
					16:24:45",https://www.idx.co.id/StaticData/NewsAndAnnouncement/ANNOUNCEMENTSTOCK/From_EREP/202502/20260220165556-58393-0/FinancialStatement-2025-III-GOTO.pdf,Penyampaian Laporan Keuangan Interim Yang Tidak Diaudit [],GOTO,https://www.idx.co.id/StaticData/NewsAndAnnouncement/ANNOUNCEMENTSTOCK/From_EREP/202502/20260220165556-58393-0/FinancialStatement-2025-III-GOTO.xlsx,FinancialStatement-2025-III-GOTO.xlsx,https://www.idx.co.id/StaticData/NewsAndAnnouncement/ANNOUNCEMENTSTOCK/From_EREP/202502/20260220165556-58393-0/inlineXBRL.zip,inlineXBRL.zip,https://www.idx.co.id/StaticData/NewsAndAnnouncement/ANNOUNCEMENTSTOCK/From_EREP/202502/20260220165556-58393-0/instance.zip,instance.zip,https://www.idx.co.id/StaticData/NewsAndAnnouncement/ANNOUNCEMENTSTOCK/From_EREP/202502/20260220165556-58393-0/LKFS%20-%2030%20September%202025.pdf,LKFS - 30 September 2025.pdf,https://www.idx.co.id/StaticData/NewsAndAnnouncement/ANNOUNCEMENTSTOCK/From_EREP/202502/20260220165556-58393-0/Surat%20Pengantar_LK%20Q3%202025.pdf,Surat Pengantar_LK Q3 2025.pdf
"29 Okt 2025
					17:01:14",https://www.idx.co.id/StaticData/NewsAndAnnouncement/ANNOUNCEMENTSTOCK/From_EREP/202510/1d20c8d1e4_b3a1ef4a29.pdf,Penyampaian Laporan Keuangan [],GOTO,https://www.idx.co.id/StaticData/NewsAndAnnouncement/ANNOUNCEMENTSTOCK/From_EREP/202510/3d5b935492_8ae6043195.pdf,20251029_GOTO_Laporan Informasi dan Fakta Material_31980550_lamp2.pdf,https://www.idx.co.id/StaticData/NewsAndAnnouncement/ANNOUNCEMENTSTOCK/From_EREP/202510/bf8f372753_26a1794589.pdf,20251029_GOTO_Laporan Informasi dan Fakta Material_31980550_lamp1.pdf,,,,,,
"29 Okt 2025
					20:33:39",https://www.idx.co.id/StaticData/NewsAndAnnouncement/ANNOUNCEMENTSTOCK/From_EREP/202510/82c7e68e60_83acdcdee2.pdf,Siaran Pers_Grup GoTo Mencatatkan Laba Sebelum Pajak Yang Disesuaikan Kuartalan Pertama dan Menaikkan Pedoman Kinerja Tahunan dalam Laporan Kinerja Kuartal Ketiga 2025 [],GOTO,https://www.idx.co.id/StaticData/NewsAndAnnouncement/ANNOUNCEMENTSTOCK/From_EREP/202510/e3a9dacfd6_0f934e768e.pdf,20251029_GOTO_Laporan Informasi dan Fakta Material_31980606_lamp1.pdf,,,,,,,,
"10 Okt 2025
					16:30:04",https://www.idx.co.id/StaticData/NewsAndAnnouncement/ANNOUNCEMENTSTOCK/From_EREP/202510/814eaa1bb9_0097ac9a34.pdf,Laporan Bulanan Registrasi Pemegang Efek [],ICBP,,,,,,,,,,
"31 Okt 2025
					16:29:22",https://www.idx.co.id/StaticData/NewsAndAnnouncement/ANNOUNCEMENTSTOCK/From_EREP/202502/20260220150551-57757-0/FinancialStatement-2025-III-ICBP.pdf,Penyampaian Laporan Keuangan Interim Yang Tidak Diaudit [],ICBP,https://www.idx.co.id/StaticData/NewsAndAnnouncement/ANNOUNCEMENTSTOCK/From_EREP/202502/20260220150551-57757-0/FinancialStatement-2025-III-ICBP.xlsx,FinancialStatement-2025-III-ICBP.xlsx,https://www.idx.co.id/StaticData/NewsAndAnnouncement/ANNOUNCEMENTSTOCK/From_EREP/202502/20260220150551-57757-0/Icbp_billingual_30_Sep_25.pdf,Icbp_billingual_30_Sep_25.pdf,https://www.idx.co.id/StaticData/NewsAndAnnouncement/ANNOUNCEMENTSTOCK/From_EREP/202502/20260220150551-57757-0/ICBP_KI_Surat%20pengantar%20XBRL%209M25_251014.pdf,ICBP_KI_Surat pengantar XBRL 9M25_251014.pdf,https://www.idx.co.id/StaticData/NewsAndAnnouncement/ANNOUNCEMENTSTOCK/From_EREP/202502/20260220150551-57757-0/inlineXBRL.zip,inlineXBRL.zip,https://www.idx.co.id/StaticData/NewsAndAnnouncement/ANNOUNCEMENTSTOCK/From_EREP/202502/20260220150551-57757-0/instance.zip,instance.zip
"31 Okt 2025
					16:31:40",https://www.idx.co.id/StaticData/NewsAndAnnouncement/ANNOUNCEMENTSTOCK/From_EREP/202510/771469cda7_ebe7ad673a.pdf,Penyampaian Siaran Pers Kinerja Keuangan PT Indofood CBP Sukses Makmur Tbk untuk Periode yang Berakhir pada Tanggal 30 September 2025 [],ICBP,https://www.idx.co.id/StaticData/NewsAndAnnouncement/ANNOUNCEMENTSTOCK/From_EREP/202510/12d359dbac_cd481bd732.pdf,20251022_ICBP_Laporan Informasi dan Fakta Material_31978929_lamp1.pdf,,,,,,,,
"06 Okt 2025
					11:16:34",https://www.idx.co.id/StaticData/NewsAndAnnouncement/ANNOUNCEMENTSTOCK/From_EREP/202510/899b6f0e92_84e24cc1fb.pdf,Laporan Bulanan Registrasi Pemegang Efek [],INCO,https://www.idx.co.id/StaticData/NewsAndAnnouncement/ANNOUNCEMENTSTOCK/From_EREP/202510/a9f0df32f6_efaf01b6ea.pdf,20251006_INCO_Laporan Bulanan Registrasi Pemegang Efek/Perubahan Struktur Pemegang Saham_31964632_lamp1.pdf,,,,,,,,
"08 Okt 2025
					17:07:45",https://www.idx.co.id/StaticData/NewsAndAnnouncement/ANNOUNCEMENTSTOCK/From_EREP/202510/2e8b560c52_96d6138caa.pdf,Saham Hilang [],INCO,https://www.idx.co.id/StaticData/NewsAndAnnouncement/ANNOUNCEMENTSTOCK/From_EREP/202510/5d3066aac6_9491f0a4b8.pdf,20251008_INCO_Pengumuman Bursa_31965813_lamp1.pdf,,,,,,,,
"10 Okt 2025
					08:04:47",https://www.idx.co.id/StaticData/NewsAndAnnouncement/ANNOUNCEMENTSTOCK/From_EREP/202510/697e54f78a_9395bc87f6.pdf,Laporan Bulanan Aktivitas Eksplorasi [],INCO,https://www.idx.co.id/StaticData/NewsAndAnnouncement/ANNOUNCEMENTSTOCK/From_EREP/202510/2fcad85126_e6ac32954d.pdf,20251010_INCO_Laporan Bulanan Aktivitas Eksplorasi_31966496_lamp1.pdf,,,,,,,,
"14 Okt 2025
					21:29:23",https://www.idx.co.id/StaticData/NewsAndAnnouncement/ANNOUNCEMENTSTOCK/From_EREP/202510/87347823ce_89f825957d.pdf,Penjelasan atas Pemberitaan Media Massa [],INCO,https://www.idx.co.id/StaticData/NewsAndAnnouncement/ANNOUNCEMENTSTOCK/From_EREP/202510/919e18b1e5_adcc1be90c.pdf,20251014_INCO_Tanggapan atas Permintaan Penjelasan Bursa_31967468_lamp1.pdf,,,,,,,,
"17 Okt 2025
					16:52:22",https://www.idx.co.id/StaticData/NewsAndAnnouncement/ANNOUNCEMENTSTOCK/From_EREP/202510/0db228059e_57de03cb57.pdf,Saham Hilang [],INCO,https://www.idx.co.id/StaticData/NewsAndAnnouncement/ANNOUNCEMENTSTOCK/From_EREP/202510/780436a738_2ae1e011d3.pdf,20251017_INCO_Pengumuman Bursa_31968142_lamp1.pdf,https://www.idx.co.id/StaticData/NewsAndAnnouncement/ANNOUNCEMENTSTOCK/From_EREP/202510/846e4d8e1a_8dc8eb6078.pdf,20251017_INCO_Pengumuman Bursa_31968142_lamp2.pdf,,,,,,
"29 Okt 2025
					15:23:37",https://www.idx.co.id/StaticData/NewsAndAnnouncement/ANNOUNCEMENTSTOCK/From_EREP/202510/2e5d1c1315_8f07c034cc.pdf,Penerbitan SKS Pengganti Karena Saham Hilang PT Vale Indonesia Tbk [],INCO,https://www.idx.co.id/StaticData/NewsAndAnnouncement/ANNOUNCEMENTSTOCK/From_EREP/202510/dca3f77b30_7f6596cdb3.pdf,20251029_INCO_Pengumuman Bursa_31980376_lamp1.pdf,,,,,,,,
"29 Okt 2025
					16:04:16",https://www.idx.co.id/StaticData/NewsAndAnnouncement/ANNOUNCEMENTSTOCK/From_EREP/202510/a72044467e_06a15f06ca.pdf,Siaran Pers Pencapaian Produksi dan Kinerja Keuangan Perseroan pada Triwulan Ketiga Tahun 2025 [],INCO,https://www.idx.co.id/StaticData/NewsAndAnnouncement/ANNOUNCEMENTSTOCK/From_EREP/202510/51117b1ab8_46d9a481b7.pdf,20251029_INCO_Laporan Informasi dan Fakta Material_31980520_lamp1.pdf,https://www.idx.co.id/StaticData/NewsAndAnnouncement/ANNOUNCEMENTSTOCK/From_EREP/202510/a7c28cd378_ef2cc6a1ad.pdf,20251029_INCO_Laporan Informasi dan Fakta Material_31980520_lamp3.pdf,https://www.idx.co.id/StaticData/NewsAndAnnouncement/ANNOUNCEMENTSTOCK/From_EREP/202510/cbc74560c6_9ea215d14c.pdf,20251029_INCO_Laporan Informasi dan Fakta Material_31980520_lamp4.pdf,https://www.idx.co.id/StaticData/NewsAndAnnouncement/ANNOUNCEMENTSTOCK/From_EREP/202510/cf24532c63_8d01a8fb83.pdf,20251029_INCO_Laporan Informasi dan Fakta Material_31980520_lamp2.pdf,,
"29 Okt 2025
					16:05:06",https://www.idx.co.id/StaticData/NewsAndAnnouncement/ANNOUNCEMENTSTOCK/From_EREP/202502/20260220171206-58046-0/FinancialStatement-2025-III-INCO.pdf,Penyampaian Laporan Keuangan Interim Yang Tidak Diaudit [],INCO,https://www.idx.co.id/StaticData/NewsAndAnnouncement/ANNOUNCEMENTSTOCK/From_EREP/202502/20260220171206-58046-0/FinancialStatement-2025-III-INCO.xlsx,FinancialStatement-2025-III-INCO.xlsx,https://www.idx.co.id/StaticData/NewsAndAnnouncement/ANNOUNCEMENTSTOCK/From_EREP/202502/20260220171206-58046-0/inlineXBRL.zip,inlineXBRL.zip,https://www.idx.co.id/StaticData/NewsAndAnnouncement/ANNOUNCEMENTSTOCK/From_EREP/202502/20260220171206-58046-0/instance.zip,instance.zip,https://www.idx.co.id/StaticData/NewsAndAnnouncement/ANNOUNCEMENTSTOCK/From_EREP/202502/20260220171206-58046-0/PT%20Vale%20FS%2030%20Sept%202025.pdf,PT Vale FS 30 Sept 2025.pdf,,
"27 Okt 2025
					18:14:17",https://www.idx.co.id/StaticData/NewsAndAnnouncement/ANNOUNCEMENTSTOCK/Exchange/Indeks%20Peng-00198-No.%20Peng-00198BEI.POP10-2025.pdf,"Evaluasi Indeks IDX30, LQ45, IDX80, KOMPAS100, BISNIS-27, MNC36, SMinfra18, IDXESGL []",INDEKS,https://www.idx.co.id/StaticData/NewsAndAnnouncement/ANNOUNCEMENTSTOCK/Exchange/No.%20Peng-00198_BEI.POP_10-2025-ID.zip,No. Peng-00198_BEI.POP_10-2025-ID.zip,,,,,,,,
"10 Okt 2025
					16:22:45",https://www.idx.co.id/StaticData/NewsAndAnnouncement/ANNOUNCEMENTSTOCK/From_EREP/202510/c65465d73c_4c63b7a1dc.pdf,Laporan Bulanan Registrasi Pemegang Efek [],INDF,,,,,,,,,,
"31 Okt 2025
					16:28:30",https://www.idx.co.id/StaticData/NewsAndAnnouncement/ANNOUNCEMENTSTOCK/From_EREP/202502/20260220150709-57755-0/FinancialStatement-2025-III-INDF.pdf,Penyampaian Laporan Keuangan Interim Yang Tidak Diaudit [],INDF,https://www.idx.co.id/StaticData/NewsAndAnnouncement/ANNOUNCEMENTSTOCK/From_EREP/202502/20260220150709-57755-0/FinancialStatement-2025-III-INDF.xlsx,FinancialStatement-2025-III-INDF.xlsx,https://www.idx.co.id/StaticData/NewsAndAnnouncement/ANNOUNCEMENTSTOCK/From_EREP/202502/20260220150709-57755-0/INDF_KI_Surat%20Pengantar%20XBRL%209M25_251014.pdf,INDF_KI_Surat Pengantar XBRL 9M25_251014.pdf,https://www.idx.co.id/StaticData/NewsAndAnnouncement/ANNOUNCEMENTSTOCK/From_EREP/202502/20260220150709-57755-0/inlineXBRL.zip,inlineXBRL.zip,https://www.idx.co.id/StaticData/NewsAndAnnouncement/ANNOUNCEMENTSTOCK/From_EREP/202502/20260220150709-57755-0/instance.zip,instance.zip,https://www.idx.co.id/StaticData/NewsAndAnnouncement/ANNOUNCEMENTSTOCK/From_EREP/202502/20260220150709-57755-0/ISM_Billingual_30_September_2025_.pdf,ISM_Billingual_30_September_2025_.pdf
"31 Okt 2025
					16:48:51",https://www.idx.co.id/StaticData/NewsAndAnnouncement/ANNOUNCEMENTSTOCK/From_EREP/202510/4ec74ac67c_febd73e10c.pdf,Penyampaian Siaran Pers Kinerja Keuangan PT Indofood Sukses Makmur Tbk untuk Periode yang Berakhir pada Tanggal 30 September 2025 [],INDF,https://www.idx.co.id/StaticData/NewsAndAnnouncement/ANNOUNCEMENTSTOCK/From_EREP/202510/edc1b9ac10_16b87a5e82.pdf,20251022_INDF_Laporan Informasi dan Fakta Material_31978930_lamp1.pdf,,,,,,,,
"01 Okt 2025
					09:48:38",https://www.idx.co.id/StaticData/NewsAndAnnouncement/ANNOUNCEMENTSTOCK/From_EREP/202510/e72d9e04a6_8a5dbbb314.pdf,Pengumuman Bursa Pencatatan Awal Obligasi dan Sukuk [],INKP,https://www.idx.co.id/StaticData/NewsAndAnnouncement/ANNOUNCEMENTSTOCK/From_EREP/202510/e18c2173b0_b42207bfac.pdf,20250930_INKP_Pengumuman Pencatatan Awal Obligasi dan Sukuk_31953266_lamp1.pdf,,,,,,,,
"01 Okt 2025
					10:51:17",https://www.idx.co.id/StaticData/NewsAndAnnouncement/ANNOUNCEMENTSTOCK/From_EREP/202510/f7da44d01f_583ca38a08.pdf,Laporan Hasil Pemeringkatan Pemeringkatan Tahunan [],INKP,https://www.idx.co.id/StaticData/NewsAndAnnouncement/ANNOUNCEMENTSTOCK/From_EREP/202510/03ae271499_0f8712bfb2.pdf,20250924_INKP_Laporan Hasil Pemeringkatan_31951942_lamp1.pdf,https://www.idx.co.id/StaticData/NewsAndAnnouncement/ANNOUNCEMENTSTOCK/From_EREP/202510/cf9ecf6725_372e0571de.pdf,20250924_INKP_Laporan Hasil Pemeringkatan_31951942_lamp2.pdf,,,,,,
"08 Okt 2025
					14:12:08",https://www.idx.co.id/StaticData/NewsAndAnnouncement/ANNOUNCEMENTSTOCK/From_EREP/202510/88732996a4_a8fd989cc2.pdf,Laporan Bulanan Registrasi Pemegang Efek [],INKP,https://www.idx.co.id/StaticData/NewsAndAnnouncement/ANNOUNCEMENTSTOCK/From_EREP/202510/3ddd3330fc_ff31e0d76c.pdf,20251008_INKP_Laporan Bulanan Registrasi Pemegang Efek/Perubahan Struktur Pemegang Saham_31965637_lamp1.pdf,,,,,,,,
"10 Okt 2025
					17:08:34",https://www.idx.co.id/StaticData/NewsAndAnnouncement/ANNOUNCEMENTSTOCK/From_EREP/202510/4acfd5dc35_074381f78c.pdf,Jatuh Tempo Obligasi / Sukuk Korporasi [],INKP,https://www.idx.co.id/StaticData/NewsAndAnnouncement/ANNOUNCEMENTSTOCK/From_EREP/202510/8f5fa60c19_d54487dc91.pdf,20251010_INKP_Pengumuman Jatuh Tempo Obligasi dan Sukuk_31966690_lamp2.pdf,https://www.idx.co.id/StaticData/NewsAndAnnouncement/ANNOUNCEMENTSTOCK/From_EREP/202510/b927c6327f_58e6205894.pdf,20251010_INKP_Pengumuman Jatuh Tempo Obligasi dan Sukuk_31966690_lamp1.pdf,,,,,,
"13 Okt 2025
					18:27:23",https://www.idx.co.id/StaticData/NewsAndAnnouncement/ANNOUNCEMENTSTOCK/From_EREP/202510/ddfb749bb3_a9421dd35a.pdf,Jatuh Tempo Obligasi / Sukuk Korporasi [],INKP,https://www.idx.co.id/StaticData/NewsAndAnnouncement/ANNOUNCEMENTSTOCK/From_EREP/202510/ad0fef9e04_8c0e458ff1.pdf,20251013_INKP_Pengumuman Jatuh Tempo Obligasi dan Sukuk_31967052_lamp2.pdf,https://www.idx.co.id/StaticData/NewsAndAnnouncement/ANNOUNCEMENTSTOCK/From_EREP/202510/db3a44bf06_d6f56f7253.pdf,20251013_INKP_Pengumuman Jatuh Tempo Obligasi dan Sukuk_31967052_lamp1.pdf,,,,,,
"14 Okt 2025
					14:07:22",https://www.idx.co.id/StaticData/NewsAndAnnouncement/ANNOUNCEMENTSTOCK/From_EREP/202510/b9a7c789bc_406373e02e.pdf,Pelunasan Obligasi danSukuk Mudharabah  [],INKP,https://www.idx.co.id/StaticData/NewsAndAnnouncement/ANNOUNCEMENTSTOCK/From_EREP/202510/5d66b2888e_a1097690ec.pdf,20251013_INKP_Laporan Informasi dan Fakta Material_31966927_lamp1.pdf,,,,,,,,
"15 Okt 2025
					09:24:29",https://www.idx.co.id/StaticData/NewsAndAnnouncement/ANNOUNCEMENTSTOCK/From_EREP/202510/2838e02072_5c269e6f20.pdf,Pelunasan Obligasi USD [],INKP,https://www.idx.co.id/StaticData/NewsAndAnnouncement/ANNOUNCEMENTSTOCK/From_EREP/202510/1f36883f04_df4f6ec420.pdf,20251013_INKP_Laporan Informasi dan Fakta Material_31966928_lamp1.pdf,,,,,,,,
"29 Okt 2025
					14:37:52",https://www.idx.co.id/StaticData/NewsAndAnnouncement/ANNOUNCEMENTSTOCK/From_EREP/202510/7694cc0d40_f51ad01bd9.pdf,Informasi Pelunasan Efek [],INKP,https://www.idx.co.id/StaticData/NewsAndAnnouncement/ANNOUNCEMENTSTOCK/From_EREP/202510/58632fca51_232880e480.pdf,20251029_INKP_Pembayaran Kupon/Bagi Hasil/Ijarah/Pokok_31980393_lamp1.pdf,,,,,,,,
"29 Okt 2025
					14:46:59",https://www.idx.co.id/StaticData/NewsAndAnnouncement/ANNOUNCEMENTSTOCK/From_EREP/202510/135a5b1031_4c9959b328.pdf,Informasi Pelunasan Efek [],INKP,https://www.idx.co.id/StaticData/NewsAndAnnouncement/ANNOUNCEMENTSTOCK/From_EREP/202510/3fd1bfd6c1_36a2bf5f6e.pdf,20251029_INKP_Pembayaran Kupon/Bagi Hasil/Ijarah/Pokok_31980331_lamp1.pdf,,,,,,,,
"29 Okt 2025
					14:56:19",https://www.idx.co.id/StaticData/NewsAndAnnouncement/ANNOUNCEMENTSTOCK/From_EREP/202510/7058af366d_25a324e877.pdf,Informasi Pelunasan Efek [],INKP,https://www.idx.co.id/StaticData/NewsAndAnnouncement/ANNOUNCEMENTSTOCK/From_EREP/202510/e531bc86cc_8a7396befb.pdf,20251029_INKP_Pembayaran Kupon/Bagi Hasil/Ijarah/Pokok_31980373_lamp1.pdf,,,,,,,,
"30 Okt 2025
					15:53:36",https://www.idx.co.id/StaticData/NewsAndAnnouncement/ANNOUNCEMENTSTOCK/From_EREP/202510/b46f348cf9_128556eec7.pdf,Rencana Penyampaian Laporan Keuangan Kuartal III 2025 Diaudit [],INKP,https://www.idx.co.id/StaticData/NewsAndAnnouncement/ANNOUNCEMENTSTOCK/From_EREP/202510/0d0f00bdce_a62ee9b3b0.pdf,20251030_INKP_Rencana Penyampaian Laporan Keuangan_31980663_lamp1.pdf,,,,,,,,
"31 Okt 2025
					10:15:41",https://www.idx.co.id/StaticData/NewsAndAnnouncement/ANNOUNCEMENTSTOCK/From_EREP/202510/a5667cb15b_bb5f0ebe42.pdf,"Konfirmasi Realisasi Nilai Emisi dan Penutupan Penawaran Umum Berkelanjutan Obligasi Berkelanjutan V Indah Kiat Pulp & Paper, Penawaran Umum Berkelanjutan Sukuk Mudharabah Berkelanjutan IV Indah Kiat Pulp & Paper, dan Penawaran Umum Berkelanjutan Obligasi USD Berkelanjutan II Indah Kiat Pulp & Paper. []",INKP,https://www.idx.co.id/StaticData/NewsAndAnnouncement/ANNOUNCEMENTSTOCK/From_EREP/202510/a0fd6dc932_ed75c4588a.pdf,20251031_INKP_Laporan Informasi dan Fakta Material_31981061_lamp1.pdf,,,,,,,,
"02 Okt 2025
					23:18:57",https://www.idx.co.id/StaticData/NewsAndAnnouncement/ANNOUNCEMENTSTOCK/From_EREP/202510/4f16c35aa2_f1ef12cfb5.pdf,Ringkasan Risalah Rapat Umum Para Pemegang Saham Luar Biasa [],ISAT,https://www.idx.co.id/StaticData/NewsAndAnnouncement/ANNOUNCEMENTSTOCK/From_EREP/202510/94fc721cf0_04a14f626f.pdf,20251002_ISAT_Ringkasan Risalah/Risalah RUPS_31954066_lamp1.pdf,,,,,,,,
"03 Okt 2025
					18:17:14",https://www.idx.co.id/StaticData/NewsAndAnnouncement/ANNOUNCEMENTSTOCK/From_EREP/202510/b4a5ef2d1e_80f429e8ae.pdf,Perubahan Komite Audit [],ISAT,https://www.idx.co.id/StaticData/NewsAndAnnouncement/ANNOUNCEMENTSTOCK/From_EREP/202510/a6160fd1c6_774ba855a9.pdf,20251003_ISAT_Perubahan Corsec Komite Audit Alamat NPWP Internal Audit_31954391_lamp1.pdf,,,,,,,,
"06 Okt 2025
					20:47:01",https://www.idx.co.id/StaticData/NewsAndAnnouncement/ANNOUNCEMENTSTOCK/From_EREP/202510/978f64fb2e_43f62a47d0.pdf,Kesiapan Pembayaran Obligasi Berkelanjutan IV Indosat Tahap I Tahun 2022 Seri A dan Pembayaran Sukuk Ijarah Berkelanjutan IV Indosat Tahap I Tahun 2022 Seri A [],ISAT,https://www.idx.co.id/StaticData/NewsAndAnnouncement/ANNOUNCEMENTSTOCK/From_EREP/202510/5c165af02b_95e0220aa8.pdf,20251006_ISAT_Laporan Informasi dan Fakta Material_31965047_lamp1.pdf,,,,,,,,
"09 Okt 2025
					19:27:02",https://www.idx.co.id/StaticData/NewsAndAnnouncement/ANNOUNCEMENTSTOCK/From_EREP/202510/8ff0cc411a_27d507f8ae.pdf,Laporan Bulanan Registrasi Pemegang Efek [],ISAT,https://www.idx.co.id/StaticData/NewsAndAnnouncement/ANNOUNCEMENTSTOCK/From_EREP/202510/e5b334b2f1_a70d501526.pdf,20251009_ISAT_Laporan Bulanan Registrasi Pemegang Efek/Perubahan Struktur Pemegang Saham_31966084_lamp1.pdf,https://www.idx.co.id/StaticData/NewsAndAnnouncement/ANNOUNCEMENTSTOCK/From_EREP/202510/e6e6ef0ee2_822046cb2b.pdf,20251009_ISAT_Laporan Bulanan Registrasi Pemegang Efek/Perubahan Struktur Pemegang Saham_31966084_lamp2.pdf,,,,,,
"24 Okt 2025
					17:26:48",https://www.idx.co.id/StaticData/NewsAndAnnouncement/ANNOUNCEMENTSTOCK/From_EREP/202510/e572b233dd_8fb6575083.pdf,Jatuh Tempo Obligasi / Sukuk Korporasi [],ISAT,https://www.idx.co.id/StaticData/NewsAndAnnouncement/ANNOUNCEMENTSTOCK/From_EREP/202510/82ceb12478_072a35835c.pdf,20251024_ISAT_Pengumuman Jatuh Tempo Obligasi dan Sukuk_31979548_lamp2.pdf,https://www.idx.co.id/StaticData/NewsAndAnnouncement/ANNOUNCEMENTSTOCK/From_EREP/202510/ef19f2891d_aaaaba6341.pdf,20251024_ISAT_Pengumuman Jatuh Tempo Obligasi dan Sukuk_31979548_lamp1.pdf,,,,,,
"29 Okt 2025
					12:14:01",https://www.idx.co.id/StaticData/NewsAndAnnouncement/ANNOUNCEMENTSTOCK/From_EREP/202502/20260220161226-57879-0/FinancialStatement-2025-III-ISAT.pdf,Penyampaian Laporan Keuangan Interim Yang Ditelaah Secara Terbatas [],ISAT,https://www.idx.co.id/StaticData/NewsAndAnnouncement/ANNOUNCEMENTSTOCK/From_EREP/202502/20260220161226-57879-0/FinancialStatement-2025-III-ISAT.xlsx,FinancialStatement-2025-III-ISAT.xlsx,https://www.idx.co.id/StaticData/NewsAndAnnouncement/ANNOUNCEMENTSTOCK/From_EREP/202502/20260220161226-57879-0/FS%20ISAT%2030%20September%202025.pdf,FS ISAT 30 September 2025.pdf,https://www.idx.co.id/StaticData/NewsAndAnnouncement/ANNOUNCEMENTSTOCK/From_EREP/202502/20260220161226-57879-0/Info%20Memo%209M25%20Eng%20Final%20version.pdf,Info Memo 9M25 Eng Final version.pdf,https://www.idx.co.id/StaticData/NewsAndAnnouncement/ANNOUNCEMENTSTOCK/From_EREP/202502/20260220161226-57879-0/Info%20Memo%209M25%20Ind%20Final%20version.pdf,Info Memo 9M25 Ind Final version.pdf,https://www.idx.co.id/StaticData/NewsAndAnnouncement/ANNOUNCEMENTSTOCK/From_EREP/202502/20260220161226-57879-0/inlineXBRL.zip,inlineXBRL.zip
"01 Okt 2025
					17:14:45",https://www.idx.co.id/StaticData/NewsAndAnnouncement/ANNOUNCEMENTSTOCK/From_EREP/202510/f1902f8511_ce73d0dc8c.pdf,Konfirmasi Emiten Grup [],ITMG,,,,,,,,,,
"03 Okt 2025
					10:52:31",https://www.idx.co.id/StaticData/NewsAndAnnouncement/ANNOUNCEMENTSTOCK/From_EREP/202510/b13a8594f8_3bb90249c8.pdf,Pemanggilan Rapat Umum Pemegang Saham Luar Biasa [],ITMG,https://www.idx.co.id/StaticData/NewsAndAnnouncement/ANNOUNCEMENTSTOCK/From_EREP/202510/7ba20c519d_830c0b2e52.pdf,20251003_ITMG_Pemanggilan RUPS_31954147_lamp1.pdf,https://www.idx.co.id/StaticData/NewsAndAnnouncement/ANNOUNCEMENTSTOCK/From_EREP/202510/7e1f4a5a32_912df58818.pdf,20251003_ITMG_Pemanggilan RUPS_31954147_lamp2.pdf,,,,,,
"06 Okt 2025
					15:18:32",https://www.idx.co.id/StaticData/NewsAndAnnouncement/ANNOUNCEMENTSTOCK/From_EREP/202510/805cf34839_9d3c2a4af3.pdf,Laporan Bulanan Registrasi Pemegang Efek [],ITMG,https://www.idx.co.id/StaticData/NewsAndAnnouncement/ANNOUNCEMENTSTOCK/From_EREP/202510/0af4a4c15f_c6a7bdc577.pdf,20251005_ITMG_Laporan Bulanan Registrasi Pemegang Efek/Perubahan Struktur Pemegang Saham_31964439_lamp2.pdf,https://www.idx.co.id/StaticData/NewsAndAnnouncement/ANNOUNCEMENTSTOCK/From_EREP/202510/adeae4f705_eeedd44f5d.pdf,20251005_ITMG_Laporan Bulanan Registrasi Pemegang Efek/Perubahan Struktur Pemegang Saham_31964439_lamp1.pdf,,,,,,
"10 Okt 2025
					09:10:40",https://www.idx.co.id/StaticData/NewsAndAnnouncement/ANNOUNCEMENTSTOCK/From_EREP/202510/297e8f3489_d124c6caf8.pdf,Laporan Bulanan Aktivitas Eksplorasi [],ITMG,https://www.idx.co.id/StaticData/NewsAndAnnouncement/ANNOUNCEMENTSTOCK/From_EREP/202510/306544ef3f_d46f712f8b.pdf,20251010_ITMG_Laporan Bulanan Aktivitas Eksplorasi_31966515_lamp1.pdf,,,,,,,,
"14 Okt 2025
					18:36:17",https://www.idx.co.id/StaticData/NewsAndAnnouncement/ANNOUNCEMENTSTOCK/From_EREP/202510/023abe381f_0f43830fc7.pdf,Penjelasan atas Pemberitaan Media Massa [],ITMG,,,,,,,,,,
"16 Okt 2025
					15:37:56",https://www.idx.co.id/StaticData/NewsAndAnnouncement/ANNOUNCEMENTSTOCK/From_EREP/202510/284f02e0d9_b4aa2ae663.pdf,Laporan Bulanan Registrasi Pemegang Efek (KOREKSI) [],ITMG,https://www.idx.co.id/StaticData/NewsAndAnnouncement/ANNOUNCEMENTSTOCK/From_EREP/202510/13b369f421_e217431c73.pdf,20251016_ITMG_Laporan Bulanan Registrasi Pemegang Efek/Perubahan Struktur Pemegang Saham_31967908_lamp2.pdf,https://www.idx.co.id/StaticData/NewsAndAnnouncement/ANNOUNCEMENTSTOCK/From_EREP/202510/c876afc18e_5db71804e9.pdf,20251016_ITMG_Laporan Bulanan Registrasi Pemegang Efek/Perubahan Struktur Pemegang Saham_31967908_lamp1.pdf,,,,,,
"29 Okt 2025
					15:13:50",https://www.idx.co.id/StaticData/NewsAndAnnouncement/ANNOUNCEMENTSTOCK/From_EREP/202510/e5132938a6_d5fa09763d.pdf,Rencana Penyampaian Laporan Keuangan Kuartal III 2025 Ditelaah secara terbatas [],ITMG,https://www.idx.co.id/StaticData/NewsAndAnnouncement/ANNOUNCEMENTSTOCK/From_EREP/202510/b457eae5ca_8c5bb4d451.pdf,20251028_ITMG_Rencana Penyampaian Laporan Keuangan_31980128_lamp1.pdf,,,,,,,,
"08 Okt 2025
					16:30:00",https://www.idx.co.id/StaticData/NewsAndAnnouncement/ANNOUNCEMENTSTOCK/From_EREP/202510/1a7bfa77b6_f51955ca4a.pdf,Laporan Bulanan Registrasi Pemegang Efek [],JPFA,https://www.idx.co.id/StaticData/NewsAndAnnouncement/ANNOUNCEMENTSTOCK/From_EREP/202510/9f959d1cfa_0e8548f58c.pdf,20251008_JPFA_Laporan Bulanan Registrasi Pemegang Efek/Perubahan Struktur Pemegang Saham_31965891_lamp2.pdf,https://www.idx.co.id/StaticData/NewsAndAnnouncement/ANNOUNCEMENTSTOCK/From_EREP/202510/f79533896b_d5935e04df.pdf,20251008_JPFA_Laporan Bulanan Registrasi Pemegang Efek/Perubahan Struktur Pemegang Saham_31965891_lamp1.pdf,,,,,,
"21 Okt 2025
					16:40:09",https://www.idx.co.id/StaticData/NewsAndAnnouncement/ANNOUNCEMENTSTOCK/From_EREP/202510/fd70fc74fb_e81ad32195.pdf,Penyampaian Materi pada Acara Indonesia Day 2025 [],JPFA,https://www.idx.co.id/StaticData/NewsAndAnnouncement/ANNOUNCEMENTSTOCK/From_EREP/202510/6ba261d290_6e9871dfaf.pdf,20251021_JPFA_Laporan Informasi dan Fakta Material_31978789_lamp1.pdf,,,,,,,,
"31 Okt 2025
					16:32:37",https://www.idx.co.id/StaticData/NewsAndAnnouncement/ANNOUNCEMENTSTOCK/From_EREP/202502/20260220144322-57717-0/FinancialStatement-2025-III-JPFA.pdf,Penyampaian Laporan Keuangan Interim Yang Tidak Diaudit [],JPFA,https://www.idx.co.id/StaticData/NewsAndAnnouncement/ANNOUNCEMENTSTOCK/From_EREP/202502/20260220144322-57717-0/FinancialStatement-2025-III-JPFA.xlsx,FinancialStatement-2025-III-JPFA.xlsx,https://www.idx.co.id/StaticData/NewsAndAnnouncement/ANNOUNCEMENTSTOCK/From_EREP/202502/20260220144322-57717-0/inlineXBRL.zip,inlineXBRL.zip,https://www.idx.co.id/StaticData/NewsAndAnnouncement/ANNOUNCEMENTSTOCK/From_EREP/202502/20260220144322-57717-0/instance.zip,instance.zip,https://www.idx.co.id/StaticData/NewsAndAnnouncement/ANNOUNCEMENTSTOCK/From_EREP/202502/20260220144322-57717-0/PT%20Japfa%20Tbk%20CFS%20as%20of%2030%20September%202025-Unaudited.pdf,PT Japfa Tbk CFS as of 30 September 2025-Unaudited.pdf,https://www.idx.co.id/StaticData/NewsAndAnnouncement/ANNOUNCEMENTSTOCK/From_EREP/202502/20260220144322-57717-0/SPD%2030%20Sept%202025.pdf,SPD 30 Sept 2025.pdf
"07 Okt 2025
					15:46:44",https://www.idx.co.id/StaticData/NewsAndAnnouncement/ANNOUNCEMENTSTOCK/From_EREP/202510/5fede9183e_02365fdacb.pdf,Laporan Bulanan Registrasi Pemegang Efek [],JSMR,https://www.idx.co.id/StaticData/NewsAndAnnouncement/ANNOUNCEMENTSTOCK/From_EREP/202510/30c3b28cf2_9c4cca795e.pdf,20251007_JSMR_Laporan Bulanan Registrasi Pemegang Efek/Perubahan Struktur Pemegang Saham_31965409_lamp4.pdf,https://www.idx.co.id/StaticData/NewsAndAnnouncement/ANNOUNCEMENTSTOCK/From_EREP/202510/55e9c09856_457a3b7ccd.pdf,20251007_JSMR_Laporan Bulanan Registrasi Pemegang Efek/Perubahan Struktur Pemegang Saham_31965409_lamp1.pdf,,,,,,
"30 Okt 2025
					08:42:48",https://www.idx.co.id/StaticData/NewsAndAnnouncement/ANNOUNCEMENTSTOCK/From_EREP/202502/20260220154218-58169-0/FinancialStatement-2025-III-JSMR.pdf,Penyampaian Laporan Keuangan Interim Yang Tidak Diaudit [],JSMR,https://www.idx.co.id/StaticData/NewsAndAnnouncement/ANNOUNCEMENTSTOCK/From_EREP/202502/20260220154218-58169-0/AB.KU.14.16.302.pdf,AB.KU.14.16.302.pdf,https://www.idx.co.id/StaticData/NewsAndAnnouncement/ANNOUNCEMENTSTOCK/From_EREP/202502/20260220154218-58169-0/FinancialStatement-2025-III-JSMR.xlsx,FinancialStatement-2025-III-JSMR.xlsx,https://www.idx.co.id/StaticData/NewsAndAnnouncement/ANNOUNCEMENTSTOCK/From_EREP/202502/20260220154218-58169-0/inlineXBRL.zip,inlineXBRL.zip,https://www.idx.co.id/StaticData/NewsAndAnnouncement/ANNOUNCEMENTSTOCK/From_EREP/202502/20260220154218-58169-0/instance.zip,instance.zip,https://www.idx.co.id/StaticData/NewsAndAnnouncement/ANNOUNCEMENTSTOCK/From_EREP/202502/20260220154218-58169-0/PT%20Jasa%20Marga%20(Persero)%20Tbk_30%20September%202025.pdf,PT Jasa Marga (Persero) Tbk_30 September 2025.pdf
"02 Okt 2025
					16:12:44",https://www.idx.co.id/StaticData/NewsAndAnnouncement/ANNOUNCEMENTSTOCK/From_EREP/202510/4e48bf0011_6372801bc2.pdf,Laporan Kepemilikan atau Setiap Perubahan Kepemilikan Saham Perusahaan Terbuka [],KLBF,https://www.idx.co.id/StaticData/NewsAndAnnouncement/ANNOUNCEMENTSTOCK/From_EREP/202510/b0c1e1a5b3_26a43b60a7.pdf,20251002_KLBF_Laporan Kepemilikan atau Setiap Perubahan Kepemilikan Saham Perusahaan Terbuka_31953793_lamp1.pdf,,,,,,,,
"08 Okt 2025
					16:34:01",https://www.idx.co.id/StaticData/NewsAndAnnouncement/ANNOUNCEMENTSTOCK/From_EREP/202510/eebbe62cf1_76b4672733.pdf,Laporan Bulanan Registrasi Pemegang Efek [],KLBF,https://www.idx.co.id/StaticData/NewsAndAnnouncement/ANNOUNCEMENTSTOCK/From_EREP/202510/f90d45aabe_1f8703c092.pdf,20251006_KLBF_Laporan Bulanan Registrasi Pemegang Efek/Perubahan Struktur Pemegang Saham_31964883_lamp1.pdf,,,,,,,,
"27 Okt 2025
					15:01:09",https://www.idx.co.id/StaticData/NewsAndAnnouncement/ANNOUNCEMENTSTOCK/From_EREP/202510/20251027151239-58130-0/FinancialStatement-2025-III-KLBF.pdf,Penyampaian Laporan Keuangan Interim Yang Tidak Diaudit [],KLBF,https://www.idx.co.id/StaticData/NewsAndAnnouncement/ANNOUNCEMENTSTOCK/From_EREP/202510/20251027151239-58130-0/FinancialStatement-2025-III-KLBF.xlsx,FinancialStatement-2025-III-KLBF.xlsx,https://www.idx.co.id/StaticData/NewsAndAnnouncement/ANNOUNCEMENTSTOCK/From_EREP/202510/20251027151239-58130-0/inlineXBRL.zip,inlineXBRL.zip,https://www.idx.co.id/StaticData/NewsAndAnnouncement/ANNOUNCEMENTSTOCK/From_EREP/202510/20251027151239-58130-0/instance.zip,instance.zip,https://www.idx.co.id/StaticData/NewsAndAnnouncement/ANNOUNCEMENTSTOCK/From_EREP/202510/20251027151239-58130-0/kalbe%20farma%20tbk_billingual_30_sept_2025_released.pdf,kalbe farma tbk_billingual_30_sept_2025_released.pdf,,
"28 Okt 2025
					10:04:43",https://www.idx.co.id/StaticData/NewsAndAnnouncement/ANNOUNCEMENTSTOCK/From_EREP/202510/20251028101727-58444-0/FinancialStatement-2025-III-KLBF.pdf,Penyampaian Laporan Keuangan Interim (KOREKSI) [],KLBF,https://www.idx.co.id/StaticData/NewsAndAnnouncement/ANNOUNCEMENTSTOCK/From_EREP/202510/20251028101727-58444-0/FinancialStatement-2025-III-KLBF.xlsx,FinancialStatement-2025-III-KLBF.xlsx,https://www.idx.co.id/StaticData/NewsAndAnnouncement/ANNOUNCEMENTSTOCK/From_EREP/202510/20251028101727-58444-0/inlineXBRL.zip,inlineXBRL.zip,https://www.idx.co.id/StaticData/NewsAndAnnouncement/ANNOUNCEMENTSTOCK/From_EREP/202510/20251028101727-58444-0/instance.zip,instance.zip,https://www.idx.co.id/StaticData/NewsAndAnnouncement/ANNOUNCEMENTSTOCK/From_EREP/202510/20251028101727-58444-0/kalbe%20farma%20tbk_billingual_30_sept_2025_released.pdf,kalbe farma tbk_billingual_30_sept_2025_released.pdf,,
"09 Okt 2025
					11:57:20",https://www.idx.co.id/StaticData/NewsAndAnnouncement/ANNOUNCEMENTSTOCK/From_EREP/202510/7f8ac0d7a2_3b7e3ebd93.pdf,Laporan Bulanan Registrasi Pemegang Efek [],MAPA,https://www.idx.co.id/StaticData/NewsAndAnnouncement/ANNOUNCEMENTSTOCK/From_EREP/202510/3fcb28d699_97d42ad9c1.pdf,20251007_MAPA_Laporan Bulanan Registrasi Pemegang Efek/Perubahan Struktur Pemegang Saham_31965226_lamp3.pdf,https://www.idx.co.id/StaticData/NewsAndAnnouncement/ANNOUNCEMENTSTOCK/From_EREP/202510/6a238cb22d_6de3fc9efb.pdf,20251007_MAPA_Laporan Bulanan Registrasi Pemegang Efek/Perubahan Struktur Pemegang Saham_31965226_lamp1.pdf,,,,,,
"31 Okt 2025
					17:15:03",https://www.idx.co.id/StaticData/NewsAndAnnouncement/ANNOUNCEMENTSTOCK/From_EREP/202502/20260220174316-58220-0/FinancialStatement-2025-III-MAPA.pdf,Penyampaian Laporan Keuangan Interim Yang Tidak Diaudit [],MAPA,https://www.idx.co.id/StaticData/NewsAndAnnouncement/ANNOUNCEMENTSTOCK/From_EREP/202502/20260220174316-58220-0/FinancialStatement-2025-III-MAPA.xlsx,FinancialStatement-2025-III-MAPA.xlsx,https://www.idx.co.id/StaticData/NewsAndAnnouncement/ANNOUNCEMENTSTOCK/From_EREP/202502/20260220174316-58220-0/inlineXBRL.zip,inlineXBRL.zip,https://www.idx.co.id/StaticData/NewsAndAnnouncement/ANNOUNCEMENTSTOCK/From_EREP/202502/20260220174316-58220-0/instance.zip,instance.zip,https://www.idx.co.id/StaticData/NewsAndAnnouncement/ANNOUNCEMENTSTOCK/From_EREP/202502/20260220174316-58220-0/Report%20FS%20MAPA%200925.pdf,Report FS MAPA 0925.pdf,https://www.idx.co.id/StaticData/NewsAndAnnouncement/ANNOUNCEMENTSTOCK/From_EREP/202502/20260220174316-58220-0/SPD%20MAPA%200925.pdf,SPD MAPA 0925.pdf
"31 Okt 2025
					17:40:15",https://www.idx.co.id/StaticData/NewsAndAnnouncement/ANNOUNCEMENTSTOCK/From_EREP/202510/c0f1d109b4_10a1bbde97.pdf,Siaran Pers - Laporan Keuangan (Tidak diaudit) PT Map Aktif Adiperkasa Tbk [],MAPA,https://www.idx.co.id/StaticData/NewsAndAnnouncement/ANNOUNCEMENTSTOCK/From_EREP/202510/b0533f6b4b_16db5f265f.pdf,20251031_MAPA_Laporan Informasi dan Fakta Material_31981106_lamp1.pdf,https://www.idx.co.id/StaticData/NewsAndAnnouncement/ANNOUNCEMENTSTOCK/From_EREP/202510/f92fc36d75_8321716e05.pdf,20251031_MAPA_Laporan Informasi dan Fakta Material_31981106_lamp2.pdf,,,,,,
"09 Okt 2025
					12:02:00",https://www.idx.co.id/StaticData/NewsAndAnnouncement/ANNOUNCEMENTSTOCK/From_EREP/202510/194df88366_23a20d3ac4.pdf,Laporan Bulanan Registrasi Pemegang Efek [],MAPI,https://www.idx.co.id/StaticData/NewsAndAnnouncement/ANNOUNCEMENTSTOCK/From_EREP/202510/24a88d32fc_2542a0d3a2.pdf,20251007_MAPI_Laporan Bulanan Registrasi Pemegang Efek/Perubahan Struktur Pemegang Saham_31965232_lamp1.pdf,https://www.idx.co.id/StaticData/NewsAndAnnouncement/ANNOUNCEMENTSTOCK/From_EREP/202510/2b21cf1e4d_acc8c60343.pdf,20251007_MAPI_Laporan Bulanan Registrasi Pemegang Efek/Perubahan Struktur Pemegang Saham_31965232_lamp3.pdf,,,,,,
"31 Okt 2025
					17:01:09",https://www.idx.co.id/StaticData/NewsAndAnnouncement/ANNOUNCEMENTSTOCK/From_EREP/202510/20251031172201-58490-0/FinancialStatement-2025-III-MAPI.pdf,Penyampaian Laporan Keuangan Interim Yang Tidak Diaudit [],MAPI,https://www.idx.co.id/StaticData/NewsAndAnnouncement/ANNOUNCEMENTSTOCK/From_EREP/202510/20251031172201-58490-0/FinancialStatement-2025-III-MAPI.xlsx,FinancialStatement-2025-III-MAPI.xlsx,https://www.idx.co.id/StaticData/NewsAndAnnouncement/ANNOUNCEMENTSTOCK/From_EREP/202510/20251031172201-58490-0/inlineXBRL.zip,inlineXBRL.zip,https://www.idx.co.id/StaticData/NewsAndAnnouncement/ANNOUNCEMENTSTOCK/From_EREP/202510/20251031172201-58490-0/instance.zip,instance.zip,https://www.idx.co.id/StaticData/NewsAndAnnouncement/ANNOUNCEMENTSTOCK/From_EREP/202510/20251031172201-58490-0/Laporan%20keuangan%20MAP%2030%20Sep%202025.pdf,Laporan keuangan MAP 30 Sep 2025.pdf,https://www.idx.co.id/StaticData/NewsAndAnnouncement/ANNOUNCEMENTSTOCK/From_EREP/202510/20251031172201-58490-0/SPD%20MAPI%20Sep25.pdf,SPD MAPI Sep25.pdf
"31 Okt 2025
					17:39:07",https://www.idx.co.id/StaticData/NewsAndAnnouncement/ANNOUNCEMENTSTOCK/From_EREP/202510/52905ddaeb_ae498518fa.pdf,Siaran Pers - Laporan Keuangan 9M2025 (Tidak diaudit) PT Mitra Adiperkasa Tbk [],MAPI,https://www.idx.co.id/StaticData/NewsAndAnnouncement/ANNOUNCEMENTSTOCK/From_EREP/202510/da551ede18_15c2b3d85a.pdf,20251031_MAPI_Laporan Informasi dan Fakta Material_31981105_lamp2.pdf,https://www.idx.co.id/StaticData/NewsAndAnnouncement/ANNOUNCEMENTSTOCK/From_EREP/202510/fcd0403f48_f82574fc6c.pdf,20251031_MAPI_Laporan Informasi dan Fakta Material_31981105_lamp1.pdf,,,,,,
"02 Okt 2025
					10:14:07",https://www.idx.co.id/StaticData/NewsAndAnnouncement/ANNOUNCEMENTSTOCK/From_EREP/202510/4b1fbc32db_88bbb3ede9.pdf,Transaksi Afiliasi Perjanjian Pinjaman Pemegang Saham antara MIN dan ZHN [],MBMA,https://www.idx.co.id/StaticData/NewsAndAnnouncement/ANNOUNCEMENTSTOCK/From_EREP/202510/da7e3a155a_7be7b10f31.pdf,20251001_MBMA_Laporan Informasi dan Fakta Material_31953646_lamp1.pdf,,,,,,,,
"02 Okt 2025
					13:21:01",https://www.idx.co.id/StaticData/NewsAndAnnouncement/ANNOUNCEMENTSTOCK/From_EREP/202510/fed618bf40_fa80720cd4.pdf,Perubahan Internal Audit [],MBMA,https://www.idx.co.id/StaticData/NewsAndAnnouncement/ANNOUNCEMENTSTOCK/From_EREP/202510/221633ab6c_ad2a6788d7.pdf,20250801_MBMA_Perubahan Corsec Komite Audit Alamat NPWP Internal Audit_31929244_lamp1.pdf,,,,,,,,
"10 Okt 2025
					15:41:17",https://www.idx.co.id/StaticData/NewsAndAnnouncement/ANNOUNCEMENTSTOCK/From_EREP/202510/bff53edca7_bb5781558b.pdf,Laporan Bulanan Aktivitas Eksplorasi [],MBMA,https://www.idx.co.id/StaticData/NewsAndAnnouncement/ANNOUNCEMENTSTOCK/From_EREP/202510/c0020a81da_659bbcc11a.pdf,20251007_MBMA_Laporan Bulanan Aktivitas Eksplorasi_31965075_lamp1.pdf,,,,,,,,
"10 Okt 2025
					15:43:30",https://www.idx.co.id/StaticData/NewsAndAnnouncement/ANNOUNCEMENTSTOCK/From_EREP/202510/8d5a96d30e_212aad8798.pdf,Laporan Bulanan Registrasi Pemegang Efek [],MBMA,https://www.idx.co.id/StaticData/NewsAndAnnouncement/ANNOUNCEMENTSTOCK/From_EREP/202510/338e80538c_34faa7df96.pdf,20251007_MBMA_Laporan Bulanan Registrasi Pemegang Efek/Perubahan Struktur Pemegang Saham_31965123_lamp4.pdf,https://www.idx.co.id/StaticData/NewsAndAnnouncement/ANNOUNCEMENTSTOCK/From_EREP/202510/34233e3c17_108b240199.pdf,20251007_MBMA_Laporan Bulanan Registrasi Pemegang Efek/Perubahan Struktur Pemegang Saham_31965123_lamp1.pdf,,,,,,
"14 Okt 2025
					18:05:42",https://www.idx.co.id/StaticData/NewsAndAnnouncement/ANNOUNCEMENTSTOCK/From_EREP/202510/ef3e86950e_630fe44a22.pdf,Jatuh Tempo Obligasi / Sukuk Korporasi [],MBMA,https://www.idx.co.id/StaticData/NewsAndAnnouncement/ANNOUNCEMENTSTOCK/From_EREP/202510/6e2a4e8791_24c9ab9047.pdf,20251014_MBMA_Pengumuman Jatuh Tempo Obligasi dan Sukuk_31967342_lamp1.pdf,,,,,,,,
"15 Okt 2025
					14:09:58",https://www.idx.co.id/StaticData/NewsAndAnnouncement/ANNOUNCEMENTSTOCK/From_EREP/202510/aead79a736_f6550e7c71.pdf,Pembelian kembali atau pembayaran Efek Bersifat Utang dan/atau Sukuk [],MBMA,https://www.idx.co.id/StaticData/NewsAndAnnouncement/ANNOUNCEMENTSTOCK/From_EREP/202510/17157def54_eeaff22e5c.pdf,20251015_MBMA_Laporan Informasi dan Fakta Material_31967486_lamp1.pdf,,,,,,,,
"20 Okt 2025
					14:10:39",https://www.idx.co.id/StaticData/NewsAndAnnouncement/ANNOUNCEMENTSTOCK/From_EREP/202510/02254eff92_68cca1bb5b.pdf,Rencana Penyampaian Laporan Keuangan Kuartal III 2025 Diaudit [],MBMA,https://www.idx.co.id/StaticData/NewsAndAnnouncement/ANNOUNCEMENTSTOCK/From_EREP/202510/49f0199b44_ec88878488.pdf,20251020_MBMA_Rencana Penyampaian Laporan Keuangan_31978405_lamp1.pdf,,,,,,,,
"02 Okt 2025
					18:24:20",https://www.idx.co.id/StaticData/NewsAndAnnouncement/ANNOUNCEMENTSTOCK/From_EREP/202510/c7f9bf2f93_a3a89cf3de.pdf,"Transaksi Afiliasi Perjanjian Penyediaan Jasa yang dibuat oleh dan antara MTS, dengan, masing-masing, PETS, GSM, dan PIN []",MDKA,https://www.idx.co.id/StaticData/NewsAndAnnouncement/ANNOUNCEMENTSTOCK/From_EREP/202510/3ff39aa0aa_dd91f00063.pdf,20251002_MDKA_Laporan Informasi dan Fakta Material_31953884_lamp1.pdf,,,,,,,,
"10 Okt 2025
					10:04:37",https://www.idx.co.id/StaticData/NewsAndAnnouncement/ANNOUNCEMENTSTOCK/From_EREP/202510/40ce92f2a6_932b2aa700.pdf,Laporan Bulanan Aktivitas Eksplorasi [],MDKA,https://www.idx.co.id/StaticData/NewsAndAnnouncement/ANNOUNCEMENTSTOCK/From_EREP/202510/c79b98c985_0917ef1e3a.pdf,20251009_MDKA_Laporan Bulanan Aktivitas Eksplorasi_31966092_lamp1.pdf,,,,,,,,
"10 Okt 2025
					17:02:45",https://www.idx.co.id/StaticData/NewsAndAnnouncement/ANNOUNCEMENTSTOCK/From_EREP/202510/ffa09b999a_41baf085bf.pdf,Laporan Bulanan Registrasi Pemegang Efek [],MDKA,https://www.idx.co.id/StaticData/NewsAndAnnouncement/ANNOUNCEMENTSTOCK/From_EREP/202510/655cffcca1_fdde2791b7.pdf,20251006_MDKA_Laporan Bulanan Registrasi Pemegang Efek/Perubahan Struktur Pemegang Saham_31964537_lamp3.pdf,https://www.idx.co.id/StaticData/NewsAndAnnouncement/ANNOUNCEMENTSTOCK/From_EREP/202510/7454a3627b_0d024c098a.pdf,20251006_MDKA_Laporan Bulanan Registrasi Pemegang Efek/Perubahan Struktur Pemegang Saham_31964537_lamp2.pdf,,,,,,
"15 Okt 2025
					17:07:02",https://www.idx.co.id/StaticData/NewsAndAnnouncement/ANNOUNCEMENTSTOCK/From_EREP/202510/bc609bd0e8_99120c4ccb.pdf,Laporan Hasil Pemeringkatan Pemeringkatan Tahunan [],MDKA,https://www.idx.co.id/StaticData/NewsAndAnnouncement/ANNOUNCEMENTSTOCK/From_EREP/202510/1fa1cb3416_29c3c53038.pdf,20250903_MDKA_Laporan Hasil Pemeringkatan_31937172_lamp2.pdf,https://www.idx.co.id/StaticData/NewsAndAnnouncement/ANNOUNCEMENTSTOCK/From_EREP/202510/24731aa8aa_b575f01d1a.pdf,20250903_MDKA_Laporan Hasil Pemeringkatan_31937172_lamp1.pdf,,,,,,
"29 Okt 2025
					16:24:21",https://www.idx.co.id/StaticData/NewsAndAnnouncement/ANNOUNCEMENTSTOCK/From_EREP/202510/6f5db9f041_db67c63490.pdf,Rencana Penyampaian Laporan Keuangan Kuartal III 2025 Diaudit [],MDKA,https://www.idx.co.id/StaticData/NewsAndAnnouncement/ANNOUNCEMENTSTOCK/From_EREP/202510/c95fcc9bfa_babc4fd9f0.pdf,20251029_MDKA_Rencana Penyampaian Laporan Keuangan_31980526_lamp1.pdf,,,,,,,,
"07 Okt 2025
					16:16:48",https://www.idx.co.id/StaticData/NewsAndAnnouncement/ANNOUNCEMENTSTOCK/From_EREP/202510/e66f55ef51_6fa5916849.pdf,Laporan Bulanan Registrasi Pemegang Efek [],MEDC,https://www.idx.co.id/StaticData/NewsAndAnnouncement/ANNOUNCEMENTSTOCK/From_EREP/202510/68fa1917b9_ca520dd90d.pdf,20251007_MEDC_Laporan Bulanan Registrasi Pemegang Efek/Perubahan Struktur Pemegang Saham_31965459_lamp1.pdf,https://www.idx.co.id/StaticData/NewsAndAnnouncement/ANNOUNCEMENTSTOCK/From_EREP/202510/83b800c766_7bb4260e6f.pdf,20251007_MEDC_Laporan Bulanan Registrasi Pemegang Efek/Perubahan Struktur Pemegang Saham_31965459_lamp2.pdf,,,,,,
"10 Okt 2025
					16:25:14",https://www.idx.co.id/StaticData/NewsAndAnnouncement/ANNOUNCEMENTSTOCK/From_EREP/202510/7b85638ac8_597df81367.pdf,Laporan Bulanan Aktivitas Eksplorasi [],MEDC,https://www.idx.co.id/StaticData/NewsAndAnnouncement/ANNOUNCEMENTSTOCK/From_EREP/202510/22e475f07b_241b4d93a2.pdf,20251010_MEDC_Laporan Bulanan Aktivitas Eksplorasi_31966789_lamp1.pdf,https://www.idx.co.id/StaticData/NewsAndAnnouncement/ANNOUNCEMENTSTOCK/From_EREP/202510/c8cacc8b9f_051e248824.pdf,20251010_MEDC_Laporan Bulanan Aktivitas Eksplorasi_31966789_lamp2.pdf,,,,,,
"10 Okt 2025
					16:47:28",https://www.idx.co.id/StaticData/NewsAndAnnouncement/ANNOUNCEMENTSTOCK/From_EREP/202510/6220997eb8_7d58b0e07b.pdf,Penyampaian Laporan Tahunan (KOREKSI) [],MEDC,https://www.idx.co.id/StaticData/NewsAndAnnouncement/ANNOUNCEMENTSTOCK/From_EREP/202510/297e9216be_dd2a71ec63.pdf,AnnualReport2024-MEDC-att1.pdf,https://www.idx.co.id/StaticData/NewsAndAnnouncement/ANNOUNCEMENTSTOCK/From_EREP/202510/ffd4dba7db_d92ac789be.pdf,AnnualReport2024-MEDC-att2.pdf,,,,,,
"13 Okt 2025
					11:36:37",https://www.idx.co.id/StaticData/NewsAndAnnouncement/ANNOUNCEMENTSTOCK/From_EREP/202510/1da1f9e40d_da5787b579.pdf,"Press Release MedcoEnergi Kurangi Konsumsi Bahan Bakar Gas, Tingkatkan Efisiensi Operasi dan Transisi Energi []",MEDC,https://www.idx.co.id/StaticData/NewsAndAnnouncement/ANNOUNCEMENTSTOCK/From_EREP/202510/6301b442f7_5073e9584c.pdf,20251013_MEDC_Laporan Informasi dan Fakta Material_31967008_lamp1.pdf,https://www.idx.co.id/StaticData/NewsAndAnnouncement/ANNOUNCEMENTSTOCK/From_EREP/202510/c59c0d8093_9b1dbedd4a.pdf,20251013_MEDC_Laporan Informasi dan Fakta Material_31967008_lamp2.pdf,,,,,,
"22 Okt 2025
					15:33:49",https://www.idx.co.id/StaticData/NewsAndAnnouncement/ANNOUNCEMENTSTOCK/From_EREP/202510/ba7de47309_c379c92cd9.pdf,Perjanjian Pinjaman antar Perusahaan antara MEI dengan MLI dan MLI dengan SRB  [],MEDC,https://www.idx.co.id/StaticData/NewsAndAnnouncement/ANNOUNCEMENTSTOCK/From_EREP/202510/f92e5998da_9eb67ad22c.pdf,20251022_MEDC_Laporan Informasi dan Fakta Material_31978984_lamp1.pdf,,,,,,,,
"29 Okt 2025
					16:20:37",https://www.idx.co.id/StaticData/NewsAndAnnouncement/ANNOUNCEMENTSTOCK/From_EREP/202510/543fc0947d_6c6966f3d1.pdf,Jadwal Dividen Tunai Interim [],MEDC,https://www.idx.co.id/StaticData/NewsAndAnnouncement/ANNOUNCEMENTSTOCK/From_EREP/202510/75ccf26649_6f1ffdd525.pdf,20251029_MEDC_Jadwal Aksi Korporasi (Khusus Penyampaian Dividen Interim)_31980440_lamp1.pdf,https://www.idx.co.id/StaticData/NewsAndAnnouncement/ANNOUNCEMENTSTOCK/From_EREP/202510/af9a489e4f_31c179ae0a.pdf,20251029_MEDC_Jadwal Aksi Korporasi (Khusus Penyampaian Dividen Interim)_31980440_lamp2.pdf,,,,,,
"31 Okt 2025
					21:47:38",https://www.idx.co.id/StaticData/NewsAndAnnouncement/ANNOUNCEMENTSTOCK/From_EREP/202502/20260220175103-58927-0/FinancialStatement-2025-III-MEDC.pdf,Penyampaian Laporan Keuangan Interim Yang Tidak Diaudit [],MEDC,https://www.idx.co.id/StaticData/NewsAndAnnouncement/ANNOUNCEMENTSTOCK/From_EREP/202502/20260220175103-58927-0/Checklist%20Pengungkapan%20FS%2030%20Sep%2025.pdf,Checklist Pengungkapan FS 30 Sep 25.pdf,https://www.idx.co.id/StaticData/NewsAndAnnouncement/ANNOUNCEMENTSTOCK/From_EREP/202502/20260220175103-58927-0/CL_FS%2030%20September%2025.pdf,CL_FS 30 September 25.pdf,https://www.idx.co.id/StaticData/NewsAndAnnouncement/ANNOUNCEMENTSTOCK/From_EREP/202502/20260220175103-58927-0/FinancialStatement-2025-III-MEDC.xlsx,FinancialStatement-2025-III-MEDC.xlsx,https://www.idx.co.id/StaticData/NewsAndAnnouncement/ANNOUNCEMENTSTOCK/From_EREP/202502/20260220175103-58927-0/FS%2030%20September%2025_MedcoEnergi.pdf,FS 30 September 25_MedcoEnergi.pdf,https://www.idx.co.id/StaticData/NewsAndAnnouncement/ANNOUNCEMENTSTOCK/From_EREP/202502/20260220175103-58927-0/inlineXBRL.zip,inlineXBRL.zip
"31 Okt 2025
					21:59:09",https://www.idx.co.id/StaticData/NewsAndAnnouncement/ANNOUNCEMENTSTOCK/From_EREP/202510/92e3a88237_6c4eb7ed01.pdf,Jadwal Dividen Tunai Interim (KOREKSI) [],MEDC,https://www.idx.co.id/StaticData/NewsAndAnnouncement/ANNOUNCEMENTSTOCK/From_EREP/202510/927b73e1fb_c1cffe0b93.pdf,20251031_MEDC_Jadwal Aksi Korporasi (Khusus Penyampaian Dividen Interim)_31981094_lamp1.pdf,https://www.idx.co.id/StaticData/NewsAndAnnouncement/ANNOUNCEMENTSTOCK/From_EREP/202510/dd07e5971e_1b3f22ee6c.pdf,20251031_MEDC_Jadwal Aksi Korporasi (Khusus Penyampaian Dividen Interim)_31981094_lamp2.pdf,,,,,,
"07 Okt 2025
					11:02:20",https://www.idx.co.id/StaticData/NewsAndAnnouncement/ANNOUNCEMENTSTOCK/From_EREP/202510/3efc46eb24_bcea52d521.pdf,"Siaran Pers - PGN Terus Turunkan Emisi Karbon, Angkanya Capai 24.861 Ton CO2e []",PGAS,https://www.idx.co.id/StaticData/NewsAndAnnouncement/ANNOUNCEMENTSTOCK/From_EREP/202510/74d467b34f_e088f346d8.pdf,20251007_PGAS_Laporan Informasi dan Fakta Material_31965105_lamp2.pdf,https://www.idx.co.id/StaticData/NewsAndAnnouncement/ANNOUNCEMENTSTOCK/From_EREP/202510/774a8a3e69_0624c408bb.pdf,20251007_PGAS_Laporan Informasi dan Fakta Material_31965105_lamp1.pdf,,,,,,
"07 Okt 2025
					15:49:08",https://www.idx.co.id/StaticData/NewsAndAnnouncement/ANNOUNCEMENTSTOCK/From_EREP/202510/153ccf680f_20efa50c68.pdf,Laporan Bulanan Registrasi Pemegang Efek [],PGAS,https://www.idx.co.id/StaticData/NewsAndAnnouncement/ANNOUNCEMENTSTOCK/From_EREP/202510/2e7de8555f_1a960afadb.pdf,20251007_PGAS_Laporan Bulanan Registrasi Pemegang Efek/Perubahan Struktur Pemegang Saham_31965407_lamp4.pdf,https://www.idx.co.id/StaticData/NewsAndAnnouncement/ANNOUNCEMENTSTOCK/From_EREP/202510/856725e206_10ff7f988a.pdf,20251007_PGAS_Laporan Bulanan Registrasi Pemegang Efek/Perubahan Struktur Pemegang Saham_31965407_lamp2.pdf,,,,,,
"31 Okt 2025
					14:42:50",https://www.idx.co.id/StaticData/NewsAndAnnouncement/ANNOUNCEMENTSTOCK/From_EREP/202502/20260220165103-58336-0/FinancialStatement-2025-III-PGAS.pdf,Penyampaian Laporan Keuangan Interim Yang Tidak Diaudit [],PGAS,https://www.idx.co.id/StaticData/NewsAndAnnouncement/ANNOUNCEMENTSTOCK/From_EREP/202502/20260220165103-58336-0/9M-2025%20Consolidated%20Financial%20Statement.pdf,9M-2025 Consolidated Financial Statement.pdf,https://www.idx.co.id/StaticData/NewsAndAnnouncement/ANNOUNCEMENTSTOCK/From_EREP/202502/20260220165103-58336-0/FinancialStatement-2025-III-PGAS.xlsx,FinancialStatement-2025-III-PGAS.xlsx,https://www.idx.co.id/StaticData/NewsAndAnnouncement/ANNOUNCEMENTSTOCK/From_EREP/202502/20260220165103-58336-0/inlineXBRL.zip,inlineXBRL.zip,https://www.idx.co.id/StaticData/NewsAndAnnouncement/ANNOUNCEMENTSTOCK/From_EREP/202502/20260220165103-58336-0/instance.zip,instance.zip,https://www.idx.co.id/StaticData/NewsAndAnnouncement/ANNOUNCEMENTSTOCK/From_EREP/202502/20260220165103-58336-0/K068300%20Penyampaian%20LK%20PGN%20per%2030%20Sep%202025.pdf,K068300 Penyampaian LK PGN per 30 Sep 2025.pdf
"31 Okt 2025
					15:05:13",https://www.idx.co.id/StaticData/NewsAndAnnouncement/ANNOUNCEMENTSTOCK/From_EREP/202510/1fb742a08f_4cc923ec6c.pdf,Siaran Pers - PGN Perkuat Fundamental Bisnis dan Kelola Dinamika Bisnis di Triwulan III 2025 [],PGAS,https://www.idx.co.id/StaticData/NewsAndAnnouncement/ANNOUNCEMENTSTOCK/From_EREP/202510/729438457b_43d04143f9.pdf,20251031_PGAS_Laporan Informasi dan Fakta Material_31981188_lamp1.pdf,https://www.idx.co.id/StaticData/NewsAndAnnouncement/ANNOUNCEMENTSTOCK/From_EREP/202510/e9779f3211_bb7c4d4677.pdf,20251031_PGAS_Laporan Informasi dan Fakta Material_31981188_lamp2.pdf,,,,,,
"01 Okt 2025
					10:42:31",https://www.idx.co.id/StaticData/NewsAndAnnouncement/ANNOUNCEMENTSTOCK/From_EREP/202510/b80e246ea9_17df7fc61c.pdf,Pencatatan Saham [],PGEO,https://www.idx.co.id/StaticData/NewsAndAnnouncement/ANNOUNCEMENTSTOCK/From_EREP/202510/d19f46ae90_74bb03fd1f.pdf,20250930_PGEO_Pencatatan Saham Tambahan dari Konversi_31953246_lamp1.pdf,,,,,,,,
"02 Okt 2025
					20:14:51",https://www.idx.co.id/StaticData/NewsAndAnnouncement/ANNOUNCEMENTSTOCK/From_EREP/202510/f41845dfcb_194965ae11.pdf,Pencatatan Saham [],PGEO,https://www.idx.co.id/StaticData/NewsAndAnnouncement/ANNOUNCEMENTSTOCK/From_EREP/202510/8f1e8ca942_fe3c73fdba.pdf,20251002_PGEO_Pencatatan Saham Tambahan dari Konversi_31953849_lamp1.pdf,,,,,,,,
"02 Okt 2025
					20:27:49",https://www.idx.co.id/StaticData/NewsAndAnnouncement/ANNOUNCEMENTSTOCK/From_EREP/202510/1394262958_91fd3a1dde.pdf,Pencatatan Saham [],PGEO,https://www.idx.co.id/StaticData/NewsAndAnnouncement/ANNOUNCEMENTSTOCK/From_EREP/202510/5a1b1ba53e_2fc40098fa.pdf,20251001_PGEO_Pencatatan Saham Tambahan dari Konversi_31953566_lamp1.pdf,,,,,,,,
"03 Okt 2025
					17:19:07",https://www.idx.co.id/StaticData/NewsAndAnnouncement/ANNOUNCEMENTSTOCK/From_EREP/202510/46c4ac2b40_8bfec153a0.pdf,Pencatatan Saham [],PGEO,https://www.idx.co.id/StaticData/NewsAndAnnouncement/ANNOUNCEMENTSTOCK/From_EREP/202510/8ace44d7a9_b768be083b.pdf,20251003_PGEO_Pencatatan Saham Tambahan dari Konversi_31954202_lamp1.pdf,,,,,,,,
"06 Okt 2025
					17:06:16",https://www.idx.co.id/StaticData/NewsAndAnnouncement/ANNOUNCEMENTSTOCK/From_EREP/202510/31204af214_22c87bcd3b.pdf,Laporan Bulanan Registrasi Pemegang Efek [],PGEO,https://www.idx.co.id/StaticData/NewsAndAnnouncement/ANNOUNCEMENTSTOCK/From_EREP/202510/026dafe8ab_a0b4c68da1.pdf,20251006_PGEO_Laporan Bulanan Registrasi Pemegang Efek/Perubahan Struktur Pemegang Saham_31964841_lamp8.pdf,https://www.idx.co.id/StaticData/NewsAndAnnouncement/ANNOUNCEMENTSTOCK/From_EREP/202510/1084e7b1a9_bb5270709e.pdf,20251006_PGEO_Laporan Bulanan Registrasi Pemegang Efek/Perubahan Struktur Pemegang Saham_31964841_lamp3.pdf,,,,,,
"07 Okt 2025
					17:39:27",https://www.idx.co.id/StaticData/NewsAndAnnouncement/ANNOUNCEMENTSTOCK/From_EREP/202510/b0b3e82c6d_28a7423ba8.pdf,Penyertaan modal ke anak usaha PT Pertamina Geothermal Energy Kotamobagu [],PGEO,https://www.idx.co.id/StaticData/NewsAndAnnouncement/ANNOUNCEMENTSTOCK/From_EREP/202510/22811b08ae_797b228108.pdf,20251007_PGEO_Laporan Informasi dan Fakta Material_31965524_lamp1.pdf,,,,,,,,
"08 Okt 2025
					18:12:43",https://www.idx.co.id/StaticData/NewsAndAnnouncement/ANNOUNCEMENTSTOCK/From_EREP/202510/79b9b19817_bfd3f82005.pdf,Perubahan Komite Audit [],PGEO,,,,,,,,,,
"14 Okt 2025
					21:46:59",https://www.idx.co.id/StaticData/NewsAndAnnouncement/ANNOUNCEMENTSTOCK/From_EREP/202510/9857520ac0_d7b87fe948.pdf,"Keterbukaan lnformasi Sehubungan dengan Hasil Pelaksanaan Program Management and Employee Stock  Option Program (MESOP) Tahap I (Exercise Keempat), Tahap II (Exercise Ketiga), dan Tahap III (Exercise Pertama) PT Pertamina Geothermal Energy Tbk []",PGEO,https://www.idx.co.id/StaticData/NewsAndAnnouncement/ANNOUNCEMENTSTOCK/From_EREP/202510/00815d1636_0597cdd95f.pdf,20251014_PGEO_Laporan Informasi dan Fakta Material_31967469_lamp1.pdf,,,,,,,,
"20 Okt 2025
					14:23:56",https://www.idx.co.id/StaticData/NewsAndAnnouncement/ANNOUNCEMENTSTOCK/From_EREP/202510/77ae04a2f6_3144eb0fd6.pdf,Rencana Penyelenggaraan Public Expose - Tahunan [],PGEO,https://www.idx.co.id/StaticData/NewsAndAnnouncement/ANNOUNCEMENTSTOCK/From_EREP/202510/f769b136e5_ab18576d61.pdf,20251020_PGEO_Public Expose_31978450_lamp1.pdf,,,,,,,,
"20 Okt 2025
					19:08:58",https://www.idx.co.id/StaticData/NewsAndAnnouncement/ANNOUNCEMENTSTOCK/From_EREP/202510/7ba53d9eab_2263b34729.pdf,Penyampaian Materi pada Acara Indonesia Day 2025 [],PGEO,https://www.idx.co.id/StaticData/NewsAndAnnouncement/ANNOUNCEMENTSTOCK/From_EREP/202510/04d07ba94d_046ef6b4d2.pdf,20251020_PGEO_Laporan Informasi dan Fakta Material_31978569_lamp1.pdf,https://www.idx.co.id/StaticData/NewsAndAnnouncement/ANNOUNCEMENTSTOCK/From_EREP/202510/85ea33b8ff_1b10b65289.pdf,20251020_PGEO_Laporan Informasi dan Fakta Material_31978569_lamp2.pdf,,,,,,
"26 Okt 2025
					09:59:02",https://www.idx.co.id/StaticData/NewsAndAnnouncement/ANNOUNCEMENTSTOCK/From_EREP/202502/20260220170438-58151-0/FinancialStatement-2025-III-PGEO.pdf,Penyampaian Laporan Keuangan Interim Yang Tidak Diaudit [],PGEO,https://www.idx.co.id/StaticData/NewsAndAnnouncement/ANNOUNCEMENTSTOCK/From_EREP/202502/20260220170438-58151-0/FinancialStatement-2025-III-PGEO.xlsx,FinancialStatement-2025-III-PGEO.xlsx,https://www.idx.co.id/StaticData/NewsAndAnnouncement/ANNOUNCEMENTSTOCK/From_EREP/202502/20260220170438-58151-0/inlineXBRL.zip,inlineXBRL.zip,https://www.idx.co.id/StaticData/NewsAndAnnouncement/ANNOUNCEMENTSTOCK/From_EREP/202502/20260220170438-58151-0/instance.zip,instance.zip,https://www.idx.co.id/StaticData/NewsAndAnnouncement/ANNOUNCEMENTSTOCK/From_EREP/202502/20260220170438-58151-0/OJK%20Checklist%2030%20September%202025.pdf,OJK Checklist 30 September 2025.pdf,https://www.idx.co.id/StaticData/NewsAndAnnouncement/ANNOUNCEMENTSTOCK/From_EREP/202502/20260220170438-58151-0/Pertamina%20Geothermal%20Energy%2030%20September%202025.pdf,Pertamina Geothermal Energy 30 September 2025.pdf
"29 Okt 2025
					20:54:20",https://www.idx.co.id/StaticData/NewsAndAnnouncement/ANNOUNCEMENTSTOCK/From_EREP/202510/f8dd25d8de_ea961e0f3b.pdf,Penyampaian Materi Public Expose - Tahunan [],PGEO,https://www.idx.co.id/StaticData/NewsAndAnnouncement/ANNOUNCEMENTSTOCK/From_EREP/202510/4979505cc5_e35409953c.pdf,20251029_PGEO_Public Expose_31980613_lamp1.pdf,,,,,,,,
"07 Okt 2025
					11:48:12",https://www.idx.co.id/StaticData/NewsAndAnnouncement/ANNOUNCEMENTSTOCK/From_EREP/202510/9593c3f061_8693c80fa6.pdf,Laporan Bulanan Aktivitas Eksplorasi [],PTBA,https://www.idx.co.id/StaticData/NewsAndAnnouncement/ANNOUNCEMENTSTOCK/From_EREP/202510/41661ad243_4cceb4b67f.pdf,20251007_PTBA_Laporan Bulanan Aktivitas Eksplorasi_31965259_lamp1.pdf,https://www.idx.co.id/StaticData/NewsAndAnnouncement/ANNOUNCEMENTSTOCK/From_EREP/202510/63d5952769_3376435abf.pdf,20251007_PTBA_Laporan Bulanan Aktivitas Eksplorasi_31965259_lamp2.pdf,,,,,,
"07 Okt 2025
					14:13:40",https://www.idx.co.id/StaticData/NewsAndAnnouncement/ANNOUNCEMENTSTOCK/From_EREP/202510/1e7eb32f78_f0ce457b8b.pdf,Laporan Bulanan Registrasi Pemegang Efek [],PTBA,https://www.idx.co.id/StaticData/NewsAndAnnouncement/ANNOUNCEMENTSTOCK/From_EREP/202510/04b0415979_d429c72ecd.pdf,20251007_PTBA_Laporan Bulanan Registrasi Pemegang Efek/Perubahan Struktur Pemegang Saham_31965350_lamp4.pdf,https://www.idx.co.id/StaticData/NewsAndAnnouncement/ANNOUNCEMENTSTOCK/From_EREP/202510/0911b553bc_a95140293f.pdf,20251007_PTBA_Laporan Bulanan Registrasi Pemegang Efek/Perubahan Struktur Pemegang Saham_31965350_lamp3.pdf,,,,,,
"13 Okt 2025
					14:01:12",https://www.idx.co.id/StaticData/NewsAndAnnouncement/ANNOUNCEMENTSTOCK/From_EREP/202510/0acebb87d0_325ed0dab1.pdf,Perubahan Internal Audit [],PTBA,https://www.idx.co.id/StaticData/NewsAndAnnouncement/ANNOUNCEMENTSTOCK/From_EREP/202510/6cf98a94c4_d4b055e1fa.pdf,20251013_PTBA_Perubahan Corsec Komite Audit Alamat NPWP Internal Audit_31966982_lamp1.pdf,,,,,,,,
"13 Okt 2025
					14:01:31",https://www.idx.co.id/StaticData/NewsAndAnnouncement/ANNOUNCEMENTSTOCK/From_EREP/202510/b551c5f856_925028c9dc.pdf,Perubahan Corporate Secretary [],PTBA,https://www.idx.co.id/StaticData/NewsAndAnnouncement/ANNOUNCEMENTSTOCK/From_EREP/202510/1f1bd85a79_b2185508a1.pdf,20251013_PTBA_Perubahan Corsec Komite Audit Alamat NPWP Internal Audit_31966977_lamp1.pdf,,,,,,,,
"30 Okt 2025
					15:36:38",https://www.idx.co.id/StaticData/NewsAndAnnouncement/ANNOUNCEMENTSTOCK/From_EREP/202502/20260220155319-58034-0/FinancialStatement-2025-III-PTBA.pdf,Penyampaian Laporan Keuangan Interim Yang Tidak Diaudit [],PTBA,https://www.idx.co.id/StaticData/NewsAndAnnouncement/ANNOUNCEMENTSTOCK/From_EREP/202502/20260220155319-58034-0/Checklist%20Pengungkapan%20TW%203%20Tahun%202025_Final-1.pdf,Checklist Pengungkapan TW 3 Tahun 2025_Final-1.pdf,https://www.idx.co.id/StaticData/NewsAndAnnouncement/ANNOUNCEMENTSTOCK/From_EREP/202502/20260220155319-58034-0/FinancialStatement-2025-III-PTBA.xlsx,FinancialStatement-2025-III-PTBA.xlsx,https://www.idx.co.id/StaticData/NewsAndAnnouncement/ANNOUNCEMENTSTOCK/From_EREP/202502/20260220155319-58034-0/FS%20PTBA%20Triwulan%20III%202025.pdf,FS PTBA Triwulan III 2025.pdf,https://www.idx.co.id/StaticData/NewsAndAnnouncement/ANNOUNCEMENTSTOCK/From_EREP/202502/20260220155319-58034-0/inlineXBRL.zip,inlineXBRL.zip,https://www.idx.co.id/StaticData/NewsAndAnnouncement/ANNOUNCEMENTSTOCK/From_EREP/202502/20260220155319-58034-0/instance.zip,instance.zip
"30 Okt 2025
					15:42:13",https://www.idx.co.id/StaticData/NewsAndAnnouncement/ANNOUNCEMENTSTOCK/From_EREP/202510/6c08c9c783_dc1b525ab6.pdf,"Kinerja Operasional Terjaga, Bukit Asam (PTBA) Bukukan Laba Rp1,4 Triliun sampai dengan 30 September 2025 []",PTBA,https://www.idx.co.id/StaticData/NewsAndAnnouncement/ANNOUNCEMENTSTOCK/From_EREP/202510/9560052e95_de1343bf33.pdf,20251030_PTBA_Laporan Informasi dan Fakta Material_31980834_lamp1.pdf,,,,,,,,
"10 Okt 2025
					02:37:10",https://www.idx.co.id/StaticData/NewsAndAnnouncement/ANNOUNCEMENTSTOCK/From_EREP/202510/5226098a4d_3f36b1951f.pdf,Laporan Bulanan Registrasi Pemegang Efek [],SCMA,https://www.idx.co.id/StaticData/NewsAndAnnouncement/ANNOUNCEMENTSTOCK/From_EREP/202510/449874973f_d8d3ffde20.pdf,20251010_SCMA_Laporan Bulanan Registrasi Pemegang Efek/Perubahan Struktur Pemegang Saham_31966483_lamp1.pdf,,,,,,,,
"31 Okt 2025
					16:54:12",https://www.idx.co.id/StaticData/NewsAndAnnouncement/ANNOUNCEMENTSTOCK/From_EREP/202502/20260220161053-58049-0/FinancialStatement-2025-III-SCMA.pdf,Penyampaian Laporan Keuangan Interim Yang Tidak Diaudit [],SCMA,https://www.idx.co.id/StaticData/NewsAndAnnouncement/ANNOUNCEMENTSTOCK/From_EREP/202502/20260220161053-58049-0/FinancialStatement-2025-III-SCMA.xlsx,FinancialStatement-2025-III-SCMA.xlsx,https://www.idx.co.id/StaticData/NewsAndAnnouncement/ANNOUNCEMENTSTOCK/From_EREP/202502/20260220161053-58049-0/inlineXBRL.zip,inlineXBRL.zip,https://www.idx.co.id/StaticData/NewsAndAnnouncement/ANNOUNCEMENTSTOCK/From_EREP/202502/20260220161053-58049-0/instance.zip,instance.zip,https://www.idx.co.id/StaticData/NewsAndAnnouncement/ANNOUNCEMENTSTOCK/From_EREP/202502/20260220161053-58049-0/SCMA%20-%20LapKeu%20Sep%202025.pdf,SCMA - LapKeu Sep 2025.pdf,https://www.idx.co.id/StaticData/NewsAndAnnouncement/ANNOUNCEMENTSTOCK/From_EREP/202502/20260220161053-58049-0/SPD_SCMA_September%202025_Signed.pdf,SPD_SCMA_September 2025_Signed.pdf
"01 Okt 2025
					17:53:51",https://www.idx.co.id/StaticData/NewsAndAnnouncement/ANNOUNCEMENTSTOCK/From_EREP/202510/c7337d84f7_5fb9cfb63c.pdf,Pemegang Saham di atas 5% (KSEI) [],Semua Emiten Saham,https://www.idx.co.id/StaticData/NewsAndAnnouncement/ANNOUNCEMENTSTOCK/From_EREP/202510/7c338f737e_b69184776e.pdf,20251001_Semua Emiten Saham_Pengumuman Bursa_31953508_lamp1.pdf,,,,,,,,
"02 Okt 2025
					18:31:44",https://www.idx.co.id/StaticData/NewsAndAnnouncement/ANNOUNCEMENTSTOCK/From_EREP/202510/d7bbc89a1c_c0b6ec4dc5.pdf,Pemegang Saham di atas 5% (KSEI) [],Semua Emiten Saham,https://www.idx.co.id/StaticData/NewsAndAnnouncement/ANNOUNCEMENTSTOCK/From_EREP/202510/46153c1a91_5c6e89c398.pdf,20251002_Semua Emiten Saham_Pengumuman Bursa_31953818_lamp1.pdf,,,,,,,,
"03 Okt 2025
					17:30:14",https://www.idx.co.id/StaticData/NewsAndAnnouncement/ANNOUNCEMENTSTOCK/From_EREP/202510/b015e53a45_6d5ea75d58.pdf,Pemegang Saham di atas 5% (KSEI) [],Semua Emiten Saham,https://www.idx.co.id/StaticData/NewsAndAnnouncement/ANNOUNCEMENTSTOCK/From_EREP/202510/e9c05df5c9_029c301b28.pdf,20251003_Semua Emiten Saham_Pengumuman Bursa_31954287_lamp1.pdf,,,,,,,,
"06 Okt 2025
					15:37:44",https://www.idx.co.id/StaticData/NewsAndAnnouncement/ANNOUNCEMENTSTOCK/From_EREP/202510/e215ac59dd_a7d514b478.pdf,Pemegang Saham di atas 5% (KSEI) [],Semua Emiten Saham,https://www.idx.co.id/StaticData/NewsAndAnnouncement/ANNOUNCEMENTSTOCK/From_EREP/202510/0888a9f233_1440d1635c.pdf,20251006_Semua Emiten Saham_Pengumuman Bursa_31964601_lamp1.pdf,,,,,,,,
"06 Okt 2025
					15:38:55",https://www.idx.co.id/StaticData/NewsAndAnnouncement/ANNOUNCEMENTSTOCK/From_EREP/202510/e215ac59dd_a7d514b478.pdf,Pemegang Saham di atas 5% (KSEI) [],Semua Emiten Saham,https://www.idx.co.id/StaticData/NewsAndAnnouncement/ANNOUNCEMENTSTOCK/From_EREP/202510/0888a9f233_1440d1635c.pdf,20251006_Semua Emiten Saham_Pengumuman Bursa_31964601_lamp1.pdf,,,,,,,,
"08 Okt 2025
					08:46:59",https://www.idx.co.id/StaticData/NewsAndAnnouncement/ANNOUNCEMENTSTOCK/From_EREP/202510/597e8122bd_462e031a2f.pdf,Pemegang Saham di atas 5% (KSEI) [],Semua Emiten Saham,https://www.idx.co.id/StaticData/NewsAndAnnouncement/ANNOUNCEMENTSTOCK/From_EREP/202510/67c3f1294e_1aedd711e7.pdf,20251007_Semua Emiten Saham_Pengumuman Bursa_31965175_lamp1.pdf,,,,,,,,
"08 Okt 2025
					15:10:16",https://www.idx.co.id/StaticData/NewsAndAnnouncement/ANNOUNCEMENTSTOCK/From_EREP/202510/51517912ed_248b3930d4.pdf,Pemegang Saham di atas 5% (KSEI) [],Semua Emiten Saham,https://www.idx.co.id/StaticData/NewsAndAnnouncement/ANNOUNCEMENTSTOCK/From_EREP/202510/6358e98d1a_8de298582e.pdf,20251008_Semua Emiten Saham_Pengumuman Bursa_31965742_lamp1.pdf,,,,,,,,
"09 Okt 2025
					14:16:56",https://www.idx.co.id/StaticData/NewsAndAnnouncement/ANNOUNCEMENTSTOCK/From_EREP/202510/4d31d26ae2_7ccc67c166.pdf,Pemegang Saham di atas 5% (KSEI) [],Semua Emiten Saham,https://www.idx.co.id/StaticData/NewsAndAnnouncement/ANNOUNCEMENTSTOCK/From_EREP/202510/a40d4261ee_5c8b9a898e.pdf,20251009_Semua Emiten Saham_Pengumuman Bursa_31966156_lamp1.pdf,,,,,,,,
"10 Okt 2025
					15:43:40",https://www.idx.co.id/StaticData/NewsAndAnnouncement/ANNOUNCEMENTSTOCK/From_EREP/202510/86bb2d463e_5bafccb500.pdf,Pemegang Saham di atas 5% (KSEI) [],Semua Emiten Saham,https://www.idx.co.id/StaticData/NewsAndAnnouncement/ANNOUNCEMENTSTOCK/From_EREP/202510/6ee447565d_3c05c28b29.pdf,20251010_Semua Emiten Saham_Pengumuman Bursa_31966611_lamp1.pdf,,,,,,,,
"13 Okt 2025
					17:22:00",https://www.idx.co.id/StaticData/NewsAndAnnouncement/ANNOUNCEMENTSTOCK/From_EREP/202510/c8fe773c8c_955806fcf1.pdf,Pemegang Saham di atas 5% (KSEI) [],Semua Emiten Saham,https://www.idx.co.id/StaticData/NewsAndAnnouncement/ANNOUNCEMENTSTOCK/From_EREP/202510/7d20a61ce9_7cf3f007fb.pdf,20251013_Semua Emiten Saham_Pengumuman Bursa_31966984_lamp1.pdf,,,,,,,,
"14 Okt 2025
					14:27:25",https://www.idx.co.id/StaticData/NewsAndAnnouncement/ANNOUNCEMENTSTOCK/From_EREP/202510/c9b0f56d54_2c976d9bc0.pdf,Pemegang Saham di atas 5% (KSEI) [],Semua Emiten Saham,https://www.idx.co.id/StaticData/NewsAndAnnouncement/ANNOUNCEMENTSTOCK/From_EREP/202510/d509c9f046_43661ff476.pdf,20251014_Semua Emiten Saham_Pengumuman Bursa_31967252_lamp1.pdf,,,,,,,,
"15 Okt 2025
					15:42:58",https://www.idx.co.id/StaticData/NewsAndAnnouncement/ANNOUNCEMENTSTOCK/From_EREP/202510/300fbeb3ed_f5feadde5f.pdf,Pemegang Saham di atas 5% (KSEI) [],Semua Emiten Saham,https://www.idx.co.id/StaticData/NewsAndAnnouncement/ANNOUNCEMENTSTOCK/From_EREP/202510/3e2836f5b0_3be2c599a3.pdf,20251015_Semua Emiten Saham_Pengumuman Bursa_31967576_lamp1.pdf,,,,,,,,
"16 Okt 2025
					16:15:44",https://www.idx.co.id/StaticData/NewsAndAnnouncement/ANNOUNCEMENTSTOCK/From_EREP/202510/089a570949_d2d36f54ec.pdf,Pemegang Saham di atas 5% (KSEI) [],Semua Emiten Saham,https://www.idx.co.id/StaticData/NewsAndAnnouncement/ANNOUNCEMENTSTOCK/From_EREP/202510/bcf57838b9_02b5e44844.pdf,20251016_Semua Emiten Saham_Pengumuman Bursa_31967827_lamp1.pdf,,,,,,,,
"20 Okt 2025
					17:42:30",https://www.idx.co.id/StaticData/NewsAndAnnouncement/ANNOUNCEMENTSTOCK/From_EREP/202510/e527d839f5_9874051a6e.pdf,Pemegang Saham di atas 5% (KSEI) [],Semua Emiten Saham,https://www.idx.co.id/StaticData/NewsAndAnnouncement/ANNOUNCEMENTSTOCK/From_EREP/202510/94d4cebbba_dbb595afa9.pdf,20251017_Semua Emiten Saham_Pengumuman Bursa_31968090_lamp1.pdf,,,,,,,,
"20 Okt 2025
					19:18:33",https://www.idx.co.id/StaticData/NewsAndAnnouncement/ANNOUNCEMENTSTOCK/From_EREP/202510/c2d560d6de_1b2d91536e.pdf,Pemegang Saham di atas 5% (KSEI) [],Semua Emiten Saham,https://www.idx.co.id/StaticData/NewsAndAnnouncement/ANNOUNCEMENTSTOCK/From_EREP/202510/231a518f75_799ec8671e.pdf,20251020_Semua Emiten Saham_Pengumuman Bursa_31978421_lamp1.pdf,,,,,,,,
"21 Okt 2025
					16:31:07",https://www.idx.co.id/StaticData/NewsAndAnnouncement/ANNOUNCEMENTSTOCK/From_EREP/202510/3076f9aeb0_8da6559ad5.pdf,Pemegang Saham di atas 5% (KSEI) [],Semua Emiten Saham,https://www.idx.co.id/StaticData/NewsAndAnnouncement/ANNOUNCEMENTSTOCK/From_EREP/202510/99422205fb_711ab122e2.pdf,20251021_Semua Emiten Saham_Pengumuman Bursa_31978675_lamp1.pdf,,,,,,,,
"22 Okt 2025
					17:50:58",https://www.idx.co.id/StaticData/NewsAndAnnouncement/ANNOUNCEMENTSTOCK/From_EREP/202510/6240b757ca_fe84d5428c.pdf,Pemegang Saham di atas 5% (KSEI) [],Semua Emiten Saham,https://www.idx.co.id/StaticData/NewsAndAnnouncement/ANNOUNCEMENTSTOCK/From_EREP/202510/10c5453eb6_ef05479bf7.pdf,20251022_Semua Emiten Saham_Pengumuman Bursa_31978975_lamp1.pdf,,,,,,,,
"23 Okt 2025
					16:52:01",https://www.idx.co.id/StaticData/NewsAndAnnouncement/ANNOUNCEMENTSTOCK/From_EREP/202510/7f99f3fd4c_29a22897e9.pdf,Pemegang Saham di atas 5% (KSEI) [],Semua Emiten Saham,https://www.idx.co.id/StaticData/NewsAndAnnouncement/ANNOUNCEMENTSTOCK/From_EREP/202510/a270d26a36_62d1f9ebeb.pdf,20251023_Semua Emiten Saham_Pengumuman Bursa_31979251_lamp1.pdf,,,,,,,,
"24 Okt 2025
					17:27:37",https://www.idx.co.id/StaticData/NewsAndAnnouncement/ANNOUNCEMENTSTOCK/From_EREP/202510/4726669f75_6d9000b896.pdf,Pemegang Saham di atas 5% (KSEI) [],Semua Emiten Saham,https://www.idx.co.id/StaticData/NewsAndAnnouncement/ANNOUNCEMENTSTOCK/From_EREP/202510/8c33bf1cc0_0fe7d47d96.pdf,20251024_Semua Emiten Saham_Pengumuman Bursa_31979513_lamp1.pdf,,,,,,,,
"27 Okt 2025
					19:29:22",https://www.idx.co.id/StaticData/NewsAndAnnouncement/ANNOUNCEMENTSTOCK/From_EREP/202510/a62e144591_d7423c933b.pdf,Pemegang Saham di atas 5% (KSEI) [],Semua Emiten Saham,https://www.idx.co.id/StaticData/NewsAndAnnouncement/ANNOUNCEMENTSTOCK/From_EREP/202510/5368fb049f_3aa6eb19bc.pdf,20251027_Semua Emiten Saham_Pengumuman Bursa_31979766_lamp1.pdf,,,,,,,,
"28 Okt 2025
					18:00:02",https://www.idx.co.id/StaticData/NewsAndAnnouncement/ANNOUNCEMENTSTOCK/From_EREP/202510/f939fd5c81_d47276f93e.pdf,Pemegang Saham di atas 5% (KSEI) [],Semua Emiten Saham,https://www.idx.co.id/StaticData/NewsAndAnnouncement/ANNOUNCEMENTSTOCK/From_EREP/202510/de01d5e0c2_855de3216a.pdf,20251028_Semua Emiten Saham_Pengumuman Bursa_31980046_lamp1.pdf,,,,,,,,
"29 Okt 2025
					15:33:21",https://www.idx.co.id/StaticData/NewsAndAnnouncement/ANNOUNCEMENTSTOCK/From_EREP/202510/13b5dd303c_86dd2c6382.pdf,Pemegang Saham di atas 5% (KSEI) [],Semua Emiten Saham,https://www.idx.co.id/StaticData/NewsAndAnnouncement/ANNOUNCEMENTSTOCK/From_EREP/202510/fa9650912e_b67111bfd1.pdf,20251029_Semua Emiten Saham_Pengumuman Bursa_31980370_lamp1.pdf,,,,,,,,
"30 Okt 2025
					18:25:28",https://www.idx.co.id/StaticData/NewsAndAnnouncement/ANNOUNCEMENTSTOCK/From_EREP/202510/609d00fc33_95d0c6694a.pdf,Pemegang Saham di atas 5% (KSEI) [],Semua Emiten Saham,https://www.idx.co.id/StaticData/NewsAndAnnouncement/ANNOUNCEMENTSTOCK/From_EREP/202510/8024ea42bf_33fcfbbf93.pdf,20251030_Semua Emiten Saham_Pengumuman Bursa_31980728_lamp1.pdf,,,,,,,,
"31 Okt 2025
					17:18:30",https://www.idx.co.id/StaticData/NewsAndAnnouncement/ANNOUNCEMENTSTOCK/From_EREP/202510/fe1a10aa7f_20486a8b63.pdf,Pemegang Saham di atas 5% (KSEI) [],Semua Emiten Saham,https://www.idx.co.id/StaticData/NewsAndAnnouncement/ANNOUNCEMENTSTOCK/From_EREP/202510/ab46b77e37_b30ed7e382.pdf,20251031_Semua Emiten Saham_Pengumuman Bursa_31981108_lamp1.pdf,,,,,,,,
"07 Okt 2025
					11:55:22",https://www.idx.co.id/StaticData/NewsAndAnnouncement/ANNOUNCEMENTSTOCK/From_EREP/202510/8f5f5117a2_edea80c545.pdf,Laporan Bulanan Registrasi Pemegang Efek [],SMGR,https://www.idx.co.id/StaticData/NewsAndAnnouncement/ANNOUNCEMENTSTOCK/From_EREP/202510/cc8101cd1a_771d12376a.pdf,20251007_SMGR_Laporan Bulanan Registrasi Pemegang Efek/Perubahan Struktur Pemegang Saham_31965112_lamp1.pdf,,,,,,,,
"20 Okt 2025
					13:52:37",https://www.idx.co.id/StaticData/NewsAndAnnouncement/ANNOUNCEMENTSTOCK/From_EREP/202510/7fd9e6ad0b_026a4ace91.pdf,Laporan Penyampaian Kesiapan Dana untuk Pembayaran Obligasi Berkelanjutan II Tahap I 2022 Seri A [],SMGR,https://www.idx.co.id/StaticData/NewsAndAnnouncement/ANNOUNCEMENTSTOCK/From_EREP/202510/3cc671fbfd_e4232ce9b1.pdf,20251020_SMGR_Laporan Informasi dan Fakta Material_31978437_lamp1.pdf,,,,,,,,
"23 Okt 2025
					00:09:47",https://www.idx.co.id/StaticData/NewsAndAnnouncement/ANNOUNCEMENTSTOCK/From_EREP/202510/67393db368_3875da5c71.pdf,Perubahan Komite Audit [],SMGR,https://www.idx.co.id/StaticData/NewsAndAnnouncement/ANNOUNCEMENTSTOCK/From_EREP/202510/d091ccdc52_70ba48315a.pdf,20251022_SMGR_Perubahan Corsec Komite Audit Alamat NPWP Internal Audit_31979112_lamp1.pdf,,,,,,,,
"23 Okt 2025
					16:36:53",https://www.idx.co.id/StaticData/NewsAndAnnouncement/ANNOUNCEMENTSTOCK/From_EREP/202510/9b069e4f96_cfe04ae7d9.pdf,Perubahan Komite Audit (KOREKSI) [],SMGR,https://www.idx.co.id/StaticData/NewsAndAnnouncement/ANNOUNCEMENTSTOCK/From_EREP/202510/1ab9e8852d_1e28df1fe4.pdf,20251023_SMGR_Perubahan Corsec Komite Audit Alamat NPWP Internal Audit_31979301_lamp2.pdf,https://www.idx.co.id/StaticData/NewsAndAnnouncement/ANNOUNCEMENTSTOCK/From_EREP/202510/41450ce632_8d5d3fc604.pdf,20251023_SMGR_Perubahan Corsec Komite Audit Alamat NPWP Internal Audit_31979301_lamp1.pdf,,,,,,
"31 Okt 2025
					19:03:33",https://www.idx.co.id/StaticData/NewsAndAnnouncement/ANNOUNCEMENTSTOCK/From_EREP/202502/20260220153542-57823-0/FinancialStatement-2025-III-SMGR.pdf,Penyampaian Laporan Keuangan Interim Yang Tidak Diaudit [],SMGR,https://www.idx.co.id/StaticData/NewsAndAnnouncement/ANNOUNCEMENTSTOCK/From_EREP/202502/20260220153542-57823-0/FinancialStatement-2025-III-SMGR.xlsx,FinancialStatement-2025-III-SMGR.xlsx,https://www.idx.co.id/StaticData/NewsAndAnnouncement/ANNOUNCEMENTSTOCK/From_EREP/202502/20260220153542-57823-0/inlineXBRL.zip,inlineXBRL.zip,https://www.idx.co.id/StaticData/NewsAndAnnouncement/ANNOUNCEMENTSTOCK/From_EREP/202502/20260220153542-57823-0/instance.zip,instance.zip,https://www.idx.co.id/StaticData/NewsAndAnnouncement/ANNOUNCEMENTSTOCK/From_EREP/202502/20260220153542-57823-0/PT%20SEMEN%20INDONESIA%20Q3%202025.pdf,PT SEMEN INDONESIA Q3 2025.pdf,https://www.idx.co.id/StaticData/NewsAndAnnouncement/ANNOUNCEMENTSTOCK/From_EREP/202502/20260220153542-57823-0/SMGR_Surat%20Pengantar%20LK%20Q3%202025.pdf,SMGR_Surat Pengantar LK Q3 2025.pdf
"02 Okt 2025
					13:24:52",https://www.idx.co.id/StaticData/NewsAndAnnouncement/ANNOUNCEMENTSTOCK/From_EREP/202510/a75dfee67a_872f256194.pdf,Laporan Transaksi Afiliasi [],SMRA,https://www.idx.co.id/StaticData/NewsAndAnnouncement/ANNOUNCEMENTSTOCK/From_EREP/202510/ccd2ea5822_f91ac74a98.pdf,20251002_SMRA_Laporan Informasi dan Fakta Material_31953769_lamp1.pdf,,,,,,,,
"07 Okt 2025
					16:30:22",https://www.idx.co.id/StaticData/NewsAndAnnouncement/ANNOUNCEMENTSTOCK/From_EREP/202510/d76545e55d_8b79323894.pdf,Laporan Bulanan Registrasi Pemegang Efek [],SMRA,https://www.idx.co.id/StaticData/NewsAndAnnouncement/ANNOUNCEMENTSTOCK/From_EREP/202510/ef1a53b184_5561dc5006.pdf,20251006_SMRA_Laporan Bulanan Registrasi Pemegang Efek/Perubahan Struktur Pemegang Saham_31965038_lamp1.pdf,,,,,,,,
"21 Okt 2025
					13:31:37",https://www.idx.co.id/StaticData/NewsAndAnnouncement/ANNOUNCEMENTSTOCK/From_EREP/202510/8c0fbf287c_31df315332.pdf,Laporan Transaksi Afiliasi  [],SMRA,https://www.idx.co.id/StaticData/NewsAndAnnouncement/ANNOUNCEMENTSTOCK/From_EREP/202510/5de9962eb8_cfa0cef3dd.pdf,20251021_SMRA_Laporan Informasi dan Fakta Material_31978620_lamp1.pdf,,,,,,,,
"31 Okt 2025
					12:54:45",https://www.idx.co.id/StaticData/NewsAndAnnouncement/ANNOUNCEMENTSTOCK/From_EREP/202510/2a91772c36_9dcbceeaf4.pdf,Rencana Penyampaian Laporan Keuangan Kuartal III 2025 Ditelaah secara terbatas [],SMRA,https://www.idx.co.id/StaticData/NewsAndAnnouncement/ANNOUNCEMENTSTOCK/From_EREP/202510/c42d819f07_e024394c0e.pdf,20251031_SMRA_Rencana Penyampaian Laporan Keuangan_31980998_lamp1.pdf,,,,,,,,
"09 Okt 2025
					08:57:23",https://www.idx.co.id/StaticData/NewsAndAnnouncement/ANNOUNCEMENTSTOCK/From_EREP/202510/d59b81df0e_c7afcfb327.pdf,Laporan Bulanan Registrasi Pemegang Efek [],TLKM,https://www.idx.co.id/StaticData/NewsAndAnnouncement/ANNOUNCEMENTSTOCK/From_EREP/202510/8fabf4b45d_d841455dae.pdf,20251008_TLKM_Laporan Bulanan Registrasi Pemegang Efek/Perubahan Struktur Pemegang Saham_31965818_lamp1.pdf,,,,,,,,
"21 Okt 2025
					07:30:46",https://www.idx.co.id/StaticData/NewsAndAnnouncement/ANNOUNCEMENTSTOCK/From_EREP/202510/30ca46c277_54b94bb6bb.pdf,Penandatanganan Perjanjian Pemisahan Bersyarat dengan PT Telkom Infrastruktur Indonesia [],TLKM,https://www.idx.co.id/StaticData/NewsAndAnnouncement/ANNOUNCEMENTSTOCK/From_EREP/202510/6c3e0e14ba_d699a12838.pdf,20251020_TLKM_Laporan Informasi dan Fakta Material_31978572_lamp2.pdf,https://www.idx.co.id/StaticData/NewsAndAnnouncement/ANNOUNCEMENTSTOCK/From_EREP/202510/a0526264c8_1790d795f3.pdf,20251020_TLKM_Laporan Informasi dan Fakta Material_31978572_lamp1.pdf,,,,,,
"21 Okt 2025
					15:41:26",https://www.idx.co.id/StaticData/NewsAndAnnouncement/ANNOUNCEMENTSTOCK/From_EREP/202510/c1961b6912_f3ef2f250b.pdf,Pemberitahuan Rencana Rapat Umum Pemegang Saham Luar Biasa [],TLKM,https://www.idx.co.id/StaticData/NewsAndAnnouncement/ANNOUNCEMENTSTOCK/From_EREP/202510/02e026a291_2d30bdde72.pdf,20251021_TLKM_Pengumuman RUPS_31978673_lamp1.pdf,https://www.idx.co.id/StaticData/NewsAndAnnouncement/ANNOUNCEMENTSTOCK/From_EREP/202510/eefa635d75_766a6c5321.pdf,20251021_TLKM_Pengumuman RUPS_31978673_lamp2.pdf,,,,,,
"21 Okt 2025
					15:51:02",https://www.idx.co.id/StaticData/NewsAndAnnouncement/ANNOUNCEMENTSTOCK/From_EREP/202510/5e5307642d_a2ae8096fa.pdf,Transaksi Material Tanpa Persetujuan RUPS [],TLKM,https://www.idx.co.id/StaticData/NewsAndAnnouncement/ANNOUNCEMENTSTOCK/From_EREP/202510/7095d713e5_c5453acb57.pdf,20251021_TLKM_Transaksi Material Tanpa Persetujuan RUPS_31978720_lamp1.pdf,https://www.idx.co.id/StaticData/NewsAndAnnouncement/ANNOUNCEMENTSTOCK/From_EREP/202510/7ea35e44f0_6084bbb1ff.pdf,20251021_TLKM_Transaksi Material Tanpa Persetujuan RUPS_31978720_lamp2.pdf,,,,,,
"21 Okt 2025
					19:09:57",https://www.idx.co.id/StaticData/NewsAndAnnouncement/ANNOUNCEMENTSTOCK/From_EREP/202510/03369212ba_2b5811a1a5.pdf,Penyampaian Materi pada Acara Indonesia Day 2025 [],TLKM,https://www.idx.co.id/StaticData/NewsAndAnnouncement/ANNOUNCEMENTSTOCK/From_EREP/202510/35e43ffa9f_5b596b0a29.pdf,20251021_TLKM_Laporan Informasi dan Fakta Material_31978725_lamp1.pdf,https://www.idx.co.id/StaticData/NewsAndAnnouncement/ANNOUNCEMENTSTOCK/From_EREP/202510/e0c5ad1afc_7c214e335a.pdf,20251021_TLKM_Laporan Informasi dan Fakta Material_31978725_lamp2.pdf,,,,,,
"30 Okt 2025
					20:20:21",https://www.idx.co.id/StaticData/NewsAndAnnouncement/ANNOUNCEMENTSTOCK/From_EREP/202502/20260220141849-57687-0/FinancialStatement-2025-III-TLKM.pdf,Penyampaian Laporan Keuangan Interim Yang Tidak Diaudit [],TLKM,https://www.idx.co.id/StaticData/NewsAndAnnouncement/ANNOUNCEMENTSTOCK/From_EREP/202502/20260220141849-57687-0/FinancialStatement-2025-III-TLKM.xlsx,FinancialStatement-2025-III-TLKM.xlsx,https://www.idx.co.id/StaticData/NewsAndAnnouncement/ANNOUNCEMENTSTOCK/From_EREP/202502/20260220141849-57687-0/FS%20Telkom%20Triwulan%20III%202025_Bahasa%20rilis.pdf,FS Telkom Triwulan III 2025_Bahasa rilis.pdf,https://www.idx.co.id/StaticData/NewsAndAnnouncement/ANNOUNCEMENTSTOCK/From_EREP/202502/20260220141849-57687-0/FS%20Telkom%20Triwulan%20III%202025_Eng%20release.pdf,FS Telkom Triwulan III 2025_Eng release.pdf,https://www.idx.co.id/StaticData/NewsAndAnnouncement/ANNOUNCEMENTSTOCK/From_EREP/202502/20260220141849-57687-0/inlineXBRL.zip,inlineXBRL.zip,https://www.idx.co.id/StaticData/NewsAndAnnouncement/ANNOUNCEMENTSTOCK/From_EREP/202502/20260220141849-57687-0/instance.zip,instance.zip
"06 Okt 2025
					10:59:09",https://www.idx.co.id/StaticData/NewsAndAnnouncement/ANNOUNCEMENTSTOCK/From_EREP/202510/f764f2734a_b975c373b8.pdf,Laporan Bulanan Registrasi Pemegang Efek [],TOWR,https://www.idx.co.id/StaticData/NewsAndAnnouncement/ANNOUNCEMENTSTOCK/From_EREP/202510/aa8557381f_a49d0ffde0.pdf,20251006_TOWR_Laporan Bulanan Registrasi Pemegang Efek/Perubahan Struktur Pemegang Saham_31964615_lamp1.pdf,,,,,,,,
"10 Okt 2025
					17:41:04",https://www.idx.co.id/StaticData/NewsAndAnnouncement/ANNOUNCEMENTSTOCK/From_EREP/202510/29f86246b2_e97fd94059.pdf,Penandatanganan Perubahan Perjanjian Kredit dan Perubahan Perjanjian Transaksi Valuta Asing antara Protelindo dan Iforte sebagai Peminjam dengan PT Bank Maybank Indonesia Tbk [],TOWR,https://www.idx.co.id/StaticData/NewsAndAnnouncement/ANNOUNCEMENTSTOCK/From_EREP/202510/59672bb6d6_efe864514c.pdf,20251010_TOWR_Laporan Informasi dan Fakta Material_31966662_lamp1.pdf,,,,,,,,
"30 Okt 2025
					11:08:42",https://www.idx.co.id/StaticData/NewsAndAnnouncement/ANNOUNCEMENTSTOCK/From_EREP/202502/20260220175340-58676-0/FinancialStatement-2025-III-TOWR.pdf,Penyampaian Laporan Keuangan Interim Yang Tidak Diaudit [],TOWR,https://www.idx.co.id/StaticData/NewsAndAnnouncement/ANNOUNCEMENTSTOCK/From_EREP/202502/20260220175340-58676-0/FinancialStatement-2025-III-TOWR.xlsx,FinancialStatement-2025-III-TOWR.xlsx,https://www.idx.co.id/StaticData/NewsAndAnnouncement/ANNOUNCEMENTSTOCK/From_EREP/202502/20260220175340-58676-0/FS%20PT%20Sarana%20Menara%20Nusantara%20Tbk%2030%20Sep%202025.pdf,FS PT Sarana Menara Nusantara Tbk 30 Sep 2025.pdf,https://www.idx.co.id/StaticData/NewsAndAnnouncement/ANNOUNCEMENTSTOCK/From_EREP/202502/20260220175340-58676-0/inlineXBRL.zip,inlineXBRL.zip,https://www.idx.co.id/StaticData/NewsAndAnnouncement/ANNOUNCEMENTSTOCK/From_EREP/202502/20260220175340-58676-0/instance.zip,instance.zip,,
"30 Okt 2025
					18:53:51",https://www.idx.co.id/StaticData/NewsAndAnnouncement/ANNOUNCEMENTSTOCK/From_EREP/202510/778a7875b1_116e244ce2.pdf,"Penandatanganan Perubahan Perjanjian Kredit atas Perjanjian Kredit antara Protelindo, Iforte, SUPR, IBST sebagai Peminjam dengan PT Bank CIMB Niaga Tbk []",TOWR,https://www.idx.co.id/StaticData/NewsAndAnnouncement/ANNOUNCEMENTSTOCK/From_EREP/202510/9415602c1e_b2f85e9e6f.pdf,20251030_TOWR_Laporan Informasi dan Fakta Material_31980937_lamp1.pdf,,,,,,,,
"01 Okt 2025
					17:15:14",https://www.idx.co.id/StaticData/NewsAndAnnouncement/ANNOUNCEMENTSTOCK/From_EREP/202510/f782a1fbd9_91ae420ce1.pdf,Transaksi Afiliasi [],UNTR,https://www.idx.co.id/StaticData/NewsAndAnnouncement/ANNOUNCEMENTSTOCK/From_EREP/202510/16d9a17a01_8d56d8f939.pdf,20251001_UNTR_Informasi Transaksi Afiliasi_31953549_lamp1.pdf,,,,,,,,
"03 Okt 2025
					16:19:42",https://www.idx.co.id/StaticData/NewsAndAnnouncement/ANNOUNCEMENTSTOCK/From_EREP/202510/bb7afa72cb_62f03937a9.pdf,Transaksi Afiliasi [],UNTR,https://www.idx.co.id/StaticData/NewsAndAnnouncement/ANNOUNCEMENTSTOCK/From_EREP/202510/430294c269_bf46ac43c9.pdf,20251003_UNTR_Informasi Transaksi Afiliasi_31954265_lamp1.pdf,,,,,,,,
"06 Okt 2025
					14:51:07",https://www.idx.co.id/StaticData/NewsAndAnnouncement/ANNOUNCEMENTSTOCK/From_EREP/202510/e8858a13a0_655621e0a5.pdf,Laporan Bulanan Registrasi Pemegang Efek [],UNTR,https://www.idx.co.id/StaticData/NewsAndAnnouncement/ANNOUNCEMENTSTOCK/From_EREP/202510/3bb183b06f_b05850fbe0.pdf,20251006_UNTR_Laporan Bulanan Registrasi Pemegang Efek/Perubahan Struktur Pemegang Saham_31964598_lamp1.pdf,https://www.idx.co.id/StaticData/NewsAndAnnouncement/ANNOUNCEMENTSTOCK/From_EREP/202510/687f340e7d_119f5d9ae5.pdf,20251006_UNTR_Laporan Bulanan Registrasi Pemegang Efek/Perubahan Struktur Pemegang Saham_31964598_lamp3.pdf,,,,,,
"10 Okt 2025
					15:24:50",https://www.idx.co.id/StaticData/NewsAndAnnouncement/ANNOUNCEMENTSTOCK/From_EREP/202510/8ac688f4e2_b95d6a6c1d.pdf,Laporan Bulanan Aktivitas Eksplorasi [],UNTR,https://www.idx.co.id/StaticData/NewsAndAnnouncement/ANNOUNCEMENTSTOCK/From_EREP/202510/2297b467dd_bcb7562df3.pdf,20251010_UNTR_Laporan Bulanan Aktivitas Eksplorasi_31966591_lamp1.pdf,,,,,,,,
"15 Okt 2025
					00:00:54",https://www.idx.co.id/StaticData/NewsAndAnnouncement/ANNOUNCEMENTSTOCK/From_EREP/202510/cca1e56eac_aa2882454c.pdf,Penjelasan atas Pemberitaan Media Massa [],UNTR,https://www.idx.co.id/StaticData/NewsAndAnnouncement/ANNOUNCEMENTSTOCK/From_EREP/202510/f9a3b0f179_b188a0556a.pdf,20251014_UNTR_Tanggapan atas Permintaan Penjelasan Bursa_31967474_lamp1.pdf,,,,,,,,
"15 Okt 2025
					07:38:16",https://www.idx.co.id/StaticData/NewsAndAnnouncement/ANNOUNCEMENTSTOCK/From_EREP/202510/b95c5cfc14_d1d783b815.pdf,Perubahan Corporate Secretary [],UNTR,https://www.idx.co.id/StaticData/NewsAndAnnouncement/ANNOUNCEMENTSTOCK/From_EREP/202510/5358a6251b_c5855c3b88.pdf,20251015_UNTR_Perubahan Corsec Komite Audit Alamat NPWP Internal Audit_31967475_lamp1.pdf,,,,,,,,
"30 Okt 2025
					17:50:57",https://www.idx.co.id/StaticData/NewsAndAnnouncement/ANNOUNCEMENTSTOCK/From_EREP/202510/20251030180340-58905-0/FinancialStatement-2025-III-UNTR.pdf,Penyampaian Laporan Keuangan Interim Yang Tidak Diaudit [],UNTR,https://www.idx.co.id/StaticData/NewsAndAnnouncement/ANNOUNCEMENTSTOCK/From_EREP/202510/20251030180340-58905-0/FinancialStatement-2025-III-UNTR.xlsx,FinancialStatement-2025-III-UNTR.xlsx,https://www.idx.co.id/StaticData/NewsAndAnnouncement/ANNOUNCEMENTSTOCK/From_EREP/202510/20251030180340-58905-0/FS%20UNTR%200925.pdf,FS UNTR 0925.pdf,https://www.idx.co.id/StaticData/NewsAndAnnouncement/ANNOUNCEMENTSTOCK/From_EREP/202510/20251030180340-58905-0/inlineXBRL.zip,inlineXBRL.zip,https://www.idx.co.id/StaticData/NewsAndAnnouncement/ANNOUNCEMENTSTOCK/From_EREP/202510/20251030180340-58905-0/instance.zip,instance.zip,https://www.idx.co.id/StaticData/NewsAndAnnouncement/ANNOUNCEMENTSTOCK/From_EREP/202510/20251030180340-58905-0/Laporan%20Perkembangan%20Usaha%203Q%202025%20.pdf,Laporan Perkembangan Usaha 3Q 2025 .pdf
"30 Okt 2025
					18:29:19",https://www.idx.co.id/StaticData/NewsAndAnnouncement/ANNOUNCEMENTSTOCK/From_EREP/202510/4f11085e25_370adadb27.pdf,Rencana Pembelian Kembali Saham dalam Kondisi Pasar yang Berfluktuasi Secara Signifikan [],UNTR,https://www.idx.co.id/StaticData/NewsAndAnnouncement/ANNOUNCEMENTSTOCK/From_EREP/202510/6ef140c7af_2a58d2396f.pdf,20251030_UNTR_Laporan Informasi dan Fakta Material_31980939_lamp1.pdf,,,,,,,,
"30 Okt 2025
					18:39:03",https://www.idx.co.id/StaticData/NewsAndAnnouncement/ANNOUNCEMENTSTOCK/From_EREP/202510/921e9dce3b_920314eea8.pdf,Rencana Pembelian Kembali Saham dalam Kondisi Pasar yang Berfluktuasi Secara Signifikan (KOREKSI) [],UNTR,https://www.idx.co.id/StaticData/NewsAndAnnouncement/ANNOUNCEMENTSTOCK/From_EREP/202510/487f4b7511_7861e3655b.pdf,20251030_UNTR_Laporan Informasi dan Fakta Material_31980952_lamp1.pdf,https://www.idx.co.id/StaticData/NewsAndAnnouncement/ANNOUNCEMENTSTOCK/From_EREP/202510/5f4e5d5bfa_2a68855335.pdf,20251030_UNTR_Laporan Informasi dan Fakta Material_31980952_lamp2.pdf,,,,,,
"31 Okt 2025
					00:03:15",https://www.idx.co.id/StaticData/NewsAndAnnouncement/ANNOUNCEMENTSTOCK/From_EREP/202510/99b2c5d0a1_c9236b1bd3.pdf,Penjelasan atas Pemberitaan Media Massa [],UNTR,https://www.idx.co.id/StaticData/NewsAndAnnouncement/ANNOUNCEMENTSTOCK/From_EREP/202510/e8b6ea658e_25d7b3383e.pdf,20251031_UNTR_Tanggapan atas Permintaan Penjelasan Bursa_31980975_lamp1.pdf,,,,,,,,
"01 Okt 2025
					09:24:28",https://www.idx.co.id/StaticData/NewsAndAnnouncement/ANNOUNCEMENTSTOCK/From_EREP/202510/e192e63bbb_1d14148efa.pdf,Rencana Penyelenggaraan Public Expose - Tahunan [],UNVR,https://www.idx.co.id/StaticData/NewsAndAnnouncement/ANNOUNCEMENTSTOCK/From_EREP/202510/1891c9e010_3dacf54355.pdf,20251001_UNVR_Public Expose_31953469_lamp1.pdf,,,,,,,,
"02 Okt 2025
					16:55:58",https://www.idx.co.id/StaticData/NewsAndAnnouncement/ANNOUNCEMENTSTOCK/From_EREP/202510/14a30175fe_4c3af92897.pdf,Laporan Kepemilikan Saham [],UNVR,https://www.idx.co.id/StaticData/NewsAndAnnouncement/ANNOUNCEMENTSTOCK/From_EREP/202510/5f2731e347_a4e6b7c5f8.pdf,20251002_UNVR_Pengumuman Bursa_31953911_lamp1.pdf,,,,,,,,
"09 Okt 2025
					17:45:14",https://www.idx.co.id/StaticData/NewsAndAnnouncement/ANNOUNCEMENTSTOCK/From_EREP/202510/5d2dc18e35_a980b360cf.pdf,Laporan Kepemilikan Saham [],UNVR,https://www.idx.co.id/StaticData/NewsAndAnnouncement/ANNOUNCEMENTSTOCK/From_EREP/202510/83c65d0b17_8c386cc10e.pdf,20251009_UNVR_Pengumuman Bursa_31966331_lamp1.pdf,,,,,,,,
"10 Okt 2025
					14:47:41",https://www.idx.co.id/StaticData/NewsAndAnnouncement/ANNOUNCEMENTSTOCK/From_EREP/202510/1524365962_0eb0b412dc.pdf,Laporan Bulanan Registrasi Pemegang Efek [],UNVR,https://www.idx.co.id/StaticData/NewsAndAnnouncement/ANNOUNCEMENTSTOCK/From_EREP/202510/238aaef943_00b8f3ee19.pdf,20251010_UNVR_Laporan Bulanan Registrasi Pemegang Efek/Perubahan Struktur Pemegang Saham_31966626_lamp2.pdf,https://www.idx.co.id/StaticData/NewsAndAnnouncement/ANNOUNCEMENTSTOCK/From_EREP/202510/86a98bd99d_0bf8bf6ee4.pdf,20251010_UNVR_Laporan Bulanan Registrasi Pemegang Efek/Perubahan Struktur Pemegang Saham_31966626_lamp1.pdf,,,,,,
"10 Okt 2025
					17:39:27",https://www.idx.co.id/StaticData/NewsAndAnnouncement/ANNOUNCEMENTSTOCK/From_EREP/202510/da31461abd_79a3547e35.pdf,Penyampaian Materi Public Expose - Tahunan [],UNVR,https://www.idx.co.id/StaticData/NewsAndAnnouncement/ANNOUNCEMENTSTOCK/From_EREP/202510/83106c88a5_4efe4d3498.pdf,20251010_UNVR_Public Expose_31966836_lamp1.pdf,,,,,,,,
"17 Okt 2025
					20:13:57",https://www.idx.co.id/StaticData/NewsAndAnnouncement/ANNOUNCEMENTSTOCK/From_EREP/202510/aa8ae7ea04_22ebf3d0b5.pdf,Ringkasan Risalah Rapat Umum Para Pemegang Saham Luar Biasa [],UNVR,https://www.idx.co.id/StaticData/NewsAndAnnouncement/ANNOUNCEMENTSTOCK/From_EREP/202510/0c40740072_009ba72c49.pdf,20251017_UNVR_Ringkasan Risalah/Risalah RUPS_31968240_lamp2.pdf,https://www.idx.co.id/StaticData/NewsAndAnnouncement/ANNOUNCEMENTSTOCK/From_EREP/202510/2d0318b84a_eb573d8422.pdf,20251017_UNVR_Ringkasan Risalah/Risalah RUPS_31968240_lamp1.pdf,,,,,,
"20 Okt 2025
					23:42:18",https://www.idx.co.id/StaticData/NewsAndAnnouncement/ANNOUNCEMENTSTOCK/From_EREP/202510/ca8f101aea_4bd87bd404.pdf,Laporan Hasil Public Expose - Tahunan [],UNVR,https://www.idx.co.id/StaticData/NewsAndAnnouncement/ANNOUNCEMENTSTOCK/From_EREP/202510/b566752169_d7867c9af9.pdf,20251020_UNVR_Public Expose_31978581_lamp1.pdf,https://www.idx.co.id/StaticData/NewsAndAnnouncement/ANNOUNCEMENTSTOCK/From_EREP/202510/f9df8b0642_9f595eccea.pdf,20251020_UNVR_Public Expose_31978581_lamp2.pdf,,,,,,
"23 Okt 2025
					07:08:11",https://www.idx.co.id/StaticData/NewsAndAnnouncement/ANNOUNCEMENTSTOCK/From_EREP/202502/20260220144713-57858-0/FinancialStatement-2025-III-UNVR.pdf,Penyampaian Laporan Keuangan Interim Yang Tidak Diaudit [],UNVR,https://www.idx.co.id/StaticData/NewsAndAnnouncement/ANNOUNCEMENTSTOCK/From_EREP/202502/20260220144713-57858-0/Checklist%20UNVR%20Q3%202025.pdf,Checklist UNVR Q3 2025.pdf,https://www.idx.co.id/StaticData/NewsAndAnnouncement/ANNOUNCEMENTSTOCK/From_EREP/202502/20260220144713-57858-0/Director%20Statement%20UNVR%20Q3%202025.pdf,Director Statement UNVR Q3 2025.pdf,https://www.idx.co.id/StaticData/NewsAndAnnouncement/ANNOUNCEMENTSTOCK/From_EREP/202502/20260220144713-57858-0/FinancialStatement-2025-III-UNVR.xlsx,FinancialStatement-2025-III-UNVR.xlsx,https://www.idx.co.id/StaticData/NewsAndAnnouncement/ANNOUNCEMENTSTOCK/From_EREP/202502/20260220144713-57858-0/inlineXBRL.zip,inlineXBRL.zip,https://www.idx.co.id/StaticData/NewsAndAnnouncement/ANNOUNCEMENTSTOCK/From_EREP/202502/20260220144713-57858-0/instance.zip,instance.zip
"24 Okt 2025
					16:48:41",https://www.idx.co.id/StaticData/NewsAndAnnouncement/ANNOUNCEMENTSTOCK/From_EREP/202512/9482ba3619_9f7304bc2e.pdf,Saham Hilang [],UNVR,https://www.idx.co.id/StaticData/NewsAndAnnouncement/ANNOUNCEMENTSTOCK/From_EREP/202512/ce9bcf78f7_909f0780df.pdf,20251024_UNVR_Pengumuman Bursa_31979534_lamp1.pdf,,,,,,,,
"27 Okt 2025
					18:37:33",https://www.idx.co.id/StaticData/NewsAndAnnouncement/ANNOUNCEMENTSTOCK/From_EREP/202510/9c154f0d56_5e1c66e8c2.pdf,Laporan Hasil Public Expose - Tahunan (KOREKSI) [],UNVR,https://www.idx.co.id/StaticData/NewsAndAnnouncement/ANNOUNCEMENTSTOCK/From_EREP/202510/7700567732_91071cc210.pdf,20251027_UNVR_Public Expose_31979954_lamp3.pdf,https://www.idx.co.id/StaticData/NewsAndAnnouncement/ANNOUNCEMENTSTOCK/From_EREP/202510/bf32258c55_a476063117.pdf,20251027_UNVR_Public Expose_31979954_lamp1.pdf,https://www.idx.co.id/StaticData/NewsAndAnnouncement/ANNOUNCEMENTSTOCK/From_EREP/202510/f699d98013_b1d73231b2.pdf,20251027_UNVR_Public Expose_31979954_lamp2.pdf,,,,
"01 Okt 2025
					15:21:35",https://www.idx.co.id/StaticData/NewsAndAnnouncement/ANNOUNCEMENTSTOCK/From_EREP/202510/0c422aafc6_bc42d721a7.pdf,Pencabutan Efek Bersifat Ekuitas Dari Pemantauan Khusus [],,,,,,,,,,,
"01 Okt 2025
					15:22:18",https://www.idx.co.id/StaticData/NewsAndAnnouncement/ANNOUNCEMENTSTOCK/From_EREP/202510/029d5187f6_1decc43f6a.pdf,Efek Bersifat Ekuitas Dalam Pemantauan Khusus [],,,,,,,,,,,
"02 Okt 2025
					16:42:34",https://www.idx.co.id/StaticData/NewsAndAnnouncement/ANNOUNCEMENTSTOCK/From_EREP/202510/b631c51764_595d6028dd.pdf,Pencabutan Efek Bersifat Ekuitas Dari Pemantauan Khusus [],,,,,,,,,,,
"02 Okt 2025
					16:46:20",https://www.idx.co.id/StaticData/NewsAndAnnouncement/ANNOUNCEMENTSTOCK/From_EREP/202510/273ed08748_64b0bb61bc.pdf,Perubahan Efek Bersifat Ekuitas Dalam Pemantauan Khusus [],,,,,,,,,,,
"02 Okt 2025
					16:48:36",https://www.idx.co.id/StaticData/NewsAndAnnouncement/ANNOUNCEMENTSTOCK/From_EREP/202510/2602dbc708_4529004a9c.pdf,Efek Bersifat Ekuitas Dalam Pemantauan Khusus [],,,,,,,,,,,
"03 Okt 2025
					16:04:05",https://www.idx.co.id/StaticData/NewsAndAnnouncement/ANNOUNCEMENTSTOCK/From_EREP/202510/698562e095_542acee1dc.pdf,Efek Bersifat Ekuitas Dalam Pemantauan Khusus [],,,,,,,,,,,
"06 Okt 2025
					16:55:12",https://www.idx.co.id/StaticData/NewsAndAnnouncement/ANNOUNCEMENTSTOCK/From_EREP/202510/d77873c65e_f96f33c7c7.pdf,Pencabutan Efek Bersifat Ekuitas Dari Pemantauan Khusus [],,,,,,,,,,,
"06 Okt 2025
					17:09:42",https://www.idx.co.id/StaticData/NewsAndAnnouncement/ANNOUNCEMENTSTOCK/From_EREP/202510/4dd78eeada_ba0aedb518.pdf,Efek Bersifat Ekuitas Dalam Pemantauan Khusus [],,,,,,,,,,,
"07 Okt 2025
					16:45:17",https://www.idx.co.id/StaticData/NewsAndAnnouncement/ANNOUNCEMENTSTOCK/From_EREP/202510/07205f9af6_660950b61f.pdf,Pencabutan Efek Bersifat Ekuitas Dari Pemantauan Khusus [],,,,,,,,,,,
"07 Okt 2025
					16:45:37",https://www.idx.co.id/StaticData/NewsAndAnnouncement/ANNOUNCEMENTSTOCK/From_EREP/202510/7449656167_a64298a653.pdf,Perubahan Efek Bersifat Ekuitas Dalam Pemantauan Khusus [],,,,,,,,,,,
"07 Okt 2025
					16:46:07",https://www.idx.co.id/StaticData/NewsAndAnnouncement/ANNOUNCEMENTSTOCK/From_EREP/202510/7df9a751ec_1dbd5ecb71.pdf,Efek Bersifat Ekuitas Dalam Pemantauan Khusus [],,,,,,,,,,,
"08 Okt 2025
					16:45:48",https://www.idx.co.id/StaticData/NewsAndAnnouncement/ANNOUNCEMENTSTOCK/From_EREP/202510/a9521a5b47_3c9ee931c2.pdf,Efek Bersifat Ekuitas Dalam Pemantauan Khusus [],,,,,,,,,,,
"08 Okt 2025
					16:49:50",https://www.idx.co.id/StaticData/NewsAndAnnouncement/ANNOUNCEMENTSTOCK/From_EREP/202510/99cf4189f7_4ae49cedff.pdf,Pencabutan Efek Bersifat Ekuitas Dari Pemantauan Khusus [],,,,,,,,,,,
"08 Okt 2025
					16:52:53",https://www.idx.co.id/StaticData/NewsAndAnnouncement/ANNOUNCEMENTSTOCK/From_EREP/202510/34b21c5632_317e1f7aa7.pdf,Pengumuman Status Penyampaian Laporan Keuangan Interim per 30 Juni 2025 [],,https://www.idx.co.id/StaticData/NewsAndAnnouncement/ANNOUNCEMENTSTOCK/From_EREP/202510/f547cf50c2_0ef60ed6f3.pdf,20251008_Pengumuman Bursa_31965660_lamp1.pdf,,,,,,,,
"09 Okt 2025
					11:40:34",https://www.idx.co.id/StaticData/NewsAndAnnouncement/ANNOUNCEMENTSTOCK/From_EREP/202510/53ee1f361c_71f88d4831.pdf,Pembukaan Penghentian Sementara Perdagangan Efek [],,https://www.idx.co.id/StaticData/NewsAndAnnouncement/ANNOUNCEMENTSTOCK/From_EREP/202510/947c86e99c_9749b0f98c.pdf,20251009_Suspensi dan Pembukaan Suspensi_31966139_lamp1.pdf,,,,,,,,
"09 Okt 2025
					16:41:51",https://www.idx.co.id/StaticData/NewsAndAnnouncement/ANNOUNCEMENTSTOCK/From_EREP/202510/0526fe4c7a_fb91ad53fc.pdf,Efek Bersifat Ekuitas Dalam Pemantauan Khusus [],,,,,,,,,,,
"09 Okt 2025
					16:42:51",https://www.idx.co.id/StaticData/NewsAndAnnouncement/ANNOUNCEMENTSTOCK/From_EREP/202510/b84ab3d82e_a8c3a8c76b.pdf,Pencabutan Efek Bersifat Ekuitas Dari Pemantauan Khusus [],,,,,,,,,,,
"09 Okt 2025
					19:45:07",https://www.idx.co.id/StaticData/NewsAndAnnouncement/ANNOUNCEMENTSTOCK/From_EREP/202510/7918c6369e_36844b8cbd.pdf,Pencatatan Tambahan Waran Terstruktur Call Warrant PANI ZP Exp 30 April 2026 (PANIZPCJ6A) PT Maybak Sekuritas Indonesia (ZP) [],,https://www.idx.co.id/StaticData/NewsAndAnnouncement/ANNOUNCEMENTSTOCK/From_EREP/202510/1754583c3b_468cb074dc.pdf,20251009_Pengumuman Bursa_31966390_lamp1.pdf,https://www.idx.co.id/StaticData/NewsAndAnnouncement/ANNOUNCEMENTSTOCK/From_EREP/202510/a29bfc84a4_0127456f37.pdf,20251009_Pengumuman Bursa_31966390_lamp2.pdf,,,,,,
"10 Okt 2025
					17:40:35",https://www.idx.co.id/StaticData/NewsAndAnnouncement/ANNOUNCEMENTSTOCK/From_EREP/202510/43b69a5de8_c982614490.pdf,Pencabutan Efek Bersifat Ekuitas Dari Pemantauan Khusus [],,,,,,,,,,,
"10 Okt 2025
					17:41:28",https://www.idx.co.id/StaticData/NewsAndAnnouncement/ANNOUNCEMENTSTOCK/From_EREP/202510/3bed54e095_1c632b328f.pdf,Efek Bersifat Ekuitas Dalam Pemantauan Khusus [],,,,,,,,,,,
"13 Okt 2025
					17:31:57",https://www.idx.co.id/StaticData/NewsAndAnnouncement/ANNOUNCEMENTSTOCK/From_EREP/202510/5404c65bf1_10604ab269.pdf,Pencabutan Efek Bersifat Ekuitas Dari Pemantauan Khusus [],,,,,,,,,,,
"13 Okt 2025
					17:38:49",https://www.idx.co.id/StaticData/NewsAndAnnouncement/ANNOUNCEMENTSTOCK/From_EREP/202510/080d623bd5_119fea97ae.pdf,Efek Bersifat Ekuitas Dalam Pemantauan Khusus [],,,,,,,,,,,
"14 Okt 2025
					13:21:42",https://www.idx.co.id/StaticData/NewsAndAnnouncement/ANNOUNCEMENTSTOCK/From_EREP/202510/6b8667f50d_7a0988c9fb.pdf,Pembukaan Penghentian Sementara Perdagangan Efek [],,https://www.idx.co.id/StaticData/NewsAndAnnouncement/ANNOUNCEMENTSTOCK/From_EREP/202510/6854a8efdf_ec92ac3428.pdf,20251014_Suspensi dan Pembukaan Suspensi_31967287_lamp1.pdf,,,,,,,,
"14 Okt 2025
					16:26:28",https://www.idx.co.id/StaticData/NewsAndAnnouncement/ANNOUNCEMENTSTOCK/From_EREP/202510/4093edf1b4_1a793a06b0.pdf,Pencabutan Efek Bersifat Ekuitas Dari Pemantauan Khusus [],,,,,,,,,,,
"15 Okt 2025
					15:55:22",https://www.idx.co.id/StaticData/NewsAndAnnouncement/ANNOUNCEMENTSTOCK/From_EREP/202510/5d5480431e_b8e8bc626d.pdf,Efek Bersifat Ekuitas Dalam Pemantauan Khusus [],,,,,,,,,,,
"15 Okt 2025
					16:04:06",https://www.idx.co.id/StaticData/NewsAndAnnouncement/ANNOUNCEMENTSTOCK/From_EREP/202510/858fcf19ef_1103ba64fb.pdf,Pencabutan Efek Bersifat Ekuitas Dari Pemantauan Khusus [],,,,,,,,,,,
"16 Okt 2025
					15:53:36",https://www.idx.co.id/StaticData/NewsAndAnnouncement/ANNOUNCEMENTSTOCK/From_EREP/202510/e0cc98a6b4_f4c60711de.pdf,Efek Bersifat Ekuitas Dalam Pemantauan Khusus [],,,,,,,,,,,
"16 Okt 2025
					15:54:00",https://www.idx.co.id/StaticData/NewsAndAnnouncement/ANNOUNCEMENTSTOCK/From_EREP/202510/f88324367c_fb95cbea7e.pdf,Pencabutan Efek Bersifat Ekuitas Dari Pemantauan Khusus [],,,,,,,,,,,
"17 Okt 2025
					16:12:00",https://www.idx.co.id/StaticData/NewsAndAnnouncement/ANNOUNCEMENTSTOCK/From_EREP/202510/fab4bb57b4_0aee716389.pdf,Efek Bersifat Ekuitas Dalam Pemantauan Khusus [],,,,,,,,,,,
"17 Okt 2025
					16:12:28",https://www.idx.co.id/StaticData/NewsAndAnnouncement/ANNOUNCEMENTSTOCK/From_EREP/202510/3388975f77_8597708f58.pdf,Pencabutan Efek Bersifat Ekuitas Dari Pemantauan Khusus [],,,,,,,,,,,
"20 Okt 2025
					08:28:29",https://www.idx.co.id/StaticData/NewsAndAnnouncement/ANNOUNCEMENTSTOCK/From_EREP/202510/60567ee98a_dfcdf18f79.pdf,Kode Efek Waran Terstruktur PT KGI Sekuritas Indonesia (HD) [],,https://www.idx.co.id/StaticData/NewsAndAnnouncement/ANNOUNCEMENTSTOCK/From_EREP/202510/d069215f94_624e887eb5.pdf,20251017_Pengumuman Bursa_31968136_lamp1.pdf,,,,,,,,
"20 Okt 2025
					18:15:37",https://www.idx.co.id/StaticData/NewsAndAnnouncement/ANNOUNCEMENTSTOCK/From_EREP/202510/632ed1a064_4b63355e36.pdf,Efek Bersifat Ekuitas Dalam Pemantauan Khusus [],,,,,,,,,,,
"20 Okt 2025
					18:17:39",https://www.idx.co.id/StaticData/NewsAndAnnouncement/ANNOUNCEMENTSTOCK/From_EREP/202510/5d4745116f_e7e4418a15.pdf,Pencabutan Efek Bersifat Ekuitas Dari Pemantauan Khusus [],,,,,,,,,,,
"21 Okt 2025
					16:10:15",https://www.idx.co.id/StaticData/NewsAndAnnouncement/ANNOUNCEMENTSTOCK/From_EREP/202510/17a8c4f18a_f4108a6279.pdf,Pencabutan Efek Bersifat Ekuitas Dari Pemantauan Khusus [],,,,,,,,,,,
"21 Okt 2025
					16:10:39",https://www.idx.co.id/StaticData/NewsAndAnnouncement/ANNOUNCEMENTSTOCK/From_EREP/202510/979449950c_981bc4b6f6.pdf,Efek Bersifat Ekuitas Dalam Pemantauan Khusus [],,,,,,,,,,,
"22 Okt 2025
					09:06:44",https://www.idx.co.id/StaticData/NewsAndAnnouncement/ANNOUNCEMENTSTOCK/From_EREP/202510/264224a0e1_c4e4e97334.pdf,Efek Bersifat Ekuitas Dalam Pemantauan Khusus (KOREKSI) [],,,,,,,,,,,
"22 Okt 2025
					16:34:21",https://www.idx.co.id/StaticData/NewsAndAnnouncement/ANNOUNCEMENTSTOCK/From_EREP/202510/1bd326e87d_dc87939893.pdf,Pencabutan Efek Bersifat Ekuitas Dari Pemantauan Khusus [],,,,,,,,,,,
"23 Okt 2025
					16:31:12",https://www.idx.co.id/StaticData/NewsAndAnnouncement/ANNOUNCEMENTSTOCK/From_EREP/202510/4cae671c7e_0e50900743.pdf,Perubahan Efek Bersifat Ekuitas Dalam Pemantauan Khusus [],,,,,,,,,,,
"24 Okt 2025
					16:16:29",https://www.idx.co.id/StaticData/NewsAndAnnouncement/ANNOUNCEMENTSTOCK/From_EREP/202510/d93b38e28f_ee46677bd6.pdf,Efek Bersifat Ekuitas Dalam Pemantauan Khusus [],,,,,,,,,,,
"24 Okt 2025
					16:17:23",https://www.idx.co.id/StaticData/NewsAndAnnouncement/ANNOUNCEMENTSTOCK/From_EREP/202510/54d495cc0a_6e1b78a211.pdf,Pencabutan Efek Bersifat Ekuitas Dari Pemantauan Khusus [],,,,,,,,,,,
"27 Okt 2025
					13:50:03",https://www.idx.co.id/StaticData/NewsAndAnnouncement/ANNOUNCEMENTSTOCK/From_EREP/202510/b1e9c98c66_bd58f9c741.pdf,Pembukaan Penghentian Sementara Perdagangan Efek [],,https://www.idx.co.id/StaticData/NewsAndAnnouncement/ANNOUNCEMENTSTOCK/From_EREP/202510/742cd4f0fd_0d41e0d7f1.pdf,20251027_Suspensi dan Pembukaan Suspensi_31979789_lamp1.pdf,,,,,,,,
"27 Okt 2025
					16:28:21",https://www.idx.co.id/StaticData/NewsAndAnnouncement/ANNOUNCEMENTSTOCK/From_EREP/202510/91841ddc75_8fb9baf988.pdf,Pencabutan Efek Bersifat Ekuitas Dari Pemantauan Khusus [],,,,,,,,,,,
"28 Okt 2025
					16:39:47",https://www.idx.co.id/StaticData/NewsAndAnnouncement/ANNOUNCEMENTSTOCK/From_EREP/202510/35a189a6c8_de69c922eb.pdf,Kode Efek Waran Terstruktur PT Korea Investment and Sekuritas Indonesia (BQ) [],,https://www.idx.co.id/StaticData/NewsAndAnnouncement/ANNOUNCEMENTSTOCK/From_EREP/202510/4c3c3d824e_7fc2f08bdd.pdf,20251028_Pengumuman Bursa_31980137_lamp1.pdf,,,,,,,,
"28 Okt 2025
					16:40:48",https://www.idx.co.id/StaticData/NewsAndAnnouncement/ANNOUNCEMENTSTOCK/From_EREP/202510/fbd17f7d8a_0a5419b348.pdf,Kode Efek Waran Terstruktur PT Korea Investment and Sekuritas Indonesia (BQ) [],,https://www.idx.co.id/StaticData/NewsAndAnnouncement/ANNOUNCEMENTSTOCK/From_EREP/202510/df152f6b95_d95fc5374d.pdf,20251028_Pengumuman Bursa_31980135_lamp1.pdf,,,,,,,,
"28 Okt 2025
					16:41:11",https://www.idx.co.id/StaticData/NewsAndAnnouncement/ANNOUNCEMENTSTOCK/From_EREP/202510/f5184816af_be3f0367df.pdf,Kode Efek Waran Terstruktur PT KGI Sekuritas Indonesia (HD) [],,https://www.idx.co.id/StaticData/NewsAndAnnouncement/ANNOUNCEMENTSTOCK/From_EREP/202510/a5b51f318d_463f97a0b7.pdf,20251028_Pengumuman Bursa_31980131_lamp1.pdf,,,,,,,,
"28 Okt 2025
					17:12:33",https://www.idx.co.id/StaticData/NewsAndAnnouncement/ANNOUNCEMENTSTOCK/From_EREP/202510/0823286085_678b8f1aae.pdf,Pencabutan Efek Bersifat Ekuitas Dari Pemantauan Khusus [],,,,,,,,,,,
"28 Okt 2025
					17:13:04",https://www.idx.co.id/StaticData/NewsAndAnnouncement/ANNOUNCEMENTSTOCK/From_EREP/202510/1947b16176_676821751e.pdf,Efek Bersifat Ekuitas Dalam Pemantauan Khusus [],,,,,,,,,,,
"29 Okt 2025
					16:29:16",https://www.idx.co.id/StaticData/NewsAndAnnouncement/ANNOUNCEMENTSTOCK/From_EREP/202510/d49a158c39_1d4cb302db.pdf,Pencabutan Efek Bersifat Ekuitas Dari Pemantauan Khusus [],,,,,,,,,,,
"29 Okt 2025
					16:29:32",https://www.idx.co.id/StaticData/NewsAndAnnouncement/ANNOUNCEMENTSTOCK/From_EREP/202510/bb08b2028f_73eda62633.pdf,Efek Bersifat Ekuitas Dalam Pemantauan Khusus [],,,,,,,,,,,
"30 Okt 2025
					09:31:29",https://www.idx.co.id/StaticData/NewsAndAnnouncement/ANNOUNCEMENTSTOCK/From_EREP/202510/0a83959ff0_ca491b9280.pdf,Penghentian Sementara Perdagangan Efek atas Sanksi Penyampaian Laporan Keuangan Interim per 30 Juni 2025  [],,https://www.idx.co.id/StaticData/NewsAndAnnouncement/ANNOUNCEMENTSTOCK/From_EREP/202510/3024f2b21c_e85a6f670b.pdf,20251030_Pengumuman Bursa_31980650_lamp1.pdf,,,,,,,,
"30 Okt 2025
					15:32:16",https://www.idx.co.id/StaticData/NewsAndAnnouncement/ANNOUNCEMENTSTOCK/From_EREP/202510/668920140a_38b6b0e8e8.pdf,Penghentian Sementara Perdagangan Efek [],,https://www.idx.co.id/StaticData/NewsAndAnnouncement/ANNOUNCEMENTSTOCK/From_EREP/202510/fed47be7bc_96225a718f.pdf,20251030_Suspensi dan Pembukaan Suspensi_31980658_lamp1.pdf,,,,,,,,
"30 Okt 2025
					17:32:20",https://www.idx.co.id/StaticData/NewsAndAnnouncement/ANNOUNCEMENTSTOCK/From_EREP/202510/ddd887f34f_ab5d7cc2e1.pdf,Pencabutan Efek Bersifat Ekuitas Dari Pemantauan Khusus [],,,,,,,,,,,
"30 Okt 2025
					17:34:33",https://www.idx.co.id/StaticData/NewsAndAnnouncement/ANNOUNCEMENTSTOCK/From_EREP/202510/daeda4044c_21cebd91ed.pdf,Perubahan Efek Bersifat Ekuitas Dalam Pemantauan Khusus [],,,,,,,,,,,
"30 Okt 2025
					17:35:27",https://www.idx.co.id/StaticData/NewsAndAnnouncement/ANNOUNCEMENTSTOCK/From_EREP/202510/13fb47f3f3_cbad210201.pdf,Efek Bersifat Ekuitas Dalam Pemantauan Khusus [],,,,,,,,,,,
"31 Okt 2025
					12:44:37",https://www.idx.co.id/StaticData/NewsAndAnnouncement/ANNOUNCEMENTSTOCK/From_EREP/202510/5117525881_40d5486304.pdf,Penghentian Sementara Perdagangan Efek atas Sanksi Pemenuhan Saham Free Float per 30 September 2025 [],,https://www.idx.co.id/StaticData/NewsAndAnnouncement/ANNOUNCEMENTSTOCK/From_EREP/202510/8c29d69c5b_37ad2a944b.pdf,20251031_Pengumuman Bursa_31981009_lamp1.pdf,,,,,,,,
"31 Okt 2025
					14:10:24",https://www.idx.co.id/StaticData/NewsAndAnnouncement/ANNOUNCEMENTSTOCK/From_EREP/202510/b47df24a48_0e1c8ce4b9.pdf,Penghentian Sementara Perdagangan Efek [],,https://www.idx.co.id/StaticData/NewsAndAnnouncement/ANNOUNCEMENTSTOCK/From_EREP/202510/4a50b93a3c_1ca52e23f6.pdf,20251031_Suspensi dan Pembukaan Suspensi_31981048_lamp1.pdf,,,,,,,,
"31 Okt 2025
					18:44:12",https://www.idx.co.id/StaticData/NewsAndAnnouncement/ANNOUNCEMENTSTOCK/From_EREP/202510/04055e96ef_a4b83f61b3.pdf,Perubahan Efek Bersifat Ekuitas Dalam Pemantauan Khusus [],,,,,,,,,,,