text-small,attach-card href,f-m-20,f-m-20 2,d-iblock href,d-iblock,d-iblock href 2,d-iblock 2
"04 Jun 2025
					15:59:39",https://www.idx.co.id/StaticData/NewsAndAnnouncement/ANNOUNCEMENTSTOCK/From_EREP/202506/dff9d19f12_e75a52923b.pdf,Laporan Bulanan Registrasi Pemegang Efek [],ACES,https://www.idx.co.id/StaticData/NewsAndAnnouncement/ANNOUNCEMENTSTOCK/From_EREP/202506/d62d636e19_1e4eea04cd.pdf,20250604_ACES_Laporan Bulanan Registrasi Pemegang Efek/Perubahan Struktur Pemegang Saham_31892087_lamp1.pdf,,
"18 Jun 2025
					13:31:01",https://www.idx.co.id/StaticData/NewsAndAnnouncement/ANNOUNCEMENTSTOCK/From_EREP/202506/1d26911350_8e5983f07f.pdf,Ringkasan Risalah Rapat Umum Para Pemegang Saham Tahunan [],ACES,https://www.idx.co.id/StaticData/NewsAndAnnouncement/ANNOUNCEMENTSTOCK/From_EREP/202506/bcccfe1bf6_410ff815c2.pdf,20250618_ACES_Ringkasan Risalah/Risalah RUPS_31896222_lamp2.pdf,https://www.idx.co.id/StaticData/NewsAndAnnouncement/ANNOUNCEMENTSTOCK/From_EREP/202506/d8676f9e46_200a89b612.pdf,20250618_ACES_Ringkasan Risalah/Risalah RUPS_31896222_lamp1.pdf
"18 Jun 2025
					16:02:58",https://www.idx.co.id/StaticData/NewsAndAnnouncement/ANNOUNCEMENTSTOCK/From_EREP/202506/98e704393c_7ad34ef24a.pdf,Keterbukaan Informasi terkait Aksi Korporasi - Dividen Tunai - 18062025 [],ACES,https://www.idx.co.id/StaticData/NewsAndAnnouncement/ANNOUNCEMENTSTOCK/From_EREP/202506/59bf2a16cd_e9f8849731.pdf,20250618_ACES_Keterbukaan Informasi terkait Aksi Korporasi_31896249_lamp1.pdf,,
"18 Jun 2025
					16:03:50",https://www.idx.co.id/StaticData/NewsAndAnnouncement/ANNOUNCEMENTSTOCK/From_EREP/202506/b1ec3cfe52_44a32164bd.pdf,"Siaran Pers: PT Aspirasi Hidup Indonesia Tbk Gelar RUPST Tahun Buku 2024, Umumkan Pembagian Dividen dan Tegaskan Komitmen Keberlanjutan []",ACES,https://www.idx.co.id/StaticData/NewsAndAnnouncement/ANNOUNCEMENTSTOCK/From_EREP/202506/efa501ea88_7c8bde7472.pdf,20250618_ACES_Laporan Informasi dan Fakta Material_31896269_lamp1.pdf,,
"19 Jun 2025
					09:19:56",https://www.idx.co.id/StaticData/NewsAndAnnouncement/ANNOUNCEMENTSTOCK/From_EREP/202506/eb9f0d3c2e_5dfec7622b.pdf,Penyampaian Bukti Iklan Hasil RUPS [],ACES,https://www.idx.co.id/StaticData/NewsAndAnnouncement/ANNOUNCEMENTSTOCK/From_EREP/202506/fdaaf9301f_f6177f3d41.pdf,20250619_ACES_Penyampaian Bukti Iklan_31896486_lamp1.pdf,,
"24 Jun 2025
					13:11:34",https://www.idx.co.id/StaticData/NewsAndAnnouncement/ANNOUNCEMENTSTOCK/From_EREP/202506/ca884c8bd9_8a86a18996.pdf,Perubahan Corporate Secretary [],ACES,https://www.idx.co.id/StaticData/NewsAndAnnouncement/ANNOUNCEMENTSTOCK/From_EREP/202506/d08e7eb98d_02eaebda50.pdf,20250623_ACES_Perubahan Corsec Komite Audit Alamat NPWP Internal Audit_31907798_lamp1.pdf,,
"03 Jun 2025
					23:40:13",https://www.idx.co.id/StaticData/NewsAndAnnouncement/ANNOUNCEMENTSTOCK/From_EREP/202506/27632a17b9_483f599b0c.pdf,Ringkasan Risalah Rapat Umum Para Pemegang Saham Tahunan [],ADMR,https://www.idx.co.id/StaticData/NewsAndAnnouncement/ANNOUNCEMENTSTOCK/From_EREP/202506/346c3d029a_4f1d995654.pdf,20250603_ADMR_Ringkasan Risalah/Risalah RUPS_31891404_lamp1.pdf,https://www.idx.co.id/StaticData/NewsAndAnnouncement/ANNOUNCEMENTSTOCK/From_EREP/202506/67a40836a1_bf8e4852c0.pdf,20250603_ADMR_Ringkasan Risalah/Risalah RUPS_31891404_lamp2.pdf
"03 Jun 2025
					23:42:14",https://www.idx.co.id/StaticData/NewsAndAnnouncement/ANNOUNCEMENTSTOCK/From_EREP/202506/2f59086029_93e46d99e0.pdf,Perubahan dan/atau Tambahan Keterbukaan Informasi terkait Aksi Korporasi - Dividen Tunai - 03062025 [],ADMR,,,,
"04 Jun 2025
					16:22:26",https://www.idx.co.id/StaticData/NewsAndAnnouncement/ANNOUNCEMENTSTOCK/From_EREP/202506/d70b846105_c7dfe8e4d9.pdf,Keterbukaan Informasi terkait Aksi Korporasi - Dividen Tunai - 04062025 [],ADMR,,,,
"04 Jun 2025
					17:29:21",https://www.idx.co.id/StaticData/NewsAndAnnouncement/ANNOUNCEMENTSTOCK/From_EREP/202506/3ee2c59656_948a6b7127.pdf,Ringkasan Risalah Rapat Umum Para Pemegang Saham Tahunan (KOREKSI) [],ADMR,https://www.idx.co.id/StaticData/NewsAndAnnouncement/ANNOUNCEMENTSTOCK/From_EREP/202506/4041fa54c8_db97915f36.pdf,20250604_ADMR_Ringkasan Risalah/Risalah RUPS_31892208_lamp3.pdf,https://www.idx.co.id/StaticData/NewsAndAnnouncement/ANNOUNCEMENTSTOCK/From_EREP/202506/439e6ff9ba_d31c082e47.pdf,20250604_ADMR_Ringkasan Risalah/Risalah RUPS_31892208_lamp1.pdf
"04 Jun 2025
					17:31:58",https://www.idx.co.id/StaticData/NewsAndAnnouncement/ANNOUNCEMENTSTOCK/From_EREP/202506/a45da7bf55_ad6b3b55ac.pdf,Perubahan Nama PT Adaro Minerals Indonesia Tbk [],ADMR,,,,
"05 Jun 2025
					22:11:57",https://www.idx.co.id/StaticData/NewsAndAnnouncement/ANNOUNCEMENTSTOCK/From_EREP/202506/ec5e7e9630_dd18c4c7fa.pdf,Perubahan Corporate Secretary [],ADMR,,,,
"09 Jun 2025
					16:39:00",https://www.idx.co.id/StaticData/NewsAndAnnouncement/ANNOUNCEMENTSTOCK/From_EREP/202506/3e8aa38eab_73a4a2f108.pdf,Laporan Bulanan Registrasi Pemegang Efek [],ADMR,https://www.idx.co.id/StaticData/NewsAndAnnouncement/ANNOUNCEMENTSTOCK/From_EREP/202506/a279f9b9f6_00c4156f9d.pdf,20250605_ADMR_Laporan Bulanan Registrasi Pemegang Efek/Perubahan Struktur Pemegang Saham_31892878_lamp2.pdf,https://www.idx.co.id/StaticData/NewsAndAnnouncement/ANNOUNCEMENTSTOCK/From_EREP/202506/bee4a01720_a34f26439b.pdf,20250605_ADMR_Laporan Bulanan Registrasi Pemegang Efek/Perubahan Struktur Pemegang Saham_31892878_lamp1.pdf
"10 Jun 2025
					16:10:22",https://www.idx.co.id/StaticData/NewsAndAnnouncement/ANNOUNCEMENTSTOCK/From_EREP/202506/6d305fd6d3_48de2bcc36.pdf,Perubahan Nama Emiten [],ADMR,https://www.idx.co.id/StaticData/NewsAndAnnouncement/ANNOUNCEMENTSTOCK/From_EREP/202506/511e54eb61_6e44c64843.pdf,20250610_ADMR_Perubahan Nama / Kode / Sektor dan Sub Sektor_31893534_lamp1.pdf,,
"16 Jun 2025
					19:06:54",https://www.idx.co.id/StaticData/NewsAndAnnouncement/ANNOUNCEMENTSTOCK/From_EREP/202506/0fc4bbc2d9_cc773304af.pdf,Informasi Kurs Konversi Dividen Tunai PT Alamtri Minerals Indonesia Tbk (Perseroan) [],ADMR,https://www.idx.co.id/StaticData/NewsAndAnnouncement/ANNOUNCEMENTSTOCK/From_EREP/202506/3bbdebcd86_415fd37aa8.pdf,20250616_ADMR_Laporan Informasi dan Fakta Material_31895362_lamp2.pdf,https://www.idx.co.id/StaticData/NewsAndAnnouncement/ANNOUNCEMENTSTOCK/From_EREP/202506/58d1c6eb6b_ad9aa9ef2e.pdf,20250616_ADMR_Laporan Informasi dan Fakta Material_31895362_lamp1.pdf
"25 Jun 2025
					21:10:15",https://www.idx.co.id/StaticData/NewsAndAnnouncement/ANNOUNCEMENTSTOCK/From_EREP/202506/56fc8ad707_591b3c7e81.pdf,Transaksi Afiliasi [],ADMR,https://www.idx.co.id/StaticData/NewsAndAnnouncement/ANNOUNCEMENTSTOCK/From_EREP/202506/16fb5e7e38_a900c6d756.pdf,20250625_ADMR_Informasi Transaksi Afiliasi_31908616_lamp1.pdf,https://www.idx.co.id/StaticData/NewsAndAnnouncement/ANNOUNCEMENTSTOCK/From_EREP/202506/1cbb62f4a5_9bb415a6fd.pdf,20250625_ADMR_Informasi Transaksi Afiliasi_31908616_lamp2.pdf
"03 Jun 2025
					23:54:44",https://www.idx.co.id/StaticData/NewsAndAnnouncement/ANNOUNCEMENTSTOCK/From_EREP/202506/7452de3405_d0a7fe0d2d.pdf,Ringkasan Risalah Rapat Umum Para Pemegang Saham Tahunan [],ADRO,,,,
"03 Jun 2025
					23:58:57",https://www.idx.co.id/StaticData/NewsAndAnnouncement/ANNOUNCEMENTSTOCK/From_EREP/202506/be9a96bcbd_e103a17988.pdf,Keterbukaan Informasi terkait Aksi Korporasi - Dividen Tunai - 03062025 [],ADRO,,,,
"04 Jun 2025
					16:31:47",https://www.idx.co.id/StaticData/NewsAndAnnouncement/ANNOUNCEMENTSTOCK/From_EREP/202506/05adc45a72_bfac044ec4.pdf,Ringkasan Risalah Rapat Umum Para Pemegang Saham Tahunan (KOREKSI) [],ADRO,https://www.idx.co.id/StaticData/NewsAndAnnouncement/ANNOUNCEMENTSTOCK/From_EREP/202506/bf934c58ea_8659b26982.pdf,20250604_ADRO_Ringkasan Risalah/Risalah RUPS_31892157_lamp2.pdf,https://www.idx.co.id/StaticData/NewsAndAnnouncement/ANNOUNCEMENTSTOCK/From_EREP/202506/e0da2e1ebf_9fee9341b7.pdf,20250604_ADRO_Ringkasan Risalah/Risalah RUPS_31892157_lamp3.pdf
"05 Jun 2025
					16:21:50",https://www.idx.co.id/StaticData/NewsAndAnnouncement/ANNOUNCEMENTSTOCK/From_EREP/202506/e8aad873d5_9e9dc71308.pdf,Laporan Bulanan Registrasi Pemegang Efek [],ADRO,https://www.idx.co.id/StaticData/NewsAndAnnouncement/ANNOUNCEMENTSTOCK/From_EREP/202506/a147fdfd10_90ae92073b.pdf,20250605_ADRO_Laporan Bulanan Registrasi Pemegang Efek/Perubahan Struktur Pemegang Saham_31892677_lamp1.pdf,https://www.idx.co.id/StaticData/NewsAndAnnouncement/ANNOUNCEMENTSTOCK/From_EREP/202506/a3d6c3c60b_71f366e421.pdf,20250605_ADRO_Laporan Bulanan Registrasi Pemegang Efek/Perubahan Struktur Pemegang Saham_31892677_lamp3.pdf
"05 Jun 2025
					16:23:45",https://www.idx.co.id/StaticData/NewsAndAnnouncement/ANNOUNCEMENTSTOCK/From_EREP/202506/cb3fcebd1c_0a08c62370.pdf,Perubahan Corporate Secretary [],ADRO,,,,
"16 Jun 2025
					16:21:08",https://www.idx.co.id/StaticData/NewsAndAnnouncement/ANNOUNCEMENTSTOCK/From_EREP/202506/5e4bc53e1e_f71a9878b9.pdf,Informasi Kurs Konversi Dividen Tunai Final Tahun Buku 2024 PT Alamtri Resources Indonesia Tbk  (Perseroan) [],ADRO,https://www.idx.co.id/StaticData/NewsAndAnnouncement/ANNOUNCEMENTSTOCK/From_EREP/202506/117d022467_920c21aaee.pdf,20250616_ADRO_Laporan Informasi dan Fakta Material_31895370_lamp2.pdf,https://www.idx.co.id/StaticData/NewsAndAnnouncement/ANNOUNCEMENTSTOCK/From_EREP/202506/7c08b27341_18eb66f0df.pdf,20250616_ADRO_Laporan Informasi dan Fakta Material_31895370_lamp1.pdf
"05 Jun 2025
					19:20:54",https://www.idx.co.id/StaticData/NewsAndAnnouncement/ANNOUNCEMENTSTOCK/From_EREP/202506/d9d7b130dd_e9a61735d9.pdf,Laporan Bulanan Registrasi Pemegang Efek [],AKRA,https://www.idx.co.id/StaticData/NewsAndAnnouncement/ANNOUNCEMENTSTOCK/From_EREP/202506/752ca13834_00a8646a20.pdf,20250605_AKRA_Laporan Bulanan Registrasi Pemegang Efek/Perubahan Struktur Pemegang Saham_31893073_lamp1.pdf,,
"10 Jun 2025
					20:41:19",https://www.idx.co.id/StaticData/NewsAndAnnouncement/ANNOUNCEMENTSTOCK/From_EREP/202506/63f6affc7f_aeb1c8bf04.pdf,Laporan Bulanan Registrasi Pemegang Efek [],AMMN,https://www.idx.co.id/StaticData/NewsAndAnnouncement/ANNOUNCEMENTSTOCK/From_EREP/202506/11457202f9_dc67117f10.pdf,20250610_AMMN_Laporan Bulanan Registrasi Pemegang Efek/Perubahan Struktur Pemegang Saham_31893488_lamp5.pdf,https://www.idx.co.id/StaticData/NewsAndAnnouncement/ANNOUNCEMENTSTOCK/From_EREP/202506/24a6989d4f_24de8735c6.pdf,20250610_AMMN_Laporan Bulanan Registrasi Pemegang Efek/Perubahan Struktur Pemegang Saham_31893488_lamp3.pdf
"15 Jun 2025
					09:19:09",https://www.idx.co.id/StaticData/NewsAndAnnouncement/ANNOUNCEMENTSTOCK/From_EREP/202506/d58cdf019b_8bb9ff4632.pdf,Pengunduran Diri Direktur Utama [],AMMN,https://www.idx.co.id/StaticData/NewsAndAnnouncement/ANNOUNCEMENTSTOCK/From_EREP/202506/c949e34515_e82f31c476.pdf,20250614_AMMN_Laporan Informasi dan Fakta Material_31895227_lamp1.pdf,,
"18 Jun 2025
					13:09:22",https://www.idx.co.id/StaticData/NewsAndAnnouncement/ANNOUNCEMENTSTOCK/From_EREP/202506/0b79adca14_eaa1526629.pdf,Ringkasan Risalah Rapat Umum Para Pemegang Saham Tahunan [],AMMN,https://www.idx.co.id/StaticData/NewsAndAnnouncement/ANNOUNCEMENTSTOCK/From_EREP/202506/c67ef44420_fc92b0fb40.pdf,20250618_AMMN_Ringkasan Risalah/Risalah RUPS_31896207_lamp1.pdf,,
"22 Jun 2025
					21:57:36",https://www.idx.co.id/StaticData/NewsAndAnnouncement/ANNOUNCEMENTSTOCK/From_EREP/202506/7536bc075b_afa2671dbb.pdf,Keterbukaan Informasi Perubahan atas Ketentuan terkait Program Management Stock Option Plan [],AMMN,https://www.idx.co.id/StaticData/NewsAndAnnouncement/ANNOUNCEMENTSTOCK/From_EREP/202506/315ff5a24f_de9e1d2d90.pdf,20250622_AMMN_Laporan Informasi dan Fakta Material_31907391_lamp2.pdf,https://www.idx.co.id/StaticData/NewsAndAnnouncement/ANNOUNCEMENTSTOCK/From_EREP/202506/8cac41ceb6_01cc63bbed.pdf,20250622_AMMN_Laporan Informasi dan Fakta Material_31907391_lamp1.pdf
"23 Jun 2025
					20:32:55",https://www.idx.co.id/StaticData/NewsAndAnnouncement/ANNOUNCEMENTSTOCK/From_EREP/202506/7903e63ff3_e0e21224dd.pdf,Laporan Kepemilikan atau Setiap Perubahan Kepemilikan Saham Perusahaan Terbuka [],AMMN,https://www.idx.co.id/StaticData/NewsAndAnnouncement/ANNOUNCEMENTSTOCK/From_EREP/202506/45c40241f8_9fa29c553c.pdf,20250623_AMMN_Laporan Kepemilikan atau Setiap Perubahan Kepemilikan Saham Perusahaan Terbuka_31907604_lamp1.pdf,,
"05 Jun 2025
					13:00:24",https://www.idx.co.id/StaticData/NewsAndAnnouncement/ANNOUNCEMENTSTOCK/From_EREP/202506/97fac2282f_7baafb1d6b.pdf,Laporan Bulanan Registrasi Pemegang Efek [],AMRT,,,,
"11 Jun 2025
					16:18:59",https://www.idx.co.id/StaticData/NewsAndAnnouncement/ANNOUNCEMENTSTOCK/From_EREP/202506/07c69ec464_b87d3c9e75.pdf,Laporan Kepemilikan Saham [],AMRT,https://www.idx.co.id/StaticData/NewsAndAnnouncement/ANNOUNCEMENTSTOCK/From_EREP/202506/8f37424c5c_725c1da195.pdf,20250611_AMRT_Pengumuman Bursa_31894156_lamp1.pdf,,
"10 Jun 2025
					10:56:54",https://www.idx.co.id/StaticData/NewsAndAnnouncement/ANNOUNCEMENTSTOCK/From_EREP/202506/d676e9f643_fe47cb591f.pdf,Laporan Bulanan Registrasi Pemegang Efek [],ANTM,https://www.idx.co.id/StaticData/NewsAndAnnouncement/ANNOUNCEMENTSTOCK/From_EREP/202506/c9e8161f41_41144aa901.pdf,20250610_ANTM_Laporan Bulanan Registrasi Pemegang Efek/Perubahan Struktur Pemegang Saham_31893501_lamp1.pdf,,
"11 Jun 2025
					18:13:52",https://www.idx.co.id/StaticData/NewsAndAnnouncement/ANNOUNCEMENTSTOCK/From_EREP/202506/2a15b8922b_f7d9ba04d4.pdf,Terlampir [],ANTM,https://www.idx.co.id/StaticData/NewsAndAnnouncement/ANNOUNCEMENTSTOCK/From_EREP/202506/f5bdd19578_0619833ead.pdf,20250611_ANTM_Laporan Informasi dan Fakta Material_31894322_lamp1.pdf,,
"11 Jun 2025
					19:45:36",https://www.idx.co.id/StaticData/NewsAndAnnouncement/ANNOUNCEMENTSTOCK/From_EREP/202506/c401953fe8_0cd8b0c354.pdf,Penjelasan atas Pemberitaan Media Massa [],ANTM,https://www.idx.co.id/StaticData/NewsAndAnnouncement/ANNOUNCEMENTSTOCK/From_EREP/202506/0256d1c1bc_841f62e3b8.pdf,20250611_ANTM_Tanggapan atas Permintaan Penjelasan Bursa_31894341_lamp2.pdf,https://www.idx.co.id/StaticData/NewsAndAnnouncement/ANNOUNCEMENTSTOCK/From_EREP/202506/4c3a45b0cc_40c8bbb576.pdf,20250611_ANTM_Tanggapan atas Permintaan Penjelasan Bursa_31894341_lamp1.pdf
"11 Jun 2025
					20:01:02",https://www.idx.co.id/StaticData/NewsAndAnnouncement/ANNOUNCEMENTSTOCK/From_EREP/202506/af2cfd6536_64dbf43488.pdf,Penjelasan atas Volatilitas Transaksi [],ANTM,https://www.idx.co.id/StaticData/NewsAndAnnouncement/ANNOUNCEMENTSTOCK/From_EREP/202506/11c1e01d3d_a5b0c9802b.pdf,20250611_ANTM_Tanggapan atas Permintaan Penjelasan Bursa_31894342_lamp1.pdf,,
"11 Jun 2025
					22:51:36",https://www.idx.co.id/StaticData/NewsAndAnnouncement/ANNOUNCEMENTSTOCK/From_EREP/202506/2b7855668c_f8dff4f3d2.pdf,Transaksi Material Tanpa Persetujuan RUPS [],ANTM,https://www.idx.co.id/StaticData/NewsAndAnnouncement/ANNOUNCEMENTSTOCK/From_EREP/202506/5fa0d580f8_adc51fc20d.pdf,20250611_ANTM_Transaksi Material Tanpa Persetujuan RUPS_31894364_lamp3.pdf,https://www.idx.co.id/StaticData/NewsAndAnnouncement/ANNOUNCEMENTSTOCK/From_EREP/202506/605d2271a1_fe07e04d31.pdf,20250611_ANTM_Transaksi Material Tanpa Persetujuan RUPS_31894364_lamp2.pdf
"11 Jun 2025
					23:22:06",https://www.idx.co.id/StaticData/NewsAndAnnouncement/ANNOUNCEMENTSTOCK/From_EREP/202506/627a742899_63df9ac517.pdf,Transaksi Material Tanpa Persetujuan RUPS [],ANTM,https://www.idx.co.id/StaticData/NewsAndAnnouncement/ANNOUNCEMENTSTOCK/From_EREP/202506/57a1e4a022_07e197fafa.pdf,20250611_ANTM_Transaksi Material Tanpa Persetujuan RUPS_31894367_lamp3.pdf,https://www.idx.co.id/StaticData/NewsAndAnnouncement/ANNOUNCEMENTSTOCK/From_EREP/202506/798f373c6d_a771a573a3.pdf,20250611_ANTM_Transaksi Material Tanpa Persetujuan RUPS_31894367_lamp2.pdf
"11 Jun 2025
					23:57:02",https://www.idx.co.id/StaticData/NewsAndAnnouncement/ANNOUNCEMENTSTOCK/From_EREP/202506/a88cacf197_08fcd39de0.pdf,ANTAM Salurkan 167 Hewan Kurban untuk Masyarakat di Sekitar Wilayah Operasi [],ANTM,https://www.idx.co.id/StaticData/NewsAndAnnouncement/ANNOUNCEMENTSTOCK/From_EREP/202506/119f040dbf_f537679916.pdf,20250611_ANTM_Laporan Informasi dan Fakta Material_31894372_lamp2.pdf,https://www.idx.co.id/StaticData/NewsAndAnnouncement/ANNOUNCEMENTSTOCK/From_EREP/202506/b0f89a57ca_2c9d31ee43.pdf,20250611_ANTM_Laporan Informasi dan Fakta Material_31894372_lamp1.pdf
"12 Jun 2025
					19:17:16",https://www.idx.co.id/StaticData/NewsAndAnnouncement/ANNOUNCEMENTSTOCK/From_EREP/202506/0097892d4c_f7ed3f809a.pdf,"Catatkan Kinerja Positif Pada Tahun 2024,  ANTAM Kembali Bagikan Dividen 100% []",ANTM,https://www.idx.co.id/StaticData/NewsAndAnnouncement/ANNOUNCEMENTSTOCK/From_EREP/202506/81a893616a_e3cbb0336e.pdf,20250612_ANTM_Laporan Informasi dan Fakta Material_31894757_lamp2.pdf,https://www.idx.co.id/StaticData/NewsAndAnnouncement/ANNOUNCEMENTSTOCK/From_EREP/202506/8cc83b86d5_2042203ba7.pdf,20250612_ANTM_Laporan Informasi dan Fakta Material_31894757_lamp1.pdf
"13 Jun 2025
					21:32:02",https://www.idx.co.id/StaticData/NewsAndAnnouncement/ANNOUNCEMENTSTOCK/From_EREP/202506/5966d18e32_738cc203fb.pdf,Ringkasan Risalah Rapat Umum Para Pemegang Saham Tahunan [],ANTM,https://www.idx.co.id/StaticData/NewsAndAnnouncement/ANNOUNCEMENTSTOCK/From_EREP/202506/10fbe21e74_144c704b2e.pdf,20250613_ANTM_Ringkasan Risalah/Risalah RUPS_31895189_lamp3.pdf,https://www.idx.co.id/StaticData/NewsAndAnnouncement/ANNOUNCEMENTSTOCK/From_EREP/202506/c64bd8b76a_efd8dee524.pdf,20250613_ANTM_Ringkasan Risalah/Risalah RUPS_31895189_lamp2.pdf
"16 Jun 2025
					17:36:34",https://www.idx.co.id/StaticData/NewsAndAnnouncement/ANNOUNCEMENTSTOCK/From_EREP/202506/5762ed6f32_859d0379ef.pdf,Penyampaian Bukti Iklan Hasil RUPS [],ANTM,https://www.idx.co.id/StaticData/NewsAndAnnouncement/ANNOUNCEMENTSTOCK/From_EREP/202506/09c771bc38_fed2a42af7.pdf,20250616_ANTM_Penyampaian Bukti Iklan_31895551_lamp2.pdf,https://www.idx.co.id/StaticData/NewsAndAnnouncement/ANNOUNCEMENTSTOCK/From_EREP/202506/1bdfec74e2_5be31a8a6a.pdf,20250616_ANTM_Penyampaian Bukti Iklan_31895551_lamp3.pdf
"16 Jun 2025
					18:32:51",https://www.idx.co.id/StaticData/NewsAndAnnouncement/ANNOUNCEMENTSTOCK/From_EREP/202506/609255837d_62b76b01da.pdf,Keterbukaan Informasi terkait Aksi Korporasi - Dividen Tunai - 16062025 [],ANTM,https://www.idx.co.id/StaticData/NewsAndAnnouncement/ANNOUNCEMENTSTOCK/From_EREP/202506/68a3fb97b6_6f4037e002.pdf,20250616_ANTM_Keterbukaan Informasi terkait Aksi Korporasi_31895579_lamp1.pdf,https://www.idx.co.id/StaticData/NewsAndAnnouncement/ANNOUNCEMENTSTOCK/From_EREP/202506/6ad934726d_b8350d14a0.pdf,20250616_ANTM_Keterbukaan Informasi terkait Aksi Korporasi_31895579_lamp2.pdf
"18 Jun 2025
					17:02:11",https://www.idx.co.id/StaticData/NewsAndAnnouncement/ANNOUNCEMENTSTOCK/From_EREP/202506/b13a5131bb_4bef7c31b3.pdf,Perubahan Komite Audit [],ANTM,https://www.idx.co.id/StaticData/NewsAndAnnouncement/ANNOUNCEMENTSTOCK/From_EREP/202506/0500fc1a83_38139f67a7.pdf,20250618_ANTM_Perubahan Corsec Komite Audit Alamat NPWP Internal Audit_31896375_lamp1.pdf,,
"23 Jun 2025
					18:10:07",https://www.idx.co.id/StaticData/NewsAndAnnouncement/ANNOUNCEMENTSTOCK/From_EREP/202506/2b99040163_352b0cf668.pdf,Laporan Kepemilikan atau Setiap Perubahan Kepemilikan Saham Perusahaan Terbuka [],ANTM,https://www.idx.co.id/StaticData/NewsAndAnnouncement/ANNOUNCEMENTSTOCK/From_EREP/202506/33363ad859_3f90709d21.pdf,20250623_ANTM_Laporan Kepemilikan atau Setiap Perubahan Kepemilikan Saham Perusahaan Terbuka_31907797_lamp1.pdf,https://www.idx.co.id/StaticData/NewsAndAnnouncement/ANNOUNCEMENTSTOCK/From_EREP/202506/9bfebbd698_e5a1f87e13.pdf,20250623_ANTM_Laporan Kepemilikan atau Setiap Perubahan Kepemilikan Saham Perusahaan Terbuka_31907797_lamp2.pdf
"04 Jun 2025
					19:20:48",https://www.idx.co.id/StaticData/NewsAndAnnouncement/ANNOUNCEMENTSTOCK/From_EREP/202506/5f7d0b7c87_c4029a3cde.pdf,Penyampaian Berita Acara Rapat Umum Pemegang saham Tahunan [],ARTO,https://www.idx.co.id/StaticData/NewsAndAnnouncement/ANNOUNCEMENTSTOCK/From_EREP/202506/1aa2734a90_3d22da34de.pdf,20250604_ARTO_Laporan Informasi dan Fakta Material_31892085_lamp2.pdf,https://www.idx.co.id/StaticData/NewsAndAnnouncement/ANNOUNCEMENTSTOCK/From_EREP/202506/e28a092418_0d267750cd.pdf,20250604_ARTO_Laporan Informasi dan Fakta Material_31892085_lamp1.pdf
"05 Jun 2025
					15:43:52",https://www.idx.co.id/StaticData/NewsAndAnnouncement/ANNOUNCEMENTSTOCK/From_EREP/202506/fb88dd60b7_050f6ff1a6.pdf,Pencatatan Efek Bersifat Ekuitas dan Pra Pencatatan Saham [],ARTO,,,,
"10 Jun 2025
					14:18:33",https://www.idx.co.id/StaticData/NewsAndAnnouncement/ANNOUNCEMENTSTOCK/From_EREP/202506/571f38b4cc_17380ed697.pdf,Laporan Bulanan Registrasi Pemegang Efek [],ARTO,https://www.idx.co.id/StaticData/NewsAndAnnouncement/ANNOUNCEMENTSTOCK/From_EREP/202506/ca52c9b976_d6234af3d8.pdf,20250610_ARTO_Laporan Bulanan Registrasi Pemegang Efek/Perubahan Struktur Pemegang Saham_31893458_lamp2.pdf,https://www.idx.co.id/StaticData/NewsAndAnnouncement/ANNOUNCEMENTSTOCK/From_EREP/202506/cdc47f54db_cc2625f76d.pdf,20250610_ARTO_Laporan Bulanan Registrasi Pemegang Efek/Perubahan Struktur Pemegang Saham_31893458_lamp1.pdf
"13 Jun 2025
					17:30:53",https://www.idx.co.id/StaticData/NewsAndAnnouncement/ANNOUNCEMENTSTOCK/From_EREP/202506/3b923073e2_a868ba72e0.pdf,Informasi atau Fakta Material lainnya. [],ARTO,https://www.idx.co.id/StaticData/NewsAndAnnouncement/ANNOUNCEMENTSTOCK/From_EREP/202506/9e2bed2c67_02735701f2.pdf,20250613_ARTO_Laporan Informasi dan Fakta Material_31894932_lamp1.pdf,https://www.idx.co.id/StaticData/NewsAndAnnouncement/ANNOUNCEMENTSTOCK/From_EREP/202506/f32b14eeff_028a69a6ad.pdf,20250613_ARTO_Laporan Informasi dan Fakta Material_31894932_lamp2.pdf
"05 Jun 2025
					17:42:51",https://www.idx.co.id/StaticData/NewsAndAnnouncement/ANNOUNCEMENTSTOCK/From_EREP/202506/61bbb3304d_7f8039a78c.pdf,Laporan Bulanan Registrasi Pemegang Efek [],ASII,https://www.idx.co.id/StaticData/NewsAndAnnouncement/ANNOUNCEMENTSTOCK/From_EREP/202506/d73dea1ac5_03b6caf4af.pdf,20250604_ASII_Laporan Bulanan Registrasi Pemegang Efek/Perubahan Struktur Pemegang Saham_31891994_lamp1.pdf,,
"30 Jun 2025
					17:02:47",https://www.idx.co.id/StaticData/NewsAndAnnouncement/ANNOUNCEMENTSTOCK/From_EREP/202506/0958b4ed94_a4486c18bd.pdf,Transaksi Afiliasi [],ASII,https://www.idx.co.id/StaticData/NewsAndAnnouncement/ANNOUNCEMENTSTOCK/From_EREP/202506/0f04783679_a7fbb87ca0.pdf,20250630_ASII_Informasi Transaksi Afiliasi_31909681_lamp1.pdf,https://www.idx.co.id/StaticData/NewsAndAnnouncement/ANNOUNCEMENTSTOCK/From_EREP/202506/25afb2f44e_b7e1f0c99f.pdf,20250630_ASII_Informasi Transaksi Afiliasi_31909681_lamp2.pdf
"02 Jun 2025
					12:46:08",https://www.idx.co.id/StaticData/NewsAndAnnouncement/ANNOUNCEMENTSTOCK/From_EREP/202506/6e291a1ef0_43acfe9392.pdf,Perubahan Pengurus [],BBCA,https://www.idx.co.id/StaticData/NewsAndAnnouncement/ANNOUNCEMENTSTOCK/From_EREP/202506/e8d3305cd0_b4424480dc.pdf,20250602_BBCA_Perubahan Pengurus_31890625_lamp1.pdf,https://www.idx.co.id/StaticData/NewsAndAnnouncement/ANNOUNCEMENTSTOCK/From_EREP/202506/ece6127152_287d68e423.pdf,20250602_BBCA_Perubahan Pengurus_31890625_lamp2.pdf
"03 Jun 2025
					17:25:12",https://www.idx.co.id/StaticData/NewsAndAnnouncement/ANNOUNCEMENTSTOCK/From_EREP/202506/d1b9e54936_963c4583b5.pdf,Laporan Bulanan Registrasi Pemegang Efek [],BBCA,,,,
"04 Jun 2025
					17:45:10",https://www.idx.co.id/StaticData/NewsAndAnnouncement/ANNOUNCEMENTSTOCK/From_EREP/202506/e4da781fe1_ec4336d06c.pdf,Penyampaian Kesiapan Dana Pelunasan Obligasi Subordinasi Berkelanjutan I PT Bank Central Asia Tbk Tahap I Tahun 2018 Seri A [],BBCA,https://www.idx.co.id/StaticData/NewsAndAnnouncement/ANNOUNCEMENTSTOCK/From_EREP/202506/c4394f8df5_090070ab71.pdf,20250604_BBCA_Laporan Informasi dan Fakta Material_31892190_lamp1.pdf,,
"05 Jun 2025
					15:08:05",https://www.idx.co.id/StaticData/NewsAndAnnouncement/ANNOUNCEMENTSTOCK/From_EREP/202506/85e42eab9a_3ac1916ea7.pdf,Informasi Pelunasan Efek [],BBCA,https://www.idx.co.id/StaticData/NewsAndAnnouncement/ANNOUNCEMENTSTOCK/From_EREP/202506/1c785e32e7_43d0d3f484.pdf,20250605_BBCA_Pembayaran Kupon/Bagi Hasil/Ijarah/Pokok_31892391_lamp1.pdf,,
"30 Jun 2025
					16:17:39",https://www.idx.co.id/StaticData/NewsAndAnnouncement/ANNOUNCEMENTSTOCK/From_EREP/202506/0e93686c5d_49a7b3c61f.pdf,Transaksi Afiliasi [],BBCA,https://www.idx.co.id/StaticData/NewsAndAnnouncement/ANNOUNCEMENTSTOCK/From_EREP/202506/16fbcdc9b6_3d52b32a28.pdf,20250630_BBCA_Informasi Transaksi Afiliasi_31909678_lamp4.pdf,https://www.idx.co.id/StaticData/NewsAndAnnouncement/ANNOUNCEMENTSTOCK/From_EREP/202506/c144766ad1_9670509d01.pdf,20250630_BBCA_Informasi Transaksi Afiliasi_31909678_lamp3.pdf
"10 Jun 2025
					18:16:12",https://www.idx.co.id/StaticData/NewsAndAnnouncement/ANNOUNCEMENTSTOCK/From_EREP/202506/756c5858e8_8e1e5eb88a.pdf,Laporan Bulanan Registrasi Pemegang Efek [],BBNI,https://www.idx.co.id/StaticData/NewsAndAnnouncement/ANNOUNCEMENTSTOCK/From_EREP/202506/d625afa45e_794897a4f4.pdf,20250610_BBNI_Laporan Bulanan Registrasi Pemegang Efek/Perubahan Struktur Pemegang Saham_31893380_lamp1.pdf,,
"12 Jun 2025
					19:04:13",https://www.idx.co.id/StaticData/NewsAndAnnouncement/ANNOUNCEMENTSTOCK/From_EREP/202506/75ce0c4ddf_b33daaa9cb.pdf,Penyampaian Bukti Iklan Prospektus Ringkas dalam rangka Penawaran Umum Obligasi Berlandaskan Keberlanjutan (Sustainability Bond) Berkelanjutan I Bank BNI Tahap I Tahun 2025 [],BBNI,https://www.idx.co.id/StaticData/NewsAndAnnouncement/ANNOUNCEMENTSTOCK/From_EREP/202506/f82858996f_65a2d4bedf.pdf,20250612_BBNI_Penyampaian Bukti Iklan_31894620_lamp1.pdf,,
"20 Jun 2025
					15:15:09",https://www.idx.co.id/StaticData/NewsAndAnnouncement/ANNOUNCEMENTSTOCK/From_EREP/202506/0751521575_43acd38e52.pdf,Jatuh Tempo Obligasi / Sukuk Korporasi [],BBNI,,,,
"20 Jun 2025
					19:20:11",https://www.idx.co.id/StaticData/NewsAndAnnouncement/ANNOUNCEMENTSTOCK/From_EREP/202506/25f7ff1ce5_efd4e7ed07.pdf,Pelunasan/Pembayaran Pokok dan Kupon Bunga atas Obligasi Berwawasan Lingkungan (Green Bond) I Seri A Tahun 2022 BNI [],BBNI,https://www.idx.co.id/StaticData/NewsAndAnnouncement/ANNOUNCEMENTSTOCK/From_EREP/202506/d1a6666d68_71f5845528.pdf,20250620_BBNI_Laporan Informasi dan Fakta Material_31897336_lamp1.pdf,,
"26 Jun 2025
					22:23:13",https://www.idx.co.id/StaticData/NewsAndAnnouncement/ANNOUNCEMENTSTOCK/From_EREP/202506/8b85a91cc4_b95e7b85ed.pdf,Penyampaian Bukti Iklan Penyampaian Perubahan dan/atau Informasi Tambahan Atas Prospektus Ringkas dalam rangka Penawaran Umum Berkelanjutan Obligasi Berlandaskan Keberlanjutan (Sustainability Bond) Berkelanjutan I Bank BNI Tahap I Tahun 2025 [],BBNI,https://www.idx.co.id/StaticData/NewsAndAnnouncement/ANNOUNCEMENTSTOCK/From_EREP/202506/e1d4fdc4d6_7a66e063e9.pdf,20250626_BBNI_Penyampaian Bukti Iklan_31909229_lamp1.pdf,,
"10 Jun 2025
					18:17:46",https://www.idx.co.id/StaticData/NewsAndAnnouncement/ANNOUNCEMENTSTOCK/From_EREP/202506/aede9ae814_c903e9e9f5.pdf,Perubahan Struktur Pemegang Saham [],BBRI,https://www.idx.co.id/StaticData/NewsAndAnnouncement/ANNOUNCEMENTSTOCK/From_EREP/202506/26d733be11_ddec9f3283.pdf,20250610_BBRI_Laporan Bulanan Registrasi Pemegang Efek/Perubahan Struktur Pemegang Saham_31893786_lamp2.pdf,https://www.idx.co.id/StaticData/NewsAndAnnouncement/ANNOUNCEMENTSTOCK/From_EREP/202506/e5bddf576c_20db1e471e.pdf,20250610_BBRI_Laporan Bulanan Registrasi Pemegang Efek/Perubahan Struktur Pemegang Saham_31893786_lamp1.pdf
"11 Jun 2025
					16:08:17",https://www.idx.co.id/StaticData/NewsAndAnnouncement/ANNOUNCEMENTSTOCK/From_EREP/202506/2031813560_dc98c0e799.pdf,Penyampaian Bukti Iklan Penawaran Umum Berkelanjutan Obligasi Berwawasan Sosial Berkelanjutan I Bank BRI Tahap I Tahun 2025 [],BBRI,https://www.idx.co.id/StaticData/NewsAndAnnouncement/ANNOUNCEMENTSTOCK/From_EREP/202506/9345571161_238246f5e6.pdf,20250611_BBRI_Penyampaian Bukti Iklan_31894163_lamp2.pdf,https://www.idx.co.id/StaticData/NewsAndAnnouncement/ANNOUNCEMENTSTOCK/From_EREP/202506/a7f72639f1_2f2ea6546b.pdf,20250611_BBRI_Penyampaian Bukti Iklan_31894163_lamp1.pdf
"25 Jun 2025
					13:25:48",https://www.idx.co.id/StaticData/NewsAndAnnouncement/ANNOUNCEMENTSTOCK/From_EREP/202506/c03597a0fc_a8fb72b80e.pdf,Penyampaian Bukti Iklan Informasi Tambahan dan/atau Perbaikan atas Prospektus Ringkas Penawaran Umum Berkelanjutan Obligasi Berwawasan Sosial Berkelanjutan I Bank BRI Tahap I Tahun 2025 [],BBRI,https://www.idx.co.id/StaticData/NewsAndAnnouncement/ANNOUNCEMENTSTOCK/From_EREP/202506/a5398d6c0d_0cd31bdb77.pdf,20250625_BBRI_Penyampaian Bukti Iklan_31908403_lamp1.pdf,https://www.idx.co.id/StaticData/NewsAndAnnouncement/ANNOUNCEMENTSTOCK/From_EREP/202506/b1186556a2_ad469705c9.pdf,20250625_BBRI_Penyampaian Bukti Iklan_31908403_lamp2.pdf
"26 Jun 2025
					21:51:33",https://www.idx.co.id/StaticData/NewsAndAnnouncement/ANNOUNCEMENTSTOCK/From_EREP/202506/233f3e5056_dec10530c0.pdf,Pengumuman Bursa Pencatatan Awal Obligasi dan Sukuk [],BBRI,https://www.idx.co.id/StaticData/NewsAndAnnouncement/ANNOUNCEMENTSTOCK/From_EREP/202506/bd785c4f0d_4922fb8b13.pdf,20250626_BBRI_Pengumuman Pencatatan Awal Obligasi dan Sukuk_31909142_lamp1.pdf,,
"30 Jun 2025
					16:09:42",https://www.idx.co.id/StaticData/NewsAndAnnouncement/ANNOUNCEMENTSTOCK/From_EREP/202506/f264429562_cbe2a56646.pdf,Laporan Kesiapan Dana Pelunasan Pokok Obligasi Berwawasan Lingkungan Berkelanjutan I Bank BRI Tahap I Tahun 2022 Seri B [],BBRI,https://www.idx.co.id/StaticData/NewsAndAnnouncement/ANNOUNCEMENTSTOCK/From_EREP/202506/ad7596da59_a3381ca87a.pdf,20250630_BBRI_Laporan Informasi dan Fakta Material_31909604_lamp1.pdf,,
"10 Jun 2025
					09:57:43",https://www.idx.co.id/StaticData/NewsAndAnnouncement/ANNOUNCEMENTSTOCK/From_EREP/202506/eb6dc4ac54_ff1014d734.pdf,Penyelesaian Pengambilalihan PT Bank Victoria Syariah (BVIS) oleh Perseroan [],BBTN,https://www.idx.co.id/StaticData/NewsAndAnnouncement/ANNOUNCEMENTSTOCK/From_EREP/202506/eb5818c072_be4c0a16f4.pdf,20250610_BBTN_Laporan Informasi dan Fakta Material_31893394_lamp1.pdf,,
"10 Jun 2025
					20:32:49",https://www.idx.co.id/StaticData/NewsAndAnnouncement/ANNOUNCEMENTSTOCK/From_EREP/202506/580c9d042d_a0b2674be5.pdf,Laporan Kepemilikan atau Setiap Perubahan Kepemilikan Saham Perusahaan Terbuka [],BBTN,https://www.idx.co.id/StaticData/NewsAndAnnouncement/ANNOUNCEMENTSTOCK/From_EREP/202506/a3d8454af2_a9681fec84.pdf,20250610_BBTN_Laporan Kepemilikan atau Setiap Perubahan Kepemilikan Saham Perusahaan Terbuka_31893924_lamp1.pdf,,
"10 Jun 2025
					20:40:45",https://www.idx.co.id/StaticData/NewsAndAnnouncement/ANNOUNCEMENTSTOCK/From_EREP/202506/36977467bf_bc957f0625.pdf,Laporan Bulanan Registrasi Pemegang Efek [],BBTN,https://www.idx.co.id/StaticData/NewsAndAnnouncement/ANNOUNCEMENTSTOCK/From_EREP/202506/ec7c051e3d_db559bd064.pdf,20250604_BBTN_Laporan Bulanan Registrasi Pemegang Efek/Perubahan Struktur Pemegang Saham_31891702_lamp1.pdf,,
"11 Jun 2025
					15:18:46",https://www.idx.co.id/StaticData/NewsAndAnnouncement/ANNOUNCEMENTSTOCK/From_EREP/202506/868651bd4b_b39ed57736.pdf,Penyampaian Bukti Iklan Pengumuman Pengambilalihan PT Bank Tabungan Negara (Persero) Tbk [],BBTN,https://www.idx.co.id/StaticData/NewsAndAnnouncement/ANNOUNCEMENTSTOCK/From_EREP/202506/978e6f5e0d_9931dcd10e.pdf,20250611_BBTN_Penyampaian Bukti Iklan_31894008_lamp2.pdf,https://www.idx.co.id/StaticData/NewsAndAnnouncement/ANNOUNCEMENTSTOCK/From_EREP/202506/da74c635cd_2802a67c95.pdf,20250611_BBTN_Penyampaian Bukti Iklan_31894008_lamp1.pdf
"12 Jun 2025
					19:41:27",https://www.idx.co.id/StaticData/NewsAndAnnouncement/ANNOUNCEMENTSTOCK/From_EREP/202506/867602c654_f746b9e620.pdf,Penjelasan atas Permintaan Penjelasan Bursa [],BBTN,https://www.idx.co.id/StaticData/NewsAndAnnouncement/ANNOUNCEMENTSTOCK/From_EREP/202506/6bfabc9c02_09eeb9bcd4.pdf,20250612_BBTN_Tanggapan atas Permintaan Penjelasan Bursa_31894674_lamp1.pdf,,
"26 Jun 2025
					19:33:09",https://www.idx.co.id/StaticData/NewsAndAnnouncement/ANNOUNCEMENTSTOCK/From_EREP/202506/8033bafc4d_0888596693.pdf,Rencana Penyampaian Laporan Keuangan Kuartal II 2025 Diaudit [],BBTN,https://www.idx.co.id/StaticData/NewsAndAnnouncement/ANNOUNCEMENTSTOCK/From_EREP/202506/0045b329a6_0b8645c9e9.pdf,20250626_BBTN_Rencana Penyampaian Laporan Keuangan_31909224_lamp1.pdf,,
"02 Jun 2025
					20:08:34",https://www.idx.co.id/StaticData/NewsAndAnnouncement/ANNOUNCEMENTSTOCK/From_EREP/202506/bb23899869_d085dba398.pdf,Perubahan Alamat/Nomor Telepon/Fax/E-Mail/Website/NPWP/NPKP [],BMRI,https://www.idx.co.id/StaticData/NewsAndAnnouncement/ANNOUNCEMENTSTOCK/From_EREP/202506/1e67a82378_5ea74b9f57.pdf,20250602_BMRI_Perubahan Corsec Komite Audit Alamat NPWP Internal Audit_31890778_lamp1.pdf,,
"10 Jun 2025
					17:53:14",https://www.idx.co.id/StaticData/NewsAndAnnouncement/ANNOUNCEMENTSTOCK/From_EREP/202506/bbe6b4b52b_c5ddf7144a.pdf,Laporan Bulanan Registrasi Pemegang Efek [],BMRI,https://www.idx.co.id/StaticData/NewsAndAnnouncement/ANNOUNCEMENTSTOCK/From_EREP/202506/07cbc8f753_edba9f6043.pdf,20250610_BMRI_Laporan Bulanan Registrasi Pemegang Efek/Perubahan Struktur Pemegang Saham_31893524_lamp1.pdf,https://www.idx.co.id/StaticData/NewsAndAnnouncement/ANNOUNCEMENTSTOCK/From_EREP/202506/2d67b5cfc1_815add869d.pdf,20250610_BMRI_Laporan Bulanan Registrasi Pemegang Efek/Perubahan Struktur Pemegang Saham_31893524_lamp4.pdf
"26 Jun 2025
					09:40:34",https://www.idx.co.id/StaticData/NewsAndAnnouncement/ANNOUNCEMENTSTOCK/From_EREP/202506/b591a96d09_22a29ec8b6.pdf,Rencana Penyampaian Laporan Keuangan Kuartal II 2025 Diaudit [],BMRI,https://www.idx.co.id/StaticData/NewsAndAnnouncement/ANNOUNCEMENTSTOCK/From_EREP/202506/f558932d77_ad5e965686.pdf,20250626_BMRI_Rencana Penyampaian Laporan Keuangan_31908866_lamp1.pdf,,
"30 Jun 2025
					18:45:16",https://www.idx.co.id/StaticData/NewsAndAnnouncement/ANNOUNCEMENTSTOCK/From_EREP/202506/fd71b2a3e2_e1687074f7.pdf,Pemberitahuan Rencana Rapat Umum Pemegang Saham Luar Biasa [],BMRI,https://www.idx.co.id/StaticData/NewsAndAnnouncement/ANNOUNCEMENTSTOCK/From_EREP/202506/0086ac027c_66b7e8e314.pdf,20250630_BMRI_Pengumuman RUPS_31909826_lamp1.pdf,https://www.idx.co.id/StaticData/NewsAndAnnouncement/ANNOUNCEMENTSTOCK/From_EREP/202506/830ec3e011_368461eb82.pdf,20250630_BMRI_Pengumuman RUPS_31909826_lamp2.pdf
"03 Jun 2025
					16:52:45",https://www.idx.co.id/StaticData/NewsAndAnnouncement/ANNOUNCEMENTSTOCK/From_EREP/202506/6573027101_2ebe541573.pdf,Penyampaian Bukti Iklan Informasi Tambahan Ringkas Penawaran Umum Berkelanjutan Sukuk Mudharabah Berlandaskan Keberlanjutan Berkelanjutan I Bank BSI Tahap 2 Tahun 2025 [],BRIS,https://www.idx.co.id/StaticData/NewsAndAnnouncement/ANNOUNCEMENTSTOCK/From_EREP/202506/8a0a12c564_2d4cc63c2f.pdf,20250603_BRIS_Penyampaian Bukti Iklan_31891114_lamp1.pdf,,
"10 Jun 2025
					18:55:26",https://www.idx.co.id/StaticData/NewsAndAnnouncement/ANNOUNCEMENTSTOCK/From_EREP/202506/850de51e06_6672338fe9.pdf,Laporan Bulanan Registrasi Pemegang Efek [],BRIS,https://www.idx.co.id/StaticData/NewsAndAnnouncement/ANNOUNCEMENTSTOCK/From_EREP/202506/3ae87c5d92_4926c69cfe.pdf,20250605_BRIS_Laporan Bulanan Registrasi Pemegang Efek/Perubahan Struktur Pemegang Saham_31892836_lamp1.pdf,,
"18 Jun 2025
					13:53:26",https://www.idx.co.id/StaticData/NewsAndAnnouncement/ANNOUNCEMENTSTOCK/From_EREP/202506/b8f7dc2ff1_072b44d4ed.pdf,Penyampaian Prospektus [],BRIS,https://www.idx.co.id/StaticData/NewsAndAnnouncement/ANNOUNCEMENTSTOCK/From_EREP/202506/5ca169c362_d8ce3d357b.pdf,20250618_BRIS_Penyampaian Prospektus/Informasi Tambahan_31896250_lamp1.pdf,https://www.idx.co.id/StaticData/NewsAndAnnouncement/ANNOUNCEMENTSTOCK/From_EREP/202506/e3421e0109_0f54f5ae4e.pdf,20250618_BRIS_Penyampaian Prospektus/Informasi Tambahan_31896250_lamp2.pdf
"18 Jun 2025
					17:43:23",https://www.idx.co.id/StaticData/NewsAndAnnouncement/ANNOUNCEMENTSTOCK/From_EREP/202506/a2980ac5a0_91d92320da.pdf,Penyampaian Bukti Iklan Bukti Iklan Perubahan dan/atau Tambahan Informasi atas Informasi Tambahan Ringkas Penawaran Umum Berkelanjutan Sukuk Mudharabah Berlandaskan Keberlanjutan Berkelanjutan I Tahap II Tahun 2025 [],BRIS,https://www.idx.co.id/StaticData/NewsAndAnnouncement/ANNOUNCEMENTSTOCK/From_EREP/202506/d277dfe437_6419db2566.pdf,20250618_BRIS_Penyampaian Bukti Iklan_31896310_lamp1.pdf,,
"20 Jun 2025
					09:29:43",https://www.idx.co.id/StaticData/NewsAndAnnouncement/ANNOUNCEMENTSTOCK/From_EREP/202506/0142c72f50_4a6dd46274.pdf,Perubahan Komite Nominasi dan Remunerasi Emiten atau Perusahaan Publik [],BRIS,https://www.idx.co.id/StaticData/NewsAndAnnouncement/ANNOUNCEMENTSTOCK/From_EREP/202506/42d42ed64f_0fa17e690c.pdf,20250620_BRIS_Perubahan Corsec Komite Audit Alamat NPWP Internal Audit_31896947_lamp1.pdf,,
"20 Jun 2025
					09:31:03",https://www.idx.co.id/StaticData/NewsAndAnnouncement/ANNOUNCEMENTSTOCK/From_EREP/202506/009d4bb197_248d28ef14.pdf,Perubahan Komite Audit [],BRIS,https://www.idx.co.id/StaticData/NewsAndAnnouncement/ANNOUNCEMENTSTOCK/From_EREP/202506/a3d9565f3d_3b553a557a.pdf,20250620_BRIS_Perubahan Corsec Komite Audit Alamat NPWP Internal Audit_31896944_lamp1.pdf,,
"23 Jun 2025
					17:00:56",https://www.idx.co.id/StaticData/NewsAndAnnouncement/ANNOUNCEMENTSTOCK/From_EREP/202506/b2950a5bba_6f30e56134.pdf,Jatuh Tempo Obligasi / Sukuk Korporasi [],BRIS,https://www.idx.co.id/StaticData/NewsAndAnnouncement/ANNOUNCEMENTSTOCK/From_EREP/202506/b7868259fa_fb853341c9.pdf,20250623_BRIS_Pengumuman Jatuh Tempo Obligasi dan Sukuk_31907538_lamp1.pdf,,
"24 Jun 2025
					19:12:56",https://www.idx.co.id/StaticData/NewsAndAnnouncement/ANNOUNCEMENTSTOCK/From_EREP/202506/7f33bb9915_927c07f11a.pdf,Pelunasan/Pembayaran Pokok Sukuk Mudharabah Berlandaskan Keberlanjutan Berkelanjutan I Bank BSI Tahap I Tahun 2024 Seri A [],BRIS,https://www.idx.co.id/StaticData/NewsAndAnnouncement/ANNOUNCEMENTSTOCK/From_EREP/202506/e4986280e6_fe0de64fff.pdf,20250624_BRIS_Laporan Informasi dan Fakta Material_31908322_lamp1.pdf,,
"26 Jun 2025
					17:10:03",https://www.idx.co.id/StaticData/NewsAndAnnouncement/ANNOUNCEMENTSTOCK/From_EREP/202506/765e3d193d_4e478a3d43.pdf,Pengumuman Bursa Pencatatan Awal Obligasi dan Sukuk [],BRIS,https://www.idx.co.id/StaticData/NewsAndAnnouncement/ANNOUNCEMENTSTOCK/From_EREP/202506/f9acb8d6e1_57ad14d4d9.pdf,20250626_BRIS_Pengumuman Pencatatan Awal Obligasi dan Sukuk_31909137_lamp1.pdf,,
"05 Jun 2025
					17:48:23",https://www.idx.co.id/StaticData/NewsAndAnnouncement/ANNOUNCEMENTSTOCK/From_EREP/202506/846e8f780e_23004866cb.pdf,Laporan Bulanan Registrasi Pemegang Efek [],BRPT,https://www.idx.co.id/StaticData/NewsAndAnnouncement/ANNOUNCEMENTSTOCK/From_EREP/202506/080214d941_a4915e4034.pdf,20250603_BRPT_Laporan Bulanan Registrasi Pemegang Efek/Perubahan Struktur Pemegang Saham_31891457_lamp1.pdf,,
"23 Jun 2025
					19:07:11",https://www.idx.co.id/StaticData/NewsAndAnnouncement/ANNOUNCEMENTSTOCK/From_EREP/202506/3abe758067_31b7e1279d.pdf,Perubahan Komite Audit [],BRPT,https://www.idx.co.id/StaticData/NewsAndAnnouncement/ANNOUNCEMENTSTOCK/From_EREP/202506/6b30288733_0278eea7b6.pdf,20250623_BRPT_Perubahan Corsec Komite Audit Alamat NPWP Internal Audit_31907562_lamp1.pdf,https://www.idx.co.id/StaticData/NewsAndAnnouncement/ANNOUNCEMENTSTOCK/From_EREP/202506/db153170d7_5bcf7f9ac4.pdf,20250623_BRPT_Perubahan Corsec Komite Audit Alamat NPWP Internal Audit_31907562_lamp2.pdf
"23 Jun 2025
					19:10:08",https://www.idx.co.id/StaticData/NewsAndAnnouncement/ANNOUNCEMENTSTOCK/From_EREP/202506/f398d28c48_39e92463d3.pdf,Ringkasan Risalah Rapat Umum Para Pemegang Saham Tahunan dan Luar Biasa [],BRPT,https://www.idx.co.id/StaticData/NewsAndAnnouncement/ANNOUNCEMENTSTOCK/From_EREP/202506/80df8e92e6_8dbc27fa56.pdf,20250623_BRPT_Ringkasan Risalah/Risalah RUPS_31907607_lamp1.pdf,https://www.idx.co.id/StaticData/NewsAndAnnouncement/ANNOUNCEMENTSTOCK/From_EREP/202506/821b6d9e7b_0dccf2dbe7.pdf,20250623_BRPT_Ringkasan Risalah/Risalah RUPS_31907607_lamp2.pdf
"05 Jun 2025
					14:12:28",https://www.idx.co.id/StaticData/NewsAndAnnouncement/ANNOUNCEMENTSTOCK/From_EREP/202506/4e3427ec48_ea32ed0651.pdf,Laporan Bulanan Registrasi Pemegang Efek [],CPIN,https://www.idx.co.id/StaticData/NewsAndAnnouncement/ANNOUNCEMENTSTOCK/From_EREP/202506/3fb2850162_1eb3fcfea6.pdf,20250605_CPIN_Laporan Bulanan Registrasi Pemegang Efek/Perubahan Struktur Pemegang Saham_31892740_lamp1.pdf,,
"02 Jun 2025
					10:24:10",https://www.idx.co.id/StaticData/NewsAndAnnouncement/ANNOUNCEMENTSTOCK/From_EREP/202506/cafaf574cd_1888bfd4a9.pdf,Rencana Penyelenggaraan Public Expose - Tahunan [],CTRA,https://www.idx.co.id/StaticData/NewsAndAnnouncement/ANNOUNCEMENTSTOCK/From_EREP/202506/5e5ca02801_8977c88576.pdf,20250602_CTRA_Public Expose_31890644_lamp1.pdf,,
"10 Jun 2025
					12:01:42",https://www.idx.co.id/StaticData/NewsAndAnnouncement/ANNOUNCEMENTSTOCK/From_EREP/202506/35488b30ad_d64ee48747.pdf,Laporan Bulanan Registrasi Pemegang Efek [],CTRA,https://www.idx.co.id/StaticData/NewsAndAnnouncement/ANNOUNCEMENTSTOCK/From_EREP/202506/d0ddcad2e2_e8702e44eb.pdf,20250610_CTRA_Laporan Bulanan Registrasi Pemegang Efek/Perubahan Struktur Pemegang Saham_31893503_lamp1.pdf,,
"12 Jun 2025
					11:46:52",https://www.idx.co.id/StaticData/NewsAndAnnouncement/ANNOUNCEMENTSTOCK/From_EREP/202506/52d6a6d443_fdc3839458.pdf,Penyampaian Materi Public Expose - Tahunan [],CTRA,https://www.idx.co.id/StaticData/NewsAndAnnouncement/ANNOUNCEMENTSTOCK/From_EREP/202506/b56daef1ec_a66fe3fcec.pdf,20250612_CTRA_Public Expose_31894404_lamp1.pdf,,
"18 Jun 2025
					18:17:27",https://www.idx.co.id/StaticData/NewsAndAnnouncement/ANNOUNCEMENTSTOCK/From_EREP/202506/302869fce7_1c6228b3bd.pdf,Ringkasan Risalah Rapat Umum Para Pemegang Saham Tahunan [],CTRA,https://www.idx.co.id/StaticData/NewsAndAnnouncement/ANNOUNCEMENTSTOCK/From_EREP/202506/25d8110845_d858e3c14e.pdf,20250618_CTRA_Ringkasan Risalah/Risalah RUPS_31896429_lamp1.pdf,https://www.idx.co.id/StaticData/NewsAndAnnouncement/ANNOUNCEMENTSTOCK/From_EREP/202506/cc1fa59bbb_2d8d59b799.pdf,20250618_CTRA_Ringkasan Risalah/Risalah RUPS_31896429_lamp2.pdf
"18 Jun 2025
					19:25:29",https://www.idx.co.id/StaticData/NewsAndAnnouncement/ANNOUNCEMENTSTOCK/From_EREP/202506/40494a7edc_a525811d09.pdf,Keterbukaan Informasi terkait Aksi Korporasi - Dividen Tunai - 18062025 [],CTRA,https://www.idx.co.id/StaticData/NewsAndAnnouncement/ANNOUNCEMENTSTOCK/From_EREP/202506/b97986bbff_f0d5b254ec.pdf,20250618_CTRA_Keterbukaan Informasi terkait Aksi Korporasi_31896445_lamp1.pdf,https://www.idx.co.id/StaticData/NewsAndAnnouncement/ANNOUNCEMENTSTOCK/From_EREP/202506/cd648bafa5_c1d86ac76c.pdf,20250618_CTRA_Keterbukaan Informasi terkait Aksi Korporasi_31896445_lamp2.pdf
"19 Jun 2025
					13:47:16",https://www.idx.co.id/StaticData/NewsAndAnnouncement/ANNOUNCEMENTSTOCK/From_EREP/202506/2a316547c5_c3096401b4.pdf,Keterbukaan Informasi terkait Aksi Korporasi - Dividen Tunai (KOREKSI) - 19062025 [],CTRA,https://www.idx.co.id/StaticData/NewsAndAnnouncement/ANNOUNCEMENTSTOCK/From_EREP/202506/8f69ae7e20_cffdffa79c.pdf,20250619_CTRA_Keterbukaan Informasi terkait Aksi Korporasi_31896519_lamp2.pdf,https://www.idx.co.id/StaticData/NewsAndAnnouncement/ANNOUNCEMENTSTOCK/From_EREP/202506/b95f7288f3_7302448f9d.pdf,20250619_CTRA_Keterbukaan Informasi terkait Aksi Korporasi_31896519_lamp1.pdf
"20 Jun 2025
					18:08:38",https://www.idx.co.id/StaticData/NewsAndAnnouncement/ANNOUNCEMENTSTOCK/From_EREP/202506/bff4f495a7_5e0c96a806.pdf,Laporan Hasil Public Expose - Tahunan [],CTRA,https://www.idx.co.id/StaticData/NewsAndAnnouncement/ANNOUNCEMENTSTOCK/From_EREP/202506/3a2e8f4ae6_347d864c86.pdf,20250620_CTRA_Public Expose_31897284_lamp2.pdf,https://www.idx.co.id/StaticData/NewsAndAnnouncement/ANNOUNCEMENTSTOCK/From_EREP/202506/4df7774022_94555518c1.pdf,20250620_CTRA_Public Expose_31897284_lamp1.pdf
"05 Jun 2025
					15:23:45",https://www.idx.co.id/StaticData/NewsAndAnnouncement/ANNOUNCEMENTSTOCK/From_EREP/202506/b8c8bf836f_eaf887a63d.pdf,Laporan Bulanan Registrasi Pemegang Efek [],ESSA,https://www.idx.co.id/StaticData/NewsAndAnnouncement/ANNOUNCEMENTSTOCK/From_EREP/202506/a2bab5f795_c3da9a0e0a.pdf,20250605_ESSA_Laporan Bulanan Registrasi Pemegang Efek/Perubahan Struktur Pemegang Saham_31892834_lamp1.pdf,https://www.idx.co.id/StaticData/NewsAndAnnouncement/ANNOUNCEMENTSTOCK/From_EREP/202506/a969f7e11e_4569e21314.pdf,20250605_ESSA_Laporan Bulanan Registrasi Pemegang Efek/Perubahan Struktur Pemegang Saham_31892834_lamp2.pdf
"05 Jun 2025
					10:46:15",https://www.idx.co.id/StaticData/NewsAndAnnouncement/ANNOUNCEMENTSTOCK/From_EREP/202506/e8058033ff_4cd30144c8.pdf,Penunjukan Direktur Perseroan (Yessie D. Yosetya) sebagai perwakilan Indonesia dalam Aliansi EMPOWER di bawah Presidensi G20 Afrika Selatan [],EXCL,,,,
"10 Jun 2025
					17:12:10",https://www.idx.co.id/StaticData/NewsAndAnnouncement/ANNOUNCEMENTSTOCK/From_EREP/202506/248a0b627d_4f91281ca9.pdf,Laporan Bulanan Registrasi Pemegang Efek [],EXCL,,,,
"05 Jun 2025
					16:37:18",https://www.idx.co.id/StaticData/NewsAndAnnouncement/ANNOUNCEMENTSTOCK/From_EREP/202506/41cc371ee1_b69e23a858.pdf,Laporan Bulanan Registrasi Pemegang Efek [],GOTO,https://www.idx.co.id/StaticData/NewsAndAnnouncement/ANNOUNCEMENTSTOCK/From_EREP/202506/925151884d_02b6d22d5a.pdf,20250605_GOTO_Laporan Bulanan Registrasi Pemegang Efek/Perubahan Struktur Pemegang Saham_31892591_lamp1.pdf,,
"09 Jun 2025
					17:59:06",https://www.idx.co.id/StaticData/NewsAndAnnouncement/ANNOUNCEMENTSTOCK/From_EREP/202506/49b94b7496_5b7dcccee3.pdf,Informasi material lainnya [],GOTO,https://www.idx.co.id/StaticData/NewsAndAnnouncement/ANNOUNCEMENTSTOCK/From_EREP/202506/758332d0c8_096d59e7fe.pdf,20250609_GOTO_Laporan Informasi dan Fakta Material_31893334_lamp1.pdf,,
"10 Jun 2025
					17:05:36",https://www.idx.co.id/StaticData/NewsAndAnnouncement/ANNOUNCEMENTSTOCK/From_EREP/202506/606257ea3e_021bec7030.pdf,Penjelasan atas Permintaan Penjelasan Bursa [],GOTO,https://www.idx.co.id/StaticData/NewsAndAnnouncement/ANNOUNCEMENTSTOCK/From_EREP/202506/3299af0e59_909ca44643.pdf,20250610_GOTO_Tanggapan atas Permintaan Penjelasan Bursa_31893763_lamp1.pdf,,
"11 Jun 2025
					17:20:49",https://www.idx.co.id/StaticData/NewsAndAnnouncement/ANNOUNCEMENTSTOCK/From_EREP/202506/7addd05c2f_e2da2ea43e.pdf,Pemanggilan Rapat Umum Pemegang Saham Tahunan dan Luar Biasa (KOREKSI) [],GOTO,https://www.idx.co.id/StaticData/NewsAndAnnouncement/ANNOUNCEMENTSTOCK/From_EREP/202506/d235e356ab_ded10120bb.pdf,20250611_GOTO_Pemanggilan RUPS_31894026_lamp2.pdf,https://www.idx.co.id/StaticData/NewsAndAnnouncement/ANNOUNCEMENTSTOCK/From_EREP/202506/f0a708f5b8_8b4a62cd18.pdf,20250611_GOTO_Pemanggilan RUPS_31894026_lamp1.pdf
"12 Jun 2025
					17:11:15",https://www.idx.co.id/StaticData/NewsAndAnnouncement/ANNOUNCEMENTSTOCK/From_EREP/202506/23b3c85afb_c89655eec2.pdf,Laporan Informasi atau Fakta Material Terkait Akhir Periode Pembelian Kembali Saham [],GOTO,https://www.idx.co.id/StaticData/NewsAndAnnouncement/ANNOUNCEMENTSTOCK/From_EREP/202506/b5772f4944_de3a9dbef0.pdf,20250612_GOTO_Laporan Informasi dan Fakta Material_31894636_lamp1.pdf,,
"16 Jun 2025
					17:24:56",https://www.idx.co.id/StaticData/NewsAndAnnouncement/ANNOUNCEMENTSTOCK/From_EREP/202506/e36b17d7ca_892e67c6e4.pdf,Revisi Keterbukaan Informasi atas Rencana Pengalihan Saham Perseroan Hasil Pembelian Kembali [],GOTO,https://www.idx.co.id/StaticData/NewsAndAnnouncement/ANNOUNCEMENTSTOCK/From_EREP/202506/a9d331892b_675d5a5487.pdf,20250616_GOTO_Laporan Informasi dan Fakta Material_31895521_lamp2.pdf,https://www.idx.co.id/StaticData/NewsAndAnnouncement/ANNOUNCEMENTSTOCK/From_EREP/202506/da0c9fe5c9_3b9126275a.pdf,20250616_GOTO_Laporan Informasi dan Fakta Material_31895521_lamp1.pdf
"18 Jun 2025
					19:43:56",https://www.idx.co.id/StaticData/NewsAndAnnouncement/ANNOUNCEMENTSTOCK/From_EREP/202506/b0d04d37e6_926f24d728.pdf,Perubahan anggota Direksi dan Dewan Komisaris dan Persetujuan Pembelian Kembali Saham [],GOTO,https://www.idx.co.id/StaticData/NewsAndAnnouncement/ANNOUNCEMENTSTOCK/From_EREP/202506/1defce31af_fd1c5675a1.pdf,20250618_GOTO_Laporan Informasi dan Fakta Material_31896451_lamp1.pdf,,
"19 Jun 2025
					19:52:28",https://www.idx.co.id/StaticData/NewsAndAnnouncement/ANNOUNCEMENTSTOCK/From_EREP/202506/474b0d157c_6cdd065248.pdf,Ringkasan Risalah Rapat Umum Para Pemegang Saham Tahunan dan Luar Biasa [],GOTO,https://www.idx.co.id/StaticData/NewsAndAnnouncement/ANNOUNCEMENTSTOCK/From_EREP/202506/d65f9a915d_ef6bba21e3.pdf,20250619_GOTO_Ringkasan Risalah/Risalah RUPS_31896728_lamp1.pdf,,
"19 Jun 2025
					21:21:52",https://www.idx.co.id/StaticData/NewsAndAnnouncement/ANNOUNCEMENTSTOCK/From_EREP/202506/cd8fdd7422_8af2785d02.pdf,Penyampaian Bukti Iklan Hasil RUPS [],GOTO,https://www.idx.co.id/StaticData/NewsAndAnnouncement/ANNOUNCEMENTSTOCK/From_EREP/202506/7dad1dbc00_be32ddf57d.pdf,20250619_GOTO_Penyampaian Bukti Iklan_31896908_lamp1.pdf,,
"10 Jun 2025
					18:56:09",https://www.idx.co.id/StaticData/NewsAndAnnouncement/ANNOUNCEMENTSTOCK/From_EREP/202506/924be2ae27_c13f7428bb.pdf,Laporan Bulanan Registrasi Pemegang Efek [],ICBP,,,,
"20 Jun 2025
					17:06:11",https://www.idx.co.id/StaticData/NewsAndAnnouncement/ANNOUNCEMENTSTOCK/From_EREP/202506/6c966103be_9891118e3e.pdf,Penyampaian Siaran Pers Penyelenggaraan Rapat Umum Pemegang Saham Tahunan PT Indofood CBP Sukses Makmur Tbk [],ICBP,https://www.idx.co.id/StaticData/NewsAndAnnouncement/ANNOUNCEMENTSTOCK/From_EREP/202506/4aaa347de3_a33652e21f.pdf,20250620_ICBP_Laporan Informasi dan Fakta Material_31897169_lamp1.pdf,,
"24 Jun 2025
					16:54:56",https://www.idx.co.id/StaticData/NewsAndAnnouncement/ANNOUNCEMENTSTOCK/From_EREP/202506/5d153ee379_b4d38e43d1.pdf,Ringkasan Risalah Rapat Umum Para Pemegang Saham Tahunan [],ICBP,https://www.idx.co.id/StaticData/NewsAndAnnouncement/ANNOUNCEMENTSTOCK/From_EREP/202506/9d9933917b_4fdf672560.pdf,20250623_ICBP_Ringkasan Risalah/Risalah RUPS_31907662_lamp1.pdf,,
"24 Jun 2025
					17:39:02",https://www.idx.co.id/StaticData/NewsAndAnnouncement/ANNOUNCEMENTSTOCK/From_EREP/202506/3c86a9503b_b5a48338db.pdf,Keterbukaan Informasi terkait Aksi Korporasi - Dividen Tunai - 24062025 [],ICBP,https://www.idx.co.id/StaticData/NewsAndAnnouncement/ANNOUNCEMENTSTOCK/From_EREP/202506/960366a0d1_604545932a.pdf,20250624_ICBP_Keterbukaan Informasi terkait Aksi Korporasi_31908219_lamp1.pdf,,
"02 Jun 2025
					08:39:37",https://www.idx.co.id/StaticData/NewsAndAnnouncement/ANNOUNCEMENTSTOCK/From_EREP/202506/28654f2a1d_87d3e2944f.pdf,Penandatanganan Perjanjian Jasa Pertambangan [],INCO,https://www.idx.co.id/StaticData/NewsAndAnnouncement/ANNOUNCEMENTSTOCK/From_EREP/202506/14124682b3_6cc1507f4a.pdf,20250602_INCO_Laporan Informasi dan Fakta Material_31890592_lamp1.pdf,,
"04 Jun 2025
					11:35:41",https://www.idx.co.id/StaticData/NewsAndAnnouncement/ANNOUNCEMENTSTOCK/From_EREP/202506/3e0a413012_33bdd23eef.pdf,Laporan Bulanan Registrasi Pemegang Efek [],INCO,https://www.idx.co.id/StaticData/NewsAndAnnouncement/ANNOUNCEMENTSTOCK/From_EREP/202506/21fa3d691c_6b844dc277.pdf,20250604_INCO_Laporan Bulanan Registrasi Pemegang Efek/Perubahan Struktur Pemegang Saham_31891805_lamp1.pdf,,
"09 Jun 2025
					15:43:53",https://www.idx.co.id/StaticData/NewsAndAnnouncement/ANNOUNCEMENTSTOCK/From_EREP/202506/47a26c237b_e846a82d10.pdf,Penerimaan Surat Permohonan Pengunduran Diri Komisaris PT Vale Indonesia Tbk [],INCO,https://www.idx.co.id/StaticData/NewsAndAnnouncement/ANNOUNCEMENTSTOCK/From_EREP/202506/e4358e716d_6bbc55e03e.pdf,20250609_INCO_Laporan Informasi dan Fakta Material_31893298_lamp1.pdf,,
"11 Jun 2025
					15:45:35",https://www.idx.co.id/StaticData/NewsAndAnnouncement/ANNOUNCEMENTSTOCK/From_EREP/202506/e39cbcc586_17a665d2b2.pdf,Pemberitahuan Rencana Rapat Umum Pemegang Saham Luar Biasa [],INCO,https://www.idx.co.id/StaticData/NewsAndAnnouncement/ANNOUNCEMENTSTOCK/From_EREP/202506/68b19517c3_f6ed9f1449.pdf,20250611_INCO_Pengumuman RUPS_31894180_lamp1.pdf,,
"12 Jun 2025
					14:28:23",https://www.idx.co.id/StaticData/NewsAndAnnouncement/ANNOUNCEMENTSTOCK/From_EREP/202506/4a74e01201_eb8f1e2f39.pdf,Penyampaian Bukti Iklan Pemberitahuan RUPS [],INCO,https://www.idx.co.id/StaticData/NewsAndAnnouncement/ANNOUNCEMENTSTOCK/From_EREP/202506/4972c79ffc_65b5d9c1c9.pdf,20250612_INCO_Penyampaian Bukti Iklan_31894564_lamp2.pdf,https://www.idx.co.id/StaticData/NewsAndAnnouncement/ANNOUNCEMENTSTOCK/From_EREP/202506/7f89fbfb05_f320fd35bc.pdf,20250612_INCO_Penyampaian Bukti Iklan_31894564_lamp1.pdf
"26 Jun 2025
					11:17:14",https://www.idx.co.id/StaticData/NewsAndAnnouncement/ANNOUNCEMENTSTOCK/From_EREP/202506/ad58b5ff27_5e42979b62.pdf,Pemanggilan Rapat Umum Pemegang Saham Luar Biasa [],INCO,https://www.idx.co.id/StaticData/NewsAndAnnouncement/ANNOUNCEMENTSTOCK/From_EREP/202506/66bd3829c5_9faad96941.pdf,20250626_INCO_Pemanggilan RUPS_31908914_lamp1.pdf,,
"30 Jun 2025
					10:21:05",https://www.idx.co.id/StaticData/NewsAndAnnouncement/ANNOUNCEMENTSTOCK/From_EREP/202506/f1a4c9a1f1_409b90f799.pdf,Penyampaian Bukti Iklan Panggilan RUPS [],INCO,https://www.idx.co.id/StaticData/NewsAndAnnouncement/ANNOUNCEMENTSTOCK/From_EREP/202506/c1ffd0744a_39c3f2551f.pdf,20250630_INCO_Penyampaian Bukti Iklan_31909466_lamp1.pdf,https://www.idx.co.id/StaticData/NewsAndAnnouncement/ANNOUNCEMENTSTOCK/From_EREP/202506/f8569d6013_605187ad48.pdf,20250630_INCO_Penyampaian Bukti Iklan_31909466_lamp2.pdf
"10 Jun 2025
					17:04:57",https://www.idx.co.id/StaticData/NewsAndAnnouncement/ANNOUNCEMENTSTOCK/From_EREP/202506/1769e59b15_a4516fcdcc.pdf,Laporan Bulanan Registrasi Pemegang Efek [],INDF,,,,
"20 Jun 2025
					17:00:46",https://www.idx.co.id/StaticData/NewsAndAnnouncement/ANNOUNCEMENTSTOCK/From_EREP/202506/54e41c8397_014c66a1e6.pdf,Penyampaian Siaran Pers Penyelenggaraan Rapat Umum Pemegang Saham Tahunan PT Indofood Sukses Makmur Tbk [],INDF,https://www.idx.co.id/StaticData/NewsAndAnnouncement/ANNOUNCEMENTSTOCK/From_EREP/202506/82af4d3111_88ad8950bd.pdf,20250620_INDF_Laporan Informasi dan Fakta Material_31897170_lamp1.pdf,,
"24 Jun 2025
					16:41:16",https://www.idx.co.id/StaticData/NewsAndAnnouncement/ANNOUNCEMENTSTOCK/From_EREP/202506/a2c1c3a9ad_5d5529fa7c.pdf,Ringkasan Risalah Rapat Umum Para Pemegang Saham Tahunan [],INDF,https://www.idx.co.id/StaticData/NewsAndAnnouncement/ANNOUNCEMENTSTOCK/From_EREP/202506/4ae652e649_03a370cb9f.pdf,20250623_INDF_Ringkasan Risalah/Risalah RUPS_31907750_lamp1.pdf,,
"24 Jun 2025
					17:15:54",https://www.idx.co.id/StaticData/NewsAndAnnouncement/ANNOUNCEMENTSTOCK/From_EREP/202506/0a53313669_de8e1cebf2.pdf,Keterbukaan Informasi terkait Aksi Korporasi - Dividen Tunai - 24062025 [],INDF,https://www.idx.co.id/StaticData/NewsAndAnnouncement/ANNOUNCEMENTSTOCK/From_EREP/202506/59186df94c_24b3d7ad62.pdf,20250624_INDF_Keterbukaan Informasi terkait Aksi Korporasi_31908215_lamp1.pdf,,
"03 Jun 2025
					14:18:02",https://www.idx.co.id/StaticData/NewsAndAnnouncement/ANNOUNCEMENTSTOCK/From_EREP/202506/f3622a2fe7_8ee9f72031.pdf,Laporan Bulanan Registrasi Pemegang Efek [],INKP,https://www.idx.co.id/StaticData/NewsAndAnnouncement/ANNOUNCEMENTSTOCK/From_EREP/202506/e9111328ec_2016d4f58b.pdf,20250603_INKP_Laporan Bulanan Registrasi Pemegang Efek/Perubahan Struktur Pemegang Saham_31891079_lamp1.pdf,,
"04 Jun 2025
					17:05:08",https://www.idx.co.id/StaticData/NewsAndAnnouncement/ANNOUNCEMENTSTOCK/From_EREP/202506/4e9db70a17_2481274da7.pdf,Jatuh Tempo Obligasi / Sukuk Korporasi [],INKP,https://www.idx.co.id/StaticData/NewsAndAnnouncement/ANNOUNCEMENTSTOCK/From_EREP/202506/0c84e2f4cc_c8782bb7c0.pdf,20250604_INKP_Pengumuman Jatuh Tempo Obligasi dan Sukuk_31891790_lamp1.pdf,https://www.idx.co.id/StaticData/NewsAndAnnouncement/ANNOUNCEMENTSTOCK/From_EREP/202506/752ebb9fd6_dcf4d84a26.pdf,20250604_INKP_Pengumuman Jatuh Tempo Obligasi dan Sukuk_31891790_lamp2.pdf
"10 Jun 2025
					11:50:53",https://www.idx.co.id/StaticData/NewsAndAnnouncement/ANNOUNCEMENTSTOCK/From_EREP/202506/ca05f88715_19e2df9388.pdf,Pelunasan Obligasi [],INKP,https://www.idx.co.id/StaticData/NewsAndAnnouncement/ANNOUNCEMENTSTOCK/From_EREP/202506/09bc1e2b83_8c423c6210.pdf,20250609_INKP_Laporan Informasi dan Fakta Material_31893322_lamp1.pdf,,
"10 Jun 2025
					14:06:37",https://www.idx.co.id/StaticData/NewsAndAnnouncement/ANNOUNCEMENTSTOCK/From_EREP/202506/5496dde972_dd6bc664fd.pdf,"Penyampaian Informasi Tambahan dan/atau Perbaikan atas Informasi Tambahan Ringkas  dalam rangka Penawaran Umum Berkelanjutan Obligasi Berkelanjutan V Indah Kiat Pulp & Paper Tahap IV Tahun 2025, Sukuk Mudharabah Berkelanjutan IV Indah Kiat Pulp & Paper Tahap IV Tahun 2025 dan Obligasi USD Berkelanjutan II Indah Kiat Pulp & Paper Tahap III Tahun 2025 []",INKP,https://www.idx.co.id/StaticData/NewsAndAnnouncement/ANNOUNCEMENTSTOCK/From_EREP/202506/56df65f966_ddeb64faa5.pdf,20250605_INKP_Laporan Informasi dan Fakta Material_31892776_lamp2.pdf,https://www.idx.co.id/StaticData/NewsAndAnnouncement/ANNOUNCEMENTSTOCK/From_EREP/202506/de104c0a90_3c54c3b95a.pdf,20250605_INKP_Laporan Informasi dan Fakta Material_31892776_lamp1.pdf
"12 Jun 2025
					14:17:56",https://www.idx.co.id/StaticData/NewsAndAnnouncement/ANNOUNCEMENTSTOCK/From_EREP/202506/6cae892a3e_b1bdf2fc6c.pdf,Laporan Hasil Pemeringkatan Pemeringkatan Tahunan [],INKP,https://www.idx.co.id/StaticData/NewsAndAnnouncement/ANNOUNCEMENTSTOCK/From_EREP/202506/a85afc0c52_8c1db311fe.pdf,20250610_INKP_Laporan Hasil Pemeringkatan_31893705_lamp2.pdf,https://www.idx.co.id/StaticData/NewsAndAnnouncement/ANNOUNCEMENTSTOCK/From_EREP/202506/f363f9f799_94750f6152.pdf,20250610_INKP_Laporan Hasil Pemeringkatan_31893705_lamp1.pdf
"12 Jun 2025
					15:03:18",https://www.idx.co.id/StaticData/NewsAndAnnouncement/ANNOUNCEMENTSTOCK/From_EREP/202506/47487336d7_e180d98c0f.pdf,Pengumuman Bursa Pencatatan Awal Obligasi dan Sukuk [],INKP,https://www.idx.co.id/StaticData/NewsAndAnnouncement/ANNOUNCEMENTSTOCK/From_EREP/202506/28cf73a838_5425d306df.pdf,20250612_INKP_Pengumuman Pencatatan Awal Obligasi dan Sukuk_31894581_lamp1.pdf,https://www.idx.co.id/StaticData/NewsAndAnnouncement/ANNOUNCEMENTSTOCK/From_EREP/202506/cb80c57777_0a65cc73d2.pdf,20250612_INKP_Pengumuman Pencatatan Awal Obligasi dan Sukuk_31894581_lamp2.pdf
"12 Jun 2025
					16:23:34",https://www.idx.co.id/StaticData/NewsAndAnnouncement/ANNOUNCEMENTSTOCK/From_EREP/202506/439a8c2c0e_1b8d397285.pdf,Laporan Penggunaan Dana Hasil Penawaran Umum [],INKP,https://www.idx.co.id/StaticData/NewsAndAnnouncement/ANNOUNCEMENTSTOCK/From_EREP/202506/013bcd9975_ef49821648.pdf,20250609_INKP_Laporan Penggunaan Dana Hasil Penawaran Umum_31893215_lamp1.pdf,https://www.idx.co.id/StaticData/NewsAndAnnouncement/ANNOUNCEMENTSTOCK/From_EREP/202506/b55e4fe114_4a6f322540.pdf,20250609_INKP_Laporan Penggunaan Dana Hasil Penawaran Umum_31893215_lamp2.pdf
"16 Jun 2025
					16:20:09",https://www.idx.co.id/StaticData/NewsAndAnnouncement/ANNOUNCEMENTSTOCK/From_EREP/202506/7c95aad4f5_8727348667.pdf,Laporan Hasil Pemeringkatan Pemeringkatan Tahunan [],INKP,https://www.idx.co.id/StaticData/NewsAndAnnouncement/ANNOUNCEMENTSTOCK/From_EREP/202506/308c9dfbb4_9a7f28b366.pdf,20250613_INKP_Laporan Hasil Pemeringkatan_31894800_lamp1.pdf,https://www.idx.co.id/StaticData/NewsAndAnnouncement/ANNOUNCEMENTSTOCK/From_EREP/202506/9436adc7d5_757541c13a.pdf,20250613_INKP_Laporan Hasil Pemeringkatan_31894800_lamp2.pdf
"18 Jun 2025
					10:03:16",https://www.idx.co.id/StaticData/NewsAndAnnouncement/ANNOUNCEMENTSTOCK/From_EREP/202506/3dbda540a4_c21f1f193c.pdf,Ringkasan Risalah Rapat Umum Para Pemegang Saham Tahunan [],INKP,https://www.idx.co.id/StaticData/NewsAndAnnouncement/ANNOUNCEMENTSTOCK/From_EREP/202506/31e7664ed3_d9ccd3a57b.pdf,20250618_INKP_Ringkasan Risalah/Risalah RUPS_31896152_lamp2.pdf,https://www.idx.co.id/StaticData/NewsAndAnnouncement/ANNOUNCEMENTSTOCK/From_EREP/202506/5f14ebe767_f5d245fa3f.pdf,20250618_INKP_Ringkasan Risalah/Risalah RUPS_31896152_lamp3.pdf
"18 Jun 2025
					10:59:47",https://www.idx.co.id/StaticData/NewsAndAnnouncement/ANNOUNCEMENTSTOCK/From_EREP/202506/7fd382f381_b794a3b1ab.pdf,Keterbukaan Informasi terkait Aksi Korporasi - Dividen Tunai - 18062025 [],INKP,https://www.idx.co.id/StaticData/NewsAndAnnouncement/ANNOUNCEMENTSTOCK/From_EREP/202506/05210498ca_59fc268a64.pdf,20250618_INKP_Keterbukaan Informasi terkait Aksi Korporasi_31896203_lamp1.pdf,https://www.idx.co.id/StaticData/NewsAndAnnouncement/ANNOUNCEMENTSTOCK/From_EREP/202506/39b2c4bce2_e4cbfa2fba.pdf,20250618_INKP_Keterbukaan Informasi terkait Aksi Korporasi_31896203_lamp2.pdf
"18 Jun 2025
					11:00:48",https://www.idx.co.id/StaticData/NewsAndAnnouncement/ANNOUNCEMENTSTOCK/From_EREP/202506/f0f1e07c32_eea71a7846.pdf,Perubahan Komite Audit [],INKP,https://www.idx.co.id/StaticData/NewsAndAnnouncement/ANNOUNCEMENTSTOCK/From_EREP/202506/0468b4a4f5_741b0cfab8.pdf,20250602_INKP_Perubahan Corsec Komite Audit Alamat NPWP Internal Audit_31890585_lamp1.pdf,,
"25 Jun 2025
					14:19:07",https://www.idx.co.id/StaticData/NewsAndAnnouncement/ANNOUNCEMENTSTOCK/From_EREP/202506/29f67d1a35_6e98afabe2.pdf,Informasi Pelunasan Efek [],INKP,https://www.idx.co.id/StaticData/NewsAndAnnouncement/ANNOUNCEMENTSTOCK/From_EREP/202506/c763d1cebb_2e5a8d5812.pdf,20250625_INKP_Pembayaran Kupon/Bagi Hasil/Ijarah/Pokok_31908514_lamp1.pdf,,
"30 Jun 2025
					17:01:46",https://www.idx.co.id/StaticData/NewsAndAnnouncement/ANNOUNCEMENTSTOCK/From_EREP/202506/2c4ef687a2_348b7b52d2.pdf,Jatuh Tempo Obligasi / Sukuk Korporasi [],INKP,https://www.idx.co.id/StaticData/NewsAndAnnouncement/ANNOUNCEMENTSTOCK/From_EREP/202506/b2934fd61c_d422617d5b.pdf,20250630_INKP_Pengumuman Jatuh Tempo Obligasi dan Sukuk_31909436_lamp4.pdf,https://www.idx.co.id/StaticData/NewsAndAnnouncement/ANNOUNCEMENTSTOCK/From_EREP/202506/ba018f3eb6_88db80e245.pdf,20250630_INKP_Pengumuman Jatuh Tempo Obligasi dan Sukuk_31909436_lamp2.pdf
"02 Jun 2025
					21:55:33",https://www.idx.co.id/StaticData/NewsAndAnnouncement/ANNOUNCEMENTSTOCK/From_EREP/202506/33fda24b05_0ef23596bd.pdf,Ringkasan Risalah Rapat Umum Para Pemegang Saham Tahunan [],ISAT,https://www.idx.co.id/StaticData/NewsAndAnnouncement/ANNOUNCEMENTSTOCK/From_EREP/202506/b5978af0af_02fba14eae.pdf,20250602_ISAT_Ringkasan Risalah/Risalah RUPS_31891031_lamp1.pdf,,
"02 Jun 2025
					22:21:37",https://www.idx.co.id/StaticData/NewsAndAnnouncement/ANNOUNCEMENTSTOCK/From_EREP/202506/aa1f95fdf5_5eb665fe2b.pdf,Keterbukaan Informasi terkait Aksi Korporasi - Dividen Tunai - 02062025 [],ISAT,https://www.idx.co.id/StaticData/NewsAndAnnouncement/ANNOUNCEMENTSTOCK/From_EREP/202506/2fae2a1465_bbf671f35d.pdf,20250602_ISAT_Keterbukaan Informasi terkait Aksi Korporasi_31891037_lamp1.pdf,,
"03 Jun 2025
					16:48:59",https://www.idx.co.id/StaticData/NewsAndAnnouncement/ANNOUNCEMENTSTOCK/From_EREP/202506/22b53ceef4_898a52d033.pdf,Jatuh Tempo Obligasi / Sukuk Korporasi [],ISAT,https://www.idx.co.id/StaticData/NewsAndAnnouncement/ANNOUNCEMENTSTOCK/From_EREP/202506/31c7843941_851ce9b6e9.pdf,20250603_ISAT_Pengumuman Jatuh Tempo Obligasi dan Sukuk_31891262_lamp2.pdf,https://www.idx.co.id/StaticData/NewsAndAnnouncement/ANNOUNCEMENTSTOCK/From_EREP/202506/f30e495429_01f19a3ffe.pdf,20250603_ISAT_Pengumuman Jatuh Tempo Obligasi dan Sukuk_31891262_lamp1.pdf
"03 Jun 2025
					20:02:18",https://www.idx.co.id/StaticData/NewsAndAnnouncement/ANNOUNCEMENTSTOCK/From_EREP/202506/43074eaaa8_f4992f00b2.pdf,Penyampaian Ringkasan Perubahan Anggaran Dasar PT Indosat Tbk [],ISAT,https://www.idx.co.id/StaticData/NewsAndAnnouncement/ANNOUNCEMENTSTOCK/From_EREP/202506/8e18abec2c_e372fc0804.pdf,20250603_ISAT_Laporan Informasi dan Fakta Material_31891615_lamp1.pdf,,
"04 Jun 2025
					21:10:33",https://www.idx.co.id/StaticData/NewsAndAnnouncement/ANNOUNCEMENTSTOCK/From_EREP/202506/eac1c3b28d_71e87c4fd0.pdf,Laporan Hasil Public Expose - Tahunan [],ISAT,https://www.idx.co.id/StaticData/NewsAndAnnouncement/ANNOUNCEMENTSTOCK/From_EREP/202506/d6d1101eb2_3c766737f7.pdf,20250604_ISAT_Public Expose_31892129_lamp1.pdf,,
"10 Jun 2025
					19:23:59",https://www.idx.co.id/StaticData/NewsAndAnnouncement/ANNOUNCEMENTSTOCK/From_EREP/202506/038f623b2b_885cbe171e.pdf,Laporan Bulanan Registrasi Pemegang Efek [],ISAT,https://www.idx.co.id/StaticData/NewsAndAnnouncement/ANNOUNCEMENTSTOCK/From_EREP/202506/6d1f4d3779_a06c29a96b.pdf,20250610_ISAT_Laporan Bulanan Registrasi Pemegang Efek/Perubahan Struktur Pemegang Saham_31893710_lamp1.pdf,https://www.idx.co.id/StaticData/NewsAndAnnouncement/ANNOUNCEMENTSTOCK/From_EREP/202506/78003cd8cb_823af0ec2a.pdf,20250610_ISAT_Laporan Bulanan Registrasi Pemegang Efek/Perubahan Struktur Pemegang Saham_31893710_lamp2.pdf
"09 Jun 2025
					15:13:16",https://www.idx.co.id/StaticData/NewsAndAnnouncement/ANNOUNCEMENTSTOCK/From_EREP/202506/c33ea6d909_438dbfd6f8.pdf,Laporan Bulanan Registrasi Pemegang Efek [],ITMG,https://www.idx.co.id/StaticData/NewsAndAnnouncement/ANNOUNCEMENTSTOCK/From_EREP/202506/0be6e16ea7_6228dd461c.pdf,20250609_ITMG_Laporan Bulanan Registrasi Pemegang Efek/Perubahan Struktur Pemegang Saham_31893287_lamp1.pdf,https://www.idx.co.id/StaticData/NewsAndAnnouncement/ANNOUNCEMENTSTOCK/From_EREP/202506/509b13dd3f_5b89c8d011.pdf,20250609_ITMG_Laporan Bulanan Registrasi Pemegang Efek/Perubahan Struktur Pemegang Saham_31893287_lamp3.pdf
"10 Jun 2025
					16:42:10",https://www.idx.co.id/StaticData/NewsAndAnnouncement/ANNOUNCEMENTSTOCK/From_EREP/202506/85d2a45db6_833e1a416e.pdf,Laporan Bulanan Registrasi Pemegang Efek [],JPFA,https://www.idx.co.id/StaticData/NewsAndAnnouncement/ANNOUNCEMENTSTOCK/From_EREP/202506/0835cb04de_06614c50e5.pdf,20250610_JPFA_Laporan Bulanan Registrasi Pemegang Efek/Perubahan Struktur Pemegang Saham_31893793_lamp1.pdf,https://www.idx.co.id/StaticData/NewsAndAnnouncement/ANNOUNCEMENTSTOCK/From_EREP/202506/68ddcd19cb_b7137830b7.pdf,20250610_JPFA_Laporan Bulanan Registrasi Pemegang Efek/Perubahan Struktur Pemegang Saham_31893793_lamp2.pdf
"24 Jun 2025
					16:39:09",https://www.idx.co.id/StaticData/NewsAndAnnouncement/ANNOUNCEMENTSTOCK/From_EREP/202506/4aeecf9bd5_cbed5b70dd.pdf,Keterbukaan Informasi tentang penjualan aset PT Ciomas Adisatwa kepada PT Indojaya Agrinusa (Transaksi Afiliasi). [],JPFA,https://www.idx.co.id/StaticData/NewsAndAnnouncement/ANNOUNCEMENTSTOCK/From_EREP/202506/9a63b5ea8e_4bece7d850.pdf,20250624_JPFA_Laporan Informasi dan Fakta Material_31908194_lamp1.pdf,,
"05 Jun 2025
					14:30:34",https://www.idx.co.id/StaticData/NewsAndAnnouncement/ANNOUNCEMENTSTOCK/From_EREP/202506/b7581fe816_bc4b6329b7.pdf,Transaksi Afiliasi [],JSMR,https://www.idx.co.id/StaticData/NewsAndAnnouncement/ANNOUNCEMENTSTOCK/From_EREP/202506/16ff5df5c1_2b02994a2c.pdf,20250605_JSMR_Informasi Transaksi Afiliasi_31892773_lamp3.pdf,https://www.idx.co.id/StaticData/NewsAndAnnouncement/ANNOUNCEMENTSTOCK/From_EREP/202506/1c0a99a0c8_4bda28063b.pdf,20250605_JSMR_Informasi Transaksi Afiliasi_31892773_lamp5.pdf
"05 Jun 2025
					17:15:14",https://www.idx.co.id/StaticData/NewsAndAnnouncement/ANNOUNCEMENTSTOCK/From_EREP/202506/184b8d726d_b868b7a65d.pdf,Laporan Bulanan Registrasi Pemegang Efek [],JSMR,https://www.idx.co.id/StaticData/NewsAndAnnouncement/ANNOUNCEMENTSTOCK/From_EREP/202506/020c3a714c_57f14a020f.pdf,20250605_JSMR_Laporan Bulanan Registrasi Pemegang Efek/Perubahan Struktur Pemegang Saham_31892970_lamp4.pdf,https://www.idx.co.id/StaticData/NewsAndAnnouncement/ANNOUNCEMENTSTOCK/From_EREP/202506/121f44ce05_09f52b2c61.pdf,20250605_JSMR_Laporan Bulanan Registrasi Pemegang Efek/Perubahan Struktur Pemegang Saham_31892970_lamp2.pdf
"10 Jun 2025
					15:22:31",https://www.idx.co.id/StaticData/NewsAndAnnouncement/ANNOUNCEMENTSTOCK/From_EREP/202506/def372fd62_bfc69f19ad.pdf,Perubahan Komite Audit [],JSMR,https://www.idx.co.id/StaticData/NewsAndAnnouncement/ANNOUNCEMENTSTOCK/From_EREP/202506/12f3307fe1_dcb72e0eb1.pdf,20250610_JSMR_Perubahan Corsec Komite Audit Alamat NPWP Internal Audit_31893712_lamp1.pdf,,
"24 Jun 2025
					10:42:53",https://www.idx.co.id/StaticData/NewsAndAnnouncement/ANNOUNCEMENTSTOCK/From_EREP/202506/55e6663e39_d54a3cf4bb.pdf,Transaksi Afiliasi (KOREKSI) [],JSMR,https://www.idx.co.id/StaticData/NewsAndAnnouncement/ANNOUNCEMENTSTOCK/From_EREP/202506/3bdd847534_940d90c9ec.pdf,20250624_JSMR_Informasi Transaksi Afiliasi_31907958_lamp3.pdf,https://www.idx.co.id/StaticData/NewsAndAnnouncement/ANNOUNCEMENTSTOCK/From_EREP/202506/8434ebef4c_f8672f0eb9.pdf,20250624_JSMR_Informasi Transaksi Afiliasi_31907958_lamp1.pdf
"26 Jun 2025
					17:12:38",https://www.idx.co.id/StaticData/NewsAndAnnouncement/ANNOUNCEMENTSTOCK/From_EREP/202506/dae5fd4064_9753b84eb4.pdf,Transaksi Afiliasi [],JSMR,https://www.idx.co.id/StaticData/NewsAndAnnouncement/ANNOUNCEMENTSTOCK/From_EREP/202506/1dc7c2b410_eae61035b0.pdf,20250626_JSMR_Informasi Transaksi Afiliasi_31909143_lamp3.pdf,https://www.idx.co.id/StaticData/NewsAndAnnouncement/ANNOUNCEMENTSTOCK/From_EREP/202506/663cfb35e3_134d4cd9b4.pdf,20250626_JSMR_Informasi Transaksi Afiliasi_31909143_lamp4.pdf
"26 Jun 2025
					17:24:22",https://www.idx.co.id/StaticData/NewsAndAnnouncement/ANNOUNCEMENTSTOCK/From_EREP/202506/94c52ede3a_8fb12e5e03.pdf,Transaksi Afiliasi [],JSMR,https://www.idx.co.id/StaticData/NewsAndAnnouncement/ANNOUNCEMENTSTOCK/From_EREP/202506/4e8680897a_615a4a7c58.pdf,20250626_JSMR_Informasi Transaksi Afiliasi_31909171_lamp1.pdf,https://www.idx.co.id/StaticData/NewsAndAnnouncement/ANNOUNCEMENTSTOCK/From_EREP/202506/5bcd721004_a07413fef9.pdf,20250626_JSMR_Informasi Transaksi Afiliasi_31909171_lamp2.pdf
"04 Jun 2025
					17:17:26",https://www.idx.co.id/StaticData/NewsAndAnnouncement/ANNOUNCEMENTSTOCK/From_EREP/202506/e793ba7afc_928691bdb6.pdf,Laporan Bulanan Registrasi Pemegang Efek [],KLBF,https://www.idx.co.id/StaticData/NewsAndAnnouncement/ANNOUNCEMENTSTOCK/From_EREP/202506/da6f84e7f2_8e5bf4d09c.pdf,20250604_KLBF_Laporan Bulanan Registrasi Pemegang Efek/Perubahan Struktur Pemegang Saham_31892105_lamp1.pdf,,
"09 Jun 2025
					17:15:33",https://www.idx.co.id/StaticData/NewsAndAnnouncement/ANNOUNCEMENTSTOCK/From_EREP/202506/2980add2d1_862bb00446.pdf,Perubahan Internal Audit [],KLBF,https://www.idx.co.id/StaticData/NewsAndAnnouncement/ANNOUNCEMENTSTOCK/From_EREP/202506/017c3e0b8d_c1ad1a4f5e.pdf,20250609_KLBF_Perubahan Corsec Komite Audit Alamat NPWP Internal Audit_31893313_lamp1.pdf,,
"09 Jun 2025
					17:15:47",https://www.idx.co.id/StaticData/NewsAndAnnouncement/ANNOUNCEMENTSTOCK/From_EREP/202506/9e834b7c9e_e094b10874.pdf,Perubahan Komite Nominasi dan Remunerasi Emiten atau Perusahaan Publik [],KLBF,https://www.idx.co.id/StaticData/NewsAndAnnouncement/ANNOUNCEMENTSTOCK/From_EREP/202506/57d4349994_54b112687a.pdf,20250609_KLBF_Perubahan Corsec Komite Audit Alamat NPWP Internal Audit_31893312_lamp1.pdf,,
"09 Jun 2025
					17:16:03",https://www.idx.co.id/StaticData/NewsAndAnnouncement/ANNOUNCEMENTSTOCK/From_EREP/202506/d540042574_a600721535.pdf,Perubahan Komite Audit [],KLBF,https://www.idx.co.id/StaticData/NewsAndAnnouncement/ANNOUNCEMENTSTOCK/From_EREP/202506/2bf10b0b5d_e5739fae85.pdf,20250609_KLBF_Perubahan Corsec Komite Audit Alamat NPWP Internal Audit_31893309_lamp1.pdf,,
"05 Jun 2025
					10:39:18",https://www.idx.co.id/StaticData/NewsAndAnnouncement/ANNOUNCEMENTSTOCK/From_EREP/202506/c8bbb35675_c49b205c5f.pdf,Pemanggilan Rapat Umum Pemegang Saham Tahunan [],MAPA,https://www.idx.co.id/StaticData/NewsAndAnnouncement/ANNOUNCEMENTSTOCK/From_EREP/202506/05fe05f585_126c1f6cf8.pdf,20250605_MAPA_Pemanggilan RUPS_31892460_lamp2.pdf,https://www.idx.co.id/StaticData/NewsAndAnnouncement/ANNOUNCEMENTSTOCK/From_EREP/202506/22b9cb0df9_ac64d63618.pdf,20250605_MAPA_Pemanggilan RUPS_31892460_lamp1.pdf
"10 Jun 2025
					17:40:20",https://www.idx.co.id/StaticData/NewsAndAnnouncement/ANNOUNCEMENTSTOCK/From_EREP/202506/f4954bfafb_5fb9807726.pdf,Laporan Bulanan Registrasi Pemegang Efek [],MAPA,https://www.idx.co.id/StaticData/NewsAndAnnouncement/ANNOUNCEMENTSTOCK/From_EREP/202506/6c156fcc99_bbc0f6586b.pdf,20250607_MAPA_Laporan Bulanan Registrasi Pemegang Efek/Perubahan Struktur Pemegang Saham_31893125_lamp2.pdf,https://www.idx.co.id/StaticData/NewsAndAnnouncement/ANNOUNCEMENTSTOCK/From_EREP/202506/7d80969be4_e8904b60b8.pdf,20250607_MAPA_Laporan Bulanan Registrasi Pemegang Efek/Perubahan Struktur Pemegang Saham_31893125_lamp1.pdf
"13 Jun 2025
					15:36:37",https://www.idx.co.id/StaticData/NewsAndAnnouncement/ANNOUNCEMENTSTOCK/From_EREP/202506/045def5a52_872249e501.pdf,Rencana Penyelenggaraan Public Expose - Tahunan [],MAPA,https://www.idx.co.id/StaticData/NewsAndAnnouncement/ANNOUNCEMENTSTOCK/From_EREP/202506/7a0a74f8af_da32033d96.pdf,20250612_MAPA_Public Expose_31894671_lamp1.pdf,,
"24 Jun 2025
					20:12:26",https://www.idx.co.id/StaticData/NewsAndAnnouncement/ANNOUNCEMENTSTOCK/From_EREP/202506/156d1f8065_6712d44071.pdf,Penyampaian Materi Public Expose - Tahunan [],MAPA,https://www.idx.co.id/StaticData/NewsAndAnnouncement/ANNOUNCEMENTSTOCK/From_EREP/202506/f708763d7f_98b2ac9c58.pdf,20250624_MAPA_Public Expose_31908333_lamp1.pdf,https://www.idx.co.id/StaticData/NewsAndAnnouncement/ANNOUNCEMENTSTOCK/From_EREP/202506/fab5d10a89_f13478acc9.pdf,20250624_MAPA_Public Expose_31908333_lamp2.pdf
"26 Jun 2025
					17:59:50",https://www.idx.co.id/StaticData/NewsAndAnnouncement/ANNOUNCEMENTSTOCK/From_EREP/202506/b15f4b522e_42cd524e78.pdf,Penyampaian Materi Public Expose - Tahunan (KOREKSI) [],MAPA,https://www.idx.co.id/StaticData/NewsAndAnnouncement/ANNOUNCEMENTSTOCK/From_EREP/202506/46462a4640_a119d72e6b.pdf,20250626_MAPA_Public Expose_31909206_lamp2.pdf,https://www.idx.co.id/StaticData/NewsAndAnnouncement/ANNOUNCEMENTSTOCK/From_EREP/202506/a85d553ded_e059721e13.pdf,20250626_MAPA_Public Expose_31909206_lamp1.pdf
"05 Jun 2025
					10:41:20",https://www.idx.co.id/StaticData/NewsAndAnnouncement/ANNOUNCEMENTSTOCK/From_EREP/202506/f637296b37_90b897c34f.pdf,Pemanggilan Rapat Umum Pemegang Saham Tahunan [],MAPI,https://www.idx.co.id/StaticData/NewsAndAnnouncement/ANNOUNCEMENTSTOCK/From_EREP/202506/abd4d3ba81_7c90f92c26.pdf,20250605_MAPI_Pemanggilan RUPS_31892464_lamp1.pdf,https://www.idx.co.id/StaticData/NewsAndAnnouncement/ANNOUNCEMENTSTOCK/From_EREP/202506/bbe551b685_7ff0f55d13.pdf,20250605_MAPI_Pemanggilan RUPS_31892464_lamp2.pdf
"10 Jun 2025
					12:59:57",https://www.idx.co.id/StaticData/NewsAndAnnouncement/ANNOUNCEMENTSTOCK/From_EREP/202506/67cfc3ca3c_14233ec6f6.pdf,Penjelasan atas Pemberitaan Media Massa [],MAPI,https://www.idx.co.id/StaticData/NewsAndAnnouncement/ANNOUNCEMENTSTOCK/From_EREP/202506/0fcf660929_285ebc9c82.pdf,20250610_MAPI_Tanggapan atas Permintaan Penjelasan Bursa_31893561_lamp1.pdf,,
"10 Jun 2025
					17:58:46",https://www.idx.co.id/StaticData/NewsAndAnnouncement/ANNOUNCEMENTSTOCK/From_EREP/202506/1cf1fc5388_d6ea41adc3.pdf,Laporan Bulanan Registrasi Pemegang Efek [],MAPI,https://www.idx.co.id/StaticData/NewsAndAnnouncement/ANNOUNCEMENTSTOCK/From_EREP/202506/3a15157c4c_f0f9df8736.pdf,20250608_MAPI_Laporan Bulanan Registrasi Pemegang Efek/Perubahan Struktur Pemegang Saham_31893138_lamp2.pdf,https://www.idx.co.id/StaticData/NewsAndAnnouncement/ANNOUNCEMENTSTOCK/From_EREP/202506/5194e8c913_29d3504b5f.pdf,20250608_MAPI_Laporan Bulanan Registrasi Pemegang Efek/Perubahan Struktur Pemegang Saham_31893138_lamp3.pdf
"13 Jun 2025
					15:33:30",https://www.idx.co.id/StaticData/NewsAndAnnouncement/ANNOUNCEMENTSTOCK/From_EREP/202506/5aba1da70a_ae8ab1ed7e.pdf,Rencana Penyelenggaraan Public Expose - Tahunan [],MAPI,https://www.idx.co.id/StaticData/NewsAndAnnouncement/ANNOUNCEMENTSTOCK/From_EREP/202506/b2a257c807_04eed44be8.pdf,20250612_MAPI_Public Expose_31894710_lamp1.pdf,,
"24 Jun 2025
					19:19:13",https://www.idx.co.id/StaticData/NewsAndAnnouncement/ANNOUNCEMENTSTOCK/From_EREP/202506/03c65e8882_03120e6afd.pdf,Penyampaian Materi Public Expose - Tahunan [],MAPI,https://www.idx.co.id/StaticData/NewsAndAnnouncement/ANNOUNCEMENTSTOCK/From_EREP/202506/43c836e42a_48c75d09b6.pdf,20250624_MAPI_Public Expose_31908326_lamp1.pdf,https://www.idx.co.id/StaticData/NewsAndAnnouncement/ANNOUNCEMENTSTOCK/From_EREP/202506/b4b04308fc_735a823af3.pdf,20250624_MAPI_Public Expose_31908326_lamp2.pdf
"24 Jun 2025
					19:39:57",https://www.idx.co.id/StaticData/NewsAndAnnouncement/ANNOUNCEMENTSTOCK/From_EREP/202506/fe657acac5_a3fdb62d2d.pdf,Penyampaian Materi Public Expose - Tahunan (KOREKSI) [],MAPI,https://www.idx.co.id/StaticData/NewsAndAnnouncement/ANNOUNCEMENTSTOCK/From_EREP/202506/d0b361a739_da64b54995.pdf,20250624_MAPI_Public Expose_31908329_lamp2.pdf,https://www.idx.co.id/StaticData/NewsAndAnnouncement/ANNOUNCEMENTSTOCK/From_EREP/202506/f35dfd50dc_15ee21712a.pdf,20250624_MAPI_Public Expose_31908329_lamp1.pdf
"26 Jun 2025
					13:53:12",https://www.idx.co.id/StaticData/NewsAndAnnouncement/ANNOUNCEMENTSTOCK/From_EREP/202506/e843e0ff58_8f108b80ea.pdf,Laporan Bulanan Registrasi Pemegang Efek (KOREKSI) [],MAPI,https://www.idx.co.id/StaticData/NewsAndAnnouncement/ANNOUNCEMENTSTOCK/From_EREP/202506/468178eb71_c32989fca6.pdf,20250626_MAPI_Laporan Bulanan Registrasi Pemegang Efek/Perubahan Struktur Pemegang Saham_31908983_lamp2.pdf,https://www.idx.co.id/StaticData/NewsAndAnnouncement/ANNOUNCEMENTSTOCK/From_EREP/202506/64e6e2d60f_f4041b8217.pdf,20250626_MAPI_Laporan Bulanan Registrasi Pemegang Efek/Perubahan Struktur Pemegang Saham_31908983_lamp3.pdf
"26 Jun 2025
					18:09:20",https://www.idx.co.id/StaticData/NewsAndAnnouncement/ANNOUNCEMENTSTOCK/From_EREP/202506/7a587ec98e_c846dfabee.pdf,Penyampaian Materi Public Expose - Tahunan (KOREKSI) [],MAPI,https://www.idx.co.id/StaticData/NewsAndAnnouncement/ANNOUNCEMENTSTOCK/From_EREP/202506/ce4a61f56a_b9483645c7.pdf,20250626_MAPI_Public Expose_31909218_lamp1.pdf,https://www.idx.co.id/StaticData/NewsAndAnnouncement/ANNOUNCEMENTSTOCK/From_EREP/202506/d6450f3eaa_5c2031ad9a.pdf,20250626_MAPI_Public Expose_31909218_lamp2.pdf
"30 Jun 2025
					16:29:25",https://www.idx.co.id/StaticData/NewsAndAnnouncement/ANNOUNCEMENTSTOCK/From_EREP/202506/036445ce94_21cade9bd3.pdf,Penyampaian Materi Public Expose - Tahunan (KOREKSI) [],MAPI,https://www.idx.co.id/StaticData/NewsAndAnnouncement/ANNOUNCEMENTSTOCK/From_EREP/202506/082e1086f2_df98613679.pdf,20250630_MAPI_Public Expose_31909785_lamp1.pdf,https://www.idx.co.id/StaticData/NewsAndAnnouncement/ANNOUNCEMENTSTOCK/From_EREP/202506/d863718748_251b1a7a4b.pdf,20250630_MAPI_Public Expose_31909785_lamp2.pdf
"03 Jun 2025
					19:20:57",https://www.idx.co.id/StaticData/NewsAndAnnouncement/ANNOUNCEMENTSTOCK/From_EREP/202506/b2c466ffba_babf13f44e.pdf,Laporan Penggunaan Dana Hasil Penawaran Umum [],MBMA,https://www.idx.co.id/StaticData/NewsAndAnnouncement/ANNOUNCEMENTSTOCK/From_EREP/202506/69499989db_d0f757126d.pdf,20250603_MBMA_Laporan Penggunaan Dana Hasil Penawaran Umum_31891502_lamp1.pdf,,
"03 Jun 2025
					19:56:13",https://www.idx.co.id/StaticData/NewsAndAnnouncement/ANNOUNCEMENTSTOCK/From_EREP/202506/87857bcdd2_b0376c16d2.pdf,Laporan Penggunaan Dana Hasil Penawaran Umum [],MBMA,https://www.idx.co.id/StaticData/NewsAndAnnouncement/ANNOUNCEMENTSTOCK/From_EREP/202506/bae206dc6f_38fec50710.pdf,20250603_MBMA_Laporan Penggunaan Dana Hasil Penawaran Umum_31891609_lamp1.pdf,,
"03 Jun 2025
					20:07:58",https://www.idx.co.id/StaticData/NewsAndAnnouncement/ANNOUNCEMENTSTOCK/From_EREP/202506/e04f3c2515_bd9fc37c53.pdf,Laporan Penggunaan Dana Hasil Penawaran Umum [],MBMA,https://www.idx.co.id/StaticData/NewsAndAnnouncement/ANNOUNCEMENTSTOCK/From_EREP/202506/931222603f_2f622227ca.pdf,20250603_MBMA_Laporan Penggunaan Dana Hasil Penawaran Umum_31891226_lamp1.pdf,,
"05 Jun 2025
					20:21:06",https://www.idx.co.id/StaticData/NewsAndAnnouncement/ANNOUNCEMENTSTOCK/From_EREP/202506/219c8dff25_151606919a.pdf,Laporan Bulanan Registrasi Pemegang Efek [],MBMA,https://www.idx.co.id/StaticData/NewsAndAnnouncement/ANNOUNCEMENTSTOCK/From_EREP/202506/84d8bceea7_6dd7dc8610.pdf,20250605_MBMA_Laporan Bulanan Registrasi Pemegang Efek/Perubahan Struktur Pemegang Saham_31892589_lamp4.pdf,https://www.idx.co.id/StaticData/NewsAndAnnouncement/ANNOUNCEMENTSTOCK/From_EREP/202506/b13b1b1682_f72f43bbad.pdf,20250605_MBMA_Laporan Bulanan Registrasi Pemegang Efek/Perubahan Struktur Pemegang Saham_31892589_lamp2.pdf
"09 Jun 2025
					15:06:51",https://www.idx.co.id/StaticData/NewsAndAnnouncement/ANNOUNCEMENTSTOCK/From_EREP/202506/e952bf4c3f_638d211a3a.pdf,Penjelasan atas Volatilitas Transaksi [],MBMA,,,,
"11 Jun 2025
					20:48:19",https://www.idx.co.id/StaticData/NewsAndAnnouncement/ANNOUNCEMENTSTOCK/From_EREP/202506/5595de3d98_75bee79a67.pdf,Ringkasan Risalah Rapat Umum Para Pemegang Saham Tahunan [],MBMA,https://www.idx.co.id/StaticData/NewsAndAnnouncement/ANNOUNCEMENTSTOCK/From_EREP/202506/cbcb00e393_c954bf9b20.pdf,20250611_MBMA_Ringkasan Risalah/Risalah RUPS_31894332_lamp1.pdf,,
"11 Jun 2025
					20:57:26",https://www.idx.co.id/StaticData/NewsAndAnnouncement/ANNOUNCEMENTSTOCK/From_EREP/202506/5ecde72024_01c9893572.pdf,Perubahan Pengurus [],MBMA,,,,
"11 Jun 2025
					21:24:02",https://www.idx.co.id/StaticData/NewsAndAnnouncement/ANNOUNCEMENTSTOCK/From_EREP/202506/fdaf748ce3_4d1996c26e.pdf,Penyampaian Bukti Iklan Hasil RUPS [],MBMA,https://www.idx.co.id/StaticData/NewsAndAnnouncement/ANNOUNCEMENTSTOCK/From_EREP/202506/76cbc7e69f_a24a986344.pdf,20250611_MBMA_Penyampaian Bukti Iklan_31894355_lamp1.pdf,,
"30 Jun 2025
					22:18:57",https://www.idx.co.id/StaticData/NewsAndAnnouncement/ANNOUNCEMENTSTOCK/From_EREP/202506/20250630223331-54615-0/FinancialStatement-2025-I-MBMA.pdf,Penyampaian Laporan Keuangan Interim Auditan [],MBMA,https://www.idx.co.id/StaticData/NewsAndAnnouncement/ANNOUNCEMENTSTOCK/From_EREP/202506/20250630223331-54615-0/FinancialStatement-2025-I-MBMA.xlsx,FinancialStatement-2025-I-MBMA.xlsx,https://www.idx.co.id/StaticData/NewsAndAnnouncement/ANNOUNCEMENTSTOCK/From_EREP/202506/20250630223331-54615-0/FS%20MBMA%2031%20March%202025.pdf,FS MBMA 31 March 2025.pdf
"10 Jun 2025
					19:12:54",https://www.idx.co.id/StaticData/NewsAndAnnouncement/ANNOUNCEMENTSTOCK/From_EREP/202506/55a0723e69_806f8ca4f2.pdf,Laporan Bulanan Registrasi Pemegang Efek [],MDKA,https://www.idx.co.id/StaticData/NewsAndAnnouncement/ANNOUNCEMENTSTOCK/From_EREP/202506/798bb2df2e_3f72c3033c.pdf,20250609_MDKA_Laporan Bulanan Registrasi Pemegang Efek/Perubahan Struktur Pemegang Saham_31893224_lamp3.pdf,https://www.idx.co.id/StaticData/NewsAndAnnouncement/ANNOUNCEMENTSTOCK/From_EREP/202506/90ef5ad724_a4ef80a76b.pdf,20250609_MDKA_Laporan Bulanan Registrasi Pemegang Efek/Perubahan Struktur Pemegang Saham_31893224_lamp2.pdf
"11 Jun 2025
					20:15:19",https://www.idx.co.id/StaticData/NewsAndAnnouncement/ANNOUNCEMENTSTOCK/From_EREP/202506/331ffd825a_381efbd8e5.pdf,Ringkasan Risalah Rapat Umum Para Pemegang Saham Tahunan [],MDKA,https://www.idx.co.id/StaticData/NewsAndAnnouncement/ANNOUNCEMENTSTOCK/From_EREP/202506/338cb083f8_1230d59a6e.pdf,20250611_MDKA_Ringkasan Risalah/Risalah RUPS_31894257_lamp1.pdf,,
"11 Jun 2025
					20:36:07",https://www.idx.co.id/StaticData/NewsAndAnnouncement/ANNOUNCEMENTSTOCK/From_EREP/202506/aa8b7f1fbb_93eb3a1392.pdf,Perubahan Pengurus [],MDKA,,,,
"11 Jun 2025
					21:24:51",https://www.idx.co.id/StaticData/NewsAndAnnouncement/ANNOUNCEMENTSTOCK/From_EREP/202506/2b35eca3e7_98ce4fe40f.pdf,Penyampaian Bukti Iklan Hasil RUPS [],MDKA,https://www.idx.co.id/StaticData/NewsAndAnnouncement/ANNOUNCEMENTSTOCK/From_EREP/202506/cf5760b997_f30d494b31.pdf,20250611_MDKA_Penyampaian Bukti Iklan_31894354_lamp1.pdf,,
"30 Jun 2025
					20:48:17",https://www.idx.co.id/StaticData/NewsAndAnnouncement/ANNOUNCEMENTSTOCK/From_EREP/202506/57b03c0a27_0ca362173c.pdf,"Transaksi Afiliasi Perjanjian Penggunaan Jalan Akses, Layanan Pergudangan, dan Penyimpanan Lainnya yang dibuat oleh dan antara MAP dengan, masing-masing PETS, GSM, PBT, dan PIN []",MDKA,https://www.idx.co.id/StaticData/NewsAndAnnouncement/ANNOUNCEMENTSTOCK/From_EREP/202506/5eec4136f6_189312faa8.pdf,20250630_MDKA_Laporan Informasi dan Fakta Material_31909936_lamp1.pdf,,
"30 Jun 2025
					22:34:57",https://www.idx.co.id/StaticData/NewsAndAnnouncement/ANNOUNCEMENTSTOCK/From_EREP/202506/20250630224845-54635-0/FinancialStatement-2025-I-MDKA.pdf,Penyampaian Laporan Keuangan Interim Auditan [],MDKA,https://www.idx.co.id/StaticData/NewsAndAnnouncement/ANNOUNCEMENTSTOCK/From_EREP/202506/20250630224845-54635-0/Financial%20Statements%20MDKA%2031%20March%202025.pdf,Financial Statements MDKA 31 March 2025.pdf,https://www.idx.co.id/StaticData/NewsAndAnnouncement/ANNOUNCEMENTSTOCK/From_EREP/202506/20250630224845-54635-0/FinancialStatement-2025-I-MDKA.xlsx,FinancialStatement-2025-I-MDKA.xlsx
"03 Jun 2025
					17:18:39",https://www.idx.co.id/StaticData/NewsAndAnnouncement/ANNOUNCEMENTSTOCK/From_EREP/202506/8baa62e444_7f95211e83.pdf,PR_Hasil Rapat Umum Pemegang Saham Tahunan MedcoEnergi [],MEDC,https://www.idx.co.id/StaticData/NewsAndAnnouncement/ANNOUNCEMENTSTOCK/From_EREP/202506/5a4c1a2cb6_635ff544af.pdf,20250603_MEDC_Laporan Informasi dan Fakta Material_31891528_lamp1.pdf,https://www.idx.co.id/StaticData/NewsAndAnnouncement/ANNOUNCEMENTSTOCK/From_EREP/202506/d907bb2dcc_5c30a15f34.pdf,20250603_MEDC_Laporan Informasi dan Fakta Material_31891528_lamp2.pdf
"04 Jun 2025
					12:38:01",https://www.idx.co.id/StaticData/NewsAndAnnouncement/ANNOUNCEMENTSTOCK/From_EREP/202506/f55b5c1fff_4553e095fb.pdf,Hasil Penawaran Tender [],MEDC,https://www.idx.co.id/StaticData/NewsAndAnnouncement/ANNOUNCEMENTSTOCK/From_EREP/202506/ce546b9dbc_5d02ad5eeb.pdf,20250604_MEDC_Laporan Informasi dan Fakta Material_31891895_lamp1.pdf,,
"04 Jun 2025
					21:49:49",https://www.idx.co.id/StaticData/NewsAndAnnouncement/ANNOUNCEMENTSTOCK/From_EREP/202506/2dbce636b3_c57a0dc323.pdf,Ringkasan Risalah Rapat Umum Para Pemegang Saham Tahunan [],MEDC,https://www.idx.co.id/StaticData/NewsAndAnnouncement/ANNOUNCEMENTSTOCK/From_EREP/202506/1511be5ee7_8d2a4dce8f.pdf,20250604_MEDC_Ringkasan Risalah/Risalah RUPS_31892333_lamp2.pdf,https://www.idx.co.id/StaticData/NewsAndAnnouncement/ANNOUNCEMENTSTOCK/From_EREP/202506/4550334f84_d9817b8f2d.pdf,20250604_MEDC_Ringkasan Risalah/Risalah RUPS_31892333_lamp1.pdf
"04 Jun 2025
					22:31:08",https://www.idx.co.id/StaticData/NewsAndAnnouncement/ANNOUNCEMENTSTOCK/From_EREP/202506/09c6a6d4fd_696c56b9b6.pdf,Keterbukaan Informasi terkait Aksi Korporasi - Dividen Tunai - 04062025 [],MEDC,,,,
"10 Jun 2025
					15:01:02",https://www.idx.co.id/StaticData/NewsAndAnnouncement/ANNOUNCEMENTSTOCK/From_EREP/202506/e4cd6bd426_03ca2236ba.pdf,Penyelesaian Penawaran Tender [],MEDC,https://www.idx.co.id/StaticData/NewsAndAnnouncement/ANNOUNCEMENTSTOCK/From_EREP/202506/b9bde0c351_fa1f874967.pdf,20250610_MEDC_Laporan Informasi dan Fakta Material_31893700_lamp1.pdf,,
"10 Jun 2025
					15:21:37",https://www.idx.co.id/StaticData/NewsAndAnnouncement/ANNOUNCEMENTSTOCK/From_EREP/202506/8b1886c54b_a9cd9baa60.pdf,Laporan Bulanan Registrasi Pemegang Efek [],MEDC,https://www.idx.co.id/StaticData/NewsAndAnnouncement/ANNOUNCEMENTSTOCK/From_EREP/202506/95d7e6f796_bf507afe92.pdf,20250610_MEDC_Laporan Bulanan Registrasi Pemegang Efek/Perubahan Struktur Pemegang Saham_31893711_lamp2.pdf,https://www.idx.co.id/StaticData/NewsAndAnnouncement/ANNOUNCEMENTSTOCK/From_EREP/202506/b1564863ba_f540c11c63.pdf,20250610_MEDC_Laporan Bulanan Registrasi Pemegang Efek/Perubahan Struktur Pemegang Saham_31893711_lamp1.pdf
"12 Jun 2025
					22:17:38",https://www.idx.co.id/StaticData/NewsAndAnnouncement/ANNOUNCEMENTSTOCK/From_EREP/202506/bc87dc149d_1d3935bde6.pdf,Perjanjian Kredit Antarperusahaan antara MCT dan MEG [],MEDC,https://www.idx.co.id/StaticData/NewsAndAnnouncement/ANNOUNCEMENTSTOCK/From_EREP/202506/202c9b522c_56d4c5aee0.pdf,20250612_MEDC_Laporan Informasi dan Fakta Material_31894780_lamp1.pdf,,
"16 Jun 2025
					09:48:02",https://www.idx.co.id/StaticData/NewsAndAnnouncement/ANNOUNCEMENTSTOCK/From_EREP/202506/dc4b710bc3_fd786155c7.pdf,Press Release MedcoEnergi Capai Lifting Minyak Perdana dari Lapangan Migas Forel [],MEDC,https://www.idx.co.id/StaticData/NewsAndAnnouncement/ANNOUNCEMENTSTOCK/From_EREP/202506/afd85a01b5_a1a3151dc8.pdf,20250616_MEDC_Laporan Informasi dan Fakta Material_31895268_lamp1.pdf,https://www.idx.co.id/StaticData/NewsAndAnnouncement/ANNOUNCEMENTSTOCK/From_EREP/202506/c9662a4c62_29885f346a.pdf,20250616_MEDC_Laporan Informasi dan Fakta Material_31895268_lamp2.pdf
"17 Jun 2025
					21:13:42",https://www.idx.co.id/StaticData/NewsAndAnnouncement/ANNOUNCEMENTSTOCK/From_EREP/202506/8e3a4fe466_418c423c69.pdf,Siaran Media_MedcoEnergi Mulai Operasikan Pembangkit Listrik Tenaga Surya 25MWp di Bali Timur [],MEDC,https://www.idx.co.id/StaticData/NewsAndAnnouncement/ANNOUNCEMENTSTOCK/From_EREP/202506/0919253611_afb1053ddf.pdf,20250617_MEDC_Laporan Informasi dan Fakta Material_31896009_lamp2.pdf,https://www.idx.co.id/StaticData/NewsAndAnnouncement/ANNOUNCEMENTSTOCK/From_EREP/202506/854c9e2378_f8be4dcd77.pdf,20250617_MEDC_Laporan Informasi dan Fakta Material_31896009_lamp1.pdf
"18 Jun 2025
					10:03:04",https://www.idx.co.id/StaticData/NewsAndAnnouncement/ANNOUNCEMENTSTOCK/From_EREP/202506/21a01f74cb_f4f08db1a1.pdf,Pengumuman Kurs Tengah BI tanggal 17 Juni 2025 untuk DIviden Tunai MedcoEnergi [],MEDC,https://www.idx.co.id/StaticData/NewsAndAnnouncement/ANNOUNCEMENTSTOCK/From_EREP/202506/de17a662a3_39389ac986.pdf,20250618_MEDC_Laporan Informasi dan Fakta Material_31896189_lamp1.pdf,,
"18 Jun 2025
					14:33:15",https://www.idx.co.id/StaticData/NewsAndAnnouncement/ANNOUNCEMENTSTOCK/From_EREP/202506/8036aca18e_dd531a150d.pdf,Penyampaian Prospektus [],MEDC,https://www.idx.co.id/StaticData/NewsAndAnnouncement/ANNOUNCEMENTSTOCK/From_EREP/202506/6436a2c3a7_5564c2769a.pdf,20250618_MEDC_Penyampaian Prospektus/Informasi Tambahan_31896279_lamp1.pdf,https://www.idx.co.id/StaticData/NewsAndAnnouncement/ANNOUNCEMENTSTOCK/From_EREP/202506/82a4d57e86_615251f5d2.pdf,20250618_MEDC_Penyampaian Prospektus/Informasi Tambahan_31896279_lamp2.pdf
"25 Jun 2025
					16:07:07",https://www.idx.co.id/StaticData/NewsAndAnnouncement/ANNOUNCEMENTSTOCK/From_EREP/202506/e3faee4dee_8d89a78b23.pdf,Pengumuman Bursa Pencatatan Awal Obligasi dan Sukuk [],MEDC,https://www.idx.co.id/StaticData/NewsAndAnnouncement/ANNOUNCEMENTSTOCK/From_EREP/202506/35b96a38d3_6959d2c773.pdf,20250625_MEDC_Pengumuman Pencatatan Awal Obligasi dan Sukuk_31908581_lamp1.pdf,,
"26 Jun 2025
					13:44:21",https://www.idx.co.id/StaticData/NewsAndAnnouncement/ANNOUNCEMENTSTOCK/From_EREP/202506/9e8ebb43cf_b87bcaa3a5.pdf,Press Release MedcoEnergi Akuisisi Hak Partisipasi Repsol di PSC Corridor [],MEDC,https://www.idx.co.id/StaticData/NewsAndAnnouncement/ANNOUNCEMENTSTOCK/From_EREP/202506/5ba6b04f37_fc327f134f.pdf,20250626_MEDC_Laporan Informasi dan Fakta Material_31908977_lamp1.pdf,https://www.idx.co.id/StaticData/NewsAndAnnouncement/ANNOUNCEMENTSTOCK/From_EREP/202506/ac9c16302b_c9b1bedaca.pdf,20250626_MEDC_Laporan Informasi dan Fakta Material_31908977_lamp2.pdf
"27 Jun 2025
					20:05:23",https://www.idx.co.id/StaticData/NewsAndAnnouncement/ANNOUNCEMENTSTOCK/From_EREP/202506/98a9d9e9e0_f382b4daec.pdf,Press Release Presiden Prabowo Resmikan Operasi Komersial PLTP Ijen dan PLTS Bali Timur [],MEDC,https://www.idx.co.id/StaticData/NewsAndAnnouncement/ANNOUNCEMENTSTOCK/From_EREP/202506/382169fffb_9abe23b26e.pdf,20250627_MEDC_Laporan Informasi dan Fakta Material_31909296_lamp2.pdf,https://www.idx.co.id/StaticData/NewsAndAnnouncement/ANNOUNCEMENTSTOCK/From_EREP/202506/d77f34e98f_14fe97b86f.pdf,20250627_MEDC_Laporan Informasi dan Fakta Material_31909296_lamp1.pdf
"02 Jun 2025
					18:22:03",https://www.idx.co.id/StaticData/NewsAndAnnouncement/ANNOUNCEMENTSTOCK/From_EREP/202506/2804809100_120eb98645.pdf,Ringkasan Risalah Rapat Umum Para Pemegang Saham Tahunan [],PGAS,https://www.idx.co.id/StaticData/NewsAndAnnouncement/ANNOUNCEMENTSTOCK/From_EREP/202506/4fef788180_bbde8a4560.pdf,20250602_PGAS_Ringkasan Risalah/Risalah RUPS_31890964_lamp1.pdf,https://www.idx.co.id/StaticData/NewsAndAnnouncement/ANNOUNCEMENTSTOCK/From_EREP/202506/b62a79982a_110df55501.pdf,20250602_PGAS_Ringkasan Risalah/Risalah RUPS_31890964_lamp2.pdf
"02 Jun 2025
					19:19:01",https://www.idx.co.id/StaticData/NewsAndAnnouncement/ANNOUNCEMENTSTOCK/From_EREP/202506/8157705a06_817d1edba4.pdf,Keterbukaan Informasi terkait Aksi Korporasi - Dividen Tunai - 02062025 [],PGAS,https://www.idx.co.id/StaticData/NewsAndAnnouncement/ANNOUNCEMENTSTOCK/From_EREP/202506/eb68e79c27_3b7ae5c226.pdf,20250602_PGAS_Keterbukaan Informasi terkait Aksi Korporasi_31891002_lamp1.pdf,,
"02 Jun 2025
					19:55:15",https://www.idx.co.id/StaticData/NewsAndAnnouncement/ANNOUNCEMENTSTOCK/From_EREP/202506/d9d2fac473_11cf445116.pdf,Penyampaian Bukti Iklan Hasil RUPS [],PGAS,https://www.idx.co.id/StaticData/NewsAndAnnouncement/ANNOUNCEMENTSTOCK/From_EREP/202506/620821fdb8_4006d3ea42.pdf,20250602_PGAS_Penyampaian Bukti Iklan_31891019_lamp2.pdf,https://www.idx.co.id/StaticData/NewsAndAnnouncement/ANNOUNCEMENTSTOCK/From_EREP/202506/f7594e62a9_fee844ce36.pdf,20250602_PGAS_Penyampaian Bukti Iklan_31891019_lamp1.pdf
"02 Jun 2025
					20:04:19",https://www.idx.co.id/StaticData/NewsAndAnnouncement/ANNOUNCEMENTSTOCK/From_EREP/202506/7e6c5eee7d_b53563941d.pdf,Perubahan Pengurus [],PGAS,https://www.idx.co.id/StaticData/NewsAndAnnouncement/ANNOUNCEMENTSTOCK/From_EREP/202506/a2bfbb023f_d3f9efe407.pdf,20250602_PGAS_Perubahan Pengurus_31891015_lamp1.pdf,,
"05 Jun 2025
					16:14:34",https://www.idx.co.id/StaticData/NewsAndAnnouncement/ANNOUNCEMENTSTOCK/From_EREP/202506/9d4d6cfec7_17a05e7324.pdf,Laporan Bulanan Registrasi Pemegang Efek [],PGAS,https://www.idx.co.id/StaticData/NewsAndAnnouncement/ANNOUNCEMENTSTOCK/From_EREP/202506/26f3a43e20_e54f8753a5.pdf,20250605_PGAS_Laporan Bulanan Registrasi Pemegang Efek/Perubahan Struktur Pemegang Saham_31892891_lamp3.pdf,https://www.idx.co.id/StaticData/NewsAndAnnouncement/ANNOUNCEMENTSTOCK/From_EREP/202506/60433800bb_5cf76915f3.pdf,20250605_PGAS_Laporan Bulanan Registrasi Pemegang Efek/Perubahan Struktur Pemegang Saham_31892891_lamp1.pdf
"03 Jun 2025
					21:59:04",https://www.idx.co.id/StaticData/NewsAndAnnouncement/ANNOUNCEMENTSTOCK/From_EREP/202506/8d25ad12a0_7eb377c853.pdf,Pertamina Geothermal Energy Laporkan Kinerja Positif dalam Rapat Umum Pemegang Saham Tahunan (RUPST) Tahun Buku 2024 [],PGEO,https://www.idx.co.id/StaticData/NewsAndAnnouncement/ANNOUNCEMENTSTOCK/From_EREP/202506/975b044f5b_25841509d7.pdf,20250603_PGEO_Laporan Informasi dan Fakta Material_31891631_lamp1.pdf,,
"04 Jun 2025
					16:19:04",https://www.idx.co.id/StaticData/NewsAndAnnouncement/ANNOUNCEMENTSTOCK/From_EREP/202506/2ecee44678_9ca2c8b180.pdf,Perubahan dan/atau Tambahan Keterbukaan Informasi terkait Aksi Korporasi - Dividen Tunai - 04062025 [],PGEO,,,,
"05 Jun 2025
					20:00:22",https://www.idx.co.id/StaticData/NewsAndAnnouncement/ANNOUNCEMENTSTOCK/From_EREP/202506/c522abac4d_1797558025.pdf,Laporan Bulanan Registrasi Pemegang Efek [],PGEO,https://www.idx.co.id/StaticData/NewsAndAnnouncement/ANNOUNCEMENTSTOCK/From_EREP/202506/15c83a437d_f1fea07d35.pdf,20250605_PGEO_Laporan Bulanan Registrasi Pemegang Efek/Perubahan Struktur Pemegang Saham_31893083_lamp4.pdf,https://www.idx.co.id/StaticData/NewsAndAnnouncement/ANNOUNCEMENTSTOCK/From_EREP/202506/1c44c01644_6d4a02be1e.pdf,20250605_PGEO_Laporan Bulanan Registrasi Pemegang Efek/Perubahan Struktur Pemegang Saham_31893083_lamp3.pdf
"05 Jun 2025
					21:15:02",https://www.idx.co.id/StaticData/NewsAndAnnouncement/ANNOUNCEMENTSTOCK/From_EREP/202506/90f261a78a_9d68486cab.pdf,Perubahan Pengurus [],PGEO,https://www.idx.co.id/StaticData/NewsAndAnnouncement/ANNOUNCEMENTSTOCK/From_EREP/202506/203e0720c4_8bbae769a9.pdf,20250605_PGEO_Perubahan Pengurus_31893080_lamp1.pdf,,
"05 Jun 2025
					23:07:45",https://www.idx.co.id/StaticData/NewsAndAnnouncement/ANNOUNCEMENTSTOCK/From_EREP/202506/8f3d318320_c2b644e5c2.pdf,Ringkasan Risalah Rapat Umum Para Pemegang Saham Tahunan [],PGEO,https://www.idx.co.id/StaticData/NewsAndAnnouncement/ANNOUNCEMENTSTOCK/From_EREP/202506/3f9d3f9bb9_88b321296c.pdf,20250605_PGEO_Ringkasan Risalah/Risalah RUPS_31893101_lamp2.pdf,https://www.idx.co.id/StaticData/NewsAndAnnouncement/ANNOUNCEMENTSTOCK/From_EREP/202506/6ec9c085da_90ba829ed5.pdf,20250605_PGEO_Ringkasan Risalah/Risalah RUPS_31893101_lamp1.pdf
"05 Jun 2025
					23:17:33",https://www.idx.co.id/StaticData/NewsAndAnnouncement/ANNOUNCEMENTSTOCK/From_EREP/202506/2bc4a455ae_f6257966ea.pdf,Keterbukaan Informasi terkait Aksi Korporasi - Dividen Tunai - 05062025 [],PGEO,,,,
"10 Jun 2025
					23:01:27",https://www.idx.co.id/StaticData/NewsAndAnnouncement/ANNOUNCEMENTSTOCK/From_EREP/202506/a8080cf00a_b89ef0ae14.pdf,Penyampaian Bukti Iklan Hasil RUPS [],PGEO,https://www.idx.co.id/StaticData/NewsAndAnnouncement/ANNOUNCEMENTSTOCK/From_EREP/202506/502c24cc09_76d08475f9.pdf,20250610_PGEO_Penyampaian Bukti Iklan_31893955_lamp1.pdf,,
"16 Jun 2025
					15:30:00",https://www.idx.co.id/StaticData/NewsAndAnnouncement/ANNOUNCEMENTSTOCK/From_EREP/202506/5d99a47a92_efa9bd7038.pdf,Pencatatan Efek Bersifat Ekuitas dan Pra Pencatatan Saham (KOREKSI) [],PGEO,https://www.idx.co.id/StaticData/NewsAndAnnouncement/ANNOUNCEMENTSTOCK/From_EREP/202506/811e948089_053c62619c.pdf,20250613_PGEO_Pencatatan Efek Bersifat Ekuitas dan Pra Pencatatan Saham_31894939_lamp1.pdf,,
"16 Jun 2025
					18:05:02",https://www.idx.co.id/StaticData/NewsAndAnnouncement/ANNOUNCEMENTSTOCK/From_EREP/202506/294950ff10_963c3b309a.pdf,"PGE Lakukan Sinkronisasi Perdana PLTP Lumut Balai Unit 2, Siap Tambah 55 MW Energi Bersih ke Jaringan Listrik Nasional []",PGEO,,,,
"25 Jun 2025
					09:11:15",https://www.idx.co.id/StaticData/NewsAndAnnouncement/ANNOUNCEMENTSTOCK/From_EREP/202506/ebe9d3b4ac_6adaf7ee1f.pdf,Transaksi Afiliasi [],PGEO,https://www.idx.co.id/StaticData/NewsAndAnnouncement/ANNOUNCEMENTSTOCK/From_EREP/202506/1d20882f28_8aa7869d16.pdf,20250625_PGEO_Informasi Transaksi Afiliasi_31908377_lamp4.pdf,https://www.idx.co.id/StaticData/NewsAndAnnouncement/ANNOUNCEMENTSTOCK/From_EREP/202506/2468f15674_5c7cd9c3ba.pdf,20250625_PGEO_Informasi Transaksi Afiliasi_31908377_lamp1.pdf
"30 Jun 2025
					09:13:40",https://www.idx.co.id/StaticData/NewsAndAnnouncement/ANNOUNCEMENTSTOCK/From_EREP/202506/6a62da0240_b07b4dca46.pdf,"Presiden Prabowo Resmikan Proyek Energi Terbarukan di 15 Provinsi, PGE Mulai Eksplorasi PLTP Gunung Tiga 55 MW []",PGEO,,,,
"05 Jun 2025
					15:09:45",https://www.idx.co.id/StaticData/NewsAndAnnouncement/ANNOUNCEMENTSTOCK/From_EREP/202506/563356594d_f1dc5b8dfb.pdf,Laporan Bulanan Registrasi Pemegang Efek [],PTBA,https://www.idx.co.id/StaticData/NewsAndAnnouncement/ANNOUNCEMENTSTOCK/From_EREP/202506/02a9dc45fa_36e6e58c4d.pdf,20250605_PTBA_Laporan Bulanan Registrasi Pemegang Efek/Perubahan Struktur Pemegang Saham_31892820_lamp4.pdf,https://www.idx.co.id/StaticData/NewsAndAnnouncement/ANNOUNCEMENTSTOCK/From_EREP/202506/0b04af9920_a57c873a21.pdf,20250605_PTBA_Laporan Bulanan Registrasi Pemegang Efek/Perubahan Struktur Pemegang Saham_31892820_lamp3.pdf
"10 Jun 2025
					10:31:15",https://www.idx.co.id/StaticData/NewsAndAnnouncement/ANNOUNCEMENTSTOCK/From_EREP/202506/15698435bc_6eb2afd9ab.pdf,Keterbukaan Informasi [],PTBA,https://www.idx.co.id/StaticData/NewsAndAnnouncement/ANNOUNCEMENTSTOCK/From_EREP/202506/8d06829ccc_dd69faee54.pdf,20250610_PTBA_Laporan Informasi dan Fakta Material_31893459_lamp1.pdf,,
"13 Jun 2025
					22:27:23",https://www.idx.co.id/StaticData/NewsAndAnnouncement/ANNOUNCEMENTSTOCK/From_EREP/202506/aab44961b4_dbe02a0ecf.pdf,Ringkasan Risalah Rapat Umum Para Pemegang Saham Tahunan [],PTBA,https://www.idx.co.id/StaticData/NewsAndAnnouncement/ANNOUNCEMENTSTOCK/From_EREP/202506/4e8f6b6a7e_25be17bbae.pdf,20250613_PTBA_Ringkasan Risalah/Risalah RUPS_31895196_lamp1.pdf,,
"13 Jun 2025
					22:48:31",https://www.idx.co.id/StaticData/NewsAndAnnouncement/ANNOUNCEMENTSTOCK/From_EREP/202506/089c44ae94_fe556f5e6c.pdf,Keterbukaan Informasi terkait Aksi Korporasi - Dividen Tunai - 13062025 [],PTBA,https://www.idx.co.id/StaticData/NewsAndAnnouncement/ANNOUNCEMENTSTOCK/From_EREP/202506/2854f6cc19_9a6364971b.pdf,20250613_PTBA_Keterbukaan Informasi terkait Aksi Korporasi_31895203_lamp1.pdf,,
"13 Jun 2025
					22:59:02",https://www.idx.co.id/StaticData/NewsAndAnnouncement/ANNOUNCEMENTSTOCK/From_EREP/202506/5d757ed5c5_a6b4f92ebe.pdf,Penyampaian Bukti Iklan Hasil RUPS [],PTBA,https://www.idx.co.id/StaticData/NewsAndAnnouncement/ANNOUNCEMENTSTOCK/From_EREP/202506/688ce10eb1_b246d35229.pdf,20250613_PTBA_Penyampaian Bukti Iklan_31895205_lamp1.pdf,https://www.idx.co.id/StaticData/NewsAndAnnouncement/ANNOUNCEMENTSTOCK/From_EREP/202506/8e6b087657_daf94bcbf5.pdf,20250613_PTBA_Penyampaian Bukti Iklan_31895205_lamp2.pdf
"16 Jun 2025
					14:21:09",https://www.idx.co.id/StaticData/NewsAndAnnouncement/ANNOUNCEMENTSTOCK/From_EREP/202506/5012753be6_6dd38a86a4.pdf,Perubahan Komite Nominasi dan Remunerasi Emiten atau Perusahaan Publik [],PTBA,https://www.idx.co.id/StaticData/NewsAndAnnouncement/ANNOUNCEMENTSTOCK/From_EREP/202506/5c6931e61e_67fe523e9e.pdf,20250616_PTBA_Perubahan Corsec Komite Audit Alamat NPWP Internal Audit_31895383_lamp1.pdf,,
"16 Jun 2025
					14:26:19",https://www.idx.co.id/StaticData/NewsAndAnnouncement/ANNOUNCEMENTSTOCK/From_EREP/202506/d8c8345a94_86ef110426.pdf,Perubahan Komite Audit [],PTBA,https://www.idx.co.id/StaticData/NewsAndAnnouncement/ANNOUNCEMENTSTOCK/From_EREP/202506/4fa969dc2f_e431735690.pdf,20250616_PTBA_Perubahan Corsec Komite Audit Alamat NPWP Internal Audit_31895388_lamp1.pdf,,
"16 Jun 2025
					14:31:56",https://www.idx.co.id/StaticData/NewsAndAnnouncement/ANNOUNCEMENTSTOCK/From_EREP/202506/7b3b0e4f8c_e9b8d7e440.pdf,Perubahan Komite Nominasi dan Remunerasi Emiten atau Perusahaan Publik (KOREKSI) [],PTBA,https://www.idx.co.id/StaticData/NewsAndAnnouncement/ANNOUNCEMENTSTOCK/From_EREP/202506/9aa42e9247_b286cf94a6.pdf,20250616_PTBA_Perubahan Corsec Komite Audit Alamat NPWP Internal Audit_31895393_lamp1.pdf,,
"30 Jun 2025
					15:20:09",https://www.idx.co.id/StaticData/NewsAndAnnouncement/ANNOUNCEMENTSTOCK/From_EREP/202506/6e6ce9e3e6_f39145a026.pdf,Transaksi Afiliasi [],PTBA,https://www.idx.co.id/StaticData/NewsAndAnnouncement/ANNOUNCEMENTSTOCK/From_EREP/202506/4d2cd32956_d8630ab10d.pdf,20250630_PTBA_Informasi Transaksi Afiliasi_31909682_lamp4.pdf,https://www.idx.co.id/StaticData/NewsAndAnnouncement/ANNOUNCEMENTSTOCK/From_EREP/202506/8b893dade1_5128cb9681.pdf,20250630_PTBA_Informasi Transaksi Afiliasi_31909682_lamp1.pdf
"02 Jun 2025
					17:31:33",https://www.idx.co.id/StaticData/NewsAndAnnouncement/ANNOUNCEMENTSTOCK/From_EREP/202506/09bd3d031c_b60e5fd30c.pdf,Pemegang Saham di atas 5% (KSEI) [],Semua Emiten Saham,https://www.idx.co.id/StaticData/NewsAndAnnouncement/ANNOUNCEMENTSTOCK/From_EREP/202506/1b9c82033f_afb2dfa5c6.pdf,20250602_Semua Emiten Saham_Pengumuman Bursa_31890750_lamp1.pdf,,
"03 Jun 2025
					15:25:34",https://www.idx.co.id/StaticData/NewsAndAnnouncement/ANNOUNCEMENTSTOCK/From_EREP/202506/0d5a1910fc_19e10c7dfb.pdf,Pemegang Saham di atas 5% (KSEI) [],Semua Emiten Saham,https://www.idx.co.id/StaticData/NewsAndAnnouncement/ANNOUNCEMENTSTOCK/From_EREP/202506/8e7544d00e_fa11bc747b.pdf,20250603_Semua Emiten Saham_Pengumuman Bursa_31891253_lamp1.pdf,,
"04 Jun 2025
					16:31:59",https://www.idx.co.id/StaticData/NewsAndAnnouncement/ANNOUNCEMENTSTOCK/From_EREP/202506/ec8ef3202d_bcd9dcdd0d.pdf,Pemegang Saham di atas 5% (KSEI) [],Semua Emiten Saham,https://www.idx.co.id/StaticData/NewsAndAnnouncement/ANNOUNCEMENTSTOCK/From_EREP/202506/137bc291b6_54d31864e4.pdf,20250604_Semua Emiten Saham_Pengumuman Bursa_31891903_lamp1.pdf,,
"05 Jun 2025
					15:53:13",https://www.idx.co.id/StaticData/NewsAndAnnouncement/ANNOUNCEMENTSTOCK/From_EREP/202506/85124b1c7c_dc6be982f4.pdf,Laporan Kepemilikan Saham [],Semua Emiten Saham,https://www.idx.co.id/StaticData/NewsAndAnnouncement/ANNOUNCEMENTSTOCK/From_EREP/202506/a19cb0ef7a_76c2ef3a06.pdf,20250605_Semua Emiten Saham_Pengumuman Bursa_31892678_lamp1.pdf,,
"10 Jun 2025
					15:38:37",https://www.idx.co.id/StaticData/NewsAndAnnouncement/ANNOUNCEMENTSTOCK/From_EREP/202506/6b0814b705_778ca7d933.pdf,Pemegang Saham di atas 5% (KSEI) [],Semua Emiten Saham,https://www.idx.co.id/StaticData/NewsAndAnnouncement/ANNOUNCEMENTSTOCK/From_EREP/202506/32b6ad0698_9f847da5cd.pdf,20250610_Semua Emiten Saham_Pengumuman Bursa_31893592_lamp1.pdf,,
"11 Jun 2025
					16:11:27",https://www.idx.co.id/StaticData/NewsAndAnnouncement/ANNOUNCEMENTSTOCK/From_EREP/202506/4dda4bae63_8990ffb2cc.pdf,Pemegang Saham di atas 5% (KSEI) [],Semua Emiten Saham,https://www.idx.co.id/StaticData/NewsAndAnnouncement/ANNOUNCEMENTSTOCK/From_EREP/202506/22d6130669_d9f9b8abf1.pdf,20250611_Semua Emiten Saham_Pengumuman Bursa_31894056_lamp1.pdf,,
"12 Jun 2025
					15:06:15",https://www.idx.co.id/StaticData/NewsAndAnnouncement/ANNOUNCEMENTSTOCK/From_EREP/202506/50b1d199c8_ab84e8f9ba.pdf,Pemegang Saham di atas 5% (KSEI) [],Semua Emiten Saham,https://www.idx.co.id/StaticData/NewsAndAnnouncement/ANNOUNCEMENTSTOCK/From_EREP/202506/1f67fcf20c_62fb596c74.pdf,20250612_Semua Emiten Saham_Pengumuman Bursa_31894519_lamp1.pdf,,
"13 Jun 2025
					16:44:34",https://www.idx.co.id/StaticData/NewsAndAnnouncement/ANNOUNCEMENTSTOCK/From_EREP/202506/6ad561b860_736d838bc6.pdf,Pemegang Saham di atas 5% (KSEI) [],Semua Emiten Saham,https://www.idx.co.id/StaticData/NewsAndAnnouncement/ANNOUNCEMENTSTOCK/From_EREP/202506/add5820085_1fcdc21641.pdf,20250613_Semua Emiten Saham_Pengumuman Bursa_31894883_lamp1.pdf,,
"16 Jun 2025
					14:32:45",https://www.idx.co.id/StaticData/NewsAndAnnouncement/ANNOUNCEMENTSTOCK/From_EREP/202506/f2eaf9db09_370df48d41.pdf,Pemegang Saham di atas 5% (KSEI) [],Semua Emiten Saham,https://www.idx.co.id/StaticData/NewsAndAnnouncement/ANNOUNCEMENTSTOCK/From_EREP/202506/1233f785d0_76310208b9.pdf,20250616_Semua Emiten Saham_Pengumuman Bursa_31895337_lamp1.pdf,,
"19 Jun 2025
					08:17:18",https://www.idx.co.id/StaticData/NewsAndAnnouncement/ANNOUNCEMENTSTOCK/From_EREP/202506/eccb7a50f9_b81b986c33.pdf,Pemegang Saham di atas 5% (KSEI) [],Semua Emiten Saham,https://www.idx.co.id/StaticData/NewsAndAnnouncement/ANNOUNCEMENTSTOCK/From_EREP/202506/810ad1daa2_6917e87f73.pdf,20250619_Semua Emiten Saham_Pengumuman Bursa_31896474_lamp1.pdf,,
"19 Jun 2025
					16:50:37",https://www.idx.co.id/StaticData/NewsAndAnnouncement/ANNOUNCEMENTSTOCK/From_EREP/202506/0da046de20_1020791e5e.pdf,Pemegang Saham di atas 5% (KSEI) [],Semua Emiten Saham,https://www.idx.co.id/StaticData/NewsAndAnnouncement/ANNOUNCEMENTSTOCK/From_EREP/202506/620f29c284_56d6903362.pdf,20250619_Semua Emiten Saham_Pengumuman Bursa_31896761_lamp1.pdf,,
"20 Jun 2025
					16:58:45",https://www.idx.co.id/StaticData/NewsAndAnnouncement/ANNOUNCEMENTSTOCK/From_EREP/202506/9db0019775_606daf42bd.pdf,Pemegang Saham di atas 5% (KSEI) [],Semua Emiten Saham,https://www.idx.co.id/StaticData/NewsAndAnnouncement/ANNOUNCEMENTSTOCK/From_EREP/202506/59e13d3f45_9a1f3e935e.pdf,20250620_Semua Emiten Saham_Pengumuman Bursa_31897229_lamp1.pdf,,
"23 Jun 2025
					16:08:02",https://www.idx.co.id/StaticData/NewsAndAnnouncement/ANNOUNCEMENTSTOCK/From_EREP/202506/acddf97b7b_b92067d8d9.pdf,Pemegang Saham di atas 5% (KSEI) [],Semua Emiten Saham,https://www.idx.co.id/StaticData/NewsAndAnnouncement/ANNOUNCEMENTSTOCK/From_EREP/202506/7aa8edddde_13ffd571d2.pdf,20250623_Semua Emiten Saham_Pengumuman Bursa_31907624_lamp1.pdf,,
"23 Jun 2025
					18:17:37",https://www.idx.co.id/StaticData/NewsAndAnnouncement/ANNOUNCEMENTSTOCK/From_EREP/202506/c85d5ef4b0_0250342049.pdf,Penghentian Sementara Perdagangan Efek [],Semua Emiten Saham,https://www.idx.co.id/StaticData/NewsAndAnnouncement/ANNOUNCEMENTSTOCK/From_EREP/202506/293cdf91c4_bae7069f6b.pdf,20250623_Semua Emiten Saham_Pengumuman Bursa_31907693_lamp1.pdf,,
"25 Jun 2025
					14:15:57",https://www.idx.co.id/StaticData/NewsAndAnnouncement/ANNOUNCEMENTSTOCK/From_EREP/202506/9762a9633f_209ad9d12e.pdf,Pemegang Saham di atas 5% (KSEI) [],Semua Emiten Saham,https://www.idx.co.id/StaticData/NewsAndAnnouncement/ANNOUNCEMENTSTOCK/From_EREP/202506/d75e3fed46_94a82e83aa.pdf,20250625_Semua Emiten Saham_Pengumuman Bursa_31908507_lamp1.pdf,,
"25 Jun 2025
					14:21:34",https://www.idx.co.id/StaticData/NewsAndAnnouncement/ANNOUNCEMENTSTOCK/From_EREP/202506/952b6ab240_acddbbb9da.pdf,Pemegang Saham di atas 5% (KSEI) [],Semua Emiten Saham,https://www.idx.co.id/StaticData/NewsAndAnnouncement/ANNOUNCEMENTSTOCK/From_EREP/202506/4c726feb27_8ad86371d4.pdf,20250625_Semua Emiten Saham_Pengumuman Bursa_31908510_lamp1.pdf,,
"26 Jun 2025
					16:51:00",https://www.idx.co.id/StaticData/NewsAndAnnouncement/ANNOUNCEMENTSTOCK/From_EREP/202506/5ae04a9d5a_1d74cfa202.pdf,Pemegang Saham di atas 5% (KSEI) [],Semua Emiten Saham,https://www.idx.co.id/StaticData/NewsAndAnnouncement/ANNOUNCEMENTSTOCK/From_EREP/202506/271c46f1d4_2a8a7b019f.pdf,20250626_Semua Emiten Saham_Pengumuman Bursa_31909013_lamp1.pdf,,
"30 Jun 2025
					13:43:50",https://www.idx.co.id/StaticData/NewsAndAnnouncement/ANNOUNCEMENTSTOCK/From_EREP/202506/da01b60c9f_22f30425d2.pdf,Pemegang Saham di atas 5% (KSEI) [],Semua Emiten Saham,https://www.idx.co.id/StaticData/NewsAndAnnouncement/ANNOUNCEMENTSTOCK/From_EREP/202506/56d58d3fa5_aba31a9d62.pdf,20250630_Semua Emiten Saham_Pengumuman Bursa_31909545_lamp1.pdf,,
"04 Jun 2025
					10:54:28",https://www.idx.co.id/StaticData/NewsAndAnnouncement/ANNOUNCEMENTSTOCK/From_EREP/202506/7ab7f2f48e_19375ccdfd.pdf,Laporan Bulanan Registrasi Pemegang Efek [],SIDO,https://www.idx.co.id/StaticData/NewsAndAnnouncement/ANNOUNCEMENTSTOCK/From_EREP/202506/00f4bbe3ec_e90ff8528c.pdf,20250604_SIDO_Laporan Bulanan Registrasi Pemegang Efek/Perubahan Struktur Pemegang Saham_31891703_lamp2.pdf,https://www.idx.co.id/StaticData/NewsAndAnnouncement/ANNOUNCEMENTSTOCK/From_EREP/202506/db0575a8b0_6d6486e5c2.pdf,20250604_SIDO_Laporan Bulanan Registrasi Pemegang Efek/Perubahan Struktur Pemegang Saham_31891703_lamp1.pdf
"20 Jun 2025
					13:28:03",https://www.idx.co.id/StaticData/NewsAndAnnouncement/ANNOUNCEMENTSTOCK/From_EREP/202506/8f392af0cf_ab3e0cf7b1.pdf,Keterbukaan Informasi Pembelian Kembali Saham Perseroan [],SIDO,https://www.idx.co.id/StaticData/NewsAndAnnouncement/ANNOUNCEMENTSTOCK/From_EREP/202506/623fd07355_1b8eb1c39c.pdf,20250620_SIDO_Laporan Informasi dan Fakta Material_31897039_lamp1.pdf,https://www.idx.co.id/StaticData/NewsAndAnnouncement/ANNOUNCEMENTSTOCK/From_EREP/202506/8447251b69_1359115b96.pdf,20250620_SIDO_Laporan Informasi dan Fakta Material_31897039_lamp2.pdf
"09 Jun 2025
					22:02:05",https://www.idx.co.id/StaticData/NewsAndAnnouncement/ANNOUNCEMENTSTOCK/From_EREP/202506/4466f96653_9f71bcf0af.pdf,Laporan Bulanan Registrasi Pemegang Efek [],SMGR,https://www.idx.co.id/StaticData/NewsAndAnnouncement/ANNOUNCEMENTSTOCK/From_EREP/202506/3997fc4be3_2380b1f40a.pdf,20250609_SMGR_Laporan Bulanan Registrasi Pemegang Efek/Perubahan Struktur Pemegang Saham_31893190_lamp1.pdf,,
"13 Jun 2025
					23:09:57",https://www.idx.co.id/StaticData/NewsAndAnnouncement/ANNOUNCEMENTSTOCK/From_EREP/202506/d4ecf157bb_5586b76542.pdf,Perubahan Komite Audit [],SMGR,https://www.idx.co.id/StaticData/NewsAndAnnouncement/ANNOUNCEMENTSTOCK/From_EREP/202506/7ba34f70ea_9178aaa9d0.pdf,20250613_SMGR_Perubahan Corsec Komite Audit Alamat NPWP Internal Audit_31894937_lamp2.pdf,https://www.idx.co.id/StaticData/NewsAndAnnouncement/ANNOUNCEMENTSTOCK/From_EREP/202506/b7ab600e3a_121f5b6147.pdf,20250613_SMGR_Perubahan Corsec Komite Audit Alamat NPWP Internal Audit_31894937_lamp1.pdf
"24 Jun 2025
					15:21:22",https://www.idx.co.id/StaticData/NewsAndAnnouncement/ANNOUNCEMENTSTOCK/From_EREP/202506/3bd6020eda_499a7a78f8.pdf,Penyampaian Bukti Iklan Hasil RUPS [],SMGR,https://www.idx.co.id/StaticData/NewsAndAnnouncement/ANNOUNCEMENTSTOCK/From_EREP/202506/e2e1911a17_2d20a61205.pdf,20250624_SMGR_Penyampaian Bukti Iklan_31908100_lamp1.pdf,,
"05 Jun 2025
					16:14:10",https://www.idx.co.id/StaticData/NewsAndAnnouncement/ANNOUNCEMENTSTOCK/From_EREP/202506/46a71a3197_7c6e6519bc.pdf,Penyampaian Materi Public Expose - Tahunan [],SMRA,https://www.idx.co.id/StaticData/NewsAndAnnouncement/ANNOUNCEMENTSTOCK/From_EREP/202506/ea44aa2c42_e940634263.pdf,20250605_SMRA_Public Expose_31892702_lamp1.pdf,,
"09 Jun 2025
					14:44:46",https://www.idx.co.id/StaticData/NewsAndAnnouncement/ANNOUNCEMENTSTOCK/From_EREP/202506/32b5a071b4_cae7d5b60d.pdf,Laporan Bulanan Registrasi Pemegang Efek [],SMRA,https://www.idx.co.id/StaticData/NewsAndAnnouncement/ANNOUNCEMENTSTOCK/From_EREP/202506/1fa9036749_5f54e6c7f2.pdf,20250605_SMRA_Laporan Bulanan Registrasi Pemegang Efek/Perubahan Struktur Pemegang Saham_31893029_lamp1.pdf,,
"16 Jun 2025
					17:51:53",https://www.idx.co.id/StaticData/NewsAndAnnouncement/ANNOUNCEMENTSTOCK/From_EREP/202506/3e9fd90098_821cc27819.pdf,Laporan Hasil Public Expose - Tahunan [],SMRA,https://www.idx.co.id/StaticData/NewsAndAnnouncement/ANNOUNCEMENTSTOCK/From_EREP/202506/1118222e36_0619236349.pdf,20250616_SMRA_Public Expose_31895542_lamp1.pdf,https://www.idx.co.id/StaticData/NewsAndAnnouncement/ANNOUNCEMENTSTOCK/From_EREP/202506/3c79e3a55a_22acf00387.pdf,20250616_SMRA_Public Expose_31895542_lamp3.pdf
"16 Jun 2025
					19:22:35",https://www.idx.co.id/StaticData/NewsAndAnnouncement/ANNOUNCEMENTSTOCK/From_EREP/202506/39e29e2064_c3596ffd5e.pdf,Perubahan Komite Audit [],SMRA,https://www.idx.co.id/StaticData/NewsAndAnnouncement/ANNOUNCEMENTSTOCK/From_EREP/202506/c56b634bdd_3d0bb1a8a6.pdf,20250616_SMRA_Perubahan Corsec Komite Audit Alamat NPWP Internal Audit_31895591_lamp1.pdf,,
"16 Jun 2025
					19:28:21",https://www.idx.co.id/StaticData/NewsAndAnnouncement/ANNOUNCEMENTSTOCK/From_EREP/202506/effc66ddbd_2e499822b0.pdf,Ringkasan Risalah Rapat Umum Para Pemegang Saham Tahunan [],SMRA,https://www.idx.co.id/StaticData/NewsAndAnnouncement/ANNOUNCEMENTSTOCK/From_EREP/202506/cd29cc856b_2597151f18.pdf,20250616_SMRA_Ringkasan Risalah/Risalah RUPS_31895596_lamp1.pdf,https://www.idx.co.id/StaticData/NewsAndAnnouncement/ANNOUNCEMENTSTOCK/From_EREP/202506/fdfbbe6b92_10b6022d5c.pdf,20250616_SMRA_Ringkasan Risalah/Risalah RUPS_31895596_lamp2.pdf
"16 Jun 2025
					20:03:23",https://www.idx.co.id/StaticData/NewsAndAnnouncement/ANNOUNCEMENTSTOCK/From_EREP/202506/ac367f5d45_ac31fe6608.pdf,Keterbukaan Informasi terkait Aksi Korporasi - Dividen Tunai - 16062025 [],SMRA,https://www.idx.co.id/StaticData/NewsAndAnnouncement/ANNOUNCEMENTSTOCK/From_EREP/202506/21c0ad0c27_4f086e2216.pdf,20250616_SMRA_Keterbukaan Informasi terkait Aksi Korporasi_31895603_lamp1.pdf,,
"16 Jun 2025
					23:14:11",https://www.idx.co.id/StaticData/NewsAndAnnouncement/ANNOUNCEMENTSTOCK/From_EREP/202506/840fdb827b_5e22606755.pdf,Penyampaian Bukti Iklan Hasil RUPS [],SMRA,https://www.idx.co.id/StaticData/NewsAndAnnouncement/ANNOUNCEMENTSTOCK/From_EREP/202506/bed66b97e9_ef25e2edd9.pdf,20250616_SMRA_Penyampaian Bukti Iklan_31895605_lamp1.pdf,,
"17 Jun 2025
					18:48:35",https://www.idx.co.id/StaticData/NewsAndAnnouncement/ANNOUNCEMENTSTOCK/From_EREP/202506/48a27f9dc0_cdb60f917c.pdf,Pendirian 2 Perusahaan Patungan [],SMRA,https://www.idx.co.id/StaticData/NewsAndAnnouncement/ANNOUNCEMENTSTOCK/From_EREP/202506/585048b084_21c6018e58.pdf,20250617_SMRA_Laporan Informasi dan Fakta Material_31895987_lamp2.pdf,https://www.idx.co.id/StaticData/NewsAndAnnouncement/ANNOUNCEMENTSTOCK/From_EREP/202506/ab76546f7e_73484c72a9.pdf,20250617_SMRA_Laporan Informasi dan Fakta Material_31895987_lamp1.pdf
"17 Jun 2025
					18:49:10",https://www.idx.co.id/StaticData/NewsAndAnnouncement/ANNOUNCEMENTSTOCK/From_EREP/202506/9931d247c7_a65e54ab72.pdf,Laporan Transaksi Afiliasi [],SMRA,https://www.idx.co.id/StaticData/NewsAndAnnouncement/ANNOUNCEMENTSTOCK/From_EREP/202506/1fc6c9415b_7881db7259.pdf,20250617_SMRA_Laporan Informasi dan Fakta Material_31895977_lamp4.pdf,https://www.idx.co.id/StaticData/NewsAndAnnouncement/ANNOUNCEMENTSTOCK/From_EREP/202506/4628795861_ddb2e3064a.pdf,20250617_SMRA_Laporan Informasi dan Fakta Material_31895977_lamp1.pdf
"24 Jun 2025
					19:51:49",https://www.idx.co.id/StaticData/NewsAndAnnouncement/ANNOUNCEMENTSTOCK/From_EREP/202506/51fcda8273_89bbe9c2fd.pdf,Laporan Transaksi Afiliasi [],SMRA,https://www.idx.co.id/StaticData/NewsAndAnnouncement/ANNOUNCEMENTSTOCK/From_EREP/202506/37913f1f54_612b222818.pdf,20250624_SMRA_Laporan Informasi dan Fakta Material_31908307_lamp1.pdf,,
"25 Jun 2025
					15:24:16",https://www.idx.co.id/StaticData/NewsAndAnnouncement/ANNOUNCEMENTSTOCK/From_EREP/202506/2f392a8e83_515b19d0ec.pdf,Laporan Transaksi Afiliasi  [],SMRA,https://www.idx.co.id/StaticData/NewsAndAnnouncement/ANNOUNCEMENTSTOCK/From_EREP/202506/5e8275241b_2e5f757b54.pdf,20250625_SMRA_Laporan Informasi dan Fakta Material_31908540_lamp1.pdf,,
"26 Jun 2025
					10:59:40",https://www.idx.co.id/StaticData/NewsAndAnnouncement/ANNOUNCEMENTSTOCK/From_EREP/202506/a091003a5f_0d8c381fb6.pdf,Laporan Transaksi Afiliasi [],SMRA,https://www.idx.co.id/StaticData/NewsAndAnnouncement/ANNOUNCEMENTSTOCK/From_EREP/202506/65101cd14f_38ea11c676.pdf,20250626_SMRA_Laporan Informasi dan Fakta Material_31908909_lamp1.pdf,,
"26 Jun 2025
					23:43:08",https://www.idx.co.id/StaticData/NewsAndAnnouncement/ANNOUNCEMENTSTOCK/From_EREP/202506/1506345d03_fea2d7001e.pdf,Laporan Transaksi Afiliasi [],SMRA,https://www.idx.co.id/StaticData/NewsAndAnnouncement/ANNOUNCEMENTSTOCK/From_EREP/202506/7cd8071175_c8eff4d745.pdf,20250626_SMRA_Laporan Informasi dan Fakta Material_31909284_lamp1.pdf,,
"02 Jun 2025
					22:09:57",https://www.idx.co.id/StaticData/NewsAndAnnouncement/ANNOUNCEMENTSTOCK/From_EREP/202506/6f7536cd5d_918e3a68c2.pdf,Ringkasan Risalah Rapat Umum Para Pemegang Saham Tahunan [],TLKM,https://www.idx.co.id/StaticData/NewsAndAnnouncement/ANNOUNCEMENTSTOCK/From_EREP/202506/76940a2e3f_5cb74a7ac5.pdf,20250602_TLKM_Ringkasan Risalah/Risalah RUPS_31891035_lamp1.pdf,https://www.idx.co.id/StaticData/NewsAndAnnouncement/ANNOUNCEMENTSTOCK/From_EREP/202506/dd7f5695dc_e618b6206e.pdf,20250602_TLKM_Ringkasan Risalah/Risalah RUPS_31891035_lamp2.pdf
"02 Jun 2025
					22:26:31",https://www.idx.co.id/StaticData/NewsAndAnnouncement/ANNOUNCEMENTSTOCK/From_EREP/202506/25cf9884c7_3b4852bb28.pdf,Keterbukaan Informasi terkait Aksi Korporasi - Dividen Tunai - 02062025 [],TLKM,https://www.idx.co.id/StaticData/NewsAndAnnouncement/ANNOUNCEMENTSTOCK/From_EREP/202506/059c31d25b_c6aaf4915a.pdf,20250602_TLKM_Keterbukaan Informasi terkait Aksi Korporasi_31891039_lamp2.pdf,https://www.idx.co.id/StaticData/NewsAndAnnouncement/ANNOUNCEMENTSTOCK/From_EREP/202506/f7025eb5c8_4e6eed6286.pdf,20250602_TLKM_Keterbukaan Informasi terkait Aksi Korporasi_31891039_lamp1.pdf
"02 Jun 2025
					22:44:42",https://www.idx.co.id/StaticData/NewsAndAnnouncement/ANNOUNCEMENTSTOCK/From_EREP/202506/e8ba8a7dfd_dcaf8a7408.pdf,Perubahan Pengurus [],TLKM,https://www.idx.co.id/StaticData/NewsAndAnnouncement/ANNOUNCEMENTSTOCK/From_EREP/202506/60dce7dedd_b26878938c.pdf,20250602_TLKM_Perubahan Pengurus_31891044_lamp2.pdf,https://www.idx.co.id/StaticData/NewsAndAnnouncement/ANNOUNCEMENTSTOCK/From_EREP/202506/d87ef03f3f_99ed73fb2a.pdf,20250602_TLKM_Perubahan Pengurus_31891044_lamp1.pdf
"04 Jun 2025
					16:02:33",https://www.idx.co.id/StaticData/NewsAndAnnouncement/ANNOUNCEMENTSTOCK/From_EREP/202506/8dc00d4579_66167203f2.pdf,Saham Hilang [],TLKM,https://www.idx.co.id/StaticData/NewsAndAnnouncement/ANNOUNCEMENTSTOCK/From_EREP/202506/0fc764f9d8_0466d22c9d.pdf,20250604_TLKM_Pengumuman Bursa_31892016_lamp1.pdf,,
"10 Jun 2025
					19:54:06",https://www.idx.co.id/StaticData/NewsAndAnnouncement/ANNOUNCEMENTSTOCK/From_EREP/202506/5b71337aa9_e19773891a.pdf,Laporan Bulanan Registrasi Pemegang Efek [],TLKM,https://www.idx.co.id/StaticData/NewsAndAnnouncement/ANNOUNCEMENTSTOCK/From_EREP/202506/dbf7fea793_c0f3e9ed9c.pdf,20250610_TLKM_Laporan Bulanan Registrasi Pemegang Efek/Perubahan Struktur Pemegang Saham_31893753_lamp1.pdf,,
"13 Jun 2025
					15:36:49",https://www.idx.co.id/StaticData/NewsAndAnnouncement/ANNOUNCEMENTSTOCK/From_EREP/202506/a44f08afdb_80127d2efc.pdf,Perubahan Komite Audit [],TLKM,https://www.idx.co.id/StaticData/NewsAndAnnouncement/ANNOUNCEMENTSTOCK/From_EREP/202506/cc6ae36525_e232910945.pdf,20250613_TLKM_Perubahan Corsec Komite Audit Alamat NPWP Internal Audit_31894967_lamp1.pdf,https://www.idx.co.id/StaticData/NewsAndAnnouncement/ANNOUNCEMENTSTOCK/From_EREP/202506/ee7b83de83_a8f4e5b9ac.pdf,20250613_TLKM_Perubahan Corsec Komite Audit Alamat NPWP Internal Audit_31894967_lamp2.pdf
"17 Jun 2025
					15:40:54",https://www.idx.co.id/StaticData/NewsAndAnnouncement/ANNOUNCEMENTSTOCK/From_EREP/202506/197ea7966d_27f5f264cb.pdf,Penerbitan SKS Pengganti Karena Hilang PT Telkom Indonesia (Persero) Tbk [],TLKM,https://www.idx.co.id/StaticData/NewsAndAnnouncement/ANNOUNCEMENTSTOCK/From_EREP/202506/8b435c1559_b5f9f8ce67.pdf,20250617_TLKM_Pengumuman Bursa_31895861_lamp1.pdf,,
"20 Jun 2025
					14:08:42",https://www.idx.co.id/StaticData/NewsAndAnnouncement/ANNOUNCEMENTSTOCK/From_EREP/202506/61524af402_0503939536.pdf,Jatuh Tempo Obligasi / Sukuk Korporasi [],TLKM,https://www.idx.co.id/StaticData/NewsAndAnnouncement/ANNOUNCEMENTSTOCK/From_EREP/202506/8e116010d1_45170a19a6.pdf,20250620_TLKM_Pengumuman Jatuh Tempo Obligasi dan Sukuk_31897053_lamp1.pdf,https://www.idx.co.id/StaticData/NewsAndAnnouncement/ANNOUNCEMENTSTOCK/From_EREP/202506/ddd97329e6_17e0dc04a9.pdf,20250620_TLKM_Pengumuman Jatuh Tempo Obligasi dan Sukuk_31897053_lamp2.pdf
"05 Jun 2025
					15:12:35",https://www.idx.co.id/StaticData/NewsAndAnnouncement/ANNOUNCEMENTSTOCK/From_EREP/202506/74a26e403d_6a0b579833.pdf,Laporan Bulanan Registrasi Pemegang Efek [],TOWR,https://www.idx.co.id/StaticData/NewsAndAnnouncement/ANNOUNCEMENTSTOCK/From_EREP/202506/242fb60275_259cbfb213.pdf,20250605_TOWR_Laporan Bulanan Registrasi Pemegang Efek/Perubahan Struktur Pemegang Saham_31892789_lamp1.pdf,,
"12 Jun 2025
					20:42:32",https://www.idx.co.id/StaticData/NewsAndAnnouncement/ANNOUNCEMENTSTOCK/From_EREP/202506/91f26c57d1_52d4c7a19f.pdf,"Penandatangan Perubahan Perjanjian Kredit atas Akta Perjanjian Kredit antara Protelindo, Iforte, dengan PT Bank Negara Indonesia (Persero) Tbk []",TOWR,https://www.idx.co.id/StaticData/NewsAndAnnouncement/ANNOUNCEMENTSTOCK/From_EREP/202506/8847dee5e5_6c496de250.pdf,20250612_TOWR_Laporan Informasi dan Fakta Material_31894767_lamp1.pdf,,
"30 Jun 2025
					11:34:07",https://www.idx.co.id/StaticData/NewsAndAnnouncement/ANNOUNCEMENTSTOCK/From_EREP/202506/cdee0c7148_7d590ebbb3.pdf,PT Iforte Solusi Infotek - Pengumuman Penawaran Tender Wajib atas saham-saham PT Remala Abadi Tbk [],TOWR,https://www.idx.co.id/StaticData/NewsAndAnnouncement/ANNOUNCEMENTSTOCK/From_EREP/202506/1a42274c82_67a22cabb0.pdf,20250630_TOWR_Laporan Informasi dan Fakta Material_31909444_lamp1.pdf,https://www.idx.co.id/StaticData/NewsAndAnnouncement/ANNOUNCEMENTSTOCK/From_EREP/202506/b5b90e3a0a_948fbe4d5b.pdf,20250630_TOWR_Laporan Informasi dan Fakta Material_31909444_lamp2.pdf
"30 Jun 2025
					11:34:44",https://www.idx.co.id/StaticData/NewsAndAnnouncement/ANNOUNCEMENTSTOCK/From_EREP/202506/e3e75de201_2673d90a33.pdf,Penyampaian Bukti Iklan PT Iforte Solusi Infotek - Pengumuman Penawaran Tender Wajib atas saham-saham PT Remala Abadi Tbk [],TOWR,https://www.idx.co.id/StaticData/NewsAndAnnouncement/ANNOUNCEMENTSTOCK/From_EREP/202506/30f160af31_41515bca5e.pdf,20250630_TOWR_Penyampaian Bukti Iklan_31909450_lamp1.pdf,https://www.idx.co.id/StaticData/NewsAndAnnouncement/ANNOUNCEMENTSTOCK/From_EREP/202506/7e3b9f2a27_807c1aa881.pdf,20250630_TOWR_Penyampaian Bukti Iklan_31909450_lamp2.pdf
"30 Jun 2025
					23:01:17",https://www.idx.co.id/StaticData/NewsAndAnnouncement/ANNOUNCEMENTSTOCK/From_EREP/202506/3081b5d6da_0813cc997e.pdf,Transaksi Afiliasi [],TOWR,https://www.idx.co.id/StaticData/NewsAndAnnouncement/ANNOUNCEMENTSTOCK/From_EREP/202506/038c924d56_8c62363bbd.pdf,20250630_TOWR_Informasi Transaksi Afiliasi_31909823_lamp3.pdf,https://www.idx.co.id/StaticData/NewsAndAnnouncement/ANNOUNCEMENTSTOCK/From_EREP/202506/aa76e19659_533a4f0399.pdf,20250630_TOWR_Informasi Transaksi Afiliasi_31909823_lamp2.pdf
"04 Jun 2025
					16:51:44",https://www.idx.co.id/StaticData/NewsAndAnnouncement/ANNOUNCEMENTSTOCK/From_EREP/202506/f3a64d29e5_f7768d789d.pdf,Transaksi Afiliasi [],UNTR,https://www.idx.co.id/StaticData/NewsAndAnnouncement/ANNOUNCEMENTSTOCK/From_EREP/202506/8cdb605efc_f8ec022530.pdf,20250604_UNTR_Informasi Transaksi Afiliasi_31891912_lamp1.pdf,,
"10 Jun 2025
					16:32:38",https://www.idx.co.id/StaticData/NewsAndAnnouncement/ANNOUNCEMENTSTOCK/From_EREP/202506/fee5746f59_a130f6f332.pdf,Laporan Bulanan Registrasi Pemegang Efek [],UNTR,https://www.idx.co.id/StaticData/NewsAndAnnouncement/ANNOUNCEMENTSTOCK/From_EREP/202506/0df030e29d_1046c193ec.pdf,20250609_UNTR_Laporan Bulanan Registrasi Pemegang Efek/Perubahan Struktur Pemegang Saham_31893301_lamp3.pdf,https://www.idx.co.id/StaticData/NewsAndAnnouncement/ANNOUNCEMENTSTOCK/From_EREP/202506/32c109132a_32051a6622.pdf,20250609_UNTR_Laporan Bulanan Registrasi Pemegang Efek/Perubahan Struktur Pemegang Saham_31893301_lamp2.pdf
"16 Jun 2025
					17:21:12",https://www.idx.co.id/StaticData/NewsAndAnnouncement/ANNOUNCEMENTSTOCK/From_EREP/202506/f17d4b743c_28da0ba2ff.pdf,Transaksi Afiliasi [],UNTR,https://www.idx.co.id/StaticData/NewsAndAnnouncement/ANNOUNCEMENTSTOCK/From_EREP/202506/9d922d5aaa_bcee843bda.pdf,20250616_UNTR_Informasi Transaksi Afiliasi_31895506_lamp1.pdf,,
"16 Jun 2025
					17:21:26",https://www.idx.co.id/StaticData/NewsAndAnnouncement/ANNOUNCEMENTSTOCK/From_EREP/202506/0c78fefe4a_a520747e87.pdf,Transaksi Afiliasi [],UNTR,https://www.idx.co.id/StaticData/NewsAndAnnouncement/ANNOUNCEMENTSTOCK/From_EREP/202506/b9375b0b63_6e38437750.pdf,20250616_UNTR_Informasi Transaksi Afiliasi_31895514_lamp1.pdf,,
"18 Jun 2025
					17:04:01",https://www.idx.co.id/StaticData/NewsAndAnnouncement/ANNOUNCEMENTSTOCK/From_EREP/202506/d3244750ce_17aa05def3.pdf,Transaksi Afiliasi [],UNTR,https://www.idx.co.id/StaticData/NewsAndAnnouncement/ANNOUNCEMENTSTOCK/From_EREP/202506/592c05e431_0f9e70f1e5.pdf,20250618_UNTR_Informasi Transaksi Afiliasi_31896323_lamp1.pdf,https://www.idx.co.id/StaticData/NewsAndAnnouncement/ANNOUNCEMENTSTOCK/From_EREP/202506/5cc9a55246_47e9664c6f.pdf,20250618_UNTR_Informasi Transaksi Afiliasi_31896323_lamp5.pdf
"18 Jun 2025
					20:24:23",https://www.idx.co.id/StaticData/NewsAndAnnouncement/ANNOUNCEMENTSTOCK/From_EREP/202506/c825219eeb_3a326b5ef1.pdf,Pembelian saham-saham milik PT Supreme Energy dalam PT Supreme Energy Sriwijaya [],UNTR,https://www.idx.co.id/StaticData/NewsAndAnnouncement/ANNOUNCEMENTSTOCK/From_EREP/202506/b135ccc613_8982aac7e8.pdf,20250618_UNTR_Laporan Informasi dan Fakta Material_31896345_lamp1.pdf,,
"25 Jun 2025
					17:03:03",https://www.idx.co.id/StaticData/NewsAndAnnouncement/ANNOUNCEMENTSTOCK/From_EREP/202506/d34b39140a_d5a9e80ac3.pdf,Transaksi Afiliasi [],UNTR,https://www.idx.co.id/StaticData/NewsAndAnnouncement/ANNOUNCEMENTSTOCK/From_EREP/202506/e63174580a_7dbfa1586e.pdf,20250625_UNTR_Informasi Transaksi Afiliasi_31908466_lamp1.pdf,,
"25 Jun 2025
					17:03:17",https://www.idx.co.id/StaticData/NewsAndAnnouncement/ANNOUNCEMENTSTOCK/From_EREP/202506/7cc9435cd2_5607a462f0.pdf,Transaksi Afiliasi [],UNTR,https://www.idx.co.id/StaticData/NewsAndAnnouncement/ANNOUNCEMENTSTOCK/From_EREP/202506/de8232ee37_0f83bdb5bf.pdf,20250625_UNTR_Informasi Transaksi Afiliasi_31908548_lamp1.pdf,,
"25 Jun 2025
					17:03:29",https://www.idx.co.id/StaticData/NewsAndAnnouncement/ANNOUNCEMENTSTOCK/From_EREP/202506/a087cdbde0_40002505f4.pdf,Transaksi Afiliasi [],UNTR,https://www.idx.co.id/StaticData/NewsAndAnnouncement/ANNOUNCEMENTSTOCK/From_EREP/202506/9d263e1407_45c3b52ddb.pdf,20250625_UNTR_Informasi Transaksi Afiliasi_31908468_lamp1.pdf,,
"25 Jun 2025
					17:03:39",https://www.idx.co.id/StaticData/NewsAndAnnouncement/ANNOUNCEMENTSTOCK/From_EREP/202506/e7313d88ad_1bc62aa763.pdf,Transaksi Afiliasi [],UNTR,https://www.idx.co.id/StaticData/NewsAndAnnouncement/ANNOUNCEMENTSTOCK/From_EREP/202506/d5c82b56ee_e03f3a8e54.pdf,20250625_UNTR_Informasi Transaksi Afiliasi_31908469_lamp1.pdf,,
"04 Jun 2025
					21:48:10",https://www.idx.co.id/StaticData/NewsAndAnnouncement/ANNOUNCEMENTSTOCK/From_EREP/202506/41a2050932_bcacf913a9.pdf,Ringkasan Risalah Rapat Umum Para Pemegang Saham Tahunan [],UNVR,https://www.idx.co.id/StaticData/NewsAndAnnouncement/ANNOUNCEMENTSTOCK/From_EREP/202506/1535422134_01e29a14a4.pdf,20250604_UNVR_Ringkasan Risalah/Risalah RUPS_31892332_lamp1.pdf,https://www.idx.co.id/StaticData/NewsAndAnnouncement/ANNOUNCEMENTSTOCK/From_EREP/202506/6344e78e0d_7112009301.pdf,20250604_UNVR_Ringkasan Risalah/Risalah RUPS_31892332_lamp2.pdf
"04 Jun 2025
					23:42:53",https://www.idx.co.id/StaticData/NewsAndAnnouncement/ANNOUNCEMENTSTOCK/From_EREP/202506/cd5b892aec_8e44e15b49.pdf,Keterbukaan Informasi terkait Aksi Korporasi - Dividen Tunai - 04062025 [],UNVR,https://www.idx.co.id/StaticData/NewsAndAnnouncement/ANNOUNCEMENTSTOCK/From_EREP/202506/651226bd20_9756dd8a53.pdf,20250604_UNVR_Keterbukaan Informasi terkait Aksi Korporasi_31892350_lamp1.pdf,https://www.idx.co.id/StaticData/NewsAndAnnouncement/ANNOUNCEMENTSTOCK/From_EREP/202506/8a60223584_76ecc3fd23.pdf,20250604_UNVR_Keterbukaan Informasi terkait Aksi Korporasi_31892350_lamp2.pdf
"10 Jun 2025
					10:45:47",https://www.idx.co.id/StaticData/NewsAndAnnouncement/ANNOUNCEMENTSTOCK/From_EREP/202506/3661d28540_9f2d021bff.pdf,Laporan Bulanan Registrasi Pemegang Efek [],UNVR,https://www.idx.co.id/StaticData/NewsAndAnnouncement/ANNOUNCEMENTSTOCK/From_EREP/202506/96538f655d_4226e3c29b.pdf,20250610_UNVR_Laporan Bulanan Registrasi Pemegang Efek/Perubahan Struktur Pemegang Saham_31893422_lamp1.pdf,https://www.idx.co.id/StaticData/NewsAndAnnouncement/ANNOUNCEMENTSTOCK/From_EREP/202506/c9ac03aa08_5379d81ffc.pdf,20250610_UNVR_Laporan Bulanan Registrasi Pemegang Efek/Perubahan Struktur Pemegang Saham_31893422_lamp2.pdf