text-small,attach-card href,f-m-20,f-m-20 2,d-iblock href,d-iblock,d-iblock href 2,d-iblock 2
"10 Feb 2025
					10:46:21",https://www.idx.co.id/StaticData/NewsAndAnnouncement/ANNOUNCEMENTSTOCK/From_EREP/202502/b463ef3063_11baa52027.pdf,Laporan Bulanan Registrasi Pemegang Efek [],ACES,https://www.idx.co.id/StaticData/NewsAndAnnouncement/ANNOUNCEMENTSTOCK/From_EREP/202502/f4f270ca1b_14eb85f32e.pdf,20250210_ACES_Laporan Bulanan Registrasi Pemegang Efek/Perubahan Struktur Pemegang Saham_31861095_lamp1.pdf,,
"07 Feb 2025
					10:33:49",https://www.idx.co.id/StaticData/NewsAndAnnouncement/ANNOUNCEMENTSTOCK/From_EREP/202502/4f08223964_a7d4a5f0e2.pdf,Laporan Bulanan Registrasi Pemegang Efek [],ADMR,https://www.idx.co.id/StaticData/NewsAndAnnouncement/ANNOUNCEMENTSTOCK/From_EREP/202502/3756af62d3_4d50b7c6ee.pdf,20250206_ADMR_Laporan Bulanan Registrasi Pemegang Efek/Perubahan Struktur Pemegang Saham_31860145_lamp2.pdf,https://www.idx.co.id/StaticData/NewsAndAnnouncement/ANNOUNCEMENTSTOCK/From_EREP/202502/43476ec9f7_505debfb6f.pdf,20250206_ADMR_Laporan Bulanan Registrasi Pemegang Efek/Perubahan Struktur Pemegang Saham_31860145_lamp1.pdf
"07 Feb 2025
					16:24:08",https://www.idx.co.id/StaticData/NewsAndAnnouncement/ANNOUNCEMENTSTOCK/From_EREP/202502/b44fd9ddcf_75c30f4728.pdf,Laporan Bulanan Registrasi Pemegang Efek [],ADRO,https://www.idx.co.id/StaticData/NewsAndAnnouncement/ANNOUNCEMENTSTOCK/From_EREP/202502/14d00f10b9_b3a6864757.pdf,20250207_ADRO_Laporan Bulanan Registrasi Pemegang Efek/Perubahan Struktur Pemegang Saham_31860528_lamp2.pdf,https://www.idx.co.id/StaticData/NewsAndAnnouncement/ANNOUNCEMENTSTOCK/From_EREP/202502/28d4e41079_e80067154a.pdf,20250207_ADRO_Laporan Bulanan Registrasi Pemegang Efek/Perubahan Struktur Pemegang Saham_31860528_lamp1.pdf
"27 Feb 2025
					16:32:32",https://www.idx.co.id/StaticData/NewsAndAnnouncement/ANNOUNCEMENTSTOCK/From_EREP/202502/efdaf64226_ab69f8ee68.pdf,Laporan Kepemilikan atau Setiap Perubahan Kepemilikan Saham Perusahaan Terbuka [],ADRO,https://www.idx.co.id/StaticData/NewsAndAnnouncement/ANNOUNCEMENTSTOCK/From_EREP/202502/bc24ebae30_4eda827cb2.pdf,20250227_ADRO_Laporan Kepemilikan atau Setiap Perubahan Kepemilikan Saham Perusahaan Terbuka_31864968_lamp1.pdf,,
"05 Feb 2025
					17:21:55",https://www.idx.co.id/StaticData/NewsAndAnnouncement/ANNOUNCEMENTSTOCK/From_EREP/202502/b35c8f2e06_f9795de721.pdf,Laporan Kepemilikan atau Setiap Perubahan Kepemilikan Saham Perusahaan Terbuka [],AKRA,https://www.idx.co.id/StaticData/NewsAndAnnouncement/ANNOUNCEMENTSTOCK/From_EREP/202502/9b7745afb3_43f2ac2b70.pdf,20250205_AKRA_Laporan Kepemilikan atau Setiap Perubahan Kepemilikan Saham Perusahaan Terbuka_31859785_lamp1.pdf,,
"05 Feb 2025
					17:23:58",https://www.idx.co.id/StaticData/NewsAndAnnouncement/ANNOUNCEMENTSTOCK/From_EREP/202502/01f3ed0e80_034a6fd67f.pdf,Laporan Kepemilikan atau Setiap Perubahan Kepemilikan Saham Perusahaan Terbuka [],AKRA,https://www.idx.co.id/StaticData/NewsAndAnnouncement/ANNOUNCEMENTSTOCK/From_EREP/202502/887c583785_16be22e274.pdf,20250205_AKRA_Laporan Kepemilikan atau Setiap Perubahan Kepemilikan Saham Perusahaan Terbuka_31859787_lamp1.pdf,,
"10 Feb 2025
					13:46:16",https://www.idx.co.id/StaticData/NewsAndAnnouncement/ANNOUNCEMENTSTOCK/From_EREP/202502/4435cae642_e7083c6e23.pdf,Laporan Bulanan Registrasi Pemegang Efek [],AKRA,https://www.idx.co.id/StaticData/NewsAndAnnouncement/ANNOUNCEMENTSTOCK/From_EREP/202502/9c9d3c0256_d19545b63b.pdf,20250210_AKRA_Laporan Bulanan Registrasi Pemegang Efek/Perubahan Struktur Pemegang Saham_31861282_lamp1.pdf,,
"11 Feb 2025
					16:28:32",https://www.idx.co.id/StaticData/NewsAndAnnouncement/ANNOUNCEMENTSTOCK/From_EREP/202502/ed7572c61b_9f45ac3c9e.pdf,Laporan Kepemilikan atau Setiap Perubahan Kepemilikan Saham Perusahaan Terbuka [],AKRA,https://www.idx.co.id/StaticData/NewsAndAnnouncement/ANNOUNCEMENTSTOCK/From_EREP/202502/e8605c1db0_c5eb6321c0.pdf,20250211_AKRA_Laporan Kepemilikan atau Setiap Perubahan Kepemilikan Saham Perusahaan Terbuka_31861708_lamp1.pdf,,
"12 Feb 2025
					14:12:35",https://www.idx.co.id/StaticData/NewsAndAnnouncement/ANNOUNCEMENTSTOCK/From_EREP/202502/bf9652bc74_2f46cc9975.pdf,Laporan Kepemilikan atau Setiap Perubahan Kepemilikan Saham Perusahaan Terbuka [],AKRA,https://www.idx.co.id/StaticData/NewsAndAnnouncement/ANNOUNCEMENTSTOCK/From_EREP/202502/71beda3a18_cf4a411619.pdf,20250212_AKRA_Laporan Kepemilikan atau Setiap Perubahan Kepemilikan Saham Perusahaan Terbuka_31861855_lamp1.pdf,,
"17 Feb 2025
					17:04:36",https://www.idx.co.id/StaticData/NewsAndAnnouncement/ANNOUNCEMENTSTOCK/From_EREP/202502/c949c4c8f1_160faa9e05.pdf,Laporan Kepemilikan atau Setiap Perubahan Kepemilikan Saham Perusahaan Terbuka [],AKRA,https://www.idx.co.id/StaticData/NewsAndAnnouncement/ANNOUNCEMENTSTOCK/From_EREP/202502/4bf91a9e4b_9f5d5c33e6.pdf,20250217_AKRA_Laporan Kepemilikan atau Setiap Perubahan Kepemilikan Saham Perusahaan Terbuka_31862874_lamp1.pdf,,
"21 Feb 2025
					11:28:34",https://www.idx.co.id/StaticData/NewsAndAnnouncement/ANNOUNCEMENTSTOCK/From_EREP/202502/60f85630ae_de4d0d65b5.pdf,Laporan Kepemilikan atau Setiap Perubahan Kepemilikan Saham Perusahaan Terbuka [],AKRA,https://www.idx.co.id/StaticData/NewsAndAnnouncement/ANNOUNCEMENTSTOCK/From_EREP/202502/2cc55fe925_e074cadfab.pdf,20250221_AKRA_Laporan Kepemilikan atau Setiap Perubahan Kepemilikan Saham Perusahaan Terbuka_31864059_lamp1.pdf,,
"24 Feb 2025
					16:32:45",https://www.idx.co.id/StaticData/NewsAndAnnouncement/ANNOUNCEMENTSTOCK/From_EREP/202502/5df94db76b_bb9a8ed763.pdf,Peningkatan Modal Ditempatkan dan Disetor PT Anugerah Krida Retailindo [],AKRA,https://www.idx.co.id/StaticData/NewsAndAnnouncement/ANNOUNCEMENTSTOCK/From_EREP/202502/18df913d25_63db7eaf71.pdf,20250224_AKRA_Laporan Informasi dan Fakta Material_31864397_lamp1.pdf,,
"10 Feb 2025
					14:25:07",https://www.idx.co.id/StaticData/NewsAndAnnouncement/ANNOUNCEMENTSTOCK/From_EREP/202502/9ebdae9527_ff9cb782ff.pdf,Laporan Bulanan Registrasi Pemegang Efek [],AMMN,https://www.idx.co.id/StaticData/NewsAndAnnouncement/ANNOUNCEMENTSTOCK/From_EREP/202502/75c660d163_b4649d4ba3.pdf,20250204_AMMN_Laporan Bulanan Registrasi Pemegang Efek/Perubahan Struktur Pemegang Saham_31849137_lamp1.pdf,https://www.idx.co.id/StaticData/NewsAndAnnouncement/ANNOUNCEMENTSTOCK/From_EREP/202502/9b96fc03c0_ca99a77bd1.pdf,20250204_AMMN_Laporan Bulanan Registrasi Pemegang Efek/Perubahan Struktur Pemegang Saham_31849137_lamp2.pdf
"06 Feb 2025
					18:24:04",https://www.idx.co.id/StaticData/NewsAndAnnouncement/ANNOUNCEMENTSTOCK/From_EREP/202502/8bc34d630f_705cc35a46.pdf,Laporan Bulanan Registrasi Pemegang Efek [],AMRT,,,,
"28 Feb 2025
					13:34:28",https://www.idx.co.id/StaticData/NewsAndAnnouncement/ANNOUNCEMENTSTOCK/From_EREP/202502/b5f4d0f657_d75b4a6ad1.pdf,Penjelasan atas Volatilitas Transaksi [],AMRT,,,,
"07 Feb 2025
					17:42:17",https://www.idx.co.id/StaticData/NewsAndAnnouncement/ANNOUNCEMENTSTOCK/From_EREP/202502/6125517aa7_02d7e14e5e.pdf,Laporan Bulanan Registrasi Pemegang Efek [],ANTM,https://www.idx.co.id/StaticData/NewsAndAnnouncement/ANNOUNCEMENTSTOCK/From_EREP/202502/c448c09d2a_5eb2c89d8f.pdf,20250207_ANTM_Laporan Bulanan Registrasi Pemegang Efek/Perubahan Struktur Pemegang Saham_31860916_lamp1.pdf,,
"26 Feb 2025
					11:14:59",https://www.idx.co.id/StaticData/NewsAndAnnouncement/ANNOUNCEMENTSTOCK/From_EREP/202502/9292542e7c_d165e557e9.pdf,"ANTAM Kembali Raih Dua PROPER Emas, Bukti Nyata Komitmen Keberlanjutan []",ANTM,https://www.idx.co.id/StaticData/NewsAndAnnouncement/ANNOUNCEMENTSTOCK/From_EREP/202502/2e485635cb_bc4e9b7d26.pdf,20250226_ANTM_Laporan Informasi dan Fakta Material_31864788_lamp1.pdf,https://www.idx.co.id/StaticData/NewsAndAnnouncement/ANNOUNCEMENTSTOCK/From_EREP/202502/fb48b8ab1d_a785cce33b.pdf,20250226_ANTM_Laporan Informasi dan Fakta Material_31864788_lamp2.pdf
"07 Feb 2025
					16:08:49",https://www.idx.co.id/StaticData/NewsAndAnnouncement/ANNOUNCEMENTSTOCK/From_EREP/202502/c35917b9c8_88d7446dae.pdf,Laporan Bulanan Registrasi Pemegang Efek [],ARTO,https://www.idx.co.id/StaticData/NewsAndAnnouncement/ANNOUNCEMENTSTOCK/From_EREP/202502/4d3d06c8dc_e01ae767d0.pdf,20250207_ARTO_Laporan Bulanan Registrasi Pemegang Efek/Perubahan Struktur Pemegang Saham_31860646_lamp1.pdf,https://www.idx.co.id/StaticData/NewsAndAnnouncement/ANNOUNCEMENTSTOCK/From_EREP/202502/bdacdc29d6_5904e33960.pdf,20250207_ARTO_Laporan Bulanan Registrasi Pemegang Efek/Perubahan Struktur Pemegang Saham_31860646_lamp2.pdf
"25 Feb 2025
					21:31:32",https://www.idx.co.id/StaticData/NewsAndAnnouncement/ANNOUNCEMENTSTOCK/From_EREP/202502/955c388226_57e0e29737.pdf,Perubahan Anggaran Dasar Perseroan [],ARTO,https://www.idx.co.id/StaticData/NewsAndAnnouncement/ANNOUNCEMENTSTOCK/From_EREP/202502/57aaed6bde_4d62396b16.pdf,20250225_ARTO_Laporan Informasi dan Fakta Material_31864709_lamp2.pdf,https://www.idx.co.id/StaticData/NewsAndAnnouncement/ANNOUNCEMENTSTOCK/From_EREP/202502/8acdfa1f80_0d5d33c93b.pdf,20250225_ARTO_Laporan Informasi dan Fakta Material_31864709_lamp1.pdf
"07 Feb 2025
					17:49:22",https://www.idx.co.id/StaticData/NewsAndAnnouncement/ANNOUNCEMENTSTOCK/From_EREP/202502/2ada7883c9_3b393e96fc.pdf,Laporan Bulanan Registrasi Pemegang Efek [],ASII,https://www.idx.co.id/StaticData/NewsAndAnnouncement/ANNOUNCEMENTSTOCK/From_EREP/202502/1813dc25fb_2eba7961ef.pdf,20250204_ASII_Laporan Bulanan Registrasi Pemegang Efek/Perubahan Struktur Pemegang Saham_31849467_lamp1.pdf,,
"27 Feb 2025
					16:27:21",https://www.idx.co.id/StaticData/NewsAndAnnouncement/ANNOUNCEMENTSTOCK/From_EREP/202402/20250227163807-49735-0/FinancialStatement-2024-Tahunan-ASII.pdf,Penyampaian Laporan Keuangan Tahunan [],ASII,https://www.idx.co.id/StaticData/NewsAndAnnouncement/ANNOUNCEMENTSTOCK/From_EREP/202402/20250227163807-49735-0/Astra%20Account%20December%202024.pdf,Astra Account December 2024.pdf,https://www.idx.co.id/StaticData/NewsAndAnnouncement/ANNOUNCEMENTSTOCK/From_EREP/202402/20250227163807-49735-0/FinancialStatement-2024-Tahunan-ASII.xlsx,FinancialStatement-2024-Tahunan-ASII.xlsx
"27 Feb 2025
					16:43:29",https://www.idx.co.id/StaticData/NewsAndAnnouncement/ANNOUNCEMENTSTOCK/From_EREP/202502/0915c104d6_4a0ce4b960.pdf,Penyampaian Laporan Keuangan [],ASII,https://www.idx.co.id/StaticData/NewsAndAnnouncement/ANNOUNCEMENTSTOCK/From_EREP/202502/26db2758b3_c661d72e7d.pdf,20250227_ASII_Laporan Informasi dan Fakta Material_31865092_lamp2.pdf,https://www.idx.co.id/StaticData/NewsAndAnnouncement/ANNOUNCEMENTSTOCK/From_EREP/202502/3b2d3ff6db_e45729fe3d.pdf,20250227_ASII_Laporan Informasi dan Fakta Material_31865092_lamp3.pdf
"06 Feb 2025
					18:44:56",https://www.idx.co.id/StaticData/NewsAndAnnouncement/ANNOUNCEMENTSTOCK/From_EREP/202502/5a53a6963d_0ebb4ff3e8.pdf,Laporan Bulanan Registrasi Pemegang Efek [],BBCA,,,,
"10 Feb 2025
					16:37:10",https://www.idx.co.id/StaticData/NewsAndAnnouncement/ANNOUNCEMENTSTOCK/From_EREP/202502/5108642506_d8d5040504.pdf,Penjelasan atas Pemberitaan Media Massa [],BBCA,https://www.idx.co.id/StaticData/NewsAndAnnouncement/ANNOUNCEMENTSTOCK/From_EREP/202502/589f61e7bc_93c98668b9.pdf,20250210_BBCA_Tanggapan atas Permintaan Penjelasan Bursa_31861413_lamp1.pdf,,
"12 Feb 2025
					17:53:18",https://www.idx.co.id/StaticData/NewsAndAnnouncement/ANNOUNCEMENTSTOCK/From_EREP/202502/caafd4fa17_08bac90645.pdf,Pemanggilan Rapat Umum Pemegang Saham Tahunan [],BBCA,https://www.idx.co.id/StaticData/NewsAndAnnouncement/ANNOUNCEMENTSTOCK/From_EREP/202502/1c58753f76_d749ef6224.pdf,20250212_BBCA_Pemanggilan RUPS_31861939_lamp2.pdf,https://www.idx.co.id/StaticData/NewsAndAnnouncement/ANNOUNCEMENTSTOCK/From_EREP/202502/ab6aef0547_a60db9569e.pdf,20250212_BBCA_Pemanggilan RUPS_31861939_lamp1.pdf
"12 Feb 2025
					17:54:37",https://www.idx.co.id/StaticData/NewsAndAnnouncement/ANNOUNCEMENTSTOCK/From_EREP/202502/caafd4fa17_08bac90645.pdf,Pemanggilan Rapat Umum Pemegang Saham Tahunan [],BBCA,https://www.idx.co.id/StaticData/NewsAndAnnouncement/ANNOUNCEMENTSTOCK/From_EREP/202502/1c58753f76_d749ef6224.pdf,20250212_BBCA_Pemanggilan RUPS_31861939_lamp2.pdf,https://www.idx.co.id/StaticData/NewsAndAnnouncement/ANNOUNCEMENTSTOCK/From_EREP/202502/ab6aef0547_a60db9569e.pdf,20250212_BBCA_Pemanggilan RUPS_31861939_lamp1.pdf
"12 Feb 2025
					17:55:29",https://www.idx.co.id/StaticData/NewsAndAnnouncement/ANNOUNCEMENTSTOCK/From_EREP/202502/caafd4fa17_08bac90645.pdf,Pemanggilan Rapat Umum Pemegang Saham Tahunan [],BBCA,https://www.idx.co.id/StaticData/NewsAndAnnouncement/ANNOUNCEMENTSTOCK/From_EREP/202502/1c58753f76_d749ef6224.pdf,20250212_BBCA_Pemanggilan RUPS_31861939_lamp2.pdf,https://www.idx.co.id/StaticData/NewsAndAnnouncement/ANNOUNCEMENTSTOCK/From_EREP/202502/ab6aef0547_a60db9569e.pdf,20250212_BBCA_Pemanggilan RUPS_31861939_lamp1.pdf
"12 Feb 2025
					18:43:24",https://www.idx.co.id/StaticData/NewsAndAnnouncement/ANNOUNCEMENTSTOCK/From_EREP/202502/9a1a195a24_01080c7735.pdf,Penyampaian Laporan Tahunan & Keberlanjutan dan ESG [],BBCA,https://www.idx.co.id/StaticData/NewsAndAnnouncement/ANNOUNCEMENTSTOCK/From_EREP/202502/0878fedd86_c4c7ccf2a5.pdf,AnnualReport2025-BBCA-att1.pdf,https://www.idx.co.id/StaticData/NewsAndAnnouncement/ANNOUNCEMENTSTOCK/From_EREP/202502/7df5a56d31_ddbaa007c7.pdf,AnnualReport2025-BBCA-att3.pdf
"13 Feb 2025
					17:23:49",https://www.idx.co.id/StaticData/NewsAndAnnouncement/ANNOUNCEMENTSTOCK/From_EREP/202502/f389599715_d49ee44e2a.pdf,Penyampaian Bukti Iklan Panggilan RUPS [],BBCA,https://www.idx.co.id/StaticData/NewsAndAnnouncement/ANNOUNCEMENTSTOCK/From_EREP/202502/14243fb69f_d4dfb61ccb.pdf,20250213_BBCA_Penyampaian Bukti Iklan_31862154_lamp2.pdf,https://www.idx.co.id/StaticData/NewsAndAnnouncement/ANNOUNCEMENTSTOCK/From_EREP/202502/b6c5110d30_9919c5d5f9.pdf,20250213_BBCA_Penyampaian Bukti Iklan_31862154_lamp1.pdf
"25 Feb 2025
					16:49:15",https://www.idx.co.id/StaticData/NewsAndAnnouncement/ANNOUNCEMENTSTOCK/From_EREP/202502/660c1f56a4_e40421aa46.pdf,Laporan Kepemilikan atau Setiap Perubahan Kepemilikan Saham Perusahaan Terbuka [],BBCA,https://www.idx.co.id/StaticData/NewsAndAnnouncement/ANNOUNCEMENTSTOCK/From_EREP/202502/bfaffe837a_37ca431b74.pdf,20250225_BBCA_Laporan Kepemilikan atau Setiap Perubahan Kepemilikan Saham Perusahaan Terbuka_31864613_lamp1.pdf,,
"25 Feb 2025
					18:05:21",https://www.idx.co.id/StaticData/NewsAndAnnouncement/ANNOUNCEMENTSTOCK/From_EREP/202502/fe560af782_4bef9e7857.pdf,Laporan Kepemilikan atau Setiap Perubahan Kepemilikan Saham Perusahaan Terbuka [],BBCA,https://www.idx.co.id/StaticData/NewsAndAnnouncement/ANNOUNCEMENTSTOCK/From_EREP/202502/fd3d6d3c5c_595d8960a4.pdf,20250225_BBCA_Laporan Kepemilikan atau Setiap Perubahan Kepemilikan Saham Perusahaan Terbuka_31864672_lamp1.pdf,,
"26 Feb 2025
					17:13:22",https://www.idx.co.id/StaticData/NewsAndAnnouncement/ANNOUNCEMENTSTOCK/From_EREP/202502/968d187d4b_175bf34964.pdf,Laporan Kepemilikan atau Setiap Perubahan Kepemilikan Saham Perusahaan Terbuka [],BBCA,https://www.idx.co.id/StaticData/NewsAndAnnouncement/ANNOUNCEMENTSTOCK/From_EREP/202502/f0349a0804_84d4b77b3a.pdf,20250226_BBCA_Laporan Kepemilikan atau Setiap Perubahan Kepemilikan Saham Perusahaan Terbuka_31864836_lamp1.pdf,,
"03 Feb 2025
					13:39:19",https://www.idx.co.id/StaticData/NewsAndAnnouncement/ANNOUNCEMENTSTOCK/From_EREP/202502/d417e7e78b_55bae5bae8.pdf,Laporan Kepemilikan atau Setiap Perubahan Kepemilikan Saham Perusahaan Terbuka [],BBHI,https://www.idx.co.id/StaticData/NewsAndAnnouncement/ANNOUNCEMENTSTOCK/From_EREP/202502/f957a294dd_a4b83ead22.pdf,20250203_BBHI_Laporan Kepemilikan atau Setiap Perubahan Kepemilikan Saham Perusahaan Terbuka_31848911_lamp1.pdf,,
"04 Feb 2025
					14:50:16",https://www.idx.co.id/StaticData/NewsAndAnnouncement/ANNOUNCEMENTSTOCK/From_EREP/202502/39577b4cc0_484c696823.pdf,Pemberitahuan Rencana Rapat Umum Pemegang Saham Tahunan [],BBNI,https://www.idx.co.id/StaticData/NewsAndAnnouncement/ANNOUNCEMENTSTOCK/From_EREP/202502/c2a52e47d2_b925275b25.pdf,20250204_BBNI_Pengumuman RUPS_31849248_lamp1.pdf,,
"04 Feb 2025
					17:53:41",https://www.idx.co.id/StaticData/NewsAndAnnouncement/ANNOUNCEMENTSTOCK/From_EREP/202502/0978752629_ba82e21eec.pdf,Penyampaian Bukti Iklan Pemberitahuan RUPS [],BBNI,https://www.idx.co.id/StaticData/NewsAndAnnouncement/ANNOUNCEMENTSTOCK/From_EREP/202502/d36bd804bb_aa3dcfc479.pdf,20250204_BBNI_Penyampaian Bukti Iklan_31849447_lamp1.pdf,,
"04 Feb 2025
					17:55:21",https://www.idx.co.id/StaticData/NewsAndAnnouncement/ANNOUNCEMENTSTOCK/From_EREP/202502/350a7dfce0_22d1c868b9.pdf,Keterbukaan Informasi dalam rangka Rencana Pembelian Kembali Saham PT Bank Negara Indonesia (Persero) Tbk [],BBNI,https://www.idx.co.id/StaticData/NewsAndAnnouncement/ANNOUNCEMENTSTOCK/From_EREP/202502/814c435615_253172e136.pdf,20250204_BBNI_Laporan Informasi dan Fakta Material_31849368_lamp1.pdf,,
"05 Feb 2025
					16:32:38",https://www.idx.co.id/StaticData/NewsAndAnnouncement/ANNOUNCEMENTSTOCK/From_EREP/202502/27cecb6de6_51a1116db2.pdf,Penyampaian Bukti Iklan Keterbukaan Informasi dalam rangka Rencana Pembelian Kembali Saham PT Bank Negara Indonesia (Persero) Tbk [],BBNI,https://www.idx.co.id/StaticData/NewsAndAnnouncement/ANNOUNCEMENTSTOCK/From_EREP/202502/9b7a131aca_3d6dc65745.pdf,20250205_BBNI_Penyampaian Bukti Iklan_31859724_lamp1.pdf,,
"06 Feb 2025
					22:10:54",https://www.idx.co.id/StaticData/NewsAndAnnouncement/ANNOUNCEMENTSTOCK/From_EREP/202502/981cfac6e0_d9f1216695.pdf,Laporan Bulanan Registrasi Pemegang Efek [],BBNI,https://www.idx.co.id/StaticData/NewsAndAnnouncement/ANNOUNCEMENTSTOCK/From_EREP/202502/a7695a9301_482768ba77.pdf,20250206_BBNI_Laporan Bulanan Registrasi Pemegang Efek/Perubahan Struktur Pemegang Saham_31860430_lamp1.pdf,,
"17 Feb 2025
					10:54:53",https://www.idx.co.id/StaticData/NewsAndAnnouncement/ANNOUNCEMENTSTOCK/From_EREP/202502/ce2bfe5aa8_2b9983d6b5.pdf,Pemberitahuan Perubahan Jadwal Rapat Umum Pemegang Saham Tahunan [],BBNI,https://www.idx.co.id/StaticData/NewsAndAnnouncement/ANNOUNCEMENTSTOCK/From_EREP/202502/3ec5a24f57_653a9c0cb6.pdf,20250217_BBNI_Pengumuman RUPS_31862731_lamp1.pdf,,
"17 Feb 2025
					20:24:28",https://www.idx.co.id/StaticData/NewsAndAnnouncement/ANNOUNCEMENTSTOCK/From_EREP/202502/c10743f325_fa530fd83b.pdf,Penyampaian Bukti Iklan Pengumuman Perubahan Jadwal RUPS Tahunan Tahun Buku 2024 PT Bank Negara Indonesia (Persero) Tbk [],BBNI,https://www.idx.co.id/StaticData/NewsAndAnnouncement/ANNOUNCEMENTSTOCK/From_EREP/202502/f64f2c728a_7926438eb9.pdf,20250217_BBNI_Penyampaian Bukti Iklan_31862952_lamp1.pdf,,
"17 Feb 2025
					20:25:08",https://www.idx.co.id/StaticData/NewsAndAnnouncement/ANNOUNCEMENTSTOCK/From_EREP/202502/c1fd5d12ff_7b03f340c4.pdf,Pengkinian Keterbukaan Informasi dalam rangka Rencana Pembelian Kembali Saham PT Bank Negara Indonesia (Persero) Tbk [],BBNI,https://www.idx.co.id/StaticData/NewsAndAnnouncement/ANNOUNCEMENTSTOCK/From_EREP/202502/f0b1d1c46c_49a0859b4e.pdf,20250217_BBNI_Laporan Informasi dan Fakta Material_31862964_lamp1.pdf,,
"17 Feb 2025
					20:51:24",https://www.idx.co.id/StaticData/NewsAndAnnouncement/ANNOUNCEMENTSTOCK/From_EREP/202502/663b86e92f_a27c074450.pdf,Penyampaian Bukti Iklan Pengkinian Keterbukaan Informasi dalam rangka Rencana Pembelian Kembali Saham PT Bank Negara Indonesia (Persero) Tbk [],BBNI,https://www.idx.co.id/StaticData/NewsAndAnnouncement/ANNOUNCEMENTSTOCK/From_EREP/202502/3ad5c23021_6f64f68407.pdf,20250217_BBNI_Penyampaian Bukti Iklan_31862979_lamp1.pdf,,
"27 Feb 2025
					20:55:19",https://www.idx.co.id/StaticData/NewsAndAnnouncement/ANNOUNCEMENTSTOCK/From_EREP/202502/26b5545bd4_8de13e6f70.pdf,Penyampaian Laporan Tahunan & Keberlanjutan dan ESG [],BBNI,https://www.idx.co.id/StaticData/NewsAndAnnouncement/ANNOUNCEMENTSTOCK/From_EREP/202502/0378d99ed3_88c1282259.pdf,AnnualReport2024-BBNI-att5.pdf,https://www.idx.co.id/StaticData/NewsAndAnnouncement/ANNOUNCEMENTSTOCK/From_EREP/202502/110d9d85a1_20f941b600.pdf,AnnualReport2024-BBNI-att7.pdf
"03 Feb 2025
					18:34:43",https://www.idx.co.id/StaticData/NewsAndAnnouncement/ANNOUNCEMENTSTOCK/From_EREP/202502/e628ab06b6_6327b937e0.pdf,Penyampaian Bukti Iklan Rencana Pembelian Kembali Saham yang Telah Dikeluarkan oleh Perseroan dan Pengalihan Saham Hasil Pembelian Kembali [],BBRI,https://www.idx.co.id/StaticData/NewsAndAnnouncement/ANNOUNCEMENTSTOCK/From_EREP/202502/1fcb14d19f_69cc9ad408.pdf,20250203_BBRI_Penyampaian Bukti Iklan_31848939_lamp1.pdf,,
"03 Feb 2025
					18:37:20",https://www.idx.co.id/StaticData/NewsAndAnnouncement/ANNOUNCEMENTSTOCK/From_EREP/202502/24c4ae20ae_2977de6183.pdf,Penyampaian Bukti Iklan Pemberitahuan RUPS [],BBRI,https://www.idx.co.id/StaticData/NewsAndAnnouncement/ANNOUNCEMENTSTOCK/From_EREP/202502/7b5fd3cb7a_14cf81ce1d.pdf,20250203_BBRI_Penyampaian Bukti Iklan_31849074_lamp2.pdf,https://www.idx.co.id/StaticData/NewsAndAnnouncement/ANNOUNCEMENTSTOCK/From_EREP/202502/b96bcc8103_36dcf8abc0.pdf,20250203_BBRI_Penyampaian Bukti Iklan_31849074_lamp1.pdf
"07 Feb 2025
					17:29:31",https://www.idx.co.id/StaticData/NewsAndAnnouncement/ANNOUNCEMENTSTOCK/From_EREP/202502/4e65db34fc_81132fb817.pdf,Konfirmasi Emiten Grup [],BBRI,,,,
"10 Feb 2025
					18:05:13",https://www.idx.co.id/StaticData/NewsAndAnnouncement/ANNOUNCEMENTSTOCK/From_EREP/202502/6858851883_eba10e3b3b.pdf,Perubahan Struktur Pemegang Saham [],BBRI,https://www.idx.co.id/StaticData/NewsAndAnnouncement/ANNOUNCEMENTSTOCK/From_EREP/202502/3294be5e71_0a7a6068ea.pdf,20250210_BBRI_Laporan Bulanan Registrasi Pemegang Efek/Perubahan Struktur Pemegang Saham_31861431_lamp2.pdf,https://www.idx.co.id/StaticData/NewsAndAnnouncement/ANNOUNCEMENTSTOCK/From_EREP/202502/fab4c3b5f5_3256e41470.pdf,20250210_BBRI_Laporan Bulanan Registrasi Pemegang Efek/Perubahan Struktur Pemegang Saham_31861431_lamp1.pdf
"12 Feb 2025
					18:00:23",https://www.idx.co.id/StaticData/NewsAndAnnouncement/ANNOUNCEMENTSTOCK/From_EREP/202402/20250212180445-49632-0/FinancialStatement-2024-Tahunan-BBRI.pdf,Penyampaian Laporan Keuangan Tahunan [],BBRI,https://www.idx.co.id/StaticData/NewsAndAnnouncement/ANNOUNCEMENTSTOCK/From_EREP/202402/20250212180445-49632-0/Bank%20Rakyat%20Indonesia_31%20dec%202024_released.pdf,Bank Rakyat Indonesia_31 dec 2024_released.pdf,https://www.idx.co.id/StaticData/NewsAndAnnouncement/ANNOUNCEMENTSTOCK/From_EREP/202402/20250212180445-49632-0/Checklist%20Bapepam.pdf,Checklist Bapepam.pdf
"12 Feb 2025
					18:53:48",https://www.idx.co.id/StaticData/NewsAndAnnouncement/ANNOUNCEMENTSTOCK/From_EREP/202502/d4f1ef64a6_17f010f124.pdf,Analyst Meeting Kinerja Keuangan BRI Triwulan IV Tahun 2024 [],BBRI,https://www.idx.co.id/StaticData/NewsAndAnnouncement/ANNOUNCEMENTSTOCK/From_EREP/202502/18dd019ce5_0cdb679554.pdf,20250212_BBRI_Laporan Informasi dan Fakta Material_31861976_lamp1.pdf,https://www.idx.co.id/StaticData/NewsAndAnnouncement/ANNOUNCEMENTSTOCK/From_EREP/202502/1e2a173ae5_08e57bfad7.pdf,20250212_BBRI_Laporan Informasi dan Fakta Material_31861976_lamp2.pdf
"13 Feb 2025
					10:12:39",https://www.idx.co.id/StaticData/NewsAndAnnouncement/ANNOUNCEMENTSTOCK/From_EREP/202502/2aa05e94c8_8a9fd4e032.pdf,Penyampaian Informasi Pemenuhan Kewajiban Public Expose - Tahunan [],BBRI,https://www.idx.co.id/StaticData/NewsAndAnnouncement/ANNOUNCEMENTSTOCK/From_EREP/202502/07bffbe27e_bb9f7dbcae.pdf,20250212_BBRI_Public Expose_31861977_lamp1.pdf,https://www.idx.co.id/StaticData/NewsAndAnnouncement/ANNOUNCEMENTSTOCK/From_EREP/202502/fc747803b2_ccb12b8f0b.pdf,20250212_BBRI_Public Expose_31861977_lamp2.pdf
"13 Feb 2025
					11:44:34",https://www.idx.co.id/StaticData/NewsAndAnnouncement/ANNOUNCEMENTSTOCK/From_EREP/202502/5573ae62b4_df499586fa.pdf,Pemberitahuan Perubahan Jadwal Rapat Umum Pemegang Saham Tahunan [],BBRI,https://www.idx.co.id/StaticData/NewsAndAnnouncement/ANNOUNCEMENTSTOCK/From_EREP/202502/8aef1e2e01_c5786b7846.pdf,20250213_BBRI_Pengumuman RUPS_31862044_lamp2.pdf,https://www.idx.co.id/StaticData/NewsAndAnnouncement/ANNOUNCEMENTSTOCK/From_EREP/202502/dabe223dd0_e006680bb1.pdf,20250213_BBRI_Pengumuman RUPS_31862044_lamp1.pdf
"13 Feb 2025
					17:14:39",https://www.idx.co.id/StaticData/NewsAndAnnouncement/ANNOUNCEMENTSTOCK/From_EREP/202502/264cb4374c_650e96f100.pdf,Penyampaian Bukti Iklan Informasi Laporan Keuangan Tahunan [],BBRI,https://www.idx.co.id/StaticData/NewsAndAnnouncement/ANNOUNCEMENTSTOCK/From_EREP/202502/48631295de_14453572a3.pdf,20250213_BBRI_Penyampaian Bukti Iklan_31862253_lamp2.pdf,https://www.idx.co.id/StaticData/NewsAndAnnouncement/ANNOUNCEMENTSTOCK/From_EREP/202502/5d1836f196_1e09222995.pdf,20250213_BBRI_Penyampaian Bukti Iklan_31862253_lamp6.pdf
"20 Feb 2025
					16:58:14",https://www.idx.co.id/StaticData/NewsAndAnnouncement/ANNOUNCEMENTSTOCK/From_EREP/202502/f415c9c11d_282c2d7a29.pdf,Jatuh Tempo Obligasi / Sukuk Korporasi [],BBRI,https://www.idx.co.id/StaticData/NewsAndAnnouncement/ANNOUNCEMENTSTOCK/From_EREP/202502/ab5871bc2a_104d876793.pdf,20250220_BBRI_Pengumuman Jatuh Tempo Obligasi dan Sukuk_31863766_lamp1.pdf,,
"24 Feb 2025
					19:51:32",https://www.idx.co.id/StaticData/NewsAndAnnouncement/ANNOUNCEMENTSTOCK/From_EREP/202502/0dac8433ff_8aaed02d97.pdf,Laporan Hasil Pemeringkatan Pemeringkatan Tahunan [],BBRI,https://www.idx.co.id/StaticData/NewsAndAnnouncement/ANNOUNCEMENTSTOCK/From_EREP/202502/32e86f98b2_5e98191fca.pdf,20250221_BBRI_Laporan Hasil Pemeringkatan_31864154_lamp1.pdf,https://www.idx.co.id/StaticData/NewsAndAnnouncement/ANNOUNCEMENTSTOCK/From_EREP/202502/617f4dcbc6_803060a06a.pdf,20250221_BBRI_Laporan Hasil Pemeringkatan_31864154_lamp2.pdf
"28 Feb 2025
					14:25:04",https://www.idx.co.id/StaticData/NewsAndAnnouncement/ANNOUNCEMENTSTOCK/From_EREP/202502/66e7a0bfd7_d8928ce970.pdf,Penyampaian Laporan Tahunan & Keberlanjutan dan ESG [],BBRI,https://www.idx.co.id/StaticData/NewsAndAnnouncement/ANNOUNCEMENTSTOCK/From_EREP/202502/29fb095277_63b50f2fcc.pdf,AnnualReport2024-BBRI-att4.pdf,https://www.idx.co.id/StaticData/NewsAndAnnouncement/ANNOUNCEMENTSTOCK/From_EREP/202502/550e2c5b27_bfde3c3e4e.pdf,AnnualReport2024-BBRI-att1.pdf
"28 Feb 2025
					18:21:54",https://www.idx.co.id/StaticData/NewsAndAnnouncement/ANNOUNCEMENTSTOCK/From_EREP/202502/0818f194f3_dea766e13e.pdf,Pemanggilan Rapat Umum Pemegang Saham Tahunan [],BBRI,https://www.idx.co.id/StaticData/NewsAndAnnouncement/ANNOUNCEMENTSTOCK/From_EREP/202502/07cc74754e_419d50161f.pdf,20250228_BBRI_Pemanggilan RUPS_31865386_lamp2.pdf,https://www.idx.co.id/StaticData/NewsAndAnnouncement/ANNOUNCEMENTSTOCK/From_EREP/202502/0fb54e8c21_8cedfcd117.pdf,20250228_BBRI_Pemanggilan RUPS_31865386_lamp3.pdf
"28 Feb 2025
					18:23:01",https://www.idx.co.id/StaticData/NewsAndAnnouncement/ANNOUNCEMENTSTOCK/From_EREP/202502/6eeeeae8a0_92cb7892e4.pdf,Laporan Kesiapan Dana Pelunasan Obligasi Berwawasan Lingkungan Berkelanjutan I Bank BRI Tahap III Tahun 2024 Seri A [],BBRI,https://www.idx.co.id/StaticData/NewsAndAnnouncement/ANNOUNCEMENTSTOCK/From_EREP/202502/6962b4a0a0_38e14f4f18.pdf,20250228_BBRI_Laporan Informasi dan Fakta Material_31865228_lamp1.pdf,,
"28 Feb 2025
					20:04:11",https://www.idx.co.id/StaticData/NewsAndAnnouncement/ANNOUNCEMENTSTOCK/From_EREP/202502/524c3fe6ab_45d4e74644.pdf,Penambahan Informasi atas Keterbukaan Informasi Rencana Pembelian Kembali Saham yang Dikeluarkan oleh Perseroan dan Pengalihan Saham Hasil Pembelian Kembali [],BBRI,https://www.idx.co.id/StaticData/NewsAndAnnouncement/ANNOUNCEMENTSTOCK/From_EREP/202502/161b2b2ab1_99d0327e7c.pdf,20250228_BBRI_Laporan Informasi dan Fakta Material_31865422_lamp1.pdf,https://www.idx.co.id/StaticData/NewsAndAnnouncement/ANNOUNCEMENTSTOCK/From_EREP/202502/980ea7f742_ebe9dceea2.pdf,20250228_BBRI_Laporan Informasi dan Fakta Material_31865422_lamp3.pdf
"04 Feb 2025
					20:37:56",https://www.idx.co.id/StaticData/NewsAndAnnouncement/ANNOUNCEMENTSTOCK/From_EREP/202502/732de71bec_340601ebeb.pdf,Laporan Bulanan Registrasi Pemegang Efek [],BBTN,https://www.idx.co.id/StaticData/NewsAndAnnouncement/ANNOUNCEMENTSTOCK/From_EREP/202502/5c836b8745_286c07fa8a.pdf,20250204_BBTN_Laporan Bulanan Registrasi Pemegang Efek/Perubahan Struktur Pemegang Saham_31849112_lamp1.pdf,,
"05 Feb 2025
					09:19:27",https://www.idx.co.id/StaticData/NewsAndAnnouncement/ANNOUNCEMENTSTOCK/From_EREP/202502/13907f6e59_512c15c2b2.pdf,Pemberitahuan Rencana Rapat Umum Pemegang Saham Tahunan [],BBTN,https://www.idx.co.id/StaticData/NewsAndAnnouncement/ANNOUNCEMENTSTOCK/From_EREP/202502/777340eefb_63fcdf0f71.pdf,20250205_BBTN_Pengumuman RUPS_31849514_lamp1.pdf,,
"05 Feb 2025
					20:55:30",https://www.idx.co.id/StaticData/NewsAndAnnouncement/ANNOUNCEMENTSTOCK/From_EREP/202502/245bba6441_7fed6ca8d4.pdf,Penyampaian Bukti Iklan Pemberitahuan RUPS [],BBTN,https://www.idx.co.id/StaticData/NewsAndAnnouncement/ANNOUNCEMENTSTOCK/From_EREP/202502/244cd91c41_6134f5de95.pdf,20250205_BBTN_Penyampaian Bukti Iklan_31859784_lamp1.pdf,,
"05 Feb 2025
					20:56:29",https://www.idx.co.id/StaticData/NewsAndAnnouncement/ANNOUNCEMENTSTOCK/From_EREP/202502/a67d96639c_677c858ebe.pdf,Penjelasan atas Pemberitaan Media Massa [],BBTN,https://www.idx.co.id/StaticData/NewsAndAnnouncement/ANNOUNCEMENTSTOCK/From_EREP/202502/a776ac9c62_0fe166366c.pdf,20250205_BBTN_Tanggapan atas Permintaan Penjelasan Bursa_31859867_lamp1.pdf,,
"11 Feb 2025
					17:35:59",https://www.idx.co.id/StaticData/NewsAndAnnouncement/ANNOUNCEMENTSTOCK/From_EREP/202502/91b4709626_4be2490a74.pdf,Penyampaian Materi Analyst Meeting PT Bank Tabungan Negara (Persero) Tbk per Desember 2024 [],BBTN,https://www.idx.co.id/StaticData/NewsAndAnnouncement/ANNOUNCEMENTSTOCK/From_EREP/202502/ee11523c0e_5b625003e5.pdf,20250211_BBTN_Laporan Informasi dan Fakta Material_31861723_lamp1.pdf,,
"12 Feb 2025
					21:09:29",https://www.idx.co.id/StaticData/NewsAndAnnouncement/ANNOUNCEMENTSTOCK/From_EREP/202502/bb3a9182b5_11787583e4.pdf,Penyampaian Bukti Iklan Informasi Laporan Keuangan Tahunan [],BBTN,https://www.idx.co.id/StaticData/NewsAndAnnouncement/ANNOUNCEMENTSTOCK/From_EREP/202502/20d4dee54b_1ece17d28d.pdf,20250212_BBTN_Penyampaian Bukti Iklan_31861806_lamp1.pdf,https://www.idx.co.id/StaticData/NewsAndAnnouncement/ANNOUNCEMENTSTOCK/From_EREP/202502/81c1d38850_3893809e1d.pdf,20250212_BBTN_Penyampaian Bukti Iklan_31861806_lamp3.pdf
"12 Feb 2025
					23:19:00",https://www.idx.co.id/StaticData/NewsAndAnnouncement/ANNOUNCEMENTSTOCK/From_EREP/202502/e3c8cdc08e_6b7a60036c.pdf,Penyampaian Bukti Iklan Informasi Laporan Keuangan Tahunan (KOREKSI) [],BBTN,https://www.idx.co.id/StaticData/NewsAndAnnouncement/ANNOUNCEMENTSTOCK/From_EREP/202502/19727da806_d3de07b985.pdf,20250212_BBTN_Penyampaian Bukti Iklan_31861987_lamp3.pdf,https://www.idx.co.id/StaticData/NewsAndAnnouncement/ANNOUNCEMENTSTOCK/From_EREP/202502/227b040e6f_d1f494f2d8.pdf,20250212_BBTN_Penyampaian Bukti Iklan_31861987_lamp2.pdf
"13 Feb 2025
					01:14:28",https://www.idx.co.id/StaticData/NewsAndAnnouncement/ANNOUNCEMENTSTOCK/From_EREP/202402/20250213012018-49649-0/FinancialStatement-2024-Tahunan-BBTN.pdf,Penyampaian Laporan Keuangan Tahunan [],BBTN,https://www.idx.co.id/StaticData/NewsAndAnnouncement/ANNOUNCEMENTSTOCK/From_EREP/202402/20250213012018-49649-0/FinancialStatement-2024-Tahunan-BBTN.xlsx,FinancialStatement-2024-Tahunan-BBTN.xlsx,https://www.idx.co.id/StaticData/NewsAndAnnouncement/ANNOUNCEMENTSTOCK/From_EREP/202402/20250213012018-49649-0/inlineXBRL.zip,inlineXBRL.zip
"13 Feb 2025
					10:42:23",https://www.idx.co.id/StaticData/NewsAndAnnouncement/ANNOUNCEMENTSTOCK/From_EREP/202402/20250213104836-49672-0/FinancialStatement-2024-Tahunan-BBTN.pdf,Penyampaian Laporan Keuangan Tahunan (KOREKSI) [],BBTN,https://www.idx.co.id/StaticData/NewsAndAnnouncement/ANNOUNCEMENTSTOCK/From_EREP/202402/20250213104836-49672-0/254.DIR.CSD.II.2025.pdf,254.DIR.CSD.II.2025.pdf,https://www.idx.co.id/StaticData/NewsAndAnnouncement/ANNOUNCEMENTSTOCK/From_EREP/202402/20250213104836-49672-0/btn_billingual_31_desember_24_released.pdf,btn_billingual_31_desember_24_released.pdf
"17 Feb 2025
					16:08:54",https://www.idx.co.id/StaticData/NewsAndAnnouncement/ANNOUNCEMENTSTOCK/From_EREP/202502/1c9c1c8151_14121bb80f.pdf,Pemberitahuan Perubahan Jadwal Rapat Umum Pemegang Saham Tahunan [],BBTN,https://www.idx.co.id/StaticData/NewsAndAnnouncement/ANNOUNCEMENTSTOCK/From_EREP/202502/4af8600f49_c02930ffec.pdf,20250217_BBTN_Pengumuman RUPS_31862697_lamp1.pdf,,
"17 Feb 2025
					22:01:25",https://www.idx.co.id/StaticData/NewsAndAnnouncement/ANNOUNCEMENTSTOCK/From_EREP/202502/4417cc1007_38bd04dc0e.pdf,Penyampaian Bukti Iklan Pengumuman Ulang RUPS Tahunan Tahun Buku 2024 PT Bank Tabungan Negara (Persero) Tbk [],BBTN,https://www.idx.co.id/StaticData/NewsAndAnnouncement/ANNOUNCEMENTSTOCK/From_EREP/202502/75a75c5656_9f1001b664.pdf,20250217_BBTN_Penyampaian Bukti Iklan_31862950_lamp1.pdf,,
"20 Feb 2025
					18:29:02",https://www.idx.co.id/StaticData/NewsAndAnnouncement/ANNOUNCEMENTSTOCK/From_EREP/202502/85f0d40284_59ebe1437b.pdf,Informasi Kupon [],BBTN,https://www.idx.co.id/StaticData/NewsAndAnnouncement/ANNOUNCEMENTSTOCK/From_EREP/202502/a5dae0be25_04c574d98e.pdf,20250220_BBTN_Pembayaran Kupon/Bagi Hasil/Ijarah/Pokok_31863876_lamp1.pdf,,
"26 Feb 2025
					23:00:41",https://www.idx.co.id/StaticData/NewsAndAnnouncement/ANNOUNCEMENTSTOCK/From_EREP/202502/b242dba9be_751ae16c26.pdf,Informasi Kupon [],BBTN,https://www.idx.co.id/StaticData/NewsAndAnnouncement/ANNOUNCEMENTSTOCK/From_EREP/202502/c87a3fe8d7_6040953a55.pdf,20250226_BBTN_Pembayaran Kupon/Bagi Hasil/Ijarah/Pokok_31864813_lamp1.pdf,,
"03 Feb 2025
					17:00:40",https://www.idx.co.id/StaticData/NewsAndAnnouncement/ANNOUNCEMENTSTOCK/From_EREP/202502/5850680fa3_89b36adfb0.pdf,Pemberitahuan Rencana Rapat Umum Pemegang Saham Tahunan [],BMRI,https://www.idx.co.id/StaticData/NewsAndAnnouncement/ANNOUNCEMENTSTOCK/From_EREP/202502/964de8e9fb_03ae29bf4f.pdf,20250203_BMRI_Pengumuman RUPS_31848876_lamp1.pdf,https://www.idx.co.id/StaticData/NewsAndAnnouncement/ANNOUNCEMENTSTOCK/From_EREP/202502/f647d1de04_410860d2dc.pdf,20250203_BMRI_Pengumuman RUPS_31848876_lamp2.pdf
"05 Feb 2025
					13:44:09",https://www.idx.co.id/StaticData/NewsAndAnnouncement/ANNOUNCEMENTSTOCK/From_EREP/202502/71c7323e19_ab1a8af6c7.pdf,Penyampaian Bukti Iklan Pemberitahuan RUPS [],BMRI,https://www.idx.co.id/StaticData/NewsAndAnnouncement/ANNOUNCEMENTSTOCK/From_EREP/202502/175881156b_ec786e0cc4.pdf,20250204_BMRI_Penyampaian Bukti Iklan_31849446_lamp2.pdf,https://www.idx.co.id/StaticData/NewsAndAnnouncement/ANNOUNCEMENTSTOCK/From_EREP/202502/466e457150_262ece3f9c.pdf,20250204_BMRI_Penyampaian Bukti Iklan_31849446_lamp1.pdf
"06 Feb 2025
					18:26:31",https://www.idx.co.id/StaticData/NewsAndAnnouncement/ANNOUNCEMENTSTOCK/From_EREP/202402/20250206183115-49581-0/FinancialStatement-2024-Tahunan-BMRI.pdf,Penyampaian Laporan Keuangan Tahunan [],BMRI,https://www.idx.co.id/StaticData/NewsAndAnnouncement/ANNOUNCEMENTSTOCK/From_EREP/202402/20250206183115-49581-0/4Q24%20-%20Public%20Expose.pdf,4Q24 - Public Expose.pdf,https://www.idx.co.id/StaticData/NewsAndAnnouncement/ANNOUNCEMENTSTOCK/From_EREP/202402/20250206183115-49581-0/FinancialStatement-2024-Tahunan-BMRI.xlsx,FinancialStatement-2024-Tahunan-BMRI.xlsx
"06 Feb 2025
					22:47:32",https://www.idx.co.id/StaticData/NewsAndAnnouncement/ANNOUNCEMENTSTOCK/From_EREP/202502/494e97ee94_fd6df12bee.pdf,Penyampaian Bukti Iklan Informasi Laporan Keuangan Tahunan [],BMRI,https://www.idx.co.id/StaticData/NewsAndAnnouncement/ANNOUNCEMENTSTOCK/From_EREP/202502/05f9731552_d791150d4f.pdf,20250206_BMRI_Penyampaian Bukti Iklan_31860423_lamp3.pdf,https://www.idx.co.id/StaticData/NewsAndAnnouncement/ANNOUNCEMENTSTOCK/From_EREP/202502/30d8afa57c_16df366e41.pdf,20250206_BMRI_Penyampaian Bukti Iklan_31860423_lamp1.pdf
"06 Feb 2025
					22:48:48",https://www.idx.co.id/StaticData/NewsAndAnnouncement/ANNOUNCEMENTSTOCK/From_EREP/202502/265fd38c9e_436809da09.pdf,Penyampaian Press Release Pemaparan Kinerja Perseroan [],BMRI,https://www.idx.co.id/StaticData/NewsAndAnnouncement/ANNOUNCEMENTSTOCK/From_EREP/202502/671592b821_c295d5b100.pdf,20250206_BMRI_Laporan Informasi dan Fakta Material_31860279_lamp1.pdf,,
"10 Feb 2025
					14:17:46",https://www.idx.co.id/StaticData/NewsAndAnnouncement/ANNOUNCEMENTSTOCK/From_EREP/202502/8dc2e02077_0b22d5dd04.pdf,Laporan Bulanan Registrasi Pemegang Efek [],BMRI,https://www.idx.co.id/StaticData/NewsAndAnnouncement/ANNOUNCEMENTSTOCK/From_EREP/202502/0d0b9cb262_6306273605.pdf,20250205_BMRI_Laporan Bulanan Registrasi Pemegang Efek/Perubahan Struktur Pemegang Saham_31859805_lamp5.pdf,https://www.idx.co.id/StaticData/NewsAndAnnouncement/ANNOUNCEMENTSTOCK/From_EREP/202502/0e109b7c6d_fe32fb1488.pdf,20250205_BMRI_Laporan Bulanan Registrasi Pemegang Efek/Perubahan Struktur Pemegang Saham_31859805_lamp3.pdf
"14 Feb 2025
					20:01:27",https://www.idx.co.id/StaticData/NewsAndAnnouncement/ANNOUNCEMENTSTOCK/From_EREP/202502/2257d2d69c_d965551edf.pdf,Laporan Kepemilikan atau Setiap Perubahan Kepemilikan Saham Perusahaan Terbuka [],BMRI,https://www.idx.co.id/StaticData/NewsAndAnnouncement/ANNOUNCEMENTSTOCK/From_EREP/202502/1526bf6786_e25fcca2f2.pdf,20250213_BMRI_Laporan Kepemilikan atau Setiap Perubahan Kepemilikan Saham Perusahaan Terbuka_31862177_lamp1.pdf,https://www.idx.co.id/StaticData/NewsAndAnnouncement/ANNOUNCEMENTSTOCK/From_EREP/202502/370bcfe86d_e017bd8e08.pdf,20250213_BMRI_Laporan Kepemilikan atau Setiap Perubahan Kepemilikan Saham Perusahaan Terbuka_31862177_lamp2.pdf
"14 Feb 2025
					20:04:56",https://www.idx.co.id/StaticData/NewsAndAnnouncement/ANNOUNCEMENTSTOCK/From_EREP/202502/c6e5710224_dabe0b8c4b.pdf,Laporan Kepemilikan atau Setiap Perubahan Kepemilikan Saham Perusahaan Terbuka [],BMRI,https://www.idx.co.id/StaticData/NewsAndAnnouncement/ANNOUNCEMENTSTOCK/From_EREP/202502/619f9dd199_b232385c97.pdf,20250213_BMRI_Laporan Kepemilikan atau Setiap Perubahan Kepemilikan Saham Perusahaan Terbuka_31862345_lamp1.pdf,https://www.idx.co.id/StaticData/NewsAndAnnouncement/ANNOUNCEMENTSTOCK/From_EREP/202502/9621295a08_06b90a2c17.pdf,20250213_BMRI_Laporan Kepemilikan atau Setiap Perubahan Kepemilikan Saham Perusahaan Terbuka_31862345_lamp2.pdf
"14 Feb 2025
					20:09:47",https://www.idx.co.id/StaticData/NewsAndAnnouncement/ANNOUNCEMENTSTOCK/From_EREP/202502/77909e4e99_f31e677fa0.pdf,Pemberitahuan Perubahan Jadwal Rapat Umum Pemegang Saham Tahunan [],BMRI,https://www.idx.co.id/StaticData/NewsAndAnnouncement/ANNOUNCEMENTSTOCK/From_EREP/202502/2dc27d7219_c0c156076b.pdf,20250213_BMRI_Pengumuman RUPS_31862257_lamp3.pdf,https://www.idx.co.id/StaticData/NewsAndAnnouncement/ANNOUNCEMENTSTOCK/From_EREP/202502/779ca859a9_8006fe7696.pdf,20250213_BMRI_Pengumuman RUPS_31862257_lamp2.pdf
"14 Feb 2025
					20:32:04",https://www.idx.co.id/StaticData/NewsAndAnnouncement/ANNOUNCEMENTSTOCK/From_EREP/202502/45e5e4351f_e35a1c09ee.pdf,Keterbukaan Informasi Sehubungan dengan Rencana Pembelian Kembali Saham (Buyback) dan Pengalihan Saham Hasil Buyback [],BMRI,https://www.idx.co.id/StaticData/NewsAndAnnouncement/ANNOUNCEMENTSTOCK/From_EREP/202502/0814e13c98_19a8638c42.pdf,20250214_BMRI_Laporan Informasi dan Fakta Material_31862671_lamp3.pdf,https://www.idx.co.id/StaticData/NewsAndAnnouncement/ANNOUNCEMENTSTOCK/From_EREP/202502/ade8337078_d8edf7a06e.pdf,20250214_BMRI_Laporan Informasi dan Fakta Material_31862671_lamp2.pdf
"17 Feb 2025
					19:56:38",https://www.idx.co.id/StaticData/NewsAndAnnouncement/ANNOUNCEMENTSTOCK/From_EREP/202502/004865c93f_6920da1f0b.pdf,Penyampaian Bukti Iklan Penyampaian Pengumuman Perubahan Jadwal Rapat Umum Pemegang Saham Tahunan Tahun Buku 2024 PT Bank Mandiri (Persero) Tbk [],BMRI,https://www.idx.co.id/StaticData/NewsAndAnnouncement/ANNOUNCEMENTSTOCK/From_EREP/202502/20d8e968bf_38a9a1efe9.pdf,20250217_BMRI_Penyampaian Bukti Iklan_31862856_lamp1.pdf,https://www.idx.co.id/StaticData/NewsAndAnnouncement/ANNOUNCEMENTSTOCK/From_EREP/202502/764d524bee_9cfa287d2b.pdf,20250217_BMRI_Penyampaian Bukti Iklan_31862856_lamp2.pdf
"18 Feb 2025
					16:51:19",https://www.idx.co.id/StaticData/NewsAndAnnouncement/ANNOUNCEMENTSTOCK/From_EREP/202502/b3f574c80a_7f5326219c.pdf,Penyampaian Bukti Iklan Informasi Pembelian kembali (Buyback) saham [],BMRI,https://www.idx.co.id/StaticData/NewsAndAnnouncement/ANNOUNCEMENTSTOCK/From_EREP/202502/a6331d0d0d_119ff1f341.pdf,20250218_BMRI_Penyampaian Bukti Iklan_31863101_lamp2.pdf,https://www.idx.co.id/StaticData/NewsAndAnnouncement/ANNOUNCEMENTSTOCK/From_EREP/202502/cca42f58a3_910affa4c1.pdf,20250218_BMRI_Penyampaian Bukti Iklan_31863101_lamp1.pdf
"18 Feb 2025
					18:51:50",https://www.idx.co.id/StaticData/NewsAndAnnouncement/ANNOUNCEMENTSTOCK/From_EREP/202502/daffedaa48_e9ef6ee0b2.pdf,Laporan Hasil Pemeringkatan Pemeringkatan Tahunan [],BMRI,https://www.idx.co.id/StaticData/NewsAndAnnouncement/ANNOUNCEMENTSTOCK/From_EREP/202502/005bf1b3f0_fc27421bb8.pdf,20250218_BMRI_Laporan Hasil Pemeringkatan_31863395_lamp2.pdf,https://www.idx.co.id/StaticData/NewsAndAnnouncement/ANNOUNCEMENTSTOCK/From_EREP/202502/169cda82bb_ae72b99c04.pdf,20250218_BMRI_Laporan Hasil Pemeringkatan_31863395_lamp1.pdf
"06 Feb 2025
					11:43:32",https://www.idx.co.id/StaticData/NewsAndAnnouncement/ANNOUNCEMENTSTOCK/From_EREP/202402/20250206115107-49597-0/FinancialStatement-2024-Tahunan-BRIS.pdf,Penyampaian Laporan Keuangan Tahunan [],BRIS,https://www.idx.co.id/StaticData/NewsAndAnnouncement/ANNOUNCEMENTSTOCK/From_EREP/202402/20250206115107-49597-0/CHECKLIST%20PENGUNGKAPAN%20LAP%20KEU%2031%20DESEMBER%202024.pdf,CHECKLIST PENGUNGKAPAN LAP KEU 31 DESEMBER 2024.pdf,https://www.idx.co.id/StaticData/NewsAndAnnouncement/ANNOUNCEMENTSTOCK/From_EREP/202402/20250206115107-49597-0/FinancialStatement-2024-Tahunan-BRIS.xlsx,FinancialStatement-2024-Tahunan-BRIS.xlsx
"06 Feb 2025
					19:32:52",https://www.idx.co.id/StaticData/NewsAndAnnouncement/ANNOUNCEMENTSTOCK/From_EREP/202502/81aa48c136_5bd463c15f.pdf,Penyampaian Bukti Iklan Informasi Laporan Keuangan Tahunan [],BRIS,https://www.idx.co.id/StaticData/NewsAndAnnouncement/ANNOUNCEMENTSTOCK/From_EREP/202502/111a0d7630_f9307c9c88.pdf,20250206_BRIS_Penyampaian Bukti Iklan_31860225_lamp1.pdf,https://www.idx.co.id/StaticData/NewsAndAnnouncement/ANNOUNCEMENTSTOCK/From_EREP/202502/5b067a101e_dfbae2e46c.pdf,20250206_BRIS_Penyampaian Bukti Iklan_31860225_lamp3.pdf
"06 Feb 2025
					19:37:07",https://www.idx.co.id/StaticData/NewsAndAnnouncement/ANNOUNCEMENTSTOCK/From_EREP/202502/a1ffa65668_4bd0ab2d73.pdf,Laporan Bulanan Registrasi Pemegang Efek [],BRIS,https://www.idx.co.id/StaticData/NewsAndAnnouncement/ANNOUNCEMENTSTOCK/From_EREP/202502/63d9918342_b0c31aaa43.pdf,20250206_BRIS_Laporan Bulanan Registrasi Pemegang Efek/Perubahan Struktur Pemegang Saham_31860072_lamp1.pdf,,
"06 Feb 2025
					21:07:26",https://www.idx.co.id/StaticData/NewsAndAnnouncement/ANNOUNCEMENTSTOCK/From_EREP/202502/04375cd5fa_3a405ff426.pdf,Penyampaian Informasi Pemenuhan Kewajiban Public Expose - Tahunan [],BRIS,https://www.idx.co.id/StaticData/NewsAndAnnouncement/ANNOUNCEMENTSTOCK/From_EREP/202502/c87442b043_98c707b381.pdf,20250206_BRIS_Public Expose_31860394_lamp1.pdf,,
"13 Feb 2025
					19:40:39",https://www.idx.co.id/StaticData/NewsAndAnnouncement/ANNOUNCEMENTSTOCK/From_EREP/202502/f72eecb507_43954fd5d5.pdf,Laporan Hasil Pemeringkatan Pemeringkatan Tahunan [],BRIS,https://www.idx.co.id/StaticData/NewsAndAnnouncement/ANNOUNCEMENTSTOCK/From_EREP/202502/45ed86aef0_ab0f31bab9.pdf,20250213_BRIS_Laporan Hasil Pemeringkatan_31862288_lamp1.pdf,,
"04 Feb 2025
					17:14:06",https://www.idx.co.id/StaticData/NewsAndAnnouncement/ANNOUNCEMENTSTOCK/From_EREP/202502/ed00aaafe1_ecadf45ecb.pdf,Laporan Kepemilikan atau Setiap Perubahan Kepemilikan Saham Perusahaan Terbuka [],BRPT,https://www.idx.co.id/StaticData/NewsAndAnnouncement/ANNOUNCEMENTSTOCK/From_EREP/202502/3c051980ac_a15dc5ee4f.pdf,20250204_BRPT_Laporan Kepemilikan atau Setiap Perubahan Kepemilikan Saham Perusahaan Terbuka_31849338_lamp1.pdf,,
"10 Feb 2025
					19:20:24",https://www.idx.co.id/StaticData/NewsAndAnnouncement/ANNOUNCEMENTSTOCK/From_EREP/202502/d6d7d99b50_0921312aa4.pdf,Laporan Bulanan Registrasi Pemegang Efek [],BRPT,https://www.idx.co.id/StaticData/NewsAndAnnouncement/ANNOUNCEMENTSTOCK/From_EREP/202502/23e591041f_17aa05b383.pdf,20250204_BRPT_Laporan Bulanan Registrasi Pemegang Efek/Perubahan Struktur Pemegang Saham_31849386_lamp1.pdf,,
"06 Feb 2025
					09:32:25",https://www.idx.co.id/StaticData/NewsAndAnnouncement/ANNOUNCEMENTSTOCK/From_EREP/202502/684f7c0027_c8ad7cff6c.pdf,Laporan Bulanan Registrasi Pemegang Efek [],CPIN,https://www.idx.co.id/StaticData/NewsAndAnnouncement/ANNOUNCEMENTSTOCK/From_EREP/202502/4197f96628_7e6c356351.pdf,20250206_CPIN_Laporan Bulanan Registrasi Pemegang Efek/Perubahan Struktur Pemegang Saham_31859956_lamp1.pdf,,
"10 Feb 2025
					13:11:43",https://www.idx.co.id/StaticData/NewsAndAnnouncement/ANNOUNCEMENTSTOCK/From_EREP/202502/d2a8278978_ae835cfad5.pdf,Laporan Bulanan Registrasi Pemegang Efek [],CTRA,https://www.idx.co.id/StaticData/NewsAndAnnouncement/ANNOUNCEMENTSTOCK/From_EREP/202502/f9ac967415_6ef8a46175.pdf,20250210_CTRA_Laporan Bulanan Registrasi Pemegang Efek/Perubahan Struktur Pemegang Saham_31861261_lamp1.pdf,,
"11 Feb 2025
					17:41:10",https://www.idx.co.id/StaticData/NewsAndAnnouncement/ANNOUNCEMENTSTOCK/From_EREP/202502/e1da8d5c53_7052939db7.pdf,Perubahan Internal Audit [],CTRA,https://www.idx.co.id/StaticData/NewsAndAnnouncement/ANNOUNCEMENTSTOCK/From_EREP/202502/0683ce4bef_8d464fc811.pdf,20250211_CTRA_Perubahan Corsec Komite Audit Alamat NPWP Internal Audit_31861724_lamp1.pdf,https://www.idx.co.id/StaticData/NewsAndAnnouncement/ANNOUNCEMENTSTOCK/From_EREP/202502/56b9e5b762_d44ad492a6.pdf,20250211_CTRA_Perubahan Corsec Komite Audit Alamat NPWP Internal Audit_31861724_lamp4.pdf
"05 Feb 2025
					13:48:20",https://www.idx.co.id/StaticData/NewsAndAnnouncement/ANNOUNCEMENTSTOCK/From_EREP/202502/fba7ceb3cf_fe0762a030.pdf,Laporan Bulanan Registrasi Pemegang Efek [],ESSA,https://www.idx.co.id/StaticData/NewsAndAnnouncement/ANNOUNCEMENTSTOCK/From_EREP/202502/277d2644ae_61ccbc395d.pdf,20250205_ESSA_Laporan Bulanan Registrasi Pemegang Efek/Perubahan Struktur Pemegang Saham_31859593_lamp1.pdf,,
"21 Feb 2025
					15:33:51",https://www.idx.co.id/StaticData/NewsAndAnnouncement/ANNOUNCEMENTSTOCK/From_EREP/202402/20250221174034-49686-0/FinancialStatement-2024-Tahunan-ESSA.pdf,Penyampaian Laporan Keuangan Tahunan [],ESSA,https://www.idx.co.id/StaticData/NewsAndAnnouncement/ANNOUNCEMENTSTOCK/From_EREP/202402/20250221174034-49686-0/250221%20Cover%20Letter%20FS%20ESSA%202024.pdf,250221 Cover Letter FS ESSA 2024.pdf,https://www.idx.co.id/StaticData/NewsAndAnnouncement/ANNOUNCEMENTSTOCK/From_EREP/202402/20250221174034-49686-0/250221%20ESSA%20Press%20Release%20FY%202024.pdf,250221 ESSA Press Release FY 2024.pdf
"05 Feb 2025
					12:45:53",https://www.idx.co.id/StaticData/NewsAndAnnouncement/ANNOUNCEMENTSTOCK/From_EREP/202402/20250205125020-49574-0/FinancialStatement-2024-Tahunan-EXCL.pdf,Penyampaian Laporan Keuangan Tahunan [],EXCL,https://www.idx.co.id/StaticData/NewsAndAnnouncement/ANNOUNCEMENTSTOCK/From_EREP/202402/20250205125020-49574-0/FinancialStatement-2024-Tahunan-EXCL.xlsx,FinancialStatement-2024-Tahunan-EXCL.xlsx,https://www.idx.co.id/StaticData/NewsAndAnnouncement/ANNOUNCEMENTSTOCK/From_EREP/202402/20250205125020-49574-0/FS%20XL%20Axiata%201224.pdf,FS XL Axiata 1224.pdf
"07 Feb 2025
					16:03:22",https://www.idx.co.id/StaticData/NewsAndAnnouncement/ANNOUNCEMENTSTOCK/From_EREP/202502/5ac4d866e1_78add4d80e.pdf,Informasi Kupon [],EXCL,,,,
"07 Feb 2025
					16:04:03",https://www.idx.co.id/StaticData/NewsAndAnnouncement/ANNOUNCEMENTSTOCK/From_EREP/202502/aed7cd5c68_536eed0c0a.pdf,Informasi Ijarah Fee [],EXCL,,,,
"10 Feb 2025
					11:03:35",https://www.idx.co.id/StaticData/NewsAndAnnouncement/ANNOUNCEMENTSTOCK/From_EREP/202502/546e140fd3_e0cbd76d7f.pdf,Laporan Bulanan Registrasi Pemegang Efek [],EXCL,,,,
"13 Feb 2025
					16:12:30",https://www.idx.co.id/StaticData/NewsAndAnnouncement/ANNOUNCEMENTSTOCK/From_EREP/202502/985d3c8994_a2be66e4e3.pdf,Penyampaian Bukti Iklan Pengumuman Rapat Umum Pemegang Obligasi atas Obligasi Berkelanjutan I XL Axiata Tahap II Tahun 2019 [],EXCL,https://www.idx.co.id/StaticData/NewsAndAnnouncement/ANNOUNCEMENTSTOCK/From_EREP/202502/984797839e_e924178dc1.pdf,20250213_EXCL_Penyampaian Bukti Iklan_31862103_lamp1.pdf,https://www.idx.co.id/StaticData/NewsAndAnnouncement/ANNOUNCEMENTSTOCK/From_EREP/202502/a65912071f_86fee60376.pdf,20250213_EXCL_Penyampaian Bukti Iklan_31862103_lamp2.pdf
"13 Feb 2025
					16:16:28",https://www.idx.co.id/StaticData/NewsAndAnnouncement/ANNOUNCEMENTSTOCK/From_EREP/202502/e7ea723f82_0fe7ffdfcb.pdf,Penyampaian Bukti Iklan Pengumuman Rapat Umum Pemegang Obligasi atas Obligasi Berkelanjutan I XL Axiata Tahap I Tahun 2018 [],EXCL,https://www.idx.co.id/StaticData/NewsAndAnnouncement/ANNOUNCEMENTSTOCK/From_EREP/202502/8c7868521f_8dd2d8ddfe.pdf,20250213_EXCL_Penyampaian Bukti Iklan_31862096_lamp2.pdf,https://www.idx.co.id/StaticData/NewsAndAnnouncement/ANNOUNCEMENTSTOCK/From_EREP/202502/ea923c40de_f95cf3622e.pdf,20250213_EXCL_Penyampaian Bukti Iklan_31862096_lamp1.pdf
"13 Feb 2025
					16:19:01",https://www.idx.co.id/StaticData/NewsAndAnnouncement/ANNOUNCEMENTSTOCK/From_EREP/202502/5222e632c4_3cb3342358.pdf,Penyampaian Bukti Iklan Pengumuman Rapat Umum Pemegang Sukuk Ijarah atas Sukuk Ijarah Berkelanjutan II XL Axiata Tahap II Tahun 2019 [],EXCL,https://www.idx.co.id/StaticData/NewsAndAnnouncement/ANNOUNCEMENTSTOCK/From_EREP/202502/93d66aaab4_0808712b7f.pdf,20250213_EXCL_Penyampaian Bukti Iklan_31862106_lamp2.pdf,https://www.idx.co.id/StaticData/NewsAndAnnouncement/ANNOUNCEMENTSTOCK/From_EREP/202502/dd295994b1_0ff925261e.pdf,20250213_EXCL_Penyampaian Bukti Iklan_31862106_lamp1.pdf
"13 Feb 2025
					16:22:09",https://www.idx.co.id/StaticData/NewsAndAnnouncement/ANNOUNCEMENTSTOCK/From_EREP/202502/9a37d67828_23944d4033.pdf,Penyampaian Bukti Iklan Pengumuman Rapat Umum Pemegang Sukuk Ijarah atas Sukuk Ijarah Berkelanjutan II XL Axiata Tahap II Tahun 2018 [],EXCL,https://www.idx.co.id/StaticData/NewsAndAnnouncement/ANNOUNCEMENTSTOCK/From_EREP/202502/69582ebf64_1efa1f9216.pdf,20250213_EXCL_Penyampaian Bukti Iklan_31862115_lamp1.pdf,https://www.idx.co.id/StaticData/NewsAndAnnouncement/ANNOUNCEMENTSTOCK/From_EREP/202502/efe415fb0e_4f7b5163f6.pdf,20250213_EXCL_Penyampaian Bukti Iklan_31862115_lamp2.pdf
"13 Feb 2025
					16:25:20",https://www.idx.co.id/StaticData/NewsAndAnnouncement/ANNOUNCEMENTSTOCK/From_EREP/202502/6ef76f9a25_b55e7d12bc.pdf,Penyampaian Bukti Iklan Hasil Rapat Umum Pemegang Sukuk Ijarah atas Sukuk Ijarah Berkelanjutan I XL Axiata Tahap II Tahun 2017 [],EXCL,https://www.idx.co.id/StaticData/NewsAndAnnouncement/ANNOUNCEMENTSTOCK/From_EREP/202502/2d92a4f9c5_2a5c0419ce.pdf,20250213_EXCL_Penyampaian Bukti Iklan_31862099_lamp2.pdf,https://www.idx.co.id/StaticData/NewsAndAnnouncement/ANNOUNCEMENTSTOCK/From_EREP/202502/d04374b353_2878711c42.pdf,20250213_EXCL_Penyampaian Bukti Iklan_31862099_lamp1.pdf
"13 Feb 2025
					16:26:37",https://www.idx.co.id/StaticData/NewsAndAnnouncement/ANNOUNCEMENTSTOCK/From_EREP/202502/fd8aa7da9f_62ab3a996a.pdf,Penyampaian Bukti Iklan Hasil Rapat Umum Pemegang Obligasi atas Obligasi Berkelanjutan I PT XL Axiata Tahap II Tahun 2019 [],EXCL,https://www.idx.co.id/StaticData/NewsAndAnnouncement/ANNOUNCEMENTSTOCK/From_EREP/202502/0d5ab44155_982ad9d535.pdf,20250213_EXCL_Penyampaian Bukti Iklan_31862125_lamp1.pdf,https://www.idx.co.id/StaticData/NewsAndAnnouncement/ANNOUNCEMENTSTOCK/From_EREP/202502/bf85b1587f_a8c88843ce.pdf,20250213_EXCL_Penyampaian Bukti Iklan_31862125_lamp2.pdf
"13 Feb 2025
					16:28:07",https://www.idx.co.id/StaticData/NewsAndAnnouncement/ANNOUNCEMENTSTOCK/From_EREP/202502/f3c47d1399_42eb2e6651.pdf,Penyampaian Bukti Iklan Hasil Rapat Umum Pemegang Obligasi atas Obligasi Berkelanjutan I PT XL Axiata Tahap  I Tahun 2018 [],EXCL,https://www.idx.co.id/StaticData/NewsAndAnnouncement/ANNOUNCEMENTSTOCK/From_EREP/202502/0151ba4191_1da518f80b.pdf,20250213_EXCL_Penyampaian Bukti Iklan_31862133_lamp2.pdf,https://www.idx.co.id/StaticData/NewsAndAnnouncement/ANNOUNCEMENTSTOCK/From_EREP/202502/a783747d0b_2ddefcc3e7.pdf,20250213_EXCL_Penyampaian Bukti Iklan_31862133_lamp1.pdf
"13 Feb 2025
					16:31:39",https://www.idx.co.id/StaticData/NewsAndAnnouncement/ANNOUNCEMENTSTOCK/From_EREP/202502/dbc5593a47_f208b30ecc.pdf,Penyampaian Bukti Iklan Hasil Rapat Umum Pemegang Sukuk Ijarah atas Sukuk Ijarah Berkelanjutan II PT XL Axiata Tahap II Tahun 2019 [],EXCL,https://www.idx.co.id/StaticData/NewsAndAnnouncement/ANNOUNCEMENTSTOCK/From_EREP/202502/06779a4d12_7ad2606a10.pdf,20250213_EXCL_Penyampaian Bukti Iklan_31862126_lamp1.pdf,https://www.idx.co.id/StaticData/NewsAndAnnouncement/ANNOUNCEMENTSTOCK/From_EREP/202502/8168988369_dc601eec87.pdf,20250213_EXCL_Penyampaian Bukti Iklan_31862126_lamp2.pdf
"13 Feb 2025
					16:33:15",https://www.idx.co.id/StaticData/NewsAndAnnouncement/ANNOUNCEMENTSTOCK/From_EREP/202502/82da2210ee_fb5908828d.pdf,Penyampaian Bukti Iklan Hasil Rapat Umum Pemegang Sukuk Ijarah atas Sukuk Ijarah Berkelanjutan II PT XL Axiata Tahap I Tahun 2018 [],EXCL,https://www.idx.co.id/StaticData/NewsAndAnnouncement/ANNOUNCEMENTSTOCK/From_EREP/202502/25adf1d9af_8394842650.pdf,20250213_EXCL_Penyampaian Bukti Iklan_31862134_lamp2.pdf,https://www.idx.co.id/StaticData/NewsAndAnnouncement/ANNOUNCEMENTSTOCK/From_EREP/202502/5059b505a8_2d706f661b.pdf,20250213_EXCL_Penyampaian Bukti Iklan_31862134_lamp1.pdf
"13 Feb 2025
					16:35:26",https://www.idx.co.id/StaticData/NewsAndAnnouncement/ANNOUNCEMENTSTOCK/From_EREP/202502/0dcb2ded8c_434ba6f429.pdf,Penyampaian Bukti Iklan Hasil Rapat Umum Pemegang Obligasi atas Obligasi Berkelanjutan II PT XL Axiata Tahap  I Tahun 2022 [],EXCL,https://www.idx.co.id/StaticData/NewsAndAnnouncement/ANNOUNCEMENTSTOCK/From_EREP/202502/4c2b153b99_d1ae7f78f6.pdf,20250213_EXCL_Penyampaian Bukti Iklan_31862137_lamp2.pdf,https://www.idx.co.id/StaticData/NewsAndAnnouncement/ANNOUNCEMENTSTOCK/From_EREP/202502/5de9cf2cca_7eab06722b.pdf,20250213_EXCL_Penyampaian Bukti Iklan_31862137_lamp1.pdf
"13 Feb 2025
					16:36:57",https://www.idx.co.id/StaticData/NewsAndAnnouncement/ANNOUNCEMENTSTOCK/From_EREP/202502/3483220760_a2515ab012.pdf,Penyampaian Bukti Iklan Hasil Rapat Umum Pemegang Sukuk Ijarah atas Sukuk Ijarah Berkelanjutan III PT XL Axiata Tahap  I Tahun 2022 [],EXCL,https://www.idx.co.id/StaticData/NewsAndAnnouncement/ANNOUNCEMENTSTOCK/From_EREP/202502/2b65372bb3_5312d8fe98.pdf,20250213_EXCL_Penyampaian Bukti Iklan_31862140_lamp2.pdf,https://www.idx.co.id/StaticData/NewsAndAnnouncement/ANNOUNCEMENTSTOCK/From_EREP/202502/ef927b0a5d_a57cfc3d0d.pdf,20250213_EXCL_Penyampaian Bukti Iklan_31862140_lamp1.pdf
"13 Feb 2025
					17:03:57",https://www.idx.co.id/StaticData/NewsAndAnnouncement/ANNOUNCEMENTSTOCK/From_EREP/202502/70d00646dc_b8548e8aaa.pdf,Pemberitahuan Hasil RUPSU PT XL Axiata Tbk [],EXCL,https://www.idx.co.id/StaticData/NewsAndAnnouncement/ANNOUNCEMENTSTOCK/From_EREP/202502/639194fcdc_1a0e5f9d8f.pdf,20250213_EXCL_Pemberitahuan Rencana/Penyampaian Panggilan/Hasil RUPO/RUPSU/RUP EBA-SP_31862026_lamp1.pdf,,
"13 Feb 2025
					17:05:28",https://www.idx.co.id/StaticData/NewsAndAnnouncement/ANNOUNCEMENTSTOCK/From_EREP/202502/b6aaafaeb2_9f66c1c283.pdf,Pemberitahuan Hasil RUPO PT XL Axiata Tbk [],EXCL,https://www.idx.co.id/StaticData/NewsAndAnnouncement/ANNOUNCEMENTSTOCK/From_EREP/202502/eae84c2739_ff01be077a.pdf,20250213_EXCL_Pemberitahuan Rencana/Penyampaian Panggilan/Hasil RUPO/RUPSU/RUP EBA-SP_31862003_lamp1.pdf,,
"13 Feb 2025
					17:18:03",https://www.idx.co.id/StaticData/NewsAndAnnouncement/ANNOUNCEMENTSTOCK/From_EREP/202502/17d61bd254_7445672ba0.pdf,Pemberitahuan Hasil RUPSU PT XL Axiata Tbk [],EXCL,https://www.idx.co.id/StaticData/NewsAndAnnouncement/ANNOUNCEMENTSTOCK/From_EREP/202502/be5d1a15e1_68f0f727e8.pdf,20250213_EXCL_Pemberitahuan Rencana/Penyampaian Panggilan/Hasil RUPO/RUPSU/RUP EBA-SP_31862005_lamp1.pdf,,
"13 Feb 2025
					17:26:45",https://www.idx.co.id/StaticData/NewsAndAnnouncement/ANNOUNCEMENTSTOCK/From_EREP/202502/c5874d9315_75b17b0996.pdf,Pemberitahuan Hasil RUPO PT XL Axiata Tbk [],EXCL,https://www.idx.co.id/StaticData/NewsAndAnnouncement/ANNOUNCEMENTSTOCK/From_EREP/202502/5d7e595ade_51357f8c46.pdf,20250213_EXCL_Pemberitahuan Rencana/Penyampaian Panggilan/Hasil RUPO/RUPSU/RUP EBA-SP_31862021_lamp1.pdf,,
"13 Feb 2025
					17:27:38",https://www.idx.co.id/StaticData/NewsAndAnnouncement/ANNOUNCEMENTSTOCK/From_EREP/202502/429855b649_d60284e23b.pdf,Pemberitahuan Hasil RUPSU PT XL Axiata Tbk [],EXCL,https://www.idx.co.id/StaticData/NewsAndAnnouncement/ANNOUNCEMENTSTOCK/From_EREP/202502/35e503ebcf_dec86ba094.pdf,20250213_EXCL_Pemberitahuan Rencana/Penyampaian Panggilan/Hasil RUPO/RUPSU/RUP EBA-SP_31862028_lamp1.pdf,,
"13 Feb 2025
					17:28:35",https://www.idx.co.id/StaticData/NewsAndAnnouncement/ANNOUNCEMENTSTOCK/From_EREP/202502/399ef3e795_981aaf5788.pdf,Pemberitahuan Hasil RUPO PT XL Axiata Tbk [],EXCL,https://www.idx.co.id/StaticData/NewsAndAnnouncement/ANNOUNCEMENTSTOCK/From_EREP/202502/cd71fe14e2_036ef6d6b6.pdf,20250213_EXCL_Pemberitahuan Rencana/Penyampaian Panggilan/Hasil RUPO/RUPSU/RUP EBA-SP_31862032_lamp1.pdf,,
"13 Feb 2025
					17:30:57",https://www.idx.co.id/StaticData/NewsAndAnnouncement/ANNOUNCEMENTSTOCK/From_EREP/202502/d7998b43a6_7c059c6a71.pdf,Pemberitahuan Hasil RUPSU PT XL Axiata Tbk [],EXCL,https://www.idx.co.id/StaticData/NewsAndAnnouncement/ANNOUNCEMENTSTOCK/From_EREP/202502/68433902ca_b47b92690c.pdf,20250213_EXCL_Pemberitahuan Rencana/Penyampaian Panggilan/Hasil RUPO/RUPSU/RUP EBA-SP_31862030_lamp1.pdf,,
"13 Feb 2025
					17:31:56",https://www.idx.co.id/StaticData/NewsAndAnnouncement/ANNOUNCEMENTSTOCK/From_EREP/202502/d7e74673b9_0c660ba1df.pdf,Pemberitahuan Hasil RUPSU PT XL Axiata Tbk [],EXCL,https://www.idx.co.id/StaticData/NewsAndAnnouncement/ANNOUNCEMENTSTOCK/From_EREP/202502/322b4e234c_35633a5402.pdf,20250213_EXCL_Pemberitahuan Rencana/Penyampaian Panggilan/Hasil RUPO/RUPSU/RUP EBA-SP_31862030_lamp1.pdf,,
"13 Feb 2025
					17:41:52",https://www.idx.co.id/StaticData/NewsAndAnnouncement/ANNOUNCEMENTSTOCK/From_EREP/202502/d00954124f_7cb5bdd58b.pdf,Pemberitahuan Rencana RUPO PT XL Axiata Tbk [],EXCL,,,,
"13 Feb 2025
					17:45:26",https://www.idx.co.id/StaticData/NewsAndAnnouncement/ANNOUNCEMENTSTOCK/From_EREP/202502/07429a2ec1_c614f8e396.pdf,Pemberitahuan Rencana RUPSU PT XL Axiata Tbk [],EXCL,,,,
"13 Feb 2025
					17:48:06",https://www.idx.co.id/StaticData/NewsAndAnnouncement/ANNOUNCEMENTSTOCK/From_EREP/202502/a61084f655_65b432fcf0.pdf,Pemberitahuan Rencana RUPO PT XL Axiata Tbk [],EXCL,,,,
"13 Feb 2025
					18:31:42",https://www.idx.co.id/StaticData/NewsAndAnnouncement/ANNOUNCEMENTSTOCK/From_EREP/202502/dffc159ddf_a22f09d433.pdf,Pemberitahuan Rencana RUPSU PT XL Axiata Tbk [],EXCL,,,,
"13 Feb 2025
					21:55:50",https://www.idx.co.id/StaticData/NewsAndAnnouncement/ANNOUNCEMENTSTOCK/From_EREP/202502/a4266ced21_cd7e3a9a7f.pdf,Penyampaian Bukti Iklan Pengumuman Rapat Umum Pemegang Sukuk Ijarah atas Sukuk Ijarah Berkelanjutan II XL Axiata Tahap I Tahun 2018 (KOREKSI) [],EXCL,https://www.idx.co.id/StaticData/NewsAndAnnouncement/ANNOUNCEMENTSTOCK/From_EREP/202502/4b309f7849_a1b8d9e33d.pdf,20250213_EXCL_Penyampaian Bukti Iklan_31862360_lamp1.pdf,https://www.idx.co.id/StaticData/NewsAndAnnouncement/ANNOUNCEMENTSTOCK/From_EREP/202502/9a097583b8_7ec86b63c4.pdf,20250213_EXCL_Penyampaian Bukti Iklan_31862360_lamp2.pdf
"13 Feb 2025
					21:56:28",https://www.idx.co.id/StaticData/NewsAndAnnouncement/ANNOUNCEMENTSTOCK/From_EREP/202502/c8fb5856b0_da1782adb0.pdf,Pemberitahuan Rencana RUPSU PT XL Axiata Tbk (KOREKSI) [],EXCL,,,,
"14 Feb 2025
					15:07:25",https://www.idx.co.id/StaticData/NewsAndAnnouncement/ANNOUNCEMENTSTOCK/From_EREP/202502/76758c7387_d583fae3a5.pdf,Pemberitahuan Rencana Rapat Umum Pemegang Saham Tahunan [],EXCL,https://www.idx.co.id/StaticData/NewsAndAnnouncement/ANNOUNCEMENTSTOCK/From_EREP/202502/9adf5cc46f_be5f51fb22.pdf,20250214_EXCL_Pengumuman RUPS_31862462_lamp1.pdf,https://www.idx.co.id/StaticData/NewsAndAnnouncement/ANNOUNCEMENTSTOCK/From_EREP/202502/b4b9fd0913_67b0039902.pdf,20250214_EXCL_Pengumuman RUPS_31862462_lamp2.pdf
"14 Feb 2025
					15:11:47",https://www.idx.co.id/StaticData/NewsAndAnnouncement/ANNOUNCEMENTSTOCK/From_EREP/202503/8549118a64_dc25f23018.pdf,Pemberitahuan Rencana Rapat Umum Pemegang Saham Luar Biasa [],EXCL,https://www.idx.co.id/StaticData/NewsAndAnnouncement/ANNOUNCEMENTSTOCK/From_EREP/202503/0f5924b768_8c72f216b3.pdf,20250214_EXCL_Pengumuman RUPS_31862464_lamp2.pdf,https://www.idx.co.id/StaticData/NewsAndAnnouncement/ANNOUNCEMENTSTOCK/From_EREP/202503/637b768f32_bdb8f2e3a2.pdf,20250214_EXCL_Pengumuman RUPS_31862464_lamp1.pdf
"21 Feb 2025
					19:59:50",https://www.idx.co.id/StaticData/NewsAndAnnouncement/ANNOUNCEMENTSTOCK/From_EREP/202502/1e51f32f0c_e4f9330aaa.pdf,Penyampaian Bukti Iklan Pemanggilan RUPSI atas Sukuk Ijarah Berkelanjutan III XL Axiata Tahap I Tahun 2022 [],EXCL,https://www.idx.co.id/StaticData/NewsAndAnnouncement/ANNOUNCEMENTSTOCK/From_EREP/202502/a57bcefe4f_b3dc099718.pdf,20250221_EXCL_Penyampaian Bukti Iklan_31864110_lamp1.pdf,https://www.idx.co.id/StaticData/NewsAndAnnouncement/ANNOUNCEMENTSTOCK/From_EREP/202502/d5b8dc7ab3_93de4b1f01.pdf,20250221_EXCL_Penyampaian Bukti Iklan_31864110_lamp2.pdf
"21 Feb 2025
					20:00:23",https://www.idx.co.id/StaticData/NewsAndAnnouncement/ANNOUNCEMENTSTOCK/From_EREP/202502/d89b67d4da_af72ae668f.pdf,Penyampaian Bukti Iklan Pemanggilan RUPSI atas Sukuk Ijarah Berkelanjutan I XL Axiata Tahap II Tahun 2017 [],EXCL,https://www.idx.co.id/StaticData/NewsAndAnnouncement/ANNOUNCEMENTSTOCK/From_EREP/202502/d6acaa4ffa_972db82811.pdf,20250221_EXCL_Penyampaian Bukti Iklan_31864113_lamp1.pdf,,
"21 Feb 2025
					20:01:02",https://www.idx.co.id/StaticData/NewsAndAnnouncement/ANNOUNCEMENTSTOCK/From_EREP/202502/cceaeb5786_0cdf1bde26.pdf,Pemberitahuan Panggilan RUPSU PT XL Axiata Tbk [],EXCL,,,,
"21 Feb 2025
					20:01:32",https://www.idx.co.id/StaticData/NewsAndAnnouncement/ANNOUNCEMENTSTOCK/From_EREP/202502/49aa2849bf_663a64bbc9.pdf,Pemberitahuan Panggilan RUPSU PT XL Axiata Tbk [],EXCL,,,,
"24 Feb 2025
					07:58:20",https://www.idx.co.id/StaticData/NewsAndAnnouncement/ANNOUNCEMENTSTOCK/From_EREP/202502/37320ad7c6_a2a913e876.pdf,Perubahan Internal Audit [],EXCL,,,,
"27 Feb 2025
					18:15:45",https://www.idx.co.id/StaticData/NewsAndAnnouncement/ANNOUNCEMENTSTOCK/From_EREP/202502/afea89fff2_e20fe29dc6.pdf,Penyampaian Bukti Iklan Pemanggilan RUPSI atas Sukuk Ijarah Berkelanjutan II XL Axiata Tahap II Tahun 2019 [],EXCL,https://www.idx.co.id/StaticData/NewsAndAnnouncement/ANNOUNCEMENTSTOCK/From_EREP/202502/07227a5d4f_04d09bbb94.pdf,20250227_EXCL_Penyampaian Bukti Iklan_31865138_lamp1.pdf,https://www.idx.co.id/StaticData/NewsAndAnnouncement/ANNOUNCEMENTSTOCK/From_EREP/202502/da19d54ae4_685ac8600d.pdf,20250227_EXCL_Penyampaian Bukti Iklan_31865138_lamp2.pdf
"27 Feb 2025
					18:16:26",https://www.idx.co.id/StaticData/NewsAndAnnouncement/ANNOUNCEMENTSTOCK/From_EREP/202502/00d6aacccd_056eb2cb5b.pdf,Penyampaian Bukti Iklan Pemanggilan RUPSI atas Sukuk Ijarah Berkelanjutan II XL Axiata Tahap I Tahun 2018 [],EXCL,https://www.idx.co.id/StaticData/NewsAndAnnouncement/ANNOUNCEMENTSTOCK/From_EREP/202502/093902b358_06ccaa1432.pdf,20250227_EXCL_Penyampaian Bukti Iklan_31865140_lamp1.pdf,https://www.idx.co.id/StaticData/NewsAndAnnouncement/ANNOUNCEMENTSTOCK/From_EREP/202502/945ab9f4b7_36bcc60e5a.pdf,20250227_EXCL_Penyampaian Bukti Iklan_31865140_lamp2.pdf
"27 Feb 2025
					18:16:56",https://www.idx.co.id/StaticData/NewsAndAnnouncement/ANNOUNCEMENTSTOCK/From_EREP/202502/90af0c26ca_e467a4335c.pdf,Penyampaian Bukti Iklan Pemanggilan RUPO atas Obligasi Berkelanjutan I XL Axiata Tahap II Tahun 2019 [],EXCL,https://www.idx.co.id/StaticData/NewsAndAnnouncement/ANNOUNCEMENTSTOCK/From_EREP/202502/69cf8bb6ed_49bab78bcf.pdf,20250227_EXCL_Penyampaian Bukti Iklan_31865142_lamp2.pdf,https://www.idx.co.id/StaticData/NewsAndAnnouncement/ANNOUNCEMENTSTOCK/From_EREP/202502/c26504a5a2_e6830b0905.pdf,20250227_EXCL_Penyampaian Bukti Iklan_31865142_lamp1.pdf
"27 Feb 2025
					18:17:32",https://www.idx.co.id/StaticData/NewsAndAnnouncement/ANNOUNCEMENTSTOCK/From_EREP/202502/ea37250c3a_ebf23d27d1.pdf,Penyampaian Bukti Iklan Pemanggilan RUPO atas Obligasi Berkelanjutan I XL Axiata Tahap I Tahun 2018 [],EXCL,https://www.idx.co.id/StaticData/NewsAndAnnouncement/ANNOUNCEMENTSTOCK/From_EREP/202502/aad7dfd2fe_268b8efeaa.pdf,20250227_EXCL_Penyampaian Bukti Iklan_31865145_lamp1.pdf,https://www.idx.co.id/StaticData/NewsAndAnnouncement/ANNOUNCEMENTSTOCK/From_EREP/202502/d1b24a87a8_e22cde1807.pdf,20250227_EXCL_Penyampaian Bukti Iklan_31865145_lamp2.pdf
"27 Feb 2025
					18:19:41",https://www.idx.co.id/StaticData/NewsAndAnnouncement/ANNOUNCEMENTSTOCK/From_EREP/202502/3788bdb4ef_25d0d9b7f4.pdf,Pemberitahuan Panggilan RUPO PT XL Axiata Tbk [],EXCL,,,,
"27 Feb 2025
					18:20:10",https://www.idx.co.id/StaticData/NewsAndAnnouncement/ANNOUNCEMENTSTOCK/From_EREP/202502/a6543e6fb3_28249eba8f.pdf,Pemberitahuan Panggilan RUPSU PT XL Axiata Tbk [],EXCL,,,,
"27 Feb 2025
					18:20:54",https://www.idx.co.id/StaticData/NewsAndAnnouncement/ANNOUNCEMENTSTOCK/From_EREP/202502/584f32a984_0eaecf52b2.pdf,Pemberitahuan Panggilan RUPO PT XL Axiata Tbk [],EXCL,,,,
"27 Feb 2025
					18:21:42",https://www.idx.co.id/StaticData/NewsAndAnnouncement/ANNOUNCEMENTSTOCK/From_EREP/202502/c5933f996f_13143e1bcc.pdf,Pemberitahuan Panggilan RUPSU PT XL Axiata Tbk [],EXCL,,,,
"04 Feb 2025
					19:04:22",https://www.idx.co.id/StaticData/NewsAndAnnouncement/ANNOUNCEMENTSTOCK/From_EREP/202502/3889b47aa4_eaf6f9faf7.pdf,Tanggapan atas Berita Media Massa [],GOTO,https://www.idx.co.id/StaticData/NewsAndAnnouncement/ANNOUNCEMENTSTOCK/From_EREP/202502/8014966780_46b3b6ab6d.pdf,20250204_GOTO_Laporan Informasi dan Fakta Material_31849488_lamp1.pdf,,
"04 Feb 2025
					19:26:19",https://www.idx.co.id/StaticData/NewsAndAnnouncement/ANNOUNCEMENTSTOCK/From_EREP/202502/fd2f08420f_4547a44ec7.pdf,Penjelasan atas Pemberitaan Media Massa [],GOTO,https://www.idx.co.id/StaticData/NewsAndAnnouncement/ANNOUNCEMENTSTOCK/From_EREP/202502/c1887b4555_102cace7e7.pdf,20250204_GOTO_Tanggapan atas Permintaan Penjelasan Bursa_31849489_lamp1.pdf,,
"07 Feb 2025
					16:44:10",https://www.idx.co.id/StaticData/NewsAndAnnouncement/ANNOUNCEMENTSTOCK/From_EREP/202502/c69514cfbf_8055dfbb2b.pdf,Laporan Bulanan Registrasi Pemegang Efek [],GOTO,https://www.idx.co.id/StaticData/NewsAndAnnouncement/ANNOUNCEMENTSTOCK/From_EREP/202502/71c96c5c8b_3e1e9d29a5.pdf,20250207_GOTO_Laporan Bulanan Registrasi Pemegang Efek/Perubahan Struktur Pemegang Saham_31860808_lamp1.pdf,,
"10 Feb 2025
					16:59:27",https://www.idx.co.id/StaticData/NewsAndAnnouncement/ANNOUNCEMENTSTOCK/From_EREP/202502/204298f7a0_7ef7f73662.pdf,Laporan Bulanan Registrasi Pemegang Efek [],ICBP,,,,
"06 Feb 2025
					16:53:59",https://www.idx.co.id/StaticData/NewsAndAnnouncement/ANNOUNCEMENTSTOCK/From_EREP/202502/c4b635b0b3_10c3252028.pdf,Laporan Bulanan Registrasi Pemegang Efek [],ICON,https://www.idx.co.id/StaticData/NewsAndAnnouncement/ANNOUNCEMENTSTOCK/From_EREP/202502/173d79e23a_b21363ab5d.pdf,20250206_ICON_Laporan Bulanan Registrasi Pemegang Efek/Perubahan Struktur Pemegang Saham_31860316_lamp1.pdf,https://www.idx.co.id/StaticData/NewsAndAnnouncement/ANNOUNCEMENTSTOCK/From_EREP/202502/8ec543a1e4_37f6026ab8.pdf,20250206_ICON_Laporan Bulanan Registrasi Pemegang Efek/Perubahan Struktur Pemegang Saham_31860316_lamp2.pdf
"05 Feb 2025
					18:09:53",https://www.idx.co.id/StaticData/NewsAndAnnouncement/ANNOUNCEMENTSTOCK/From_EREP/202502/0476a3f441_4efb3772e3.pdf,Penjelasan atas Volatilitas Transaksi [],INCO,https://www.idx.co.id/StaticData/NewsAndAnnouncement/ANNOUNCEMENTSTOCK/From_EREP/202502/060ff3e5f6_8bbe1865b7.pdf,20250205_INCO_Tanggapan atas Permintaan Penjelasan Bursa_31859837_lamp1.pdf,,
"06 Feb 2025
					13:49:33",https://www.idx.co.id/StaticData/NewsAndAnnouncement/ANNOUNCEMENTSTOCK/From_EREP/202502/45011ed102_7833a5cf79.pdf,Laporan Bulanan Registrasi Pemegang Efek [],INCO,https://www.idx.co.id/StaticData/NewsAndAnnouncement/ANNOUNCEMENTSTOCK/From_EREP/202502/0c1a021c75_ed93ca1051.pdf,20250206_INCO_Laporan Bulanan Registrasi Pemegang Efek/Perubahan Struktur Pemegang Saham_31860165_lamp1.pdf,,
"18 Feb 2025
					10:03:51",https://www.idx.co.id/StaticData/NewsAndAnnouncement/ANNOUNCEMENTSTOCK/From_EREP/202502/d7e0a5c2cf_fdb6b30da0.pdf,Penjelasan atas Permintaan Penjelasan Bursa [],INCO,https://www.idx.co.id/StaticData/NewsAndAnnouncement/ANNOUNCEMENTSTOCK/From_EREP/202502/51aa58eb71_0cf69da2d4.pdf,20250218_INCO_Tanggapan atas Permintaan Penjelasan Bursa_31863092_lamp1.pdf,,
"20 Feb 2025
					11:52:56",https://www.idx.co.id/StaticData/NewsAndAnnouncement/ANNOUNCEMENTSTOCK/From_EREP/202502/762144c346_5d511314b8.pdf,Penerimaan Surat Pengunduran Diri Komisaris PT Vale Indonesia Tbk [],INCO,https://www.idx.co.id/StaticData/NewsAndAnnouncement/ANNOUNCEMENTSTOCK/From_EREP/202502/90a6883baf_e0f9a9738a.pdf,20250220_INCO_Laporan Informasi dan Fakta Material_31863843_lamp1.pdf,,
"25 Feb 2025
					21:24:10",https://www.idx.co.id/StaticData/NewsAndAnnouncement/ANNOUNCEMENTSTOCK/From_EREP/202402/20250225213036-49729-0/FinancialStatement-2024-Tahunan-INCO.pdf,Penyampaian Laporan Keuangan Tahunan [],INCO,https://www.idx.co.id/StaticData/NewsAndAnnouncement/ANNOUNCEMENTSTOCK/From_EREP/202402/20250225213036-49729-0/FinancialStatement-2024-Tahunan-INCO.xlsx,FinancialStatement-2024-Tahunan-INCO.xlsx,https://www.idx.co.id/StaticData/NewsAndAnnouncement/ANNOUNCEMENTSTOCK/From_EREP/202402/20250225213036-49729-0/inlineXBRL.zip,inlineXBRL.zip
"26 Feb 2025
					14:21:31",https://www.idx.co.id/StaticData/NewsAndAnnouncement/ANNOUNCEMENTSTOCK/From_EREP/202502/9f6cc49bc3_2424109885.pdf,Siaran Pers Pencapaian Kinerja Keuangan Perseroan Tahun 2024 [],INCO,https://www.idx.co.id/StaticData/NewsAndAnnouncement/ANNOUNCEMENTSTOCK/From_EREP/202502/1ffd1d6121_5c9cf58fd7.pdf,20250226_INCO_Laporan Informasi dan Fakta Material_31864816_lamp4.pdf,https://www.idx.co.id/StaticData/NewsAndAnnouncement/ANNOUNCEMENTSTOCK/From_EREP/202502/5a18868fae_3df1e64e1c.pdf,20250226_INCO_Laporan Informasi dan Fakta Material_31864816_lamp3.pdf
"27 Feb 2025
					08:20:49",https://www.idx.co.id/StaticData/NewsAndAnnouncement/ANNOUNCEMENTSTOCK/From_EREP/202502/da3fdeafc2_719b5eda93.pdf,Penyampaian Bukti Iklan Informasi Laporan Keuangan Tahunan [],INCO,https://www.idx.co.id/StaticData/NewsAndAnnouncement/ANNOUNCEMENTSTOCK/From_EREP/202502/ff9ea5564c_0e3b537476.pdf,20250227_INCO_Penyampaian Bukti Iklan_31864949_lamp1.pdf,,
"10 Feb 2025
					16:56:56",https://www.idx.co.id/StaticData/NewsAndAnnouncement/ANNOUNCEMENTSTOCK/From_EREP/202502/dfc747b8bc_6c1bb07b7d.pdf,Laporan Bulanan Registrasi Pemegang Efek [],INDF,,,,
"04 Feb 2025
					16:33:47",https://www.idx.co.id/StaticData/NewsAndAnnouncement/ANNOUNCEMENTSTOCK/From_EREP/202502/28a9b227d8_9fe9d628f8.pdf,Laporan Bulanan Registrasi Pemegang Efek [],INKP,https://www.idx.co.id/StaticData/NewsAndAnnouncement/ANNOUNCEMENTSTOCK/From_EREP/202502/6e8d846e01_5bad1afccf.pdf,20250204_INKP_Laporan Bulanan Registrasi Pemegang Efek/Perubahan Struktur Pemegang Saham_31849269_lamp1.pdf,,
"21 Feb 2025
					15:42:33",https://www.idx.co.id/StaticData/NewsAndAnnouncement/ANNOUNCEMENTSTOCK/From_EREP/202502/bf4352eed7_60e4923628.pdf,Jatuh Tempo Obligasi / Sukuk Korporasi [],INKP,https://www.idx.co.id/StaticData/NewsAndAnnouncement/ANNOUNCEMENTSTOCK/From_EREP/202502/6deb0b671d_e3878be8d8.pdf,20250221_INKP_Pengumuman Jatuh Tempo Obligasi dan Sukuk_31864094_lamp2.pdf,https://www.idx.co.id/StaticData/NewsAndAnnouncement/ANNOUNCEMENTSTOCK/From_EREP/202502/adee62ce76_eca9562cf1.pdf,20250221_INKP_Pengumuman Jatuh Tempo Obligasi dan Sukuk_31864094_lamp1.pdf
"24 Feb 2025
					09:17:37",https://www.idx.co.id/StaticData/NewsAndAnnouncement/ANNOUNCEMENTSTOCK/From_EREP/202502/acb9299158_c126d36709.pdf,"Informasi Tambahan Ringkas Dalam Rangka Penawaran Umum Obligasi Berkelanjutan V Indah Kiat Pulp & Paper Tahap III Tahun 2025, Sukuk Mudharabah Berkelanjutan IV Indah Kiat Pulp & Paper Tahap III Tahun 2025,dan Obligasi USD Berkelanjutan II Indah Kiat Pulp & Paper Tahap II Tahun 2025 []",INKP,https://www.idx.co.id/StaticData/NewsAndAnnouncement/ANNOUNCEMENTSTOCK/From_EREP/202502/2c087c9119_00fe118247.pdf,20250224_INKP_Laporan Informasi dan Fakta Material_31864264_lamp2.pdf,https://www.idx.co.id/StaticData/NewsAndAnnouncement/ANNOUNCEMENTSTOCK/From_EREP/202502/ac2e675e27_7c20ec4ed2.pdf,20250224_INKP_Laporan Informasi dan Fakta Material_31864264_lamp1.pdf
"25 Feb 2025
					09:43:22",https://www.idx.co.id/StaticData/NewsAndAnnouncement/ANNOUNCEMENTSTOCK/From_EREP/202502/b12f9f03a1_c08c07893b.pdf,Pelunasan Obligasi dan Sukuk Mudharabah [],INKP,https://www.idx.co.id/StaticData/NewsAndAnnouncement/ANNOUNCEMENTSTOCK/From_EREP/202502/89ad859a0b_8cb028bab4.pdf,20250224_INKP_Laporan Informasi dan Fakta Material_31864290_lamp1.pdf,,
"28 Feb 2025
					11:33:53",https://www.idx.co.id/StaticData/NewsAndAnnouncement/ANNOUNCEMENTSTOCK/From_EREP/202502/8cb135fbec_b5725975da.pdf,Informasi Pelunasan Efek [],INKP,https://www.idx.co.id/StaticData/NewsAndAnnouncement/ANNOUNCEMENTSTOCK/From_EREP/202502/ef2584674a_e0b851abf9.pdf,20250228_INKP_Pembayaran Kupon/Bagi Hasil/Ijarah/Pokok_31865216_lamp1.pdf,,
"28 Feb 2025
					11:37:09",https://www.idx.co.id/StaticData/NewsAndAnnouncement/ANNOUNCEMENTSTOCK/From_EREP/202502/5124cfeb29_4c7f8b016c.pdf,Informasi Pelunasan Efek [],INKP,https://www.idx.co.id/StaticData/NewsAndAnnouncement/ANNOUNCEMENTSTOCK/From_EREP/202502/1f626e4100_e4d98593e3.pdf,20250228_INKP_Pembayaran Kupon/Bagi Hasil/Ijarah/Pokok_31865252_lamp1.pdf,,
"10 Feb 2025
					11:19:16",https://www.idx.co.id/StaticData/NewsAndAnnouncement/ANNOUNCEMENTSTOCK/From_EREP/202502/dff1e23d94_8a2b7f67ca.pdf,Laporan Bulanan Registrasi Pemegang Efek [],ISAT,https://www.idx.co.id/StaticData/NewsAndAnnouncement/ANNOUNCEMENTSTOCK/From_EREP/202502/e75989b6f3_4d907fd42f.pdf,20250210_ISAT_Laporan Bulanan Registrasi Pemegang Efek/Perubahan Struktur Pemegang Saham_31861210_lamp2.pdf,https://www.idx.co.id/StaticData/NewsAndAnnouncement/ANNOUNCEMENTSTOCK/From_EREP/202502/fce52f9519_c2e742870e.pdf,20250210_ISAT_Laporan Bulanan Registrasi Pemegang Efek/Perubahan Struktur Pemegang Saham_31861210_lamp1.pdf
"10 Feb 2025
					12:57:41",https://www.idx.co.id/StaticData/NewsAndAnnouncement/ANNOUNCEMENTSTOCK/From_EREP/202402/20250210130606-49614-0/FinancialStatement-2024-Tahunan-ISAT.pdf,Penyampaian Laporan Keuangan Tahunan [],ISAT,https://www.idx.co.id/StaticData/NewsAndAnnouncement/ANNOUNCEMENTSTOCK/From_EREP/202402/20250210130606-49614-0/FinancialStatement-2024-Tahunan-ISAT.xlsx,FinancialStatement-2024-Tahunan-ISAT.xlsx,https://www.idx.co.id/StaticData/NewsAndAnnouncement/ANNOUNCEMENTSTOCK/From_EREP/202402/20250210130606-49614-0/Info%20Memo%20FY24%20Eng%20vFinal%2010%20Feb.pdf,Info Memo FY24 Eng vFinal 10 Feb.pdf
"13 Feb 2025
					16:08:19",https://www.idx.co.id/StaticData/NewsAndAnnouncement/ANNOUNCEMENTSTOCK/From_EREP/202502/0f72c1e032_4fa5f834c7.pdf,Penjelasan atas Pemberitaan Media Massa [],ISAT,https://www.idx.co.id/StaticData/NewsAndAnnouncement/ANNOUNCEMENTSTOCK/From_EREP/202502/5b580e9012_dadf4f6ae8.pdf,20250213_ISAT_Tanggapan atas Permintaan Penjelasan Bursa_31862207_lamp1.pdf,,
"14 Feb 2025
					17:27:58",https://www.idx.co.id/StaticData/NewsAndAnnouncement/ANNOUNCEMENTSTOCK/From_EREP/202502/68df88f51c_328d7e03f4.pdf,Penjelasan atas Volatilitas Transaksi [],ISAT,https://www.idx.co.id/StaticData/NewsAndAnnouncement/ANNOUNCEMENTSTOCK/From_EREP/202502/dc72fb1eb5_f5f63eab30.pdf,20250214_ISAT_Tanggapan atas Permintaan Penjelasan Bursa_31862561_lamp1.pdf,,
"19 Feb 2025
					16:39:28",https://www.idx.co.id/StaticData/NewsAndAnnouncement/ANNOUNCEMENTSTOCK/From_EREP/202502/4a72581c7b_316cb74d66.pdf,Laporan Kepemilikan atau Setiap Perubahan Kepemilikan Saham Perusahaan Terbuka [],ISAT,https://www.idx.co.id/StaticData/NewsAndAnnouncement/ANNOUNCEMENTSTOCK/From_EREP/202502/54c33316cb_e91d89f81d.pdf,20250219_ISAT_Laporan Kepemilikan atau Setiap Perubahan Kepemilikan Saham Perusahaan Terbuka_31863642_lamp1.pdf,,
"04 Feb 2025
					11:03:49",https://www.idx.co.id/StaticData/NewsAndAnnouncement/ANNOUNCEMENTSTOCK/From_EREP/202502/9b56305bb2_7b12ce717d.pdf,Laporan Bulanan Registrasi Pemegang Efek [],ITMG,https://www.idx.co.id/StaticData/NewsAndAnnouncement/ANNOUNCEMENTSTOCK/From_EREP/202502/4a2d7e00ac_902f9f6452.pdf,20250204_ITMG_Laporan Bulanan Registrasi Pemegang Efek/Perubahan Struktur Pemegang Saham_31849196_lamp1.pdf,https://www.idx.co.id/StaticData/NewsAndAnnouncement/ANNOUNCEMENTSTOCK/From_EREP/202502/9c7418ea74_05ca06e85b.pdf,20250204_ITMG_Laporan Bulanan Registrasi Pemegang Efek/Perubahan Struktur Pemegang Saham_31849196_lamp2.pdf
"24 Feb 2025
					16:39:34",https://www.idx.co.id/StaticData/NewsAndAnnouncement/ANNOUNCEMENTSTOCK/From_EREP/202502/2106fd9bd2_fd4600df17.pdf,Pemberitahuan Rencana Rapat Umum Pemegang Saham Tahunan [],ITMG,https://www.idx.co.id/StaticData/NewsAndAnnouncement/ANNOUNCEMENTSTOCK/From_EREP/202502/e5e7e01531_77705b5f25.pdf,20250224_ITMG_Pengumuman RUPS_31864394_lamp1.pdf,,
"26 Feb 2025
					21:09:56",https://www.idx.co.id/StaticData/NewsAndAnnouncement/ANNOUNCEMENTSTOCK/From_EREP/202402/20250226211800-49734-0/FinancialStatement-2024-Tahunan-ITMG.pdf,Penyampaian Laporan Keuangan Tahunan [],ITMG,https://www.idx.co.id/StaticData/NewsAndAnnouncement/ANNOUNCEMENTSTOCK/From_EREP/202402/20250226211800-49734-0/FinancialStatement-2024-Tahunan-ITMG.xlsx,FinancialStatement-2024-Tahunan-ITMG.xlsx,https://www.idx.co.id/StaticData/NewsAndAnnouncement/ANNOUNCEMENTSTOCK/From_EREP/202402/20250226211800-49734-0/inlineXBRL.zip,inlineXBRL.zip
"10 Feb 2025
					16:58:56",https://www.idx.co.id/StaticData/NewsAndAnnouncement/ANNOUNCEMENTSTOCK/From_EREP/202502/c2452ad20f_df6752074a.pdf,Laporan Bulanan Registrasi Pemegang Efek [],JPFA,https://www.idx.co.id/StaticData/NewsAndAnnouncement/ANNOUNCEMENTSTOCK/From_EREP/202502/7bcc36da80_66b06c4887.pdf,20250210_JPFA_Laporan Bulanan Registrasi Pemegang Efek/Perubahan Struktur Pemegang Saham_31861446_lamp1.pdf,https://www.idx.co.id/StaticData/NewsAndAnnouncement/ANNOUNCEMENTSTOCK/From_EREP/202502/c7e2c02b30_5c8b93859b.pdf,20250210_JPFA_Laporan Bulanan Registrasi Pemegang Efek/Perubahan Struktur Pemegang Saham_31861446_lamp2.pdf
"28 Feb 2025
					17:33:50",https://www.idx.co.id/StaticData/NewsAndAnnouncement/ANNOUNCEMENTSTOCK/From_EREP/202402/20250228174347-49730-0/FinancialStatement-2024-Tahunan-JPFA.pdf,Penyampaian Laporan Keuangan Tahunan [],JPFA,https://www.idx.co.id/StaticData/NewsAndAnnouncement/ANNOUNCEMENTSTOCK/From_EREP/202402/20250228174347-49730-0/FinancialStatement-2024-Tahunan-JPFA.xlsx,FinancialStatement-2024-Tahunan-JPFA.xlsx,https://www.idx.co.id/StaticData/NewsAndAnnouncement/ANNOUNCEMENTSTOCK/From_EREP/202402/20250228174347-49730-0/inlineXBRL.zip,inlineXBRL.zip
"05 Feb 2025
					14:46:57",https://www.idx.co.id/StaticData/NewsAndAnnouncement/ANNOUNCEMENTSTOCK/From_EREP/202502/773817683b_359744ed4f.pdf,Laporan Bulanan Registrasi Pemegang Efek [],JSMR,https://www.idx.co.id/StaticData/NewsAndAnnouncement/ANNOUNCEMENTSTOCK/From_EREP/202502/2661d897b5_eb3a0cf4fb.pdf,20250205_JSMR_Laporan Bulanan Registrasi Pemegang Efek/Perubahan Struktur Pemegang Saham_31859657_lamp3.pdf,https://www.idx.co.id/StaticData/NewsAndAnnouncement/ANNOUNCEMENTSTOCK/From_EREP/202502/812110635e_28a894370b.pdf,20250205_JSMR_Laporan Bulanan Registrasi Pemegang Efek/Perubahan Struktur Pemegang Saham_31859657_lamp2.pdf
"24 Feb 2025
					22:34:51",https://www.idx.co.id/StaticData/NewsAndAnnouncement/ANNOUNCEMENTSTOCK/From_EREP/202502/609e0a3b35_d5a07b9b11.pdf,"Likuidasi PT Jalantol Lingkarluar Jakarta (dalam likuidasi) yang merupakan entitas anak perusahaan PT Jasa Marga (Persero) Tbk (Jasa Marga atau Perseroan) dengan kepemilikan saham Perseroan di dalamnya sebesar 99,99%. []",JSMR,https://www.idx.co.id/StaticData/NewsAndAnnouncement/ANNOUNCEMENTSTOCK/From_EREP/202502/128f2f0c0e_7bc7017f42.pdf,20250224_JSMR_Laporan Informasi dan Fakta Material_31864481_lamp1.pdf,,
"07 Feb 2025
					16:44:42",https://www.idx.co.id/StaticData/NewsAndAnnouncement/ANNOUNCEMENTSTOCK/From_EREP/202502/aeac4b7e8f_4549940a04.pdf,Laporan Bulanan Registrasi Pemegang Efek [],KLBF,https://www.idx.co.id/StaticData/NewsAndAnnouncement/ANNOUNCEMENTSTOCK/From_EREP/202502/63e9f879c2_3dc1cf35aa.pdf,20250207_KLBF_Laporan Bulanan Registrasi Pemegang Efek/Perubahan Struktur Pemegang Saham_31860583_lamp1.pdf,,
"14 Feb 2025
					17:39:48",https://www.idx.co.id/StaticData/NewsAndAnnouncement/ANNOUNCEMENTSTOCK/From_EREP/202502/8749b9b53d_9832950d53.pdf,Perubahan Jadwal Rapat Umum Pemegang Saham Luar Biasa [],KLBF,https://www.idx.co.id/StaticData/NewsAndAnnouncement/ANNOUNCEMENTSTOCK/From_EREP/202502/47ff133e40_f7f0aaea0e.pdf,20250214_KLBF_Pemanggilan RUPS_31862594_lamp1.pdf,https://www.idx.co.id/StaticData/NewsAndAnnouncement/ANNOUNCEMENTSTOCK/From_EREP/202502/59d0c32218_246a46add7.pdf,20250214_KLBF_Pemanggilan RUPS_31862594_lamp4.pdf
"18 Feb 2025
					14:27:41",https://www.idx.co.id/StaticData/NewsAndAnnouncement/ANNOUNCEMENTSTOCK/From_EREP/202502/ef15922452_ca02242250.pdf,Penyampaian Bukti Iklan Persetujuan Rapat Umum Pemegang Saham Luar Biasa sehubungan dengan pengalihan sebagian saham treasuri untuk ditarik kembali dengan cara pengurangan modal ditempatkan dan disetor  [],KLBF,https://www.idx.co.id/StaticData/NewsAndAnnouncement/ANNOUNCEMENTSTOCK/From_EREP/202502/e910f14cc8_26b748fa88.pdf,20250218_KLBF_Penyampaian Bukti Iklan_31863090_lamp1.pdf,,
"19 Feb 2025
					20:23:53",https://www.idx.co.id/StaticData/NewsAndAnnouncement/ANNOUNCEMENTSTOCK/From_EREP/202502/c5900f92b7_176418ddc7.pdf,Ringkasan Risalah Rapat Umum Para Pemegang Saham Luar Biasa [],KLBF,https://www.idx.co.id/StaticData/NewsAndAnnouncement/ANNOUNCEMENTSTOCK/From_EREP/202502/9b19faa44c_5e51fb60d2.pdf,20250218_KLBF_Ringkasan Risalah/Risalah RUPS_31863409_lamp1.pdf,,
"10 Feb 2025
					17:59:25",https://www.idx.co.id/StaticData/NewsAndAnnouncement/ANNOUNCEMENTSTOCK/From_EREP/202502/ce9e5215a4_6348d26df7.pdf,Laporan Bulanan Registrasi Pemegang Efek [],MAPA,https://www.idx.co.id/StaticData/NewsAndAnnouncement/ANNOUNCEMENTSTOCK/From_EREP/202502/0942e61fad_1cfe9f8c23.pdf,20250209_MAPA_Laporan Bulanan Registrasi Pemegang Efek/Perubahan Struktur Pemegang Saham_31860988_lamp2.pdf,https://www.idx.co.id/StaticData/NewsAndAnnouncement/ANNOUNCEMENTSTOCK/From_EREP/202502/1d7518c185_020ed1688b.pdf,20250209_MAPA_Laporan Bulanan Registrasi Pemegang Efek/Perubahan Struktur Pemegang Saham_31860988_lamp1.pdf
"05 Feb 2025
					18:33:49",https://www.idx.co.id/StaticData/NewsAndAnnouncement/ANNOUNCEMENTSTOCK/From_EREP/202502/2f38256214_ac96a339cd.pdf,Laporan Pengalihan Kembali Saham Hasil Buy Back [],MAPI,https://www.idx.co.id/StaticData/NewsAndAnnouncement/ANNOUNCEMENTSTOCK/From_EREP/202502/97d34e190e_caefaa780f.pdf,20250205_MAPI_Laporan Pengalihan Saham Hasil Buy Back_31849519_lamp2.pdf,https://www.idx.co.id/StaticData/NewsAndAnnouncement/ANNOUNCEMENTSTOCK/From_EREP/202502/a9759ecfe8_2b7d6f2569.pdf,20250205_MAPI_Laporan Pengalihan Saham Hasil Buy Back_31849519_lamp1.pdf
"06 Feb 2025
					11:09:02",https://www.idx.co.id/StaticData/NewsAndAnnouncement/ANNOUNCEMENTSTOCK/From_EREP/202502/76d51dc623_834c594ab6.pdf,Laporan (KOREKSI) [],MAPI,https://www.idx.co.id/StaticData/NewsAndAnnouncement/ANNOUNCEMENTSTOCK/From_EREP/202502/296922c456_6729f5d914.pdf,20250206_MAPI_Laporan Pengalihan Saham Hasil Buy Back_31860069_lamp1.pdf,https://www.idx.co.id/StaticData/NewsAndAnnouncement/ANNOUNCEMENTSTOCK/From_EREP/202502/ea2cc56d9a_743e8c8ca0.pdf,20250206_MAPI_Laporan Pengalihan Saham Hasil Buy Back_31860069_lamp2.pdf
"06 Feb 2025
					13:02:53",https://www.idx.co.id/StaticData/NewsAndAnnouncement/ANNOUNCEMENTSTOCK/From_EREP/202502/be7c8c0286_a5ba69cad8.pdf,Laporan (KOREKSI) [],MAPI,https://www.idx.co.id/StaticData/NewsAndAnnouncement/ANNOUNCEMENTSTOCK/From_EREP/202502/0d1b68415b_b55103ff4a.pdf,20250206_MAPI_Laporan Pengalihan Saham Hasil Buy Back_31860130_lamp2.pdf,https://www.idx.co.id/StaticData/NewsAndAnnouncement/ANNOUNCEMENTSTOCK/From_EREP/202502/2aa4afa055_c742779018.pdf,20250206_MAPI_Laporan Pengalihan Saham Hasil Buy Back_31860130_lamp1.pdf
"10 Feb 2025
					18:06:49",https://www.idx.co.id/StaticData/NewsAndAnnouncement/ANNOUNCEMENTSTOCK/From_EREP/202502/b5aa91f006_9f227c3137.pdf,Laporan Bulanan Registrasi Pemegang Efek [],MAPI,https://www.idx.co.id/StaticData/NewsAndAnnouncement/ANNOUNCEMENTSTOCK/From_EREP/202502/38b0b40ccc_dba36940c6.pdf,20250204_MAPI_Laporan Bulanan Registrasi Pemegang Efek/Perubahan Struktur Pemegang Saham_31849213_lamp1.pdf,https://www.idx.co.id/StaticData/NewsAndAnnouncement/ANNOUNCEMENTSTOCK/From_EREP/202502/84a325b64b_2699c619b9.pdf,20250204_MAPI_Laporan Bulanan Registrasi Pemegang Efek/Perubahan Struktur Pemegang Saham_31849213_lamp2.pdf
"10 Feb 2025
					10:45:36",https://www.idx.co.id/StaticData/NewsAndAnnouncement/ANNOUNCEMENTSTOCK/From_EREP/202502/7b0090eb76_f25bff5723.pdf,Laporan Bulanan Registrasi Pemegang Efek [],MBMA,https://www.idx.co.id/StaticData/NewsAndAnnouncement/ANNOUNCEMENTSTOCK/From_EREP/202502/02aa8c6f64_960e1c8179.pdf,20250205_MBMA_Laporan Bulanan Registrasi Pemegang Efek/Perubahan Struktur Pemegang Saham_31849541_lamp5.pdf,https://www.idx.co.id/StaticData/NewsAndAnnouncement/ANNOUNCEMENTSTOCK/From_EREP/202502/41e4aea407_17f832d36a.pdf,20250205_MBMA_Laporan Bulanan Registrasi Pemegang Efek/Perubahan Struktur Pemegang Saham_31849541_lamp1.pdf
"03 Feb 2025
					18:17:57",https://www.idx.co.id/StaticData/NewsAndAnnouncement/ANNOUNCEMENTSTOCK/From_EREP/202502/b06abb6e75_e60c26e33f.pdf,Perubahan Komite Audit [],MDKA,,,,
"05 Feb 2025
					14:22:14",https://www.idx.co.id/StaticData/NewsAndAnnouncement/ANNOUNCEMENTSTOCK/From_EREP/202502/063e45f942_c21e8f24d1.pdf,Laporan Bulanan Registrasi Pemegang Efek [],MDKA,https://www.idx.co.id/StaticData/NewsAndAnnouncement/ANNOUNCEMENTSTOCK/From_EREP/202502/50e0514edc_b2cd1b6032.pdf,20250204_MDKA_Laporan Bulanan Registrasi Pemegang Efek/Perubahan Struktur Pemegang Saham_31849388_lamp2.pdf,https://www.idx.co.id/StaticData/NewsAndAnnouncement/ANNOUNCEMENTSTOCK/From_EREP/202502/8d009a847e_a1161b1e0b.pdf,20250204_MDKA_Laporan Bulanan Registrasi Pemegang Efek/Perubahan Struktur Pemegang Saham_31849388_lamp3.pdf
"05 Feb 2025
					17:05:24",https://www.idx.co.id/StaticData/NewsAndAnnouncement/ANNOUNCEMENTSTOCK/From_EREP/202502/e7ff5432cc_5b30c74a02.pdf,Kesiapan Dana untuk Pelunasan Pokok serta Pembayaran Bunga Keempat dari Obligasi Berkelanjutan IV Merdeka Copper Gold Tahap V Tahun 2024 Seri A [],MDKA,https://www.idx.co.id/StaticData/NewsAndAnnouncement/ANNOUNCEMENTSTOCK/From_EREP/202502/48aa0fdcdf_89b35a88f0.pdf,20250205_MDKA_Laporan Informasi dan Fakta Material_31859736_lamp1.pdf,,
"07 Feb 2025
					23:41:57",https://www.idx.co.id/StaticData/NewsAndAnnouncement/ANNOUNCEMENTSTOCK/From_EREP/202502/4854c74bbb_ba9616899a.pdf,Tambahan Informasi dan/atau Perbaikan atas Informasi Tambahan Ringkas PUB V MDKA Tahap II 2025 [],MDKA,https://www.idx.co.id/StaticData/NewsAndAnnouncement/ANNOUNCEMENTSTOCK/From_EREP/202502/b963ab1240_441e9257ca.pdf,20250205_MDKA_Laporan Informasi dan Fakta Material_31859633_lamp1.pdf,,
"07 Feb 2025
					23:58:17",https://www.idx.co.id/StaticData/NewsAndAnnouncement/ANNOUNCEMENTSTOCK/From_EREP/202502/67726e1dbf_693b0a4197.pdf,Penyampaian Bukti Iklan Penyampaian Bukti Iklan Tambahan Informasi dan/atau Perbaikan atas Informasi Tambahan Ringkas PUB V MDKA Tahap II 2025 [],MDKA,https://www.idx.co.id/StaticData/NewsAndAnnouncement/ANNOUNCEMENTSTOCK/From_EREP/202502/bb7b97753b_32e2733f6a.pdf,20250205_MDKA_Penyampaian Bukti Iklan_31859639_lamp1.pdf,,
"14 Feb 2025
					10:06:38",https://www.idx.co.id/StaticData/NewsAndAnnouncement/ANNOUNCEMENTSTOCK/From_EREP/202502/0f34707d70_a679433c33.pdf,Kesiapan Dana untuk Pelunasan Pokok serta Pembayaran Bunga Kedua Belas dari Obligasi Berkelanjutan III Merdeka Copper Gold Tahap I Tahun 2022 Seri B [],MDKA,https://www.idx.co.id/StaticData/NewsAndAnnouncement/ANNOUNCEMENTSTOCK/From_EREP/202502/f04628b8d0_715fae1aed.pdf,20250214_MDKA_Laporan Informasi dan Fakta Material_31862411_lamp1.pdf,,
"19 Feb 2025
					20:52:27",https://www.idx.co.id/StaticData/NewsAndAnnouncement/ANNOUNCEMENTSTOCK/From_EREP/202502/89f628896a_9017faacac.pdf,Tambahan Informasi dan/atau Perbaikan atas Informasi Tambahan Ringkas PUB V MDKA Tahap II 2025 [],MDKA,https://www.idx.co.id/StaticData/NewsAndAnnouncement/ANNOUNCEMENTSTOCK/From_EREP/202502/74046b26be_c451539686.pdf,20250219_MDKA_Laporan Informasi dan Fakta Material_31863525_lamp2.pdf,https://www.idx.co.id/StaticData/NewsAndAnnouncement/ANNOUNCEMENTSTOCK/From_EREP/202502/e174532889_2067ab84f2.pdf,20250219_MDKA_Laporan Informasi dan Fakta Material_31863525_lamp1.pdf
"25 Feb 2025
					18:09:47",https://www.idx.co.id/StaticData/NewsAndAnnouncement/ANNOUNCEMENTSTOCK/From_EREP/202502/366695ac0e_7712ee1b93.pdf,Pengumuman Bursa Pencatatan Awal Obligasi dan Sukuk [],MDKA,https://www.idx.co.id/StaticData/NewsAndAnnouncement/ANNOUNCEMENTSTOCK/From_EREP/202502/c66f69964a_1ece786b5b.pdf,20250225_MDKA_Pengumuman Pencatatan Awal Obligasi dan Sukuk_31864656_lamp1.pdf,,
"28 Feb 2025
					15:27:17",https://www.idx.co.id/StaticData/NewsAndAnnouncement/ANNOUNCEMENTSTOCK/From_EREP/202502/3a73e81451_97e4d067dd.pdf,Jatuh Tempo Obligasi / Sukuk Korporasi [],MDKA,https://www.idx.co.id/StaticData/NewsAndAnnouncement/ANNOUNCEMENTSTOCK/From_EREP/202502/74dd661cd4_f699288899.pdf,20250228_MDKA_Pengumuman Jatuh Tempo Obligasi dan Sukuk_31865302_lamp1.pdf,,
"03 Feb 2025
					14:43:20",https://www.idx.co.id/StaticData/NewsAndAnnouncement/ANNOUNCEMENTSTOCK/From_EREP/202502/a245334a1f_b7e667347a.pdf,Penjelasan atas Pemberitaan Media Massa [],MEDC,,,,
"07 Feb 2025
					10:21:55",https://www.idx.co.id/StaticData/NewsAndAnnouncement/ANNOUNCEMENTSTOCK/From_EREP/202502/bf3e1c617f_6e1c466161.pdf,Laporan Bulanan Registrasi Pemegang Efek [],MEDC,https://www.idx.co.id/StaticData/NewsAndAnnouncement/ANNOUNCEMENTSTOCK/From_EREP/202502/a4dbda59bc_0ef72a8f1d.pdf,20250207_MEDC_Laporan Bulanan Registrasi Pemegang Efek/Perubahan Struktur Pemegang Saham_31860549_lamp2.pdf,https://www.idx.co.id/StaticData/NewsAndAnnouncement/ANNOUNCEMENTSTOCK/From_EREP/202502/d665fb0d7b_ab9d33a7f2.pdf,20250207_MEDC_Laporan Bulanan Registrasi Pemegang Efek/Perubahan Struktur Pemegang Saham_31860549_lamp1.pdf
"07 Feb 2025
					20:15:59",https://www.idx.co.id/StaticData/NewsAndAnnouncement/ANNOUNCEMENTSTOCK/From_EREP/202502/da747fcc94_ee727b8b31.pdf,"Press Realese ""Medco Power Memulai Operasi Komersial Pembangkit Listrik Tenaga Panas Bumi Ijen"" []",MEDC,https://www.idx.co.id/StaticData/NewsAndAnnouncement/ANNOUNCEMENTSTOCK/From_EREP/202502/8d3cb22b75_66b91297af.pdf,20250207_MEDC_Laporan Informasi dan Fakta Material_31860962_lamp1.pdf,https://www.idx.co.id/StaticData/NewsAndAnnouncement/ANNOUNCEMENTSTOCK/From_EREP/202502/d01c3e4cd8_10cdaaac63.pdf,20250207_MEDC_Laporan Informasi dan Fakta Material_31860962_lamp2.pdf
"13 Feb 2025
					15:24:00",https://www.idx.co.id/StaticData/NewsAndAnnouncement/ANNOUNCEMENTSTOCK/From_EREP/202502/b6a43da51b_563384c2c9.pdf,Perjanjian Dukungan Bisnis  [],MEDC,https://www.idx.co.id/StaticData/NewsAndAnnouncement/ANNOUNCEMENTSTOCK/From_EREP/202502/c094054dc1_185fc99a87.pdf,20250213_MEDC_Laporan Informasi dan Fakta Material_31862197_lamp1.pdf,,
"19 Feb 2025
					18:40:52",https://www.idx.co.id/StaticData/NewsAndAnnouncement/ANNOUNCEMENTSTOCK/From_EREP/202502/6f82a1138a_a948373e20.pdf,Jatuh Tempo Obligasi / Sukuk Korporasi [],MEDC,https://www.idx.co.id/StaticData/NewsAndAnnouncement/ANNOUNCEMENTSTOCK/From_EREP/202502/c90bd27fe1_d9d95686a7.pdf,20250219_MEDC_Pengumuman Jatuh Tempo Obligasi dan Sukuk_31863435_lamp1.pdf,,
"04 Feb 2025
					17:44:19",https://www.idx.co.id/StaticData/NewsAndAnnouncement/ANNOUNCEMENTSTOCK/From_EREP/202502/fecc51fffb_a749ca2b64.pdf,Laporan Bulanan Registrasi Pemegang Efek [],PGAS,https://www.idx.co.id/StaticData/NewsAndAnnouncement/ANNOUNCEMENTSTOCK/From_EREP/202502/30c80faa9c_63243c6b9f.pdf,20250204_PGAS_Laporan Bulanan Registrasi Pemegang Efek/Perubahan Struktur Pemegang Saham_31849370_lamp3.pdf,https://www.idx.co.id/StaticData/NewsAndAnnouncement/ANNOUNCEMENTSTOCK/From_EREP/202502/685460b19d_b76fd7336a.pdf,20250204_PGAS_Laporan Bulanan Registrasi Pemegang Efek/Perubahan Struktur Pemegang Saham_31849370_lamp1.pdf
"06 Feb 2025
					22:23:49",https://www.idx.co.id/StaticData/NewsAndAnnouncement/ANNOUNCEMENTSTOCK/From_EREP/202502/1aaee06885_902e3c5e4a.pdf,Perolehan atau kehilangan kontrak penting [],PGAS,https://www.idx.co.id/StaticData/NewsAndAnnouncement/ANNOUNCEMENTSTOCK/From_EREP/202502/3c3060f10c_80bbbb8ff4.pdf,20250206_PGAS_Laporan Informasi dan Fakta Material_31860439_lamp2.pdf,https://www.idx.co.id/StaticData/NewsAndAnnouncement/ANNOUNCEMENTSTOCK/From_EREP/202502/f6121349fa_2010f64eaa.pdf,20250206_PGAS_Laporan Informasi dan Fakta Material_31860439_lamp1.pdf
"07 Feb 2025
					07:35:43",https://www.idx.co.id/StaticData/NewsAndAnnouncement/ANNOUNCEMENTSTOCK/From_EREP/202502/f95782f1b4_717c9e3009.pdf,Siaran Pers - PGN dan Aerotrans Perluas Penggunaan BBG untuk Transportasi Ramah Lingkungan (KOREKSI) [],PGAS,https://www.idx.co.id/StaticData/NewsAndAnnouncement/ANNOUNCEMENTSTOCK/From_EREP/202502/1c6f1cdbf0_7505cf1921.pdf,20250207_PGAS_Laporan Informasi dan Fakta Material_31860448_lamp1.pdf,https://www.idx.co.id/StaticData/NewsAndAnnouncement/ANNOUNCEMENTSTOCK/From_EREP/202502/5fd3fe5f8a_197776f765.pdf,20250207_PGAS_Laporan Informasi dan Fakta Material_31860448_lamp2.pdf
"05 Feb 2025
					22:29:49",https://www.idx.co.id/StaticData/NewsAndAnnouncement/ANNOUNCEMENTSTOCK/From_EREP/202502/d7d0f758c0_8e2a4a38a7.pdf,Laporan Bulanan Registrasi Pemegang Efek [],PGEO,https://www.idx.co.id/StaticData/NewsAndAnnouncement/ANNOUNCEMENTSTOCK/From_EREP/202502/08c0cee8c3_131c924d9b.pdf,20250204_PGEO_Laporan Bulanan Registrasi Pemegang Efek/Perubahan Struktur Pemegang Saham_31849454_lamp2.pdf,https://www.idx.co.id/StaticData/NewsAndAnnouncement/ANNOUNCEMENTSTOCK/From_EREP/202502/2423b1bc07_cc31a77a14.pdf,20250204_PGEO_Laporan Bulanan Registrasi Pemegang Efek/Perubahan Struktur Pemegang Saham_31849454_lamp1.pdf
"06 Feb 2025
					05:13:31",https://www.idx.co.id/StaticData/NewsAndAnnouncement/ANNOUNCEMENTSTOCK/From_EREP/202502/bb9450be15_d4973d3945.pdf,"Dukung Dekarbonisasi, PGE dan Pertagas Perkuat Sinergi untuk Energi Bersih melalui Kajian Green Hydrogen []",PGEO,,,,
"06 Feb 2025
					08:25:20",https://www.idx.co.id/StaticData/NewsAndAnnouncement/ANNOUNCEMENTSTOCK/From_EREP/202502/44bc36add5_a91ab3cf04.pdf,"Dukung Dekarbonisasi, PGE dan Pertagas Perkuat Sinergi untuk Energi Bersih melalui Kajian Green Hydrogen (KOREKSI) []",PGEO,,,,
"06 Feb 2025
					15:15:20",https://www.idx.co.id/StaticData/NewsAndAnnouncement/ANNOUNCEMENTSTOCK/From_EREP/202502/bb8244effb_3d4b6ebf6b.pdf,"Dukung Dekarbonisasi, PGE dan Pertagas Perkuat Sinergi untuk Energi Bersih melalui Kajian Green Hydrogen (KOREKSI) []",PGEO,,,,
"06 Feb 2025
					15:16:50",https://www.idx.co.id/StaticData/NewsAndAnnouncement/ANNOUNCEMENTSTOCK/From_EREP/202502/066d89150b_814c5bfc12.pdf,Penjelasan atas Volatilitas Transaksi [],PGEO,https://www.idx.co.id/StaticData/NewsAndAnnouncement/ANNOUNCEMENTSTOCK/From_EREP/202502/d7a9279db5_a9c2c7f25c.pdf,20250204_PGEO_Tanggapan atas Permintaan Penjelasan Bursa_31849347_lamp1.pdf,,
"18 Feb 2025
					18:32:22",https://www.idx.co.id/StaticData/NewsAndAnnouncement/ANNOUNCEMENTSTOCK/From_EREP/202502/56aa15f1a1_e1f96e0a92.pdf,PGE dan Sinopec Star Jalin Kemitraan Strategis untuk Memajukan Pengembangan Energi Panas Bumi [],PGEO,,,,
"21 Feb 2025
					09:14:05",https://www.idx.co.id/StaticData/NewsAndAnnouncement/ANNOUNCEMENTSTOCK/From_EREP/202502/9057b8272f_39f7d8e993.pdf,Pencatatan Efek Bersifat Ekuitas dan Pra Pencatatan Saham [],PGEO,https://www.idx.co.id/StaticData/NewsAndAnnouncement/ANNOUNCEMENTSTOCK/From_EREP/202502/33ac7f17f1_4be054c458.pdf,20250220_PGEO_Pencatatan Efek Bersifat Ekuitas dan Pra Pencatatan Saham_31863991_lamp1.pdf,,
"21 Feb 2025
					17:40:42",https://www.idx.co.id/StaticData/NewsAndAnnouncement/ANNOUNCEMENTSTOCK/From_EREP/202502/0a2024eb7e_9996637e29.pdf,Keterbukaan lnformasi Sehubungan dengan Rencana Pelaksanaan Program  Management and Employee Stock Option Program (MESOP) Tahap I dan Tahap II PT Pertamina Geothermal Energy Tbk [],PGEO,https://www.idx.co.id/StaticData/NewsAndAnnouncement/ANNOUNCEMENTSTOCK/From_EREP/202502/bc28e5e487_f9052a1cd9.pdf,20250221_PGEO_Laporan Informasi dan Fakta Material_31864112_lamp1.pdf,,
"26 Feb 2025
					07:13:31",https://www.idx.co.id/StaticData/NewsAndAnnouncement/ANNOUNCEMENTSTOCK/From_EREP/202502/26b4bca855_94f069a9c0.pdf,"PGE Pertahankan PROPER Emas ke-14 Berturut-turut, Pengelolaan Green Ecosystem Diakui Berdampak Nyata bagi Lingkungan dan Masyarakat []",PGEO,,,,
"26 Feb 2025
					15:54:32",https://www.idx.co.id/StaticData/NewsAndAnnouncement/ANNOUNCEMENTSTOCK/From_EREP/202502/29a3d24eab_da6d0521e8.pdf,Perubahan Pengurus [],PGEO,https://www.idx.co.id/StaticData/NewsAndAnnouncement/ANNOUNCEMENTSTOCK/From_EREP/202502/ac0596957a_a91f27f0b2.pdf,20250226_PGEO_Perubahan Pengurus_31864833_lamp1.pdf,,
"04 Feb 2025
					11:39:36",https://www.idx.co.id/StaticData/NewsAndAnnouncement/ANNOUNCEMENTSTOCK/From_EREP/202502/7bb5f85158_b6f8d90955.pdf,"Penjualan Batu Bara Bukit Asam (PTBA) Tembus 42,9 Juta Ton di Tahun 2024  []",PTBA,https://www.idx.co.id/StaticData/NewsAndAnnouncement/ANNOUNCEMENTSTOCK/From_EREP/202502/4da1219e3f_edf2930293.pdf,20250204_PTBA_Laporan Informasi dan Fakta Material_31849230_lamp2.pdf,https://www.idx.co.id/StaticData/NewsAndAnnouncement/ANNOUNCEMENTSTOCK/From_EREP/202502/5fd7b117a5_f0075e9a36.pdf,20250204_PTBA_Laporan Informasi dan Fakta Material_31849230_lamp1.pdf
"03 Feb 2025
					16:04:52",https://www.idx.co.id/StaticData/NewsAndAnnouncement/ANNOUNCEMENTSTOCK/From_EREP/202502/802f7c6b8e_7d6b9966e0.pdf,Laporan Kepemilikan Saham [],Semua Emiten Saham,https://www.idx.co.id/StaticData/NewsAndAnnouncement/ANNOUNCEMENTSTOCK/From_EREP/202502/65796e3a6e_d2c7adc9d5.pdf,20250203_Semua Emiten Saham_Pengumuman Bursa_31848894_lamp1.pdf,,
"04 Feb 2025
					16:25:57",https://www.idx.co.id/StaticData/NewsAndAnnouncement/ANNOUNCEMENTSTOCK/From_EREP/202502/d2bf7a4470_a7fe896041.pdf,Pemegang Saham di atas 5% (KSEI) [],Semua Emiten Saham,https://www.idx.co.id/StaticData/NewsAndAnnouncement/ANNOUNCEMENTSTOCK/From_EREP/202502/0f85f9bd2c_e5d877b0f0.pdf,20250204_Semua Emiten Saham_Pengumuman Bursa_31849322_lamp1.pdf,,
"05 Feb 2025
					15:24:38",https://www.idx.co.id/StaticData/NewsAndAnnouncement/ANNOUNCEMENTSTOCK/From_EREP/202502/17a4f0403a_fa4b9fe167.pdf,Pemegang Saham di atas 5% (KSEI) [],Semua Emiten Saham,https://www.idx.co.id/StaticData/NewsAndAnnouncement/ANNOUNCEMENTSTOCK/From_EREP/202502/4b8a05220d_54651e0b33.pdf,20250205_Semua Emiten Saham_Pengumuman Bursa_31859552_lamp1.pdf,,
"06 Feb 2025
					15:53:38",https://www.idx.co.id/StaticData/NewsAndAnnouncement/ANNOUNCEMENTSTOCK/From_EREP/202502/0f3918271c_2c24380498.pdf,Pemegang Saham di atas 5% (KSEI) [],Semua Emiten Saham,https://www.idx.co.id/StaticData/NewsAndAnnouncement/ANNOUNCEMENTSTOCK/From_EREP/202502/c38ed067cc_972c2c44a7.pdf,20250206_Semua Emiten Saham_Pengumuman Bursa_31860079_lamp1.pdf,,
"07 Feb 2025
					14:39:42",https://www.idx.co.id/StaticData/NewsAndAnnouncement/ANNOUNCEMENTSTOCK/From_EREP/202502/6fded791ed_d734614a66.pdf,Pemegang Saham di atas 5% (KSEI) [],Semua Emiten Saham,https://www.idx.co.id/StaticData/NewsAndAnnouncement/ANNOUNCEMENTSTOCK/From_EREP/202502/9c1e69de56_9b4273f3c8.pdf,20250207_Semua Emiten Saham_Pengumuman Bursa_31860674_lamp1.pdf,,
"10 Feb 2025
					15:35:00",https://www.idx.co.id/StaticData/NewsAndAnnouncement/ANNOUNCEMENTSTOCK/From_EREP/202502/02674a0558_9757d68551.pdf,Pemegang Saham di atas 5% (KSEI) [],Semua Emiten Saham,https://www.idx.co.id/StaticData/NewsAndAnnouncement/ANNOUNCEMENTSTOCK/From_EREP/202502/0f7a05f946_5978c6cb12.pdf,20250210_Semua Emiten Saham_Pengumuman Bursa_31861264_lamp1.pdf,,
"11 Feb 2025
					15:51:32",https://www.idx.co.id/StaticData/NewsAndAnnouncement/ANNOUNCEMENTSTOCK/From_EREP/202502/6b66aaff91_2d83770d17.pdf,Pemegang Saham di atas 5% (KSEI) [],Semua Emiten Saham,https://www.idx.co.id/StaticData/NewsAndAnnouncement/ANNOUNCEMENTSTOCK/From_EREP/202502/e0123c4a03_605aa5b917.pdf,20250211_Semua Emiten Saham_Pengumuman Bursa_31861646_lamp1.pdf,,
"12 Feb 2025
					17:42:35",https://www.idx.co.id/StaticData/NewsAndAnnouncement/ANNOUNCEMENTSTOCK/From_EREP/202502/5a64f30bf1_34ac76ba5b.pdf,Pemegang Saham di atas 5% (KSEI) [],Semua Emiten Saham,https://www.idx.co.id/StaticData/NewsAndAnnouncement/ANNOUNCEMENTSTOCK/From_EREP/202502/b9af3164fa_6e5b027b09.pdf,20250212_Semua Emiten Saham_Pengumuman Bursa_31861830_lamp1.pdf,,
"13 Feb 2025
					15:54:35",https://www.idx.co.id/StaticData/NewsAndAnnouncement/ANNOUNCEMENTSTOCK/From_EREP/202502/e9a84f6cb5_71e3b30d07.pdf,Pemegang Saham di atas 5% (KSEI) [],Semua Emiten Saham,https://www.idx.co.id/StaticData/NewsAndAnnouncement/ANNOUNCEMENTSTOCK/From_EREP/202502/3dc01d705e_df5f9431a0.pdf,20250213_Semua Emiten Saham_Pengumuman Bursa_31862127_lamp1.pdf,,
"14 Feb 2025
					14:12:17",https://www.idx.co.id/StaticData/NewsAndAnnouncement/ANNOUNCEMENTSTOCK/From_EREP/202502/4e0b34fda5_b02137fb91.pdf,Pemegang Saham di atas 5% (KSEI) [],Semua Emiten Saham,https://www.idx.co.id/StaticData/NewsAndAnnouncement/ANNOUNCEMENTSTOCK/From_EREP/202502/92910bfbf4_d6689e7bea.pdf,20250214_Semua Emiten Saham_Pengumuman Bursa_31862488_lamp1.pdf,,
"17 Feb 2025
					14:24:06",https://www.idx.co.id/StaticData/NewsAndAnnouncement/ANNOUNCEMENTSTOCK/From_EREP/202502/a7fde0c3e9_8c71a096df.pdf,Pencabutan Suspensi Efek atas Pemenuhan Kewajiban Biaya Pencatatan Tahunan (Annual Listing Fee) 2025 [],Semua Emiten Saham,https://www.idx.co.id/StaticData/NewsAndAnnouncement/ANNOUNCEMENTSTOCK/From_EREP/202502/eca97d6607_ef57cc3bde.pdf,20250217_Semua Emiten Saham_Pengumuman Bursa_31862793_lamp1.pdf,,
"17 Feb 2025
					14:41:25",https://www.idx.co.id/StaticData/NewsAndAnnouncement/ANNOUNCEMENTSTOCK/From_EREP/202503/deb9d8f054_03a0256534.pdf,Pemegang Saham di atas 5% (KSEI) [],Semua Emiten Saham,https://www.idx.co.id/StaticData/NewsAndAnnouncement/ANNOUNCEMENTSTOCK/From_EREP/202503/e2b4470d42_110cd0048a.pdf,20250217_Semua Emiten Saham_Pengumuman Bursa_31862729_lamp1.pdf,,
"18 Feb 2025
					14:18:35",https://www.idx.co.id/StaticData/NewsAndAnnouncement/ANNOUNCEMENTSTOCK/From_EREP/202502/b264f42dc4_61c822debb.pdf,Pemegang Saham di atas 5% (KSEI) [],Semua Emiten Saham,https://www.idx.co.id/StaticData/NewsAndAnnouncement/ANNOUNCEMENTSTOCK/From_EREP/202502/4885c916c8_6347a13fae.pdf,20250218_Semua Emiten Saham_Pengumuman Bursa_31863235_lamp1.pdf,,
"19 Feb 2025
					14:15:34",https://www.idx.co.id/StaticData/NewsAndAnnouncement/ANNOUNCEMENTSTOCK/From_EREP/202502/27a4377df6_0a8e733387.pdf,Pemegang Saham di atas 5% (KSEI) [],Semua Emiten Saham,https://www.idx.co.id/StaticData/NewsAndAnnouncement/ANNOUNCEMENTSTOCK/From_EREP/202502/55f5982c3f_3577fd875b.pdf,20250219_Semua Emiten Saham_Pengumuman Bursa_31863516_lamp1.pdf,,
"20 Feb 2025
					14:36:15",https://www.idx.co.id/StaticData/NewsAndAnnouncement/ANNOUNCEMENTSTOCK/From_EREP/202502/973edef4bf_9419ad5ac0.pdf,Pemegang Saham di atas 5% (KSEI) [],Semua Emiten Saham,https://www.idx.co.id/StaticData/NewsAndAnnouncement/ANNOUNCEMENTSTOCK/From_EREP/202502/dfcb15b411_6d82c8caae.pdf,20250220_Semua Emiten Saham_Pengumuman Bursa_31863854_lamp1.pdf,,
"21 Feb 2025
					15:53:05",https://www.idx.co.id/StaticData/NewsAndAnnouncement/ANNOUNCEMENTSTOCK/From_EREP/202502/25b16646b2_ad47d8b751.pdf,Pemegang Saham di atas 5% (KSEI) [],Semua Emiten Saham,https://www.idx.co.id/StaticData/NewsAndAnnouncement/ANNOUNCEMENTSTOCK/From_EREP/202502/bfd12163e8_f6c0b1f85b.pdf,20250221_Semua Emiten Saham_Pengumuman Bursa_31864074_lamp1.pdf,,
"24 Feb 2025
					14:48:49",https://www.idx.co.id/StaticData/NewsAndAnnouncement/ANNOUNCEMENTSTOCK/From_EREP/202502/0719f110c5_c217913f82.pdf,Pemegang Saham di atas 5% (KSEI) [],Semua Emiten Saham,https://www.idx.co.id/StaticData/NewsAndAnnouncement/ANNOUNCEMENTSTOCK/From_EREP/202502/ed682f27bc_c5d32ba34e.pdf,20250224_Semua Emiten Saham_Pengumuman Bursa_31864319_lamp1.pdf,,
"25 Feb 2025
					15:45:23",https://www.idx.co.id/StaticData/NewsAndAnnouncement/ANNOUNCEMENTSTOCK/From_EREP/202502/971de33235_0464a6e3e4.pdf,Pemegang Saham di atas 5% (KSEI) [],Semua Emiten Saham,https://www.idx.co.id/StaticData/NewsAndAnnouncement/ANNOUNCEMENTSTOCK/From_EREP/202502/ee0a4f0ed0_4274d60381.pdf,20250225_Semua Emiten Saham_Pengumuman Bursa_31864565_lamp1.pdf,,
"26 Feb 2025
					16:17:34",https://www.idx.co.id/StaticData/NewsAndAnnouncement/ANNOUNCEMENTSTOCK/From_EREP/202502/1ff3ae5705_8891d97caf.pdf,Pemegang Saham di atas 5% (KSEI) [],Semua Emiten Saham,https://www.idx.co.id/StaticData/NewsAndAnnouncement/ANNOUNCEMENTSTOCK/From_EREP/202502/e62e0e7d75_7ba5a4ae37.pdf,20250226_Semua Emiten Saham_Pengumuman Bursa_31864797_lamp1.pdf,,
"27 Feb 2025
					16:28:51",https://www.idx.co.id/StaticData/NewsAndAnnouncement/ANNOUNCEMENTSTOCK/From_EREP/202502/9e9326202e_f6cebeb80e.pdf,Pemegang Saham di atas 5% (KSEI) [],Semua Emiten Saham,https://www.idx.co.id/StaticData/NewsAndAnnouncement/ANNOUNCEMENTSTOCK/From_EREP/202502/8339000aa4_f0f26d18d6.pdf,20250227_Semua Emiten Saham_Pengumuman Bursa_31865017_lamp1.pdf,,
"28 Feb 2025
					15:23:22",https://www.idx.co.id/StaticData/NewsAndAnnouncement/ANNOUNCEMENTSTOCK/From_EREP/202502/027c838672_a23f838b16.pdf,Pemegang Saham di atas 5% (KSEI) [],Semua Emiten Saham,https://www.idx.co.id/StaticData/NewsAndAnnouncement/ANNOUNCEMENTSTOCK/From_EREP/202502/f52f6271ee_a725469d3b.pdf,20250228_Semua Emiten Saham_Pengumuman Bursa_31865304_lamp1.pdf,,
"06 Feb 2025
					14:16:19",https://www.idx.co.id/StaticData/NewsAndAnnouncement/ANNOUNCEMENTSTOCK/From_EREP/202502/844c0907fb_3515ae34e6.pdf,Laporan Bulanan Registrasi Pemegang Efek [],SIDO,https://www.idx.co.id/StaticData/NewsAndAnnouncement/ANNOUNCEMENTSTOCK/From_EREP/202502/c6686ce6ee_b89307388b.pdf,20250206_SIDO_Laporan Bulanan Registrasi Pemegang Efek/Perubahan Struktur Pemegang Saham_31859904_lamp1.pdf,,
"06 Feb 2025
					14:16:54",https://www.idx.co.id/StaticData/NewsAndAnnouncement/ANNOUNCEMENTSTOCK/From_EREP/202502/75d7bfa60d_b320bfdcf2.pdf,Laporan Kepemilikan atau Setiap Perubahan Kepemilikan Saham Perusahaan Terbuka [],SIDO,https://www.idx.co.id/StaticData/NewsAndAnnouncement/ANNOUNCEMENTSTOCK/From_EREP/202502/b4e31e0242_094c0b3bf2.pdf,20250205_SIDO_Laporan Kepemilikan atau Setiap Perubahan Kepemilikan Saham Perusahaan Terbuka_31859551_lamp1.pdf,,
"07 Feb 2025
					14:50:33",https://www.idx.co.id/StaticData/NewsAndAnnouncement/ANNOUNCEMENTSTOCK/From_EREP/202502/8b911bc2be_a5fa90d97d.pdf,Laporan Kepemilikan atau Setiap Perubahan Kepemilikan Saham Perusahaan Terbuka [],SIDO,https://www.idx.co.id/StaticData/NewsAndAnnouncement/ANNOUNCEMENTSTOCK/From_EREP/202502/2c46805c0b_fb7a194e61.pdf,20250207_SIDO_Laporan Kepemilikan atau Setiap Perubahan Kepemilikan Saham Perusahaan Terbuka_31860680_lamp1.pdf,,
"11 Feb 2025
					15:06:53",https://www.idx.co.id/StaticData/NewsAndAnnouncement/ANNOUNCEMENTSTOCK/From_EREP/202502/8bcb64e234_1e4b26d49d.pdf,Laporan Kepemilikan atau Setiap Perubahan Kepemilikan Saham Perusahaan Terbuka [],SIDO,https://www.idx.co.id/StaticData/NewsAndAnnouncement/ANNOUNCEMENTSTOCK/From_EREP/202502/1c9b665455_3fb3281bbf.pdf,20250211_SIDO_Laporan Kepemilikan atau Setiap Perubahan Kepemilikan Saham Perusahaan Terbuka_31861652_lamp1.pdf,,
"10 Feb 2025
					15:26:05",https://www.idx.co.id/StaticData/NewsAndAnnouncement/ANNOUNCEMENTSTOCK/From_EREP/202502/93db781884_deace52cfa.pdf,Laporan Bulanan Registrasi Pemegang Efek [],SILO,https://www.idx.co.id/StaticData/NewsAndAnnouncement/ANNOUNCEMENTSTOCK/From_EREP/202502/6003973e35_6a90300ba9.pdf,20250205_SILO_Laporan Bulanan Registrasi Pemegang Efek/Perubahan Struktur Pemegang Saham_31859749_lamp1.pdf,,
"06 Feb 2025
					10:54:43",https://www.idx.co.id/StaticData/NewsAndAnnouncement/ANNOUNCEMENTSTOCK/From_EREP/202502/0f5b35a416_bb7b0b0b55.pdf,Laporan Bulanan Registrasi Pemegang Efek [],SMGR,https://www.idx.co.id/StaticData/NewsAndAnnouncement/ANNOUNCEMENTSTOCK/From_EREP/202502/3292b5ad4f_fd430af9a4.pdf,20250204_SMGR_Laporan Bulanan Registrasi Pemegang Efek/Perubahan Struktur Pemegang Saham_31849387_lamp1.pdf,,
"20 Feb 2025
					23:38:17",https://www.idx.co.id/StaticData/NewsAndAnnouncement/ANNOUNCEMENTSTOCK/From_EREP/202502/bc97d7029f_feeb423590.pdf,Penyampaian Bukti Iklan Hasil RUPS [],SMGR,https://www.idx.co.id/StaticData/NewsAndAnnouncement/ANNOUNCEMENTSTOCK/From_EREP/202502/51b4b4208c_eefb17f5a1.pdf,20250220_SMGR_Penyampaian Bukti Iklan_31863997_lamp1.pdf,,
"03 Feb 2025
					16:25:45",https://www.idx.co.id/StaticData/NewsAndAnnouncement/ANNOUNCEMENTSTOCK/From_EREP/202502/71b6c35cfe_a108355d00.pdf,Laporan Transaksi Afiliasi  [],SMRA,https://www.idx.co.id/StaticData/NewsAndAnnouncement/ANNOUNCEMENTSTOCK/From_EREP/202502/ec82fe4992_a45a97310c.pdf,20250203_SMRA_Laporan Informasi dan Fakta Material_31848988_lamp1.pdf,,
"05 Feb 2025
					16:29:02",https://www.idx.co.id/StaticData/NewsAndAnnouncement/ANNOUNCEMENTSTOCK/From_EREP/202502/f6e899f348_818be3cdba.pdf,Laporan Bulanan Registrasi Pemegang Efek [],SMRA,https://www.idx.co.id/StaticData/NewsAndAnnouncement/ANNOUNCEMENTSTOCK/From_EREP/202502/5348f56b22_0a596beb4c.pdf,20250205_SMRA_Laporan Bulanan Registrasi Pemegang Efek/Perubahan Struktur Pemegang Saham_31849558_lamp1.pdf,,
"06 Feb 2025
					13:42:22",https://www.idx.co.id/StaticData/NewsAndAnnouncement/ANNOUNCEMENTSTOCK/From_EREP/202502/9d8b558046_bbaa757be0.pdf,Laporan Bulanan Registrasi Pemegang Efek [],TLKM,https://www.idx.co.id/StaticData/NewsAndAnnouncement/ANNOUNCEMENTSTOCK/From_EREP/202502/471f4c4bd9_ca1eb0f7a9.pdf,20250206_TLKM_Laporan Bulanan Registrasi Pemegang Efek/Perubahan Struktur Pemegang Saham_31860126_lamp1.pdf,,
"10 Feb 2025
					08:04:08",https://www.idx.co.id/StaticData/NewsAndAnnouncement/ANNOUNCEMENTSTOCK/From_EREP/202502/722e20aeab_5e628d6630.pdf,Perkara hukum terhadap Emiten atau Perusahaan Publik dan/atau anggota Direksi dan anggota Dewan Komisaris Emiten atau Perusahaan Publik yang berdampak Material [],TLKM,https://www.idx.co.id/StaticData/NewsAndAnnouncement/ANNOUNCEMENTSTOCK/From_EREP/202502/a6665da697_eda4aa2a6e.pdf,20250210_TLKM_Laporan Informasi dan Fakta Material_31861035_lamp1.pdf,https://www.idx.co.id/StaticData/NewsAndAnnouncement/ANNOUNCEMENTSTOCK/From_EREP/202502/eb60c30f9d_42a12503d0.pdf,20250210_TLKM_Laporan Informasi dan Fakta Material_31861035_lamp2.pdf
"20 Feb 2025
					14:33:12",https://www.idx.co.id/StaticData/NewsAndAnnouncement/ANNOUNCEMENTSTOCK/From_EREP/202502/4cc9d59ffa_dd87ffa168.pdf,Saham Hilang [],TLKM,https://www.idx.co.id/StaticData/NewsAndAnnouncement/ANNOUNCEMENTSTOCK/From_EREP/202502/dd8b592352_17a23295ea.pdf,20250220_TLKM_Pengumuman Bursa_31863865_lamp1.pdf,,
"09 Feb 2025
					22:12:05",https://www.idx.co.id/StaticData/NewsAndAnnouncement/ANNOUNCEMENTSTOCK/From_EREP/202502/80af395062_0561a77faf.pdf,Laporan Bulanan Registrasi Pemegang Efek [],TOWR,https://www.idx.co.id/StaticData/NewsAndAnnouncement/ANNOUNCEMENTSTOCK/From_EREP/202502/a255f929f2_1d5c5b02ee.pdf,20250209_TOWR_Laporan Bulanan Registrasi Pemegang Efek/Perubahan Struktur Pemegang Saham_31861034_lamp1.pdf,,
"21 Feb 2025
					16:37:50",https://www.idx.co.id/StaticData/NewsAndAnnouncement/ANNOUNCEMENTSTOCK/From_EREP/202502/61037de47c_6dd1afb65b.pdf,Penerimaan surat pengunduran diri anggota Direksi dan Dewan Komisaris Perseroan [],TOWR,https://www.idx.co.id/StaticData/NewsAndAnnouncement/ANNOUNCEMENTSTOCK/From_EREP/202502/c67d150914_59bd0aa606.pdf,20250221_TOWR_Laporan Informasi dan Fakta Material_31864147_lamp1.pdf,,
"05 Feb 2025
					16:08:43",https://www.idx.co.id/StaticData/NewsAndAnnouncement/ANNOUNCEMENTSTOCK/From_EREP/202502/7bb25a66ef_4eaec44c49.pdf,Konfirmasi Emiten Grup [],UNTR,https://www.idx.co.id/StaticData/NewsAndAnnouncement/ANNOUNCEMENTSTOCK/From_EREP/202502/8ef28e3d24_3299027098.pdf,20250203_UNTR_Konfirmasi Emiten Grup_31848883_lamp1.pdf,,
"10 Feb 2025
					08:13:05",https://www.idx.co.id/StaticData/NewsAndAnnouncement/ANNOUNCEMENTSTOCK/From_EREP/202502/e578c64396_7bca1eac3b.pdf,Laporan Bulanan Registrasi Pemegang Efek [],UNTR,https://www.idx.co.id/StaticData/NewsAndAnnouncement/ANNOUNCEMENTSTOCK/From_EREP/202502/915438daac_147009c310.pdf,20250205_UNTR_Laporan Bulanan Registrasi Pemegang Efek/Perubahan Struktur Pemegang Saham_31859651_lamp1.pdf,https://www.idx.co.id/StaticData/NewsAndAnnouncement/ANNOUNCEMENTSTOCK/From_EREP/202502/eaed7250da_d244a2e912.pdf,20250205_UNTR_Laporan Bulanan Registrasi Pemegang Efek/Perubahan Struktur Pemegang Saham_31859651_lamp2.pdf
"27 Feb 2025
					16:15:53",https://www.idx.co.id/StaticData/NewsAndAnnouncement/ANNOUNCEMENTSTOCK/From_EREP/202402/20250227162610-49682-0/FinancialStatement-2024-Tahunan-UNTR.pdf,Penyampaian Laporan Keuangan Tahunan [],UNTR,https://www.idx.co.id/StaticData/NewsAndAnnouncement/ANNOUNCEMENTSTOCK/From_EREP/202402/20250227162610-49682-0/FinancialStatement-2024-Tahunan-UNTR.xlsx,FinancialStatement-2024-Tahunan-UNTR.xlsx,https://www.idx.co.id/StaticData/NewsAndAnnouncement/ANNOUNCEMENTSTOCK/From_EREP/202402/20250227162610-49682-0/FS%20UNTR%201224.pdf,FS UNTR 1224.pdf
"06 Feb 2025
					12:46:05",https://www.idx.co.id/StaticData/NewsAndAnnouncement/ANNOUNCEMENTSTOCK/From_EREP/202502/57f112137d_e6706765ea.pdf,Laporan Bulanan Registrasi Pemegang Efek [],UNVR,https://www.idx.co.id/StaticData/NewsAndAnnouncement/ANNOUNCEMENTSTOCK/From_EREP/202502/3dc8946fbc_c1a91b75f3.pdf,20250205_UNVR_Laporan Bulanan Registrasi Pemegang Efek/Perubahan Struktur Pemegang Saham_31859586_lamp1.pdf,https://www.idx.co.id/StaticData/NewsAndAnnouncement/ANNOUNCEMENTSTOCK/From_EREP/202502/8e5390dfcb_bde3d287f9.pdf,20250205_UNVR_Laporan Bulanan Registrasi Pemegang Efek/Perubahan Struktur Pemegang Saham_31859586_lamp2.pdf
"07 Feb 2025
					14:37:19",https://www.idx.co.id/StaticData/NewsAndAnnouncement/ANNOUNCEMENTSTOCK/From_EREP/202502/8ce396aa9b_92296fa3f1.pdf,Penerbitan SKS Pengganti Karena Hilang PT Unilever Indonesia Tbk [],UNVR,https://www.idx.co.id/StaticData/NewsAndAnnouncement/ANNOUNCEMENTSTOCK/From_EREP/202502/d72a402860_37ad93ff84.pdf,20250207_UNVR_Pengumuman Bursa_31860733_lamp1.pdf,,
"13 Feb 2025
					07:43:26",https://www.idx.co.id/StaticData/NewsAndAnnouncement/ANNOUNCEMENTSTOCK/From_EREP/202402/20250213074852-49590-0/FinancialStatement-2024-Tahunan-UNVR.pdf,Penyampaian Laporan Keuangan Tahunan [],UNVR,https://www.idx.co.id/StaticData/NewsAndAnnouncement/ANNOUNCEMENTSTOCK/From_EREP/202402/20250213074852-49590-0/Checklist%20Q4%202024.pdf,Checklist Q4 2024.pdf,https://www.idx.co.id/StaticData/NewsAndAnnouncement/ANNOUNCEMENTSTOCK/From_EREP/202402/20250213074852-49590-0/Director%20Statement%20UNVR%20Q4%202024.pdf,Director Statement UNVR Q4 2024.pdf
"19 Feb 2025
					18:11:35",https://www.idx.co.id/StaticData/NewsAndAnnouncement/ANNOUNCEMENTSTOCK/From_EREP/202502/7551f66dce_246ae19bf8.pdf,Saham Hilang [],UNVR,https://www.idx.co.id/StaticData/NewsAndAnnouncement/ANNOUNCEMENTSTOCK/From_EREP/202502/28c69567aa_1a3d54c388.pdf,20250219_UNVR_Pengumuman Bursa_31863581_lamp1.pdf,,
"28 Feb 2025
					15:23:15",https://www.idx.co.id/StaticData/NewsAndAnnouncement/ANNOUNCEMENTSTOCK/From_EREP/202502/e796cb87a6_d8052a20aa.pdf,Penjelasan atas Volatilitas Transaksi [],UNVR,https://www.idx.co.id/StaticData/NewsAndAnnouncement/ANNOUNCEMENTSTOCK/From_EREP/202502/c3bf5d0f90_c867025dc8.pdf,20250228_UNVR_Tanggapan atas Permintaan Penjelasan Bursa_31865288_lamp1.pdf,,
"28 Feb 2025
					17:06:04",https://www.idx.co.id/StaticData/NewsAndAnnouncement/ANNOUNCEMENTSTOCK/From_EREP/202503/424a0768f0_5d6d6a9b1c.pdf,Laporan Kepemilikan Saham [],UNVR,https://www.idx.co.id/StaticData/NewsAndAnnouncement/ANNOUNCEMENTSTOCK/From_EREP/202503/2b545fa2c1_af773f8a51.pdf,20250228_UNVR_Pengumuman Bursa_31865316_lamp1.pdf,,