text-small,attach-card href,f-m-20,f-m-20 2,d-iblock href,d-iblock,d-iblock href 2,d-iblock 2,d-iblock href 3,d-iblock 3,d-iblock href 4,d-iblock 4,d-iblock href 5,d-iblock 5,d-iblock href 6,d-iblock 6,d-iblock href 7,d-iblock 7,d-iblock href 8,d-iblock 8,d-iblock href 9,d-iblock 9,d-iblock href 10,d-iblock 10,d-iblock href 11,d-iblock 11,d-iblock href 12,d-iblock 12,d-iblock href 13,d-iblock 13,d-iblock href 14,d-iblock 14,d-iblock href 15,d-iblock 15,d-iblock href 16,d-iblock 16,d-iblock href 17,d-iblock 17,d-iblock href 18,d-iblock 18,d-iblock href 19,d-iblock 19,d-iblock href 20,d-iblock 20,d-iblock href 21,d-iblock 21,d-iblock href 22,d-iblock 22,d-iblock href 23,d-iblock 23,d-iblock href 24,d-iblock 24
"02 Apr 2025
					17:53:21",https://www.idx.co.id/StaticData/NewsAndAnnouncement/ANNOUNCEMENTSTOCK/From_EREP/202404/20250402180256-51405-0/FinancialStatement-2024-Tahunan-ACES.pdf,Penyampaian Laporan Keuangan Tahunan [],ACES,https://www.idx.co.id/StaticData/NewsAndAnnouncement/ANNOUNCEMENTSTOCK/From_EREP/202404/20250402180256-51405-0/Checklist%20Pengungkapan%20LK%20-%20AHI%202024.pdf,Checklist Pengungkapan LK - AHI 2024.pdf,https://www.idx.co.id/StaticData/NewsAndAnnouncement/ANNOUNCEMENTSTOCK/From_EREP/202404/20250402180256-51405-0/FinancialStatement-2024-Tahunan-ACES.xlsx,FinancialStatement-2024-Tahunan-ACES.xlsx,https://www.idx.co.id/StaticData/NewsAndAnnouncement/ANNOUNCEMENTSTOCK/From_EREP/202404/20250402180256-51405-0/inlineXBRL.zip,inlineXBRL.zip,,,,,,,,,,,,,,,,,,,,,,,,,,,,,,,,,,,,,,,,,,
"02 Apr 2025
					18:59:20",https://www.idx.co.id/StaticData/NewsAndAnnouncement/ANNOUNCEMENTSTOCK/From_EREP/202504/4948a85a39_66423a0afa.pdf,Penyampaian Informasi Pemenuhan Kewajiban Public Expose - Tahunan [],ACES,https://www.idx.co.id/StaticData/NewsAndAnnouncement/ANNOUNCEMENTSTOCK/From_EREP/202504/c5b9fd0813_fa6011d25e.pdf,20250402_ACES_Public Expose_31872477_lamp1.pdf,https://www.idx.co.id/StaticData/NewsAndAnnouncement/ANNOUNCEMENTSTOCK/From_EREP/202504/da79951789_f57ed08321.pdf,20250402_ACES_Public Expose_31872477_lamp2.pdf,,,,,,,,,,,,,,,,,,,,,,,,,,,,,,,,,,,,,,,,,,,,
"02 Apr 2025
					18:59:44",https://www.idx.co.id/StaticData/NewsAndAnnouncement/ANNOUNCEMENTSTOCK/From_EREP/202504/20241a7205_f9edcb852a.pdf,Siaran Pers: PT Aspirasi Hidup Indonesia Tbk Mencatatkan Pertumbuhan Kinerja Gemilang di Tahun 2024 [],ACES,https://www.idx.co.id/StaticData/NewsAndAnnouncement/ANNOUNCEMENTSTOCK/From_EREP/202504/d6e9850023_1b337d14c9.pdf,20250329_ACES_Laporan Informasi dan Fakta Material_31872415_lamp1.pdf,https://www.idx.co.id/StaticData/NewsAndAnnouncement/ANNOUNCEMENTSTOCK/From_EREP/202504/dd64165cbc_73d6f81d94.pdf,20250329_ACES_Laporan Informasi dan Fakta Material_31872415_lamp2.pdf,,,,,,,,,,,,,,,,,,,,,,,,,,,,,,,,,,,,,,,,,,,,
"08 Apr 2025
					16:01:58",https://www.idx.co.id/StaticData/NewsAndAnnouncement/ANNOUNCEMENTSTOCK/From_EREP/202504/2d12e50067_fe56d66fad.pdf,Laporan Bulanan Registrasi Pemegang Efek [],ACES,https://www.idx.co.id/StaticData/NewsAndAnnouncement/ANNOUNCEMENTSTOCK/From_EREP/202504/a481cb845a_91ac762e4c.pdf,20250408_ACES_Laporan Bulanan Registrasi Pemegang Efek/Perubahan Struktur Pemegang Saham_31872974_lamp1.pdf,,,,,,,,,,,,,,,,,,,,,,,,,,,,,,,,,,,,,,,,,,,,,,
"30 Apr 2025
					20:12:40",https://www.idx.co.id/StaticData/NewsAndAnnouncement/ANNOUNCEMENTSTOCK/From_EREP/202504/20250430204627-52943-0/FinancialStatement-2025-I-ACES.pdf,Penyampaian Laporan Keuangan Interim Yang Tidak Diaudit [],ACES,https://www.idx.co.id/StaticData/NewsAndAnnouncement/ANNOUNCEMENTSTOCK/From_EREP/202504/20250430204627-52943-0/Checklist%20Pengungkapan%20LK%20-%20AHI%201Q25.pdf,Checklist Pengungkapan LK - AHI 1Q25.pdf,https://www.idx.co.id/StaticData/NewsAndAnnouncement/ANNOUNCEMENTSTOCK/From_EREP/202504/20250430204627-52943-0/FinancialStatement-2025-I-ACES.xlsx,FinancialStatement-2025-I-ACES.xlsx,https://www.idx.co.id/StaticData/NewsAndAnnouncement/ANNOUNCEMENTSTOCK/From_EREP/202504/20250430204627-52943-0/inlineXBRL.zip,inlineXBRL.zip,,,,,,,,,,,,,,,,,,,,,,,,,,,,,,,,,,,,,,,,,,
"30 Apr 2025
					20:28:20",https://www.idx.co.id/StaticData/NewsAndAnnouncement/ANNOUNCEMENTSTOCK/From_EREP/202504/5fc0ddf745_ad489751ec.pdf,Penyampaian Laporan Tahunan [],ACES,https://www.idx.co.id/StaticData/NewsAndAnnouncement/ANNOUNCEMENTSTOCK/From_EREP/202504/e793353fe1_52aa3d21ae.pdf,AnnualReport2024-ACES-att2.pdf,https://www.idx.co.id/StaticData/NewsAndAnnouncement/ANNOUNCEMENTSTOCK/From_EREP/202504/fa433c50c3_51c0db7a13.pdf,AnnualReport2024-ACES-att1.pdf,,,,,,,,,,,,,,,,,,,,,,,,,,,,,,,,,,,,,,,,,,,,
"30 Apr 2025
					21:04:41",https://www.idx.co.id/StaticData/NewsAndAnnouncement/ANNOUNCEMENTSTOCK/From_EREP/202504/5a4bbd3a1b_09228a09c8.pdf,Penyampaian Laporan Keberlanjutan dan ESG [],ACES,https://www.idx.co.id/StaticData/NewsAndAnnouncement/ANNOUNCEMENTSTOCK/From_EREP/202504/5af35a3d9e_dc15fe62c3.pdf,AnnualReport2024-ACES-att1.pdf,https://www.idx.co.id/StaticData/NewsAndAnnouncement/ANNOUNCEMENTSTOCK/From_EREP/202504/c4ff44f1be_3a99a11c74.pdf,AnnualReport2024-ACES-att2.pdf,,,,,,,,,,,,,,,,,,,,,,,,,,,,,,,,,,,,,,,,,,,,
"09 Apr 2025
					16:43:44",https://www.idx.co.id/StaticData/NewsAndAnnouncement/ANNOUNCEMENTSTOCK/From_EREP/202504/f87af039ad_0000f8ce44.pdf,Laporan Bulanan Aktivitas Eksplorasi [],ADMR,,,,,,,,,,,,,,,,,,,,,,,,,,,,,,,,,,,,,,,,,,,,,,,,
"09 Apr 2025
					17:07:03",https://www.idx.co.id/StaticData/NewsAndAnnouncement/ANNOUNCEMENTSTOCK/From_EREP/202504/4f0b310677_51d4dbf458.pdf,Laporan Bulanan Registrasi Pemegang Efek [],ADMR,https://www.idx.co.id/StaticData/NewsAndAnnouncement/ANNOUNCEMENTSTOCK/From_EREP/202504/4d00564e15_e01a35bcaf.pdf,20250402_ADMR_Laporan Bulanan Registrasi Pemegang Efek/Perubahan Struktur Pemegang Saham_31872464_lamp2.pdf,https://www.idx.co.id/StaticData/NewsAndAnnouncement/ANNOUNCEMENTSTOCK/From_EREP/202504/8f06fe1cec_fe48bcacbe.pdf,20250402_ADMR_Laporan Bulanan Registrasi Pemegang Efek/Perubahan Struktur Pemegang Saham_31872464_lamp1.pdf,,,,,,,,,,,,,,,,,,,,,,,,,,,,,,,,,,,,,,,,,,,,
"22 Apr 2025
					18:30:20",https://www.idx.co.id/StaticData/NewsAndAnnouncement/ANNOUNCEMENTSTOCK/From_EREP/202504/f4d6656814_ccb99212a8.pdf,Pemanggilan Rapat Umum Pemegang Saham Tahunan [],ADMR,https://www.idx.co.id/StaticData/NewsAndAnnouncement/ANNOUNCEMENTSTOCK/From_EREP/202504/19f9a1f7ba_6ed3d98105.pdf,20250416_ADMR_Pemanggilan RUPS_31876105_lamp4.pdf,https://www.idx.co.id/StaticData/NewsAndAnnouncement/ANNOUNCEMENTSTOCK/From_EREP/202504/4838567218_a84716257b.pdf,20250416_ADMR_Pemanggilan RUPS_31876105_lamp1.pdf,https://www.idx.co.id/StaticData/NewsAndAnnouncement/ANNOUNCEMENTSTOCK/From_EREP/202504/88d681f53a_f9044898d3.pdf,20250416_ADMR_Pemanggilan RUPS_31876105_lamp2.pdf,,,,,,,,,,,,,,,,,,,,,,,,,,,,,,,,,,,,,,,,,,
"22 Apr 2025
					20:08:26",https://www.idx.co.id/StaticData/NewsAndAnnouncement/ANNOUNCEMENTSTOCK/From_EREP/202504/6fefd878e9_29658bec1f.pdf,Penyampaian Laporan Tahunan [],ADMR,https://www.idx.co.id/StaticData/NewsAndAnnouncement/ANNOUNCEMENTSTOCK/From_EREP/202504/3ef2a4a0e5_54295d5d0a.pdf,AnnualReport2024-ADMR-att1.pdf,,,,,,,,,,,,,,,,,,,,,,,,,,,,,,,,,,,,,,,,,,,,,,
"22 Apr 2025
					23:06:47",https://www.idx.co.id/StaticData/NewsAndAnnouncement/ANNOUNCEMENTSTOCK/From_EREP/202504/7bd4a00ba6_e7f9ef3388.pdf,Penyampaian Laporan Keberlanjutan dan ESG [],ADMR,https://www.idx.co.id/StaticData/NewsAndAnnouncement/ANNOUNCEMENTSTOCK/From_EREP/202504/3a745ff8fe_a0b13f4f8b.pdf,AnnualReport2024-ADMR-att1.pdf,,,,,,,,,,,,,,,,,,,,,,,,,,,,,,,,,,,,,,,,,,,,,,
"29 Apr 2025
					17:27:52",https://www.idx.co.id/StaticData/NewsAndAnnouncement/ANNOUNCEMENTSTOCK/From_EREP/202504/20250429181049-52428-0/FinancialStatement-2025-I-ADMR.pdf,Penyampaian Laporan Keuangan Interim Yang Tidak Diaudit [],ADMR,https://www.idx.co.id/StaticData/NewsAndAnnouncement/ANNOUNCEMENTSTOCK/From_EREP/202504/20250429181049-52428-0/ADMR%20-%20Directors%20Statement%2031%20Mar%202025.pdf,ADMR - Directors Statement 31 Mar 2025.pdf,https://www.idx.co.id/StaticData/NewsAndAnnouncement/ANNOUNCEMENTSTOCK/From_EREP/202504/20250429181049-52428-0/ADMR%20-%20Laporan%20Keuangan%20Konsolidasian%2031%20Mar%202025.pdf,ADMR - Laporan Keuangan Konsolidasian 31 Mar 2025.pdf,https://www.idx.co.id/StaticData/NewsAndAnnouncement/ANNOUNCEMENTSTOCK/From_EREP/202504/20250429181049-52428-0/FinancialStatement-2025-I-ADMR.xlsx,FinancialStatement-2025-I-ADMR.xlsx,,,,,,,,,,,,,,,,,,,,,,,,,,,,,,,,,,,,,,,,,,
"30 Apr 2025
					17:48:24",https://www.idx.co.id/StaticData/NewsAndAnnouncement/ANNOUNCEMENTSTOCK/From_EREP/202504/5200a6d7f8_afdc04f717.pdf,Penjelasan atas Pemberitaan Media Massa [],ADMR,,,,,,,,,,,,,,,,,,,,,,,,,,,,,,,,,,,,,,,,,,,,,,,,
"08 Apr 2025
					16:50:58",https://www.idx.co.id/StaticData/NewsAndAnnouncement/ANNOUNCEMENTSTOCK/From_EREP/202504/919e5fc256_3e2275351a.pdf,Pemberitahuan Rencana Rapat Umum Pemegang Saham Tahunan [],ADRO,https://www.idx.co.id/StaticData/NewsAndAnnouncement/ANNOUNCEMENTSTOCK/From_EREP/202504/6d95c759a8_7e0792549a.pdf,20250408_ADRO_Pengumuman RUPS_31872791_lamp1.pdf,https://www.idx.co.id/StaticData/NewsAndAnnouncement/ANNOUNCEMENTSTOCK/From_EREP/202504/ab52666ab9_c57204ac1b.pdf,20250408_ADRO_Pengumuman RUPS_31872791_lamp2.pdf,,,,,,,,,,,,,,,,,,,,,,,,,,,,,,,,,,,,,,,,,,,,
"08 Apr 2025
					16:57:56",https://www.idx.co.id/StaticData/NewsAndAnnouncement/ANNOUNCEMENTSTOCK/From_EREP/202504/7525a4f3bf_620ba833f2.pdf,Rencana Pembelian Kembali Saham PT Alamtri Resources Indonesia Tbk [],ADRO,https://www.idx.co.id/StaticData/NewsAndAnnouncement/ANNOUNCEMENTSTOCK/From_EREP/202504/42013c248d_eeef780d9c.pdf,20250408_ADRO_Laporan Informasi dan Fakta Material_31872798_lamp1.pdf,https://www.idx.co.id/StaticData/NewsAndAnnouncement/ANNOUNCEMENTSTOCK/From_EREP/202504/cb2556cae1_829db8ffa3.pdf,20250408_ADRO_Laporan Informasi dan Fakta Material_31872798_lamp2.pdf,,,,,,,,,,,,,,,,,,,,,,,,,,,,,,,,,,,,,,,,,,,,
"09 Apr 2025
					16:36:29",https://www.idx.co.id/StaticData/NewsAndAnnouncement/ANNOUNCEMENTSTOCK/From_EREP/202504/ea5a764a59_fa46e09471.pdf,Laporan Bulanan Registrasi Pemegang Efek [],ADRO,https://www.idx.co.id/StaticData/NewsAndAnnouncement/ANNOUNCEMENTSTOCK/From_EREP/202504/1c21ccf5b2_cfd8fe682c.pdf,20250409_ADRO_Laporan Bulanan Registrasi Pemegang Efek/Perubahan Struktur Pemegang Saham_31873619_lamp1.pdf,https://www.idx.co.id/StaticData/NewsAndAnnouncement/ANNOUNCEMENTSTOCK/From_EREP/202504/64bfc73ff0_c03b9539e0.pdf,20250409_ADRO_Laporan Bulanan Registrasi Pemegang Efek/Perubahan Struktur Pemegang Saham_31873619_lamp3.pdf,https://www.idx.co.id/StaticData/NewsAndAnnouncement/ANNOUNCEMENTSTOCK/From_EREP/202504/b35490c36e_ffc5958e37.pdf,20250409_ADRO_Laporan Bulanan Registrasi Pemegang Efek/Perubahan Struktur Pemegang Saham_31873619_lamp2.pdf,,,,,,,,,,,,,,,,,,,,,,,,,,,,,,,,,,,,,,,,,,
"10 Apr 2025
					16:02:01",https://www.idx.co.id/StaticData/NewsAndAnnouncement/ANNOUNCEMENTSTOCK/From_EREP/202504/ae65557f40_38b193e59c.pdf,Laporan Bulanan Aktivitas Eksplorasi [],ADRO,,,,,,,,,,,,,,,,,,,,,,,,,,,,,,,,,,,,,,,,,,,,,,,,
"23 Apr 2025
					17:36:58",https://www.idx.co.id/StaticData/NewsAndAnnouncement/ANNOUNCEMENTSTOCK/From_EREP/202504/dc5edd6712_6d3faffa0b.pdf,Pemanggilan Rapat Umum Pemegang Saham Tahunan [],ADRO,https://www.idx.co.id/StaticData/NewsAndAnnouncement/ANNOUNCEMENTSTOCK/From_EREP/202504/70cbe66778_c676962d73.pdf,20250423_ADRO_Pemanggilan RUPS_31877483_lamp2.pdf,https://www.idx.co.id/StaticData/NewsAndAnnouncement/ANNOUNCEMENTSTOCK/From_EREP/202504/ac7b85133c_b1993aa74c.pdf,20250423_ADRO_Pemanggilan RUPS_31877483_lamp1.pdf,,,,,,,,,,,,,,,,,,,,,,,,,,,,,,,,,,,,,,,,,,,,
"23 Apr 2025
					22:40:31",https://www.idx.co.id/StaticData/NewsAndAnnouncement/ANNOUNCEMENTSTOCK/From_EREP/202504/17cfe17546_6f56ddc673.pdf,Penyampaian Laporan Tahunan [],ADRO,https://www.idx.co.id/StaticData/NewsAndAnnouncement/ANNOUNCEMENTSTOCK/From_EREP/202504/662d452bc8_1ee0f6e591.pdf,AnnualReport2024-ADRO-att1.pdf,,,,,,,,,,,,,,,,,,,,,,,,,,,,,,,,,,,,,,,,,,,,,,
"23 Apr 2025
					22:56:51",https://www.idx.co.id/StaticData/NewsAndAnnouncement/ANNOUNCEMENTSTOCK/From_EREP/202504/ad49b37fd0_0534adb55a.pdf,Penyampaian Laporan Keberlanjutan dan ESG [],ADRO,https://www.idx.co.id/StaticData/NewsAndAnnouncement/ANNOUNCEMENTSTOCK/From_EREP/202504/937df95dc3_99c1606ed9.pdf,AnnualReport2024-ADRO-att1.pdf,,,,,,,,,,,,,,,,,,,,,,,,,,,,,,,,,,,,,,,,,,,,,,
"30 Apr 2025
					17:44:08",https://www.idx.co.id/StaticData/NewsAndAnnouncement/ANNOUNCEMENTSTOCK/From_EREP/202504/20250430185331-53489-0/FinancialStatement-2025-I-ADRO.pdf,Penyampaian Laporan Keuangan Interim Yang Tidak Diaudit [],ADRO,https://www.idx.co.id/StaticData/NewsAndAnnouncement/ANNOUNCEMENTSTOCK/From_EREP/202504/20250430185331-53489-0/AlamTri%20Q125%20Laporan%20Keuangan%20Konsolidasian.pdf,AlamTri Q125 Laporan Keuangan Konsolidasian.pdf,https://www.idx.co.id/StaticData/NewsAndAnnouncement/ANNOUNCEMENTSTOCK/From_EREP/202504/20250430185331-53489-0/FinancialStatement-2025-I-ADRO.xlsx,FinancialStatement-2025-I-ADRO.xlsx,https://www.idx.co.id/StaticData/NewsAndAnnouncement/ANNOUNCEMENTSTOCK/From_EREP/202504/20250430185331-53489-0/inlineXBRL.zip,inlineXBRL.zip,,,,,,,,,,,,,,,,,,,,,,,,,,,,,,,,,,,,,,,,,,
"05 Apr 2025
					00:10:58",https://www.idx.co.id/StaticData/NewsAndAnnouncement/ANNOUNCEMENTSTOCK/From_EREP/202504/1bff9191dc_36dd622f3b.pdf,Pemanggilan Rapat Umum Pemegang Saham Tahunan [],AKRA,https://www.idx.co.id/StaticData/NewsAndAnnouncement/ANNOUNCEMENTSTOCK/From_EREP/202504/039601b938_75f81a64b6.pdf,20250404_AKRA_Pemanggilan RUPS_31872527_lamp1.pdf,,,,,,,,,,,,,,,,,,,,,,,,,,,,,,,,,,,,,,,,,,,,,,
"05 Apr 2025
					17:59:15",https://www.idx.co.id/StaticData/NewsAndAnnouncement/ANNOUNCEMENTSTOCK/From_EREP/202504/4f74f33eb0_87ec080b6f.pdf,Penyampaian Laporan Tahunan [],AKRA,https://www.idx.co.id/StaticData/NewsAndAnnouncement/ANNOUNCEMENTSTOCK/From_EREP/202504/39e1320920_e9627bf507.pdf,AnnualReport2024-AKRA-att2.pdf,https://www.idx.co.id/StaticData/NewsAndAnnouncement/ANNOUNCEMENTSTOCK/From_EREP/202504/6a97c5e924_2461c3c2e0.pdf,AnnualReport2024-AKRA-att4.pdf,https://www.idx.co.id/StaticData/NewsAndAnnouncement/ANNOUNCEMENTSTOCK/From_EREP/202504/8676ca962b_b0a0327e82.pdf,AnnualReport2024-AKRA-att5.pdf,,,,,,,,,,,,,,,,,,,,,,,,,,,,,,,,,,,,,,,,,,
"05 Apr 2025
					20:54:12",https://www.idx.co.id/StaticData/NewsAndAnnouncement/ANNOUNCEMENTSTOCK/From_EREP/202504/97796d7880_a80caa5501.pdf,Penyampaian Laporan Keberlanjutan dan ESG [],AKRA,https://www.idx.co.id/StaticData/NewsAndAnnouncement/ANNOUNCEMENTSTOCK/From_EREP/202504/04508bcd7f_728cc7ce10.pdf,AnnualReport2024-AKRA-att3.pdf,https://www.idx.co.id/StaticData/NewsAndAnnouncement/ANNOUNCEMENTSTOCK/From_EREP/202504/3b8bbfe1ae_65e0b04510.pdf,AnnualReport2024-AKRA-att1.pdf,https://www.idx.co.id/StaticData/NewsAndAnnouncement/ANNOUNCEMENTSTOCK/From_EREP/202504/d76adc81b1_6354308be2.pdf,AnnualReport2024-AKRA-att2.pdf,,,,,,,,,,,,,,,,,,,,,,,,,,,,,,,,,,,,,,,,,,
"05 Apr 2025
					22:26:12",https://www.idx.co.id/StaticData/NewsAndAnnouncement/ANNOUNCEMENTSTOCK/From_EREP/202504/6e2bdeb938_f5efef6d8f.pdf,Penyampaian Bukti Iklan Panggilan RUPS [],AKRA,https://www.idx.co.id/StaticData/NewsAndAnnouncement/ANNOUNCEMENTSTOCK/From_EREP/202504/1f611f63c8_37adfddcb9.pdf,20250405_AKRA_Penyampaian Bukti Iklan_31872536_lamp2.pdf,https://www.idx.co.id/StaticData/NewsAndAnnouncement/ANNOUNCEMENTSTOCK/From_EREP/202504/3ea0b819be_e11496e7e9.pdf,20250405_AKRA_Penyampaian Bukti Iklan_31872536_lamp1.pdf,,,,,,,,,,,,,,,,,,,,,,,,,,,,,,,,,,,,,,,,,,,,
"09 Apr 2025
					19:34:34",https://www.idx.co.id/StaticData/NewsAndAnnouncement/ANNOUNCEMENTSTOCK/From_EREP/202504/a1e121ad98_e2d819e8d5.pdf,Laporan Bulanan Registrasi Pemegang Efek [],AKRA,https://www.idx.co.id/StaticData/NewsAndAnnouncement/ANNOUNCEMENTSTOCK/From_EREP/202504/65c7fe6687_3c0530661d.pdf,20250409_AKRA_Laporan Bulanan Registrasi Pemegang Efek/Perubahan Struktur Pemegang Saham_31874209_lamp1.pdf,,,,,,,,,,,,,,,,,,,,,,,,,,,,,,,,,,,,,,,,,,,,,,
"09 Apr 2025
					19:35:26",https://www.idx.co.id/StaticData/NewsAndAnnouncement/ANNOUNCEMENTSTOCK/From_EREP/202504/ef333c56dd_69e5577308.pdf,Laporan Kepemilikan atau Setiap Perubahan Kepemilikan Saham Perusahaan Terbuka [],AKRA,https://www.idx.co.id/StaticData/NewsAndAnnouncement/ANNOUNCEMENTSTOCK/From_EREP/202504/a69625607e_7812ad3998.pdf,20250409_AKRA_Laporan Kepemilikan atau Setiap Perubahan Kepemilikan Saham Perusahaan Terbuka_31874215_lamp1.pdf,,,,,,,,,,,,,,,,,,,,,,,,,,,,,,,,,,,,,,,,,,,,,,
"09 Apr 2025
					19:36:16",https://www.idx.co.id/StaticData/NewsAndAnnouncement/ANNOUNCEMENTSTOCK/From_EREP/202504/9ce9797cca_2fa5edfed2.pdf,Peningkatan Modal Ditempatkan dan Disetor PT Andahanesa Abadi [],AKRA,https://www.idx.co.id/StaticData/NewsAndAnnouncement/ANNOUNCEMENTSTOCK/From_EREP/202504/b165963753_28e280673d.pdf,20250409_AKRA_Laporan Informasi dan Fakta Material_31874217_lamp1.pdf,,,,,,,,,,,,,,,,,,,,,,,,,,,,,,,,,,,,,,,,,,,,,,
"09 Apr 2025
					20:05:36",https://www.idx.co.id/StaticData/NewsAndAnnouncement/ANNOUNCEMENTSTOCK/From_EREP/202504/91744645bd_88bb217223.pdf,Laporan Kepemilikan atau Setiap Perubahan Kepemilikan Saham Perusahaan Terbuka [],AKRA,https://www.idx.co.id/StaticData/NewsAndAnnouncement/ANNOUNCEMENTSTOCK/From_EREP/202504/d9281bc29c_476478dcdd.pdf,20250409_AKRA_Laporan Kepemilikan atau Setiap Perubahan Kepemilikan Saham Perusahaan Terbuka_31874223_lamp1.pdf,,,,,,,,,,,,,,,,,,,,,,,,,,,,,,,,,,,,,,,,,,,,,,
"09 Apr 2025
					20:06:40",https://www.idx.co.id/StaticData/NewsAndAnnouncement/ANNOUNCEMENTSTOCK/From_EREP/202504/118ec7ea80_eac8102ddf.pdf,Laporan Kepemilikan atau Setiap Perubahan Kepemilikan Saham Perusahaan Terbuka [],AKRA,https://www.idx.co.id/StaticData/NewsAndAnnouncement/ANNOUNCEMENTSTOCK/From_EREP/202504/69cdda3fb9_484c47fa47.pdf,20250409_AKRA_Laporan Kepemilikan atau Setiap Perubahan Kepemilikan Saham Perusahaan Terbuka_31874224_lamp1.pdf,,,,,,,,,,,,,,,,,,,,,,,,,,,,,,,,,,,,,,,,,,,,,,
"25 Apr 2025
					10:38:06",https://www.idx.co.id/StaticData/NewsAndAnnouncement/ANNOUNCEMENTSTOCK/From_EREP/202504/20250425105546-52130-0/FinancialStatement-2025-I-AKRA.pdf,Penyampaian Laporan Keuangan Interim Yang Tidak Diaudit [],AKRA,https://www.idx.co.id/StaticData/NewsAndAnnouncement/ANNOUNCEMENTSTOCK/From_EREP/202504/20250425105546-52130-0/FinancialStatement-2025-I-AKRA.xlsx,FinancialStatement-2025-I-AKRA.xlsx,https://www.idx.co.id/StaticData/NewsAndAnnouncement/ANNOUNCEMENTSTOCK/From_EREP/202504/20250425105546-52130-0/inlineXBRL.zip,inlineXBRL.zip,https://www.idx.co.id/StaticData/NewsAndAnnouncement/ANNOUNCEMENTSTOCK/From_EREP/202504/20250425105546-52130-0/instance.zip,instance.zip,,,,,,,,,,,,,,,,,,,,,,,,,,,,,,,,,,,,,,,,,,
"29 Apr 2025
					18:20:59",https://www.idx.co.id/StaticData/NewsAndAnnouncement/ANNOUNCEMENTSTOCK/From_EREP/202504/672d2daf34_bf17e5df7c.pdf,Ringkasan Risalah Rapat Umum Para Pemegang Saham Tahunan [],AKRA,https://www.idx.co.id/StaticData/NewsAndAnnouncement/ANNOUNCEMENTSTOCK/From_EREP/202504/0736430a07_b07d1fb19e.pdf,20250429_AKRA_Ringkasan Risalah/Risalah RUPS_31879433_lamp2.pdf,https://www.idx.co.id/StaticData/NewsAndAnnouncement/ANNOUNCEMENTSTOCK/From_EREP/202504/80a01e9cef_a09178017a.pdf,20250429_AKRA_Ringkasan Risalah/Risalah RUPS_31879433_lamp3.pdf,https://www.idx.co.id/StaticData/NewsAndAnnouncement/ANNOUNCEMENTSTOCK/From_EREP/202504/df768f026c_a43515b2b0.pdf,20250429_AKRA_Ringkasan Risalah/Risalah RUPS_31879433_lamp1.pdf,,,,,,,,,,,,,,,,,,,,,,,,,,,,,,,,,,,,,,,,,,
"30 Apr 2025
					15:15:52",https://www.idx.co.id/StaticData/NewsAndAnnouncement/ANNOUNCEMENTSTOCK/From_EREP/202504/a9aa6ff2ed_df88217a3a.pdf,Penyampaian Bukti Iklan Hasil RUPS [],AKRA,https://www.idx.co.id/StaticData/NewsAndAnnouncement/ANNOUNCEMENTSTOCK/From_EREP/202504/05f4384faf_c112989411.pdf,20250430_AKRA_Penyampaian Bukti Iklan_31879958_lamp1.pdf,,,,,,,,,,,,,,,,,,,,,,,,,,,,,,,,,,,,,,,,,,,,,,
"30 Apr 2025
					15:19:05",https://www.idx.co.id/StaticData/NewsAndAnnouncement/ANNOUNCEMENTSTOCK/From_EREP/202504/d5a40107c4_f9fd325fb7.pdf,Keterbukaan Informasi terkait Aksi Korporasi - Dividen Tunai - 30042025 [],AKRA,https://www.idx.co.id/StaticData/NewsAndAnnouncement/ANNOUNCEMENTSTOCK/From_EREP/202504/751fc6e771_6d69ec6ade.pdf,20250430_AKRA_Keterbukaan Informasi terkait Aksi Korporasi_31879977_lamp1.pdf,,,,,,,,,,,,,,,,,,,,,,,,,,,,,,,,,,,,,,,,,,,,,,
"30 Apr 2025
					16:12:04",https://www.idx.co.id/StaticData/NewsAndAnnouncement/ANNOUNCEMENTSTOCK/From_EREP/202504/721cb735d9_6f91b75cb8.pdf,Penyampaian Bukti Iklan Jadwal Pembagian Dividen tunai final [],AKRA,https://www.idx.co.id/StaticData/NewsAndAnnouncement/ANNOUNCEMENTSTOCK/From_EREP/202504/ad4aedd332_d8f6f54ca3.pdf,20250430_AKRA_Penyampaian Bukti Iklan_31880052_lamp1.pdf,,,,,,,,,,,,,,,,,,,,,,,,,,,,,,,,,,,,,,,,,,,,,,
"10 Apr 2025
					15:32:06",https://www.idx.co.id/StaticData/NewsAndAnnouncement/ANNOUNCEMENTSTOCK/From_EREP/202504/a2a0f767b9_494088cea1.pdf,Laporan Bulanan Registrasi Pemegang Efek [],AMMN,https://www.idx.co.id/StaticData/NewsAndAnnouncement/ANNOUNCEMENTSTOCK/From_EREP/202504/1d76defbe9_e81298c6f4.pdf,20250409_AMMN_Laporan Bulanan Registrasi Pemegang Efek/Perubahan Struktur Pemegang Saham_31873540_lamp1.pdf,https://www.idx.co.id/StaticData/NewsAndAnnouncement/ANNOUNCEMENTSTOCK/From_EREP/202504/61a35ac960_a7e6ec5f5c.pdf,20250409_AMMN_Laporan Bulanan Registrasi Pemegang Efek/Perubahan Struktur Pemegang Saham_31873540_lamp3.pdf,https://www.idx.co.id/StaticData/NewsAndAnnouncement/ANNOUNCEMENTSTOCK/From_EREP/202504/73f7a8e9af_6a7c8a186f.pdf,20250409_AMMN_Laporan Bulanan Registrasi Pemegang Efek/Perubahan Struktur Pemegang Saham_31873540_lamp5.pdf,,,,,,,,,,,,,,,,,,,,,,,,,,,,,,,,,,,,,,,,,,
"10 Apr 2025
					15:32:57",https://www.idx.co.id/StaticData/NewsAndAnnouncement/ANNOUNCEMENTSTOCK/From_EREP/202504/62a75f7fba_e801307c46.pdf,Laporan Bulanan Aktivitas Eksplorasi [],AMMN,https://www.idx.co.id/StaticData/NewsAndAnnouncement/ANNOUNCEMENTSTOCK/From_EREP/202504/63013fb722_22fec0df8f.pdf,20250409_AMMN_Laporan Bulanan Aktivitas Eksplorasi_31874248_lamp2.pdf,https://www.idx.co.id/StaticData/NewsAndAnnouncement/ANNOUNCEMENTSTOCK/From_EREP/202504/944e7899ba_ef505ff0f0.pdf,20250409_AMMN_Laporan Bulanan Aktivitas Eksplorasi_31874248_lamp3.pdf,https://www.idx.co.id/StaticData/NewsAndAnnouncement/ANNOUNCEMENTSTOCK/From_EREP/202504/db48dbb3d1_64df8395c1.pdf,20250409_AMMN_Laporan Bulanan Aktivitas Eksplorasi_31874248_lamp1.pdf,,,,,,,,,,,,,,,,,,,,,,,,,,,,,,,,,,,,,,,,,,
"21 Apr 2025
					12:59:55",https://www.idx.co.id/StaticData/NewsAndAnnouncement/ANNOUNCEMENTSTOCK/From_EREP/202504/e5ed7c4d3e_b65440b10d.pdf,Pemberitahuan Rencana Rapat Umum Pemegang Saham Tahunan [],AMMN,https://www.idx.co.id/StaticData/NewsAndAnnouncement/ANNOUNCEMENTSTOCK/From_EREP/202504/03f9e37a7d_5115de0e73.pdf,20250421_AMMN_Pengumuman RUPS_31876594_lamp2.pdf,https://www.idx.co.id/StaticData/NewsAndAnnouncement/ANNOUNCEMENTSTOCK/From_EREP/202504/c88ae1b5a5_e674eca4fa.pdf,20250421_AMMN_Pengumuman RUPS_31876594_lamp1.pdf,,,,,,,,,,,,,,,,,,,,,,,,,,,,,,,,,,,,,,,,,,,,
"23 Apr 2025
					10:25:55",https://www.idx.co.id/StaticData/NewsAndAnnouncement/ANNOUNCEMENTSTOCK/From_EREP/202504/ddf37b5736_21bdf556d7.pdf,Penyampaian Bukti Iklan Pemberitahuan RUPS [],AMMN,https://www.idx.co.id/StaticData/NewsAndAnnouncement/ANNOUNCEMENTSTOCK/From_EREP/202504/e7d88b27b2_96fa7f80d3.pdf,20250422_AMMN_Penyampaian Bukti Iklan_31877016_lamp1.pdf,,,,,,,,,,,,,,,,,,,,,,,,,,,,,,,,,,,,,,,,,,,,,,
"29 Apr 2025
					19:13:32",https://www.idx.co.id/StaticData/NewsAndAnnouncement/ANNOUNCEMENTSTOCK/From_EREP/202504/72d7727b60_75f1a35c00.pdf,Penyampaian Laporan Tahunan [],AMMN,https://www.idx.co.id/StaticData/NewsAndAnnouncement/ANNOUNCEMENTSTOCK/From_EREP/202504/7008bd96de_100a613d1f.pdf,AnnualReport2024-AMMN-att2.pdf,https://www.idx.co.id/StaticData/NewsAndAnnouncement/ANNOUNCEMENTSTOCK/From_EREP/202504/c5d5c6648e_1de7dbc1e9.pdf,AnnualReport2024-AMMN-att1.pdf,,,,,,,,,,,,,,,,,,,,,,,,,,,,,,,,,,,,,,,,,,,,
"29 Apr 2025
					19:16:31",https://www.idx.co.id/StaticData/NewsAndAnnouncement/ANNOUNCEMENTSTOCK/From_EREP/202504/460eb733de_7a62c9ff1b.pdf,Penyampaian Laporan Keberlanjutan dan ESG [],AMMN,https://www.idx.co.id/StaticData/NewsAndAnnouncement/ANNOUNCEMENTSTOCK/From_EREP/202504/0d211ad22e_ba6867c854.pdf,AnnualReport2024-AMMN-att2.pdf,https://www.idx.co.id/StaticData/NewsAndAnnouncement/ANNOUNCEMENTSTOCK/From_EREP/202504/3b27b8e33f_cde9a82fba.pdf,AnnualReport2024-AMMN-att1.pdf,,,,,,,,,,,,,,,,,,,,,,,,,,,,,,,,,,,,,,,,,,,,
"30 Apr 2025
					13:23:46",https://www.idx.co.id/StaticData/NewsAndAnnouncement/ANNOUNCEMENTSTOCK/From_EREP/202504/20250430140645-51908-0/FinancialStatement-2025-I-AMMN.pdf,Penyampaian Laporan Keuangan Interim Yang Tidak Diaudit [],AMMN,https://www.idx.co.id/StaticData/NewsAndAnnouncement/ANNOUNCEMENTSTOCK/From_EREP/202504/20250430140645-51908-0/AMMN%20-%20Penyampaian%20Laporan%20Keuangan%20Interim%20Q125%201.pdf,AMMN - Penyampaian Laporan Keuangan Interim Q125 1.pdf,https://www.idx.co.id/StaticData/NewsAndAnnouncement/ANNOUNCEMENTSTOCK/From_EREP/202504/20250430140645-51908-0/FinancialStatement-2025-I-AMMN.xlsx,FinancialStatement-2025-I-AMMN.xlsx,https://www.idx.co.id/StaticData/NewsAndAnnouncement/ANNOUNCEMENTSTOCK/From_EREP/202504/20250430140645-51908-0/FS%20PT%20AMMN%20Tbk%20-%2031%20March%202025.pdf,FS PT AMMN Tbk - 31 March 2025.pdf,,,,,,,,,,,,,,,,,,,,,,,,,,,,,,,,,,,,,,,,,,
"30 Apr 2025
					14:12:46",https://www.idx.co.id/StaticData/NewsAndAnnouncement/ANNOUNCEMENTSTOCK/From_EREP/202504/da7bfa851b_30381b1540.pdf,Hasil Kinerja Q1 2025 AMMAN [],AMMN,https://www.idx.co.id/StaticData/NewsAndAnnouncement/ANNOUNCEMENTSTOCK/From_EREP/202504/be1f091b0f_d8318742f7.pdf,20250430_AMMN_Laporan Informasi dan Fakta Material_31879716_lamp2.pdf,https://www.idx.co.id/StaticData/NewsAndAnnouncement/ANNOUNCEMENTSTOCK/From_EREP/202504/f204879e9b_d1492f8c1d.pdf,20250430_AMMN_Laporan Informasi dan Fakta Material_31879716_lamp1.pdf,,,,,,,,,,,,,,,,,,,,,,,,,,,,,,,,,,,,,,,,,,,,
"30 Apr 2025
					14:14:58",https://www.idx.co.id/StaticData/NewsAndAnnouncement/ANNOUNCEMENTSTOCK/From_EREP/202504/25a7f27478_dd388263d3.pdf,Keterbukaan Informasi Rencana Pembelian Kembali Saham Dalam Kondisi Pasar yang Berfluktuasi secara Signifikan [],AMMN,https://www.idx.co.id/StaticData/NewsAndAnnouncement/ANNOUNCEMENTSTOCK/From_EREP/202504/ea5fc78dff_86f31d1a24.pdf,20250430_AMMN_Laporan Informasi dan Fakta Material_31879719_lamp2.pdf,https://www.idx.co.id/StaticData/NewsAndAnnouncement/ANNOUNCEMENTSTOCK/From_EREP/202504/eac08f283f_582e204412.pdf,20250430_AMMN_Laporan Informasi dan Fakta Material_31879719_lamp1.pdf,,,,,,,,,,,,,,,,,,,,,,,,,,,,,,,,,,,,,,,,,,,,
"30 Apr 2025
					14:16:21",https://www.idx.co.id/StaticData/NewsAndAnnouncement/ANNOUNCEMENTSTOCK/From_EREP/202504/04cb983b79_a4c8d125dd.pdf,AMMAN Umumkan Rencana Pembelian Kembali Saham [],AMMN,https://www.idx.co.id/StaticData/NewsAndAnnouncement/ANNOUNCEMENTSTOCK/From_EREP/202504/04cd0c8d81_59992fff5b.pdf,20250430_AMMN_Laporan Informasi dan Fakta Material_31879726_lamp2.pdf,https://www.idx.co.id/StaticData/NewsAndAnnouncement/ANNOUNCEMENTSTOCK/From_EREP/202504/4f0200289c_5187092762.pdf,20250430_AMMN_Laporan Informasi dan Fakta Material_31879726_lamp1.pdf,,,,,,,,,,,,,,,,,,,,,,,,,,,,,,,,,,,,,,,,,,,,
"09 Apr 2025
					16:24:47",https://www.idx.co.id/StaticData/NewsAndAnnouncement/ANNOUNCEMENTSTOCK/From_EREP/202504/cac42e7dba_f967d53299.pdf,Transaksi Afiliasi [],AMRT,https://www.idx.co.id/StaticData/NewsAndAnnouncement/ANNOUNCEMENTSTOCK/From_EREP/202504/694db37425_1281ebb7f6.pdf,20250409_AMRT_Informasi Transaksi Afiliasi_31873569_lamp5.pdf,https://www.idx.co.id/StaticData/NewsAndAnnouncement/ANNOUNCEMENTSTOCK/From_EREP/202504/9a0e16e74d_c7cd4a69c7.pdf,20250409_AMRT_Informasi Transaksi Afiliasi_31873569_lamp2.pdf,https://www.idx.co.id/StaticData/NewsAndAnnouncement/ANNOUNCEMENTSTOCK/From_EREP/202504/b4de2d3c95_8999e14467.pdf,20250409_AMRT_Informasi Transaksi Afiliasi_31873569_lamp3.pdf,,,,,,,,,,,,,,,,,,,,,,,,,,,,,,,,,,,,,,,,,,
"09 Apr 2025
					16:49:38",https://www.idx.co.id/StaticData/NewsAndAnnouncement/ANNOUNCEMENTSTOCK/From_EREP/202504/5578b10a31_4afaf3142c.pdf,Penyampaian Bukti Iklan Transaksi Afiliasi dan/atau Benturan Kepentingan [],AMRT,https://www.idx.co.id/StaticData/NewsAndAnnouncement/ANNOUNCEMENTSTOCK/From_EREP/202504/62ff0b2701_7bc2ad68c1.pdf,20250409_AMRT_Penyampaian Bukti Iklan_31874098_lamp1.pdf,,,,,,,,,,,,,,,,,,,,,,,,,,,,,,,,,,,,,,,,,,,,,,
"10 Apr 2025
					08:41:11",https://www.idx.co.id/StaticData/NewsAndAnnouncement/ANNOUNCEMENTSTOCK/From_EREP/202504/b1098d3a5c_bb247d67c9.pdf,Laporan Bulanan Registrasi Pemegang Efek [],AMRT,,,,,,,,,,,,,,,,,,,,,,,,,,,,,,,,,,,,,,,,,,,,,,,,
"15 Apr 2025
					11:05:52",https://www.idx.co.id/StaticData/NewsAndAnnouncement/ANNOUNCEMENTSTOCK/From_EREP/202504/a719ed8c5d_a3767eef5f.pdf,Pemberitahuan Rencana Rapat Umum Pemegang Saham Tahunan [],AMRT,https://www.idx.co.id/StaticData/NewsAndAnnouncement/ANNOUNCEMENTSTOCK/From_EREP/202504/a37d05407e_3c58f5285c.pdf,20250414_AMRT_Pengumuman RUPS_31875306_lamp1.pdf,,,,,,,,,,,,,,,,,,,,,,,,,,,,,,,,,,,,,,,,,,,,,,
"15 Apr 2025
					11:42:07",https://www.idx.co.id/StaticData/NewsAndAnnouncement/ANNOUNCEMENTSTOCK/From_EREP/202504/c3f1abb2a1_a084f7e7dd.pdf,Penyampaian Bukti Iklan Pemberitahuan RUPS [],AMRT,https://www.idx.co.id/StaticData/NewsAndAnnouncement/ANNOUNCEMENTSTOCK/From_EREP/202504/f77411b7a5_b79822bf19.pdf,20250415_AMRT_Penyampaian Bukti Iklan_31875596_lamp1.pdf,,,,,,,,,,,,,,,,,,,,,,,,,,,,,,,,,,,,,,,,,,,,,,
"29 Apr 2025
					17:20:05",https://www.idx.co.id/StaticData/NewsAndAnnouncement/ANNOUNCEMENTSTOCK/From_EREP/202504/1fa026507e_b00c2979dc.pdf,Penyampaian Laporan Tahunan & Keberlanjutan dan ESG [],AMRT,https://www.idx.co.id/StaticData/NewsAndAnnouncement/ANNOUNCEMENTSTOCK/From_EREP/202504/a3134a6648_b8ebc88ee1.pdf,AnnualReport2024-AMRT-att1.pdf,,,,,,,,,,,,,,,,,,,,,,,,,,,,,,,,,,,,,,,,,,,,,,
"30 Apr 2025
					11:23:52",https://www.idx.co.id/StaticData/NewsAndAnnouncement/ANNOUNCEMENTSTOCK/From_EREP/202504/6e548ef591_c5acca1437.pdf,Pemanggilan Rapat Umum Pemegang Saham Tahunan [],AMRT,https://www.idx.co.id/StaticData/NewsAndAnnouncement/ANNOUNCEMENTSTOCK/From_EREP/202504/4db22c370d_7f98254572.pdf,20250430_AMRT_Pemanggilan RUPS_31879618_lamp1.pdf,,,,,,,,,,,,,,,,,,,,,,,,,,,,,,,,,,,,,,,,,,,,,,
"30 Apr 2025
					11:43:04",https://www.idx.co.id/StaticData/NewsAndAnnouncement/ANNOUNCEMENTSTOCK/From_EREP/202504/8651ad594c_8ff7eaf553.pdf,Penyampaian Bukti Iklan Panggilan RUPS [],AMRT,https://www.idx.co.id/StaticData/NewsAndAnnouncement/ANNOUNCEMENTSTOCK/From_EREP/202504/48f79657ab_0925075ae4.pdf,20250430_AMRT_Penyampaian Bukti Iklan_31879770_lamp1.pdf,,,,,,,,,,,,,,,,,,,,,,,,,,,,,,,,,,,,,,,,,,,,,,
"30 Apr 2025
					20:55:08",https://www.idx.co.id/StaticData/NewsAndAnnouncement/ANNOUNCEMENTSTOCK/From_EREP/202504/20250430212008-53650-0/FinancialStatement-2025-I-AMRT.pdf,Penyampaian Laporan Keuangan Interim Yang Tidak Diaudit [],AMRT,https://www.idx.co.id/StaticData/NewsAndAnnouncement/ANNOUNCEMENTSTOCK/From_EREP/202504/20250430212008-53650-0/AMRT%20Kenaikan%20Liabilitas%20di%20atas%2020%20persen.pdf,AMRT Kenaikan Liabilitas di atas 20 persen.pdf,https://www.idx.co.id/StaticData/NewsAndAnnouncement/ANNOUNCEMENTSTOCK/From_EREP/202504/20250430212008-53650-0/AMRT%20LK%20Q1%202025.pdf,AMRT LK Q1 2025.pdf,https://www.idx.co.id/StaticData/NewsAndAnnouncement/ANNOUNCEMENTSTOCK/From_EREP/202504/20250430212008-53650-0/FinancialStatement-2025-I-AMRT.xlsx,FinancialStatement-2025-I-AMRT.xlsx,,,,,,,,,,,,,,,,,,,,,,,,,,,,,,,,,,,,,,,,,,
"30 Apr 2025
					21:22:29",https://www.idx.co.id/StaticData/NewsAndAnnouncement/ANNOUNCEMENTSTOCK/From_EREP/202504/00b57a86df_c3be02f3cf.pdf,Penyampaian Laporan Keuangan [],AMRT,https://www.idx.co.id/StaticData/NewsAndAnnouncement/ANNOUNCEMENTSTOCK/From_EREP/202504/0edddb25f4_a881bc1211.pdf,20250430_AMRT_Laporan Informasi dan Fakta Material_31880665_lamp2.pdf,https://www.idx.co.id/StaticData/NewsAndAnnouncement/ANNOUNCEMENTSTOCK/From_EREP/202504/21bfc6e72a_3255b054c7.pdf,20250430_AMRT_Laporan Informasi dan Fakta Material_31880665_lamp5.pdf,https://www.idx.co.id/StaticData/NewsAndAnnouncement/ANNOUNCEMENTSTOCK/From_EREP/202504/47f893e5b8_66fc13d116.pdf,20250430_AMRT_Laporan Informasi dan Fakta Material_31880665_lamp4.pdf,,,,,,,,,,,,,,,,,,,,,,,,,,,,,,,,,,,,,,,,,,
"30 Apr 2025
					21:25:48",https://www.idx.co.id/StaticData/NewsAndAnnouncement/ANNOUNCEMENTSTOCK/From_EREP/202504/00b57a86df_c3be02f3cf.pdf,Penyampaian Laporan Keuangan [],AMRT,https://www.idx.co.id/StaticData/NewsAndAnnouncement/ANNOUNCEMENTSTOCK/From_EREP/202504/0edddb25f4_a881bc1211.pdf,20250430_AMRT_Laporan Informasi dan Fakta Material_31880665_lamp2.pdf,https://www.idx.co.id/StaticData/NewsAndAnnouncement/ANNOUNCEMENTSTOCK/From_EREP/202504/21bfc6e72a_3255b054c7.pdf,20250430_AMRT_Laporan Informasi dan Fakta Material_31880665_lamp5.pdf,https://www.idx.co.id/StaticData/NewsAndAnnouncement/ANNOUNCEMENTSTOCK/From_EREP/202504/47f893e5b8_66fc13d116.pdf,20250430_AMRT_Laporan Informasi dan Fakta Material_31880665_lamp4.pdf,,,,,,,,,,,,,,,,,,,,,,,,,,,,,,,,,,,,,,,,,,
"08 Apr 2025
					19:11:27",https://www.idx.co.id/StaticData/NewsAndAnnouncement/ANNOUNCEMENTSTOCK/From_EREP/202404/20250408201913-50784-0/FinancialStatement-2024-Tahunan-ANTM.pdf,Penyampaian Laporan Keuangan Tahunan [],ANTM,https://www.idx.co.id/StaticData/NewsAndAnnouncement/ANNOUNCEMENTSTOCK/From_EREP/202404/20250408201913-50784-0/1460%20-%20OJK%20-%20Surat%20Penyampaian%20LK%20FY24.pdf,1460 - OJK - Surat Penyampaian LK FY24.pdf,https://www.idx.co.id/StaticData/NewsAndAnnouncement/ANNOUNCEMENTSTOCK/From_EREP/202404/20250408201913-50784-0/1461%20-%20IDX%20-%20Surat%20Penyampaian%20LK%20FY24.pdf,1461 - IDX - Surat Penyampaian LK FY24.pdf,https://www.idx.co.id/StaticData/NewsAndAnnouncement/ANNOUNCEMENTSTOCK/From_EREP/202404/20250408201913-50784-0/FinancialStatement-2024-Tahunan-ANTM.xlsx,FinancialStatement-2024-Tahunan-ANTM.xlsx,,,,,,,,,,,,,,,,,,,,,,,,,,,,,,,,,,,,,,,,,,
"08 Apr 2025
					19:43:10",https://www.idx.co.id/StaticData/NewsAndAnnouncement/ANNOUNCEMENTSTOCK/From_EREP/202504/acd055d4bd_ed944b0dbc.pdf,Laporan Keuangan Konsolidasian PT Aneka Tambang Tbk dan Entitas Anak 31 Desember 2024  [],ANTM,https://www.idx.co.id/StaticData/NewsAndAnnouncement/ANNOUNCEMENTSTOCK/From_EREP/202504/2001d58d9e_ec66a6a55e.pdf,20250408_ANTM_Laporan Informasi dan Fakta Material_31873407_lamp1.pdf,,,,,,,,,,,,,,,,,,,,,,,,,,,,,,,,,,,,,,,,,,,,,,
"08 Apr 2025
					19:47:39",https://www.idx.co.id/StaticData/NewsAndAnnouncement/ANNOUNCEMENTSTOCK/From_EREP/202504/103f37a9e8_872ee9d198.pdf,"ANTAM Bukukan Pendapatan Tahun 2024 Tertinggi Sepanjang Sejarah Perusahaan dan Peningkatan Laba Tahun Berjalan Senilai Rp3,85 Triliun []",ANTM,https://www.idx.co.id/StaticData/NewsAndAnnouncement/ANNOUNCEMENTSTOCK/From_EREP/202504/3bc43957c3_0a5afe1a69.pdf,20250408_ANTM_Laporan Informasi dan Fakta Material_31873409_lamp2.pdf,https://www.idx.co.id/StaticData/NewsAndAnnouncement/ANNOUNCEMENTSTOCK/From_EREP/202504/47a9b78495_9767298fdd.pdf,20250408_ANTM_Laporan Informasi dan Fakta Material_31873409_lamp1.pdf,,,,,,,,,,,,,,,,,,,,,,,,,,,,,,,,,,,,,,,,,,,,
"08 Apr 2025
					20:44:39",https://www.idx.co.id/StaticData/NewsAndAnnouncement/ANNOUNCEMENTSTOCK/From_EREP/202504/9103215338_d55c785908.pdf,Posko Mudik ANTAM Bersama BUMN Dimanfaatkan Ribuan Pemudik [],ANTM,https://www.idx.co.id/StaticData/NewsAndAnnouncement/ANNOUNCEMENTSTOCK/From_EREP/202504/4ec7e3f210_5e5d754d36.pdf,20250408_ANTM_Laporan Informasi dan Fakta Material_31873436_lamp2.pdf,https://www.idx.co.id/StaticData/NewsAndAnnouncement/ANNOUNCEMENTSTOCK/From_EREP/202504/769f29ad95_8e87ed5677.pdf,20250408_ANTM_Laporan Informasi dan Fakta Material_31873436_lamp1.pdf,,,,,,,,,,,,,,,,,,,,,,,,,,,,,,,,,,,,,,,,,,,,
"10 Apr 2025
					15:10:47",https://www.idx.co.id/StaticData/NewsAndAnnouncement/ANNOUNCEMENTSTOCK/From_EREP/202504/3305dc2975_e2b4c7dfa2.pdf,Laporan Bulanan Registrasi Pemegang Efek [],ANTM,https://www.idx.co.id/StaticData/NewsAndAnnouncement/ANNOUNCEMENTSTOCK/From_EREP/202504/33604a9ff6_0e6635af4f.pdf,20250410_ANTM_Laporan Bulanan Registrasi Pemegang Efek/Perubahan Struktur Pemegang Saham_31874583_lamp1.pdf,,,,,,,,,,,,,,,,,,,,,,,,,,,,,,,,,,,,,,,,,,,,,,
"10 Apr 2025
					18:07:53",https://www.idx.co.id/StaticData/NewsAndAnnouncement/ANNOUNCEMENTSTOCK/From_EREP/202504/c3b87674e6_44c636a943.pdf,Laporan Bulanan Aktivitas Eksplorasi [],ANTM,https://www.idx.co.id/StaticData/NewsAndAnnouncement/ANNOUNCEMENTSTOCK/From_EREP/202504/72b857e70d_49e6f54d07.pdf,20250410_ANTM_Laporan Bulanan Aktivitas Eksplorasi_31874756_lamp1.pdf,https://www.idx.co.id/StaticData/NewsAndAnnouncement/ANNOUNCEMENTSTOCK/From_EREP/202504/deca37bbdd_3eb550842c.pdf,20250410_ANTM_Laporan Bulanan Aktivitas Eksplorasi_31874756_lamp2.pdf,,,,,,,,,,,,,,,,,,,,,,,,,,,,,,,,,,,,,,,,,,,,
"14 Apr 2025
					17:31:52",https://www.idx.co.id/StaticData/NewsAndAnnouncement/ANNOUNCEMENTSTOCK/From_EREP/202504/53259b560a_f000a33d59.pdf,Laporan Kepemilikan atau Setiap Perubahan Kepemilikan Saham Perusahaan Terbuka [],ANTM,https://www.idx.co.id/StaticData/NewsAndAnnouncement/ANNOUNCEMENTSTOCK/From_EREP/202504/2b20b14522_2e85c6231d.pdf,20250414_ANTM_Laporan Kepemilikan atau Setiap Perubahan Kepemilikan Saham Perusahaan Terbuka_31875450_lamp1.pdf,https://www.idx.co.id/StaticData/NewsAndAnnouncement/ANNOUNCEMENTSTOCK/From_EREP/202504/7ce42110d9_06f4ea73a9.pdf,20250414_ANTM_Laporan Kepemilikan atau Setiap Perubahan Kepemilikan Saham Perusahaan Terbuka_31875450_lamp3.pdf,https://www.idx.co.id/StaticData/NewsAndAnnouncement/ANNOUNCEMENTSTOCK/From_EREP/202504/ad7e96d912_e0f7d67a32.pdf,20250414_ANTM_Laporan Kepemilikan atau Setiap Perubahan Kepemilikan Saham Perusahaan Terbuka_31875450_lamp4.pdf,,,,,,,,,,,,,,,,,,,,,,,,,,,,,,,,,,,,,,,,,,
"30 Apr 2025
					16:42:23",https://www.idx.co.id/StaticData/NewsAndAnnouncement/ANNOUNCEMENTSTOCK/From_EREP/202504/57c80a3e0b_d325015f0a.pdf,Penyampaian Laporan Kuartalan Periode Triwulan I Tahun 2025 [],ANTM,https://www.idx.co.id/StaticData/NewsAndAnnouncement/ANNOUNCEMENTSTOCK/From_EREP/202504/0e7454d9e0_236a8dcdb2.pdf,20250430_ANTM_Laporan Informasi dan Fakta Material_31880129_lamp2.pdf,https://www.idx.co.id/StaticData/NewsAndAnnouncement/ANNOUNCEMENTSTOCK/From_EREP/202504/7feb5b7340_4b4fe0efac.pdf,20250430_ANTM_Laporan Informasi dan Fakta Material_31880129_lamp1.pdf,,,,,,,,,,,,,,,,,,,,,,,,,,,,,,,,,,,,,,,,,,,,
"30 Apr 2025
					18:39:08",https://www.idx.co.id/StaticData/NewsAndAnnouncement/ANNOUNCEMENTSTOCK/From_EREP/202504/20250430193013-52557-0/FinancialStatement-2025-I-ANTM.pdf,Penyampaian Laporan Keuangan Interim Yang Tidak Diaudit [],ANTM,https://www.idx.co.id/StaticData/NewsAndAnnouncement/ANNOUNCEMENTSTOCK/From_EREP/202504/20250430193013-52557-0/1812%20-%20OJK%20-%20Surat%20Penyampaian%20LK%201Q25.pdf,1812 - OJK - Surat Penyampaian LK 1Q25.pdf,https://www.idx.co.id/StaticData/NewsAndAnnouncement/ANNOUNCEMENTSTOCK/From_EREP/202504/20250430193013-52557-0/1813%20-%20IDX%20-%20Surat%20Penyampaian%20LK%201Q25.pdf,1813 - IDX - Surat Penyampaian LK 1Q25.pdf,https://www.idx.co.id/StaticData/NewsAndAnnouncement/ANNOUNCEMENTSTOCK/From_EREP/202504/20250430193013-52557-0/FINAL%20FS%20ANTAM%20Q1%202025_FINAL.pdf,FINAL FS ANTAM Q1 2025_FINAL.pdf,,,,,,,,,,,,,,,,,,,,,,,,,,,,,,,,,,,,,,,,,,
"30 Apr 2025
					19:44:44",https://www.idx.co.id/StaticData/NewsAndAnnouncement/ANNOUNCEMENTSTOCK/From_EREP/202504/fc214e622b_4b14a17fbe.pdf,"ANTAM Perkuat Fundamental, Laba Triwulan Pertama Tahun 2025 Melonjak Menjadi Rp2,32 Triliun []",ANTM,https://www.idx.co.id/StaticData/NewsAndAnnouncement/ANNOUNCEMENTSTOCK/From_EREP/202504/67f563c104_e04a0fcf99.pdf,20250430_ANTM_Laporan Informasi dan Fakta Material_31880468_lamp2.pdf,https://www.idx.co.id/StaticData/NewsAndAnnouncement/ANNOUNCEMENTSTOCK/From_EREP/202504/a182bdd3c8_de687ff90d.pdf,20250430_ANTM_Laporan Informasi dan Fakta Material_31880468_lamp1.pdf,,,,,,,,,,,,,,,,,,,,,,,,,,,,,,,,,,,,,,,,,,,,
"30 Apr 2025
					21:29:15",https://www.idx.co.id/StaticData/NewsAndAnnouncement/ANNOUNCEMENTSTOCK/From_EREP/202504/ce2711bbb7_cdc4eb4be9.pdf,Penyampaian Laporan Tahunan [],ANTM,https://www.idx.co.id/StaticData/NewsAndAnnouncement/ANNOUNCEMENTSTOCK/From_EREP/202504/2432d25ba1_958fbfa965.pdf,AnnualReport2024-ANTM-att1.pdf,https://www.idx.co.id/StaticData/NewsAndAnnouncement/ANNOUNCEMENTSTOCK/From_EREP/202504/60ab38a205_621803854f.pdf,AnnualReport2024-ANTM-att2.pdf,,,,,,,,,,,,,,,,,,,,,,,,,,,,,,,,,,,,,,,,,,,,
"30 Apr 2025
					21:55:51",https://www.idx.co.id/StaticData/NewsAndAnnouncement/ANNOUNCEMENTSTOCK/From_EREP/202504/3b8aa1e11e_62a5f86d53.pdf,Laporan Tanggung Jawab Sosial dan Lingkungan PT Aneka Tambang Tbk Tahun Buku 2024 [],ANTM,https://www.idx.co.id/StaticData/NewsAndAnnouncement/ANNOUNCEMENTSTOCK/From_EREP/202504/2b58ffb2ab_11acee3611.pdf,20250430_ANTM_Laporan Informasi dan Fakta Material_31880745_lamp1.pdf,https://www.idx.co.id/StaticData/NewsAndAnnouncement/ANNOUNCEMENTSTOCK/From_EREP/202504/3ccf8a2bd6_829ab4fe72.pdf,20250430_ANTM_Laporan Informasi dan Fakta Material_31880745_lamp2.pdf,,,,,,,,,,,,,,,,,,,,,,,,,,,,,,,,,,,,,,,,,,,,
"30 Apr 2025
					23:15:20",https://www.idx.co.id/StaticData/NewsAndAnnouncement/ANNOUNCEMENTSTOCK/From_EREP/202505/e9fae9f6b0_a0da3628dd.pdf,Penyampaian Laporan Keberlanjutan dan ESG [],ANTM,https://www.idx.co.id/StaticData/NewsAndAnnouncement/ANNOUNCEMENTSTOCK/From_EREP/202505/0751b344e3_1deffe94e7.pdf,20250430_ANTM_Laporan Informasi dan Fakta Material_31880923_lamp1.pdf,https://www.idx.co.id/StaticData/NewsAndAnnouncement/ANNOUNCEMENTSTOCK/From_EREP/202505/75be1fdfc4_2e9e6f3fcb.pdf,20250430_ANTM_Laporan Informasi dan Fakta Material_31880923_lamp2.pdf,,,,,,,,,,,,,,,,,,,,,,,,,,,,,,,,,,,,,,,,,,,,
"10 Apr 2025
					10:48:58",https://www.idx.co.id/StaticData/NewsAndAnnouncement/ANNOUNCEMENTSTOCK/From_EREP/202504/d2773ecbc3_f2e27e3462.pdf,Laporan Bulanan Registrasi Pemegang Efek [],ARTO,https://www.idx.co.id/StaticData/NewsAndAnnouncement/ANNOUNCEMENTSTOCK/From_EREP/202504/6785f9fe0a_b629173a56.pdf,20250410_ARTO_Laporan Bulanan Registrasi Pemegang Efek/Perubahan Struktur Pemegang Saham_31874388_lamp1.pdf,https://www.idx.co.id/StaticData/NewsAndAnnouncement/ANNOUNCEMENTSTOCK/From_EREP/202504/b9cd002a19_58128dda6d.pdf,20250410_ARTO_Laporan Bulanan Registrasi Pemegang Efek/Perubahan Struktur Pemegang Saham_31874388_lamp2.pdf,,,,,,,,,,,,,,,,,,,,,,,,,,,,,,,,,,,,,,,,,,,,
"11 Apr 2025
					14:38:11",https://www.idx.co.id/StaticData/NewsAndAnnouncement/ANNOUNCEMENTSTOCK/From_EREP/202504/176f294c1c_734ee49b39.pdf,Pemberitahuan Perubahan Jadwal Rapat Umum Pemegang Saham Tahunan [],ARTO,https://www.idx.co.id/StaticData/NewsAndAnnouncement/ANNOUNCEMENTSTOCK/From_EREP/202504/9d448c6b6c_c989c3f95c.pdf,20250410_ARTO_Pengumuman RUPS_31874558_lamp1.pdf,,,,,,,,,,,,,,,,,,,,,,,,,,,,,,,,,,,,,,,,,,,,,,
"22 Apr 2025
					15:43:42",https://www.idx.co.id/StaticData/NewsAndAnnouncement/ANNOUNCEMENTSTOCK/From_EREP/202504/6a39e69083_bc801709af.pdf,Pemanggilan Rapat Umum Pemegang Saham Tahunan [],ARTO,https://www.idx.co.id/StaticData/NewsAndAnnouncement/ANNOUNCEMENTSTOCK/From_EREP/202504/3286927f96_18daee8f4d.pdf,20250422_ARTO_Pemanggilan RUPS_31877029_lamp2.pdf,https://www.idx.co.id/StaticData/NewsAndAnnouncement/ANNOUNCEMENTSTOCK/From_EREP/202504/47a0207108_83ffbba217.pdf,20250422_ARTO_Pemanggilan RUPS_31877029_lamp1.pdf,,,,,,,,,,,,,,,,,,,,,,,,,,,,,,,,,,,,,,,,,,,,
"22 Apr 2025
					23:49:31",https://www.idx.co.id/StaticData/NewsAndAnnouncement/ANNOUNCEMENTSTOCK/From_EREP/202504/373643eb7b_c1efa266b9.pdf,Penyampaian Laporan Tahunan [],ARTO,https://www.idx.co.id/StaticData/NewsAndAnnouncement/ANNOUNCEMENTSTOCK/From_EREP/202504/668371b056_7883fccd16.pdf,AnnualReport2024-ARTO-att2.pdf,https://www.idx.co.id/StaticData/NewsAndAnnouncement/ANNOUNCEMENTSTOCK/From_EREP/202504/bd4d31d620_2606bd6e6c.pdf,AnnualReport2024-ARTO-att1.pdf,,,,,,,,,,,,,,,,,,,,,,,,,,,,,,,,,,,,,,,,,,,,
"23 Apr 2025
					14:45:46",https://www.idx.co.id/StaticData/NewsAndAnnouncement/ANNOUNCEMENTSTOCK/From_EREP/202504/6a86680d7e_875b4e4faf.pdf,Penyampaian Laporan Keberlanjutan dan ESG [],ARTO,https://www.idx.co.id/StaticData/NewsAndAnnouncement/ANNOUNCEMENTSTOCK/From_EREP/202504/cd70b34438_6ed5b6caed.pdf,AnnualReport2024-ARTO-att1.pdf,,,,,,,,,,,,,,,,,,,,,,,,,,,,,,,,,,,,,,,,,,,,,,
"25 Apr 2025
					13:18:46",https://www.idx.co.id/StaticData/NewsAndAnnouncement/ANNOUNCEMENTSTOCK/From_EREP/202504/b2cc8889a2_314f3d0014.pdf,Siaran Pers [],ARTO,https://www.idx.co.id/StaticData/NewsAndAnnouncement/ANNOUNCEMENTSTOCK/From_EREP/202504/5796610c2c_556460bbcf.pdf,20250425_ARTO_Laporan Informasi dan Fakta Material_31878010_lamp1.pdf,https://www.idx.co.id/StaticData/NewsAndAnnouncement/ANNOUNCEMENTSTOCK/From_EREP/202504/818fa39725_33a166e19e.pdf,20250425_ARTO_Laporan Informasi dan Fakta Material_31878010_lamp3.pdf,https://www.idx.co.id/StaticData/NewsAndAnnouncement/ANNOUNCEMENTSTOCK/From_EREP/202504/f55a051051_980e85983c.pdf,20250425_ARTO_Laporan Informasi dan Fakta Material_31878010_lamp2.pdf,,,,,,,,,,,,,,,,,,,,,,,,,,,,,,,,,,,,,,,,,,
"25 Apr 2025
					15:10:09",https://www.idx.co.id/StaticData/NewsAndAnnouncement/ANNOUNCEMENTSTOCK/From_EREP/202504/20250425152023-52376-0/FinancialStatement-2025-I-ARTO.pdf,Penyampaian Laporan Keuangan Interim Yang Tidak Diaudit [],ARTO,https://www.idx.co.id/StaticData/NewsAndAnnouncement/ANNOUNCEMENTSTOCK/From_EREP/202504/20250425152023-52376-0/FINAL_Bapepam%20Checklist%2031%20Maret%202025.pdf,FINAL_Bapepam Checklist 31 Maret 2025.pdf,https://www.idx.co.id/StaticData/NewsAndAnnouncement/ANNOUNCEMENTSTOCK/From_EREP/202504/20250425152023-52376-0/FINAL_LKFS_PT%20Bank%20Jago%20Tbk_31%20March%202025_combined.pdf,FINAL_LKFS_PT Bank Jago Tbk_31 March 2025_combined.pdf,https://www.idx.co.id/StaticData/NewsAndAnnouncement/ANNOUNCEMENTSTOCK/From_EREP/202504/20250425152023-52376-0/FinancialStatement-2025-I-ARTO.xlsx,FinancialStatement-2025-I-ARTO.xlsx,,,,,,,,,,,,,,,,,,,,,,,,,,,,,,,,,,,,,,,,,,
"28 Apr 2025
					11:19:47",https://www.idx.co.id/StaticData/NewsAndAnnouncement/ANNOUNCEMENTSTOCK/From_EREP/202504/1609afbbca_cb2ff57e95.pdf,Penyampaian Bukti Iklan Panggilan RUPS [],ARTO,https://www.idx.co.id/StaticData/NewsAndAnnouncement/ANNOUNCEMENTSTOCK/From_EREP/202504/fec9925c79_2f82a497f6.pdf,20250425_ARTO_Penyampaian Bukti Iklan_31878037_lamp1.pdf,,,,,,,,,,,,,,,,,,,,,,,,,,,,,,,,,,,,,,,,,,,,,,
"10 Apr 2025
					10:12:55",https://www.idx.co.id/StaticData/NewsAndAnnouncement/ANNOUNCEMENTSTOCK/From_EREP/202504/89469c75aa_2ebfa78820.pdf,Laporan Bulanan Registrasi Pemegang Efek [],ASII,https://www.idx.co.id/StaticData/NewsAndAnnouncement/ANNOUNCEMENTSTOCK/From_EREP/202504/5cec90c22f_8573973102.pdf,20250407_ASII_Laporan Bulanan Registrasi Pemegang Efek/Perubahan Struktur Pemegang Saham_31872684_lamp1.pdf,,,,,,,,,,,,,,,,,,,,,,,,,,,,,,,,,,,,,,,,,,,,,,
"16 Apr 2025
					16:26:57",https://www.idx.co.id/StaticData/NewsAndAnnouncement/ANNOUNCEMENTSTOCK/From_EREP/202504/ebffc2d5fd_4d217ee2b9.pdf,Pemanggilan Rapat Umum Pemegang Saham Tahunan [],ASII,https://www.idx.co.id/StaticData/NewsAndAnnouncement/ANNOUNCEMENTSTOCK/From_EREP/202504/117372cea9_36424ac5aa.pdf,20250416_ASII_Pemanggilan RUPS_31875915_lamp2.pdf,https://www.idx.co.id/StaticData/NewsAndAnnouncement/ANNOUNCEMENTSTOCK/From_EREP/202504/fa953aa026_6952a38cc5.pdf,20250416_ASII_Pemanggilan RUPS_31875915_lamp3.pdf,https://www.idx.co.id/StaticData/NewsAndAnnouncement/ANNOUNCEMENTSTOCK/From_EREP/202504/fc84533882_9a0bbc688a.pdf,20250416_ASII_Pemanggilan RUPS_31875915_lamp1.pdf,,,,,,,,,,,,,,,,,,,,,,,,,,,,,,,,,,,,,,,,,,
"16 Apr 2025
					23:48:02",https://www.idx.co.id/StaticData/NewsAndAnnouncement/ANNOUNCEMENTSTOCK/From_EREP/202504/21bdcfc61e_2308cd167b.pdf,Penyampaian Laporan Tahunan [],ASII,https://www.idx.co.id/StaticData/NewsAndAnnouncement/ANNOUNCEMENTSTOCK/From_EREP/202504/34e8ab071b_197086c5fa.pdf,AnnualReport2024-ASII-att1.pdf,https://www.idx.co.id/StaticData/NewsAndAnnouncement/ANNOUNCEMENTSTOCK/From_EREP/202504/3b0a11c7d4_7e89b41b09.pdf,AnnualReport2024-ASII-att3.pdf,https://www.idx.co.id/StaticData/NewsAndAnnouncement/ANNOUNCEMENTSTOCK/From_EREP/202504/e2bf641922_63300554b7.pdf,AnnualReport2024-ASII-att2.pdf,,,,,,,,,,,,,,,,,,,,,,,,,,,,,,,,,,,,,,,,,,
"16 Apr 2025
					23:52:30",https://www.idx.co.id/StaticData/NewsAndAnnouncement/ANNOUNCEMENTSTOCK/From_EREP/202504/7ed16eeda3_35b6d12f82.pdf,Penyampaian Laporan Keberlanjutan dan ESG [],ASII,https://www.idx.co.id/StaticData/NewsAndAnnouncement/ANNOUNCEMENTSTOCK/From_EREP/202504/7f10cc98ba_6ddf228f3a.pdf,AnnualReport2024-ASII-att2.pdf,https://www.idx.co.id/StaticData/NewsAndAnnouncement/ANNOUNCEMENTSTOCK/From_EREP/202504/7f47be340a_37e0c47fbf.pdf,AnnualReport2024-ASII-att1.pdf,https://www.idx.co.id/StaticData/NewsAndAnnouncement/ANNOUNCEMENTSTOCK/From_EREP/202504/bd429b2b2e_55576c5867.pdf,AnnualReport2024-ASII-att3.pdf,,,,,,,,,,,,,,,,,,,,,,,,,,,,,,,,,,,,,,,,,,
"30 Apr 2025
					17:07:21",https://www.idx.co.id/StaticData/NewsAndAnnouncement/ANNOUNCEMENTSTOCK/From_EREP/202504/9bfe5d20d8_458f5d198d.pdf,Penyampaian Laporan Keuangan [],ASII,https://www.idx.co.id/StaticData/NewsAndAnnouncement/ANNOUNCEMENTSTOCK/From_EREP/202504/46dce3dc2c_f9c7bc87b3.pdf,20250430_ASII_Laporan Informasi dan Fakta Material_31880013_lamp2.pdf,https://www.idx.co.id/StaticData/NewsAndAnnouncement/ANNOUNCEMENTSTOCK/From_EREP/202504/b17c81b296_a350c20332.pdf,20250430_ASII_Laporan Informasi dan Fakta Material_31880013_lamp3.pdf,https://www.idx.co.id/StaticData/NewsAndAnnouncement/ANNOUNCEMENTSTOCK/From_EREP/202504/b4afc9a912_5f2bd89426.pdf,20250430_ASII_Laporan Informasi dan Fakta Material_31880013_lamp1.pdf,,,,,,,,,,,,,,,,,,,,,,,,,,,,,,,,,,,,,,,,,,
"08 Apr 2025
					17:35:32",https://www.idx.co.id/StaticData/NewsAndAnnouncement/ANNOUNCEMENTSTOCK/From_EREP/202504/25f49fd069_30eef94ed0.pdf,Laporan Bulanan Registrasi Pemegang Efek [],BBCA,,,,,,,,,,,,,,,,,,,,,,,,,,,,,,,,,,,,,,,,,,,,,,,,
"23 Apr 2025
					17:28:34",https://www.idx.co.id/StaticData/NewsAndAnnouncement/ANNOUNCEMENTSTOCK/From_EREP/202504/20250423173435-52112-0/FinancialStatement-2025-I-BBCA.pdf,Penyampaian Laporan Keuangan Interim Yang Tidak Diaudit [],BBCA,https://www.idx.co.id/StaticData/NewsAndAnnouncement/ANNOUNCEMENTSTOCK/From_EREP/202504/20250423173435-52112-0/FinancialStatement-2025-I-BBCA.xlsx,FinancialStatement-2025-I-BBCA.xlsx,https://www.idx.co.id/StaticData/NewsAndAnnouncement/ANNOUNCEMENTSTOCK/From_EREP/202504/20250423173435-52112-0/inlineXBRL.zip,inlineXBRL.zip,https://www.idx.co.id/StaticData/NewsAndAnnouncement/ANNOUNCEMENTSTOCK/From_EREP/202504/20250423173435-52112-0/instance.zip,instance.zip,,,,,,,,,,,,,,,,,,,,,,,,,,,,,,,,,,,,,,,,,,
"23 Apr 2025
					18:26:33",https://www.idx.co.id/StaticData/NewsAndAnnouncement/ANNOUNCEMENTSTOCK/From_EREP/202504/7a2cc55b7f_8b9c6e7b75.pdf,"Penyampaian Press Release terkait Informasi Ringkasan Kinerja Keuangan Kuartal I Tahun 2025 (unaudited) PT Bank Central Asia Tbk (""Perseroan"") []",BBCA,https://www.idx.co.id/StaticData/NewsAndAnnouncement/ANNOUNCEMENTSTOCK/From_EREP/202504/0fe894461d_6c3be82b28.pdf,20250423_BBCA_Laporan Informasi dan Fakta Material_31877502_lamp1.pdf,https://www.idx.co.id/StaticData/NewsAndAnnouncement/ANNOUNCEMENTSTOCK/From_EREP/202504/bd4d29e126_66edb3b6e6.pdf,20250423_BBCA_Laporan Informasi dan Fakta Material_31877502_lamp2.pdf,,,,,,,,,,,,,,,,,,,,,,,,,,,,,,,,,,,,,,,,,,,,
"24 Apr 2025
					16:50:28",https://www.idx.co.id/StaticData/NewsAndAnnouncement/ANNOUNCEMENTSTOCK/From_EREP/202504/7773fb14a9_136c944635.pdf,Penyampaian Bukti Iklan Informasi Laporan Keuangan Interim [],BBCA,https://www.idx.co.id/StaticData/NewsAndAnnouncement/ANNOUNCEMENTSTOCK/From_EREP/202504/091037a52d_beee0b1efa.pdf,20250424_BBCA_Penyampaian Bukti Iklan_31877622_lamp1.pdf,https://www.idx.co.id/StaticData/NewsAndAnnouncement/ANNOUNCEMENTSTOCK/From_EREP/202504/152aa8aa86_8e275e454d.pdf,20250424_BBCA_Penyampaian Bukti Iklan_31877622_lamp2.pdf,,,,,,,,,,,,,,,,,,,,,,,,,,,,,,,,,,,,,,,,,,,,
"10 Apr 2025
					20:06:44",https://www.idx.co.id/StaticData/NewsAndAnnouncement/ANNOUNCEMENTSTOCK/From_EREP/202504/a3b123fd81_7a0cbc7a16.pdf,Laporan Kepemilikan atau Setiap Perubahan Kepemilikan Saham Perusahaan Terbuka [],BBNI,https://www.idx.co.id/StaticData/NewsAndAnnouncement/ANNOUNCEMENTSTOCK/From_EREP/202504/8639ff2e2f_138373f5af.pdf,20250410_BBNI_Laporan Kepemilikan atau Setiap Perubahan Kepemilikan Saham Perusahaan Terbuka_31874777_lamp1.pdf,,,,,,,,,,,,,,,,,,,,,,,,,,,,,,,,,,,,,,,,,,,,,,
"10 Apr 2025
					20:27:25",https://www.idx.co.id/StaticData/NewsAndAnnouncement/ANNOUNCEMENTSTOCK/From_EREP/202504/94016f8a8f_c859995214.pdf,Laporan Bulanan Registrasi Pemegang Efek [],BBNI,https://www.idx.co.id/StaticData/NewsAndAnnouncement/ANNOUNCEMENTSTOCK/From_EREP/202504/8134e592d7_7ab0f210f5.pdf,20250410_BBNI_Laporan Bulanan Registrasi Pemegang Efek/Perubahan Struktur Pemegang Saham_31874705_lamp1.pdf,,,,,,,,,,,,,,,,,,,,,,,,,,,,,,,,,,,,,,,,,,,,,,
"11 Apr 2025
					19:03:31",https://www.idx.co.id/StaticData/NewsAndAnnouncement/ANNOUNCEMENTSTOCK/From_EREP/202504/38cb8c98df_30fec4a9db.pdf,Laporan Kepemilikan atau Setiap Perubahan Kepemilikan Saham Perusahaan Terbuka [],BBNI,https://www.idx.co.id/StaticData/NewsAndAnnouncement/ANNOUNCEMENTSTOCK/From_EREP/202504/786da641da_4b59a34839.pdf,20250411_BBNI_Laporan Kepemilikan atau Setiap Perubahan Kepemilikan Saham Perusahaan Terbuka_31875039_lamp1.pdf,,,,,,,,,,,,,,,,,,,,,,,,,,,,,,,,,,,,,,,,,,,,,,
"11 Apr 2025
					19:04:48",https://www.idx.co.id/StaticData/NewsAndAnnouncement/ANNOUNCEMENTSTOCK/From_EREP/202504/4f8fdc3bd0_f3d617c837.pdf,Laporan Kepemilikan atau Setiap Perubahan Kepemilikan Saham Perusahaan Terbuka [],BBNI,https://www.idx.co.id/StaticData/NewsAndAnnouncement/ANNOUNCEMENTSTOCK/From_EREP/202504/be2a34a2ff_96e469ea54.pdf,20250411_BBNI_Laporan Kepemilikan atau Setiap Perubahan Kepemilikan Saham Perusahaan Terbuka_31875078_lamp1.pdf,,,,,,,,,,,,,,,,,,,,,,,,,,,,,,,,,,,,,,,,,,,,,,
"28 Apr 2025
					18:25:30",https://www.idx.co.id/StaticData/NewsAndAnnouncement/ANNOUNCEMENTSTOCK/From_EREP/202504/53dd02b468_85b419e26c.pdf,Perseroan menyelenggarakan Earnings Call Kinerja 31 Maret 2025 [],BBNI,https://www.idx.co.id/StaticData/NewsAndAnnouncement/ANNOUNCEMENTSTOCK/From_EREP/202504/6e100bfe2b_93d883ee03.pdf,20250428_BBNI_Laporan Informasi dan Fakta Material_31878631_lamp1.pdf,,,,,,,,,,,,,,,,,,,,,,,,,,,,,,,,,,,,,,,,,,,,,,
"28 Apr 2025
					23:42:26",https://www.idx.co.id/StaticData/NewsAndAnnouncement/ANNOUNCEMENTSTOCK/From_EREP/202504/20250429154159-52198-0/FinancialStatement-2025-I-BBNI.pdf,Penyampaian Laporan Keuangan Interim Yang Tidak Diaudit [],BBNI,https://www.idx.co.id/StaticData/NewsAndAnnouncement/ANNOUNCEMENTSTOCK/From_EREP/202504/20250429154159-52198-0/FinancialStatement-2025-I-BBNI.xlsx,FinancialStatement-2025-I-BBNI.xlsx,https://www.idx.co.id/StaticData/NewsAndAnnouncement/ANNOUNCEMENTSTOCK/From_EREP/202504/20250429154159-52198-0/inlineXBRL.zip,inlineXBRL.zip,https://www.idx.co.id/StaticData/NewsAndAnnouncement/ANNOUNCEMENTSTOCK/From_EREP/202504/20250429154159-52198-0/instance.zip,instance.zip,,,,,,,,,,,,,,,,,,,,,,,,,,,,,,,,,,,,,,,,,,
"29 Apr 2025
					19:32:17",https://www.idx.co.id/StaticData/NewsAndAnnouncement/ANNOUNCEMENTSTOCK/From_EREP/202504/db0292f89b_9fda797903.pdf,Penyampaian Bukti Iklan Informasi Laporan Keuangan Interim [],BBNI,https://www.idx.co.id/StaticData/NewsAndAnnouncement/ANNOUNCEMENTSTOCK/From_EREP/202504/1cbcad4b3e_e45bb73235.pdf,20250429_BBNI_Penyampaian Bukti Iklan_31879429_lamp1.pdf,,,,,,,,,,,,,,,,,,,,,,,,,,,,,,,,,,,,,,,,,,,,,,
"10 Apr 2025
					22:37:55",https://www.idx.co.id/StaticData/NewsAndAnnouncement/ANNOUNCEMENTSTOCK/From_EREP/202504/edba56320d_0b9bffe39a.pdf,Perubahan Struktur Pemegang Saham [],BBRI,https://www.idx.co.id/StaticData/NewsAndAnnouncement/ANNOUNCEMENTSTOCK/From_EREP/202504/d1755609c8_cc95425890.pdf,20250410_BBRI_Laporan Bulanan Registrasi Pemegang Efek/Perubahan Struktur Pemegang Saham_31874571_lamp1.pdf,https://www.idx.co.id/StaticData/NewsAndAnnouncement/ANNOUNCEMENTSTOCK/From_EREP/202504/fb4397edaf_91e43487d3.pdf,20250410_BBRI_Laporan Bulanan Registrasi Pemegang Efek/Perubahan Struktur Pemegang Saham_31874571_lamp2.pdf,,,,,,,,,,,,,,,,,,,,,,,,,,,,,,,,,,,,,,,,,,,,
"17 Apr 2025
					17:48:58",https://www.idx.co.id/StaticData/NewsAndAnnouncement/ANNOUNCEMENTSTOCK/From_EREP/202504/44183930e8_2578527bda.pdf,Perubahan Komite Audit [],BBRI,,,,,,,,,,,,,,,,,,,,,,,,,,,,,,,,,,,,,,,,,,,,,,,,
"30 Apr 2025
					16:47:05",https://www.idx.co.id/StaticData/NewsAndAnnouncement/ANNOUNCEMENTSTOCK/From_EREP/202504/20250430170612-52387-0/FinancialStatement-2025-I-BBRI.pdf,Penyampaian Laporan Keuangan Interim Yang Tidak Diaudit [],BBRI,https://www.idx.co.id/StaticData/NewsAndAnnouncement/ANNOUNCEMENTSTOCK/From_EREP/202504/20250430170612-52387-0/B.%201978-DIR%20Lap%20Keu%2031%20Mar%20.pdf,B. 1978-DIR Lap Keu 31 Mar .pdf,https://www.idx.co.id/StaticData/NewsAndAnnouncement/ANNOUNCEMENTSTOCK/From_EREP/202504/20250430170612-52387-0/Bank%20Rakyat%20Indonesia_31_Mar_2025_Released.pdf,Bank Rakyat Indonesia_31_Mar_2025_Released.pdf,https://www.idx.co.id/StaticData/NewsAndAnnouncement/ANNOUNCEMENTSTOCK/From_EREP/202504/20250430170612-52387-0/Checklist%20Bapepam%2031%20Mar%202025.pdf,Checklist Bapepam 31 Mar 2025.pdf,,,,,,,,,,,,,,,,,,,,,,,,,,,,,,,,,,,,,,,,,,
"08 Apr 2025
					15:29:10",https://www.idx.co.id/StaticData/NewsAndAnnouncement/ANNOUNCEMENTSTOCK/From_EREP/202504/4ff3d6b5c8_c80efb3535.pdf,Penyampaian Bukti Iklan Hasil RUPS [],BBTN,https://www.idx.co.id/StaticData/NewsAndAnnouncement/ANNOUNCEMENTSTOCK/From_EREP/202504/65d23b4a4f_8d46c6da8f.pdf,20250407_BBTN_Penyampaian Bukti Iklan_31872698_lamp1.pdf,,,,,,,,,,,,,,,,,,,,,,,,,,,,,,,,,,,,,,,,,,,,,,
"10 Apr 2025
					18:48:13",https://www.idx.co.id/StaticData/NewsAndAnnouncement/ANNOUNCEMENTSTOCK/From_EREP/202504/abfbf1bc5b_fc3547e19c.pdf,Informasi Kupon [],BBTN,https://www.idx.co.id/StaticData/NewsAndAnnouncement/ANNOUNCEMENTSTOCK/From_EREP/202504/83ee72739f_e25befd959.pdf,20250410_BBTN_Pembayaran Kupon/Bagi Hasil/Ijarah/Pokok_31874653_lamp1.pdf,,,,,,,,,,,,,,,,,,,,,,,,,,,,,,,,,,,,,,,,,,,,,,
"10 Apr 2025
					21:03:30",https://www.idx.co.id/StaticData/NewsAndAnnouncement/ANNOUNCEMENTSTOCK/From_EREP/202504/3a511043e1_97fb6ed90d.pdf,Laporan Bulanan Registrasi Pemegang Efek [],BBTN,https://www.idx.co.id/StaticData/NewsAndAnnouncement/ANNOUNCEMENTSTOCK/From_EREP/202504/41afd1a814_c585923852.pdf,20250410_BBTN_Laporan Bulanan Registrasi Pemegang Efek/Perubahan Struktur Pemegang Saham_31874360_lamp1.pdf,,,,,,,,,,,,,,,,,,,,,,,,,,,,,,,,,,,,,,,,,,,,,,
"10 Apr 2025
					21:33:24",https://www.idx.co.id/StaticData/NewsAndAnnouncement/ANNOUNCEMENTSTOCK/From_EREP/202504/1ea52dd114_3f3cd8d062.pdf,Transaksi Afiliasi [],BBTN,https://www.idx.co.id/StaticData/NewsAndAnnouncement/ANNOUNCEMENTSTOCK/From_EREP/202504/18e4939b21_2c4b5dac0e.pdf,20250410_BBTN_Informasi Transaksi Afiliasi_31874381_lamp4.pdf,https://www.idx.co.id/StaticData/NewsAndAnnouncement/ANNOUNCEMENTSTOCK/From_EREP/202504/2d67ed1e18_48111ac685.pdf,20250410_BBTN_Informasi Transaksi Afiliasi_31874381_lamp1.pdf,https://www.idx.co.id/StaticData/NewsAndAnnouncement/ANNOUNCEMENTSTOCK/From_EREP/202504/65baabd804_65243dcf6b.pdf,20250410_BBTN_Informasi Transaksi Afiliasi_31874381_lamp2.pdf,,,,,,,,,,,,,,,,,,,,,,,,,,,,,,,,,,,,,,,,,,
"15 Apr 2025
					17:29:44",https://www.idx.co.id/StaticData/NewsAndAnnouncement/ANNOUNCEMENTSTOCK/From_EREP/202504/8b97d95771_f03098930c.pdf,Informasi Kupon [],BBTN,https://www.idx.co.id/StaticData/NewsAndAnnouncement/ANNOUNCEMENTSTOCK/From_EREP/202504/1809324fc6_07dc473a10.pdf,20250415_BBTN_Pembayaran Kupon/Bagi Hasil/Ijarah/Pokok_31875749_lamp1.pdf,,,,,,,,,,,,,,,,,,,,,,,,,,,,,,,,,,,,,,,,,,,,,,
"24 Apr 2025
					22:20:55",https://www.idx.co.id/StaticData/NewsAndAnnouncement/ANNOUNCEMENTSTOCK/From_EREP/202504/833de3924f_34b5e02893.pdf,Penyampaian Materi Analyst Meeting PT Bank Tabungan Negara (Persero) Tbk per Maret 2025 [],BBTN,https://www.idx.co.id/StaticData/NewsAndAnnouncement/ANNOUNCEMENTSTOCK/From_EREP/202504/2ec3efc5f2_838406cee6.pdf,20250424_BBTN_Laporan Informasi dan Fakta Material_31877605_lamp1.pdf,,,,,,,,,,,,,,,,,,,,,,,,,,,,,,,,,,,,,,,,,,,,,,
"24 Apr 2025
					23:57:14",https://www.idx.co.id/StaticData/NewsAndAnnouncement/ANNOUNCEMENTSTOCK/From_EREP/202504/1e44c25415_86d07bc556.pdf,Penyampaian Bukti Iklan Informasi Laporan Keuangan Interim [],BBTN,https://www.idx.co.id/StaticData/NewsAndAnnouncement/ANNOUNCEMENTSTOCK/From_EREP/202504/0807a6729d_aadbb7df75.pdf,20250424_BBTN_Penyampaian Bukti Iklan_31877972_lamp2.pdf,https://www.idx.co.id/StaticData/NewsAndAnnouncement/ANNOUNCEMENTSTOCK/From_EREP/202504/45a747c9da_71b23f1d85.pdf,20250424_BBTN_Penyampaian Bukti Iklan_31877972_lamp1.pdf,https://www.idx.co.id/StaticData/NewsAndAnnouncement/ANNOUNCEMENTSTOCK/From_EREP/202504/d4b499d9e4_2126af1eb6.pdf,20250424_BBTN_Penyampaian Bukti Iklan_31877972_lamp3.pdf,,,,,,,,,,,,,,,,,,,,,,,,,,,,,,,,,,,,,,,,,,
"25 Apr 2025
					00:06:06",https://www.idx.co.id/StaticData/NewsAndAnnouncement/ANNOUNCEMENTSTOCK/From_EREP/202504/20250425001144-52370-0/FinancialStatement-2025-I-BBTN.pdf,Penyampaian Laporan Keuangan Interim Yang Tidak Diaudit [],BBTN,https://www.idx.co.id/StaticData/NewsAndAnnouncement/ANNOUNCEMENTSTOCK/From_EREP/202504/20250425001144-52370-0/622.DIR.CSD.IV.2025.PDF,622.DIR.CSD.IV.2025.PDF,https://www.idx.co.id/StaticData/NewsAndAnnouncement/ANNOUNCEMENTSTOCK/From_EREP/202504/20250425001144-52370-0/btn_billingual_31_maret%202025_released%202.pdf,btn_billingual_31_maret 2025_released 2.pdf,https://www.idx.co.id/StaticData/NewsAndAnnouncement/ANNOUNCEMENTSTOCK/From_EREP/202504/20250425001144-52370-0/Checklist%20BBTN%2031%20Maret%202025.pdf,Checklist BBTN 31 Maret 2025.pdf,,,,,,,,,,,,,,,,,,,,,,,,,,,,,,,,,,,,,,,,,,
"28 Apr 2025
					20:45:32",https://www.idx.co.id/StaticData/NewsAndAnnouncement/ANNOUNCEMENTSTOCK/From_EREP/202504/20250428205244-52916-0/FinancialStatement-2025-I-BBTN.pdf,Penyampaian Laporan Keuangan Interim (KOREKSI) [],BBTN,https://www.idx.co.id/StaticData/NewsAndAnnouncement/ANNOUNCEMENTSTOCK/From_EREP/202504/20250428205244-52916-0/622.DIR.CSD.IV.2025.PDF,622.DIR.CSD.IV.2025.PDF,https://www.idx.co.id/StaticData/NewsAndAnnouncement/ANNOUNCEMENTSTOCK/From_EREP/202504/20250428205244-52916-0/btn_billingual_31_maret%202025_released%204.pdf,btn_billingual_31_maret 2025_released 4.pdf,https://www.idx.co.id/StaticData/NewsAndAnnouncement/ANNOUNCEMENTSTOCK/From_EREP/202504/20250428205244-52916-0/Checklist%20BBTN%2031%20Maret%202025.pdf,Checklist BBTN 31 Maret 2025.pdf,,,,,,,,,,,,,,,,,,,,,,,,,,,,,,,,,,,,,,,,,,
"28 Apr 2025
					21:02:49",https://www.idx.co.id/StaticData/NewsAndAnnouncement/ANNOUNCEMENTSTOCK/From_EREP/202504/a248f60333_7a318cb679.pdf,Penyampaian Bukti Iklan Informasi Laporan Keuangan Interim (KOREKSI) [],BBTN,https://www.idx.co.id/StaticData/NewsAndAnnouncement/ANNOUNCEMENTSTOCK/From_EREP/202504/072d55cfc4_ab0f90b212.pdf,20250428_BBTN_Penyampaian Bukti Iklan_31878855_lamp1.pdf,https://www.idx.co.id/StaticData/NewsAndAnnouncement/ANNOUNCEMENTSTOCK/From_EREP/202504/3fbc039755_f3b9e5ef1c.pdf,20250428_BBTN_Penyampaian Bukti Iklan_31878855_lamp3.pdf,https://www.idx.co.id/StaticData/NewsAndAnnouncement/ANNOUNCEMENTSTOCK/From_EREP/202504/ddbcfb41df_8021f0818c.pdf,20250428_BBTN_Penyampaian Bukti Iklan_31878855_lamp2.pdf,,,,,,,,,,,,,,,,,,,,,,,,,,,,,,,,,,,,,,,,,,
"10 Apr 2025
					17:22:53",https://www.idx.co.id/StaticData/NewsAndAnnouncement/ANNOUNCEMENTSTOCK/From_EREP/202504/23678749b8_9451afc329.pdf,Laporan Bulanan Registrasi Pemegang Efek [],BMRI,https://www.idx.co.id/StaticData/NewsAndAnnouncement/ANNOUNCEMENTSTOCK/From_EREP/202504/26b455eb87_d977540db1.pdf,20250408_BMRI_Laporan Bulanan Registrasi Pemegang Efek/Perubahan Struktur Pemegang Saham_31873284_lamp3.pdf,https://www.idx.co.id/StaticData/NewsAndAnnouncement/ANNOUNCEMENTSTOCK/From_EREP/202504/8640a2cb44_187a222734.pdf,20250408_BMRI_Laporan Bulanan Registrasi Pemegang Efek/Perubahan Struktur Pemegang Saham_31873284_lamp1.pdf,https://www.idx.co.id/StaticData/NewsAndAnnouncement/ANNOUNCEMENTSTOCK/From_EREP/202504/cf84bb477b_55506c5c86.pdf,20250408_BMRI_Laporan Bulanan Registrasi Pemegang Efek/Perubahan Struktur Pemegang Saham_31873284_lamp5.pdf,,,,,,,,,,,,,,,,,,,,,,,,,,,,,,,,,,,,,,,,,,
"17 Apr 2025
					14:08:04",https://www.idx.co.id/StaticData/NewsAndAnnouncement/ANNOUNCEMENTSTOCK/From_EREP/202504/e1579a416b_ef1b75f4ba.pdf,Laporan Kesiapan Dana Untuk Pembayaran Obligasi Berkelanjutan II Bank Mandiri Tahap I Tahun 2020 Seri A [],BMRI,https://www.idx.co.id/StaticData/NewsAndAnnouncement/ANNOUNCEMENTSTOCK/From_EREP/202504/2c9a933674_74491d159b.pdf,20250417_BMRI_Laporan Informasi dan Fakta Material_31876255_lamp1.pdf,,,,,,,,,,,,,,,,,,,,,,,,,,,,,,,,,,,,,,,,,,,,,,
"29 Apr 2025
					18:13:12",https://www.idx.co.id/StaticData/NewsAndAnnouncement/ANNOUNCEMENTSTOCK/From_EREP/202504/48c1bf91d4_040afc6b1c.pdf,Perubahan Komite Audit [],BMRI,https://www.idx.co.id/StaticData/NewsAndAnnouncement/ANNOUNCEMENTSTOCK/From_EREP/202504/17e8523ef1_bd65e17b13.pdf,20250429_BMRI_Perubahan Corsec Komite Audit Alamat NPWP Internal Audit_31879165_lamp1.pdf,,,,,,,,,,,,,,,,,,,,,,,,,,,,,,,,,,,,,,,,,,,,,,
"30 Apr 2025
					16:15:52",https://www.idx.co.id/StaticData/NewsAndAnnouncement/ANNOUNCEMENTSTOCK/From_EREP/202504/20250430164226-52035-0/FinancialStatement-2025-I-BMRI.pdf,Penyampaian Laporan Keuangan Interim Yang Tidak Diaudit [],BMRI,https://www.idx.co.id/StaticData/NewsAndAnnouncement/ANNOUNCEMENTSTOCK/From_EREP/202504/20250430164226-52035-0/Checklist%20OJK%20-%20Maret%202025.pdf,Checklist OJK - Maret 2025.pdf,https://www.idx.co.id/StaticData/NewsAndAnnouncement/ANNOUNCEMENTSTOCK/From_EREP/202504/20250430164226-52035-0/FinancialStatement-2025-I-BMRI.xlsx,FinancialStatement-2025-I-BMRI.xlsx,https://www.idx.co.id/StaticData/NewsAndAnnouncement/ANNOUNCEMENTSTOCK/From_EREP/202504/20250430164226-52035-0/inlineXBRL.zip,inlineXBRL.zip,,,,,,,,,,,,,,,,,,,,,,,,,,,,,,,,,,,,,,,,,,
"09 Apr 2025
					14:25:29",https://www.idx.co.id/StaticData/NewsAndAnnouncement/ANNOUNCEMENTSTOCK/From_EREP/202504/5e7d7ed092_d68f06e477.pdf,Pemberitahuan Rencana Rapat Umum Pemegang Saham Tahunan [],BRIS,https://www.idx.co.id/StaticData/NewsAndAnnouncement/ANNOUNCEMENTSTOCK/From_EREP/202504/176c2717f6_4b59196bdf.pdf,20250409_BRIS_Pengumuman RUPS_31873603_lamp1.pdf,https://www.idx.co.id/StaticData/NewsAndAnnouncement/ANNOUNCEMENTSTOCK/From_EREP/202504/53c321db5a_63fc826868.pdf,20250409_BRIS_Pengumuman RUPS_31873603_lamp2.pdf,,,,,,,,,,,,,,,,,,,,,,,,,,,,,,,,,,,,,,,,,,,,
"09 Apr 2025
					17:46:37",https://www.idx.co.id/StaticData/NewsAndAnnouncement/ANNOUNCEMENTSTOCK/From_EREP/202504/6f765ff6d0_41b9ed5edc.pdf,Penyampaian Bukti Iklan Pemberitahuan RUPS [],BRIS,https://www.idx.co.id/StaticData/NewsAndAnnouncement/ANNOUNCEMENTSTOCK/From_EREP/202504/4eecd60237_aea5441a71.pdf,20250409_BRIS_Penyampaian Bukti Iklan_31874092_lamp1.pdf,,,,,,,,,,,,,,,,,,,,,,,,,,,,,,,,,,,,,,,,,,,,,,
"10 Apr 2025
					16:26:08",https://www.idx.co.id/StaticData/NewsAndAnnouncement/ANNOUNCEMENTSTOCK/From_EREP/202504/30033b7632_d4849146e7.pdf,Laporan Bulanan Registrasi Pemegang Efek [],BRIS,https://www.idx.co.id/StaticData/NewsAndAnnouncement/ANNOUNCEMENTSTOCK/From_EREP/202504/6346edb7f0_dc0a3b3526.pdf,20250410_BRIS_Laporan Bulanan Registrasi Pemegang Efek/Perubahan Struktur Pemegang Saham_31874406_lamp1.pdf,,,,,,,,,,,,,,,,,,,,,,,,,,,,,,,,,,,,,,,,,,,,,,
"24 Apr 2025
					14:49:39",https://www.idx.co.id/StaticData/NewsAndAnnouncement/ANNOUNCEMENTSTOCK/From_EREP/202504/ff83caf2f1_53dbdc2726.pdf,Penyampaian Laporan Tahunan [],BRIS,https://www.idx.co.id/StaticData/NewsAndAnnouncement/ANNOUNCEMENTSTOCK/From_EREP/202504/2d30a915c6_7ba09e1ecb.pdf,AnnualReport2024-BRIS-att3.pdf,https://www.idx.co.id/StaticData/NewsAndAnnouncement/ANNOUNCEMENTSTOCK/From_EREP/202504/3ae7c3c38c_1cdebf3e13.pdf,AnnualReport2024-BRIS-att2.pdf,https://www.idx.co.id/StaticData/NewsAndAnnouncement/ANNOUNCEMENTSTOCK/From_EREP/202504/4868ca6dda_8a41766282.pdf,AnnualReport2024-BRIS-att5.pdf,,,,,,,,,,,,,,,,,,,,,,,,,,,,,,,,,,,,,,,,,,
"24 Apr 2025
					16:32:37",https://www.idx.co.id/StaticData/NewsAndAnnouncement/ANNOUNCEMENTSTOCK/From_EREP/202504/fae2a38c23_e766826d61.pdf,Pemanggilan Rapat Umum Pemegang Saham Tahunan [],BRIS,https://www.idx.co.id/StaticData/NewsAndAnnouncement/ANNOUNCEMENTSTOCK/From_EREP/202504/22caa8a13c_c097b01313.pdf,20250424_BRIS_Pemanggilan RUPS_31877768_lamp2.pdf,https://www.idx.co.id/StaticData/NewsAndAnnouncement/ANNOUNCEMENTSTOCK/From_EREP/202504/280f01344d_c8602fbfef.pdf,20250424_BRIS_Pemanggilan RUPS_31877768_lamp1.pdf,,,,,,,,,,,,,,,,,,,,,,,,,,,,,,,,,,,,,,,,,,,,
"24 Apr 2025
					19:01:43",https://www.idx.co.id/StaticData/NewsAndAnnouncement/ANNOUNCEMENTSTOCK/From_EREP/202504/13f3df0b9c_68ce20c955.pdf,Penyampaian Laporan Keberlanjutan dan ESG [],BRIS,https://www.idx.co.id/StaticData/NewsAndAnnouncement/ANNOUNCEMENTSTOCK/From_EREP/202504/3f788fe5d1_530652c33f.pdf,AnnualReport2024-BRIS-att1.pdf,https://www.idx.co.id/StaticData/NewsAndAnnouncement/ANNOUNCEMENTSTOCK/From_EREP/202504/85e03a2cb1_035798f0e5.pdf,AnnualReport2024-BRIS-att3.pdf,https://www.idx.co.id/StaticData/NewsAndAnnouncement/ANNOUNCEMENTSTOCK/From_EREP/202504/f855bb9bde_9e7e1a2757.pdf,AnnualReport2024-BRIS-att2.pdf,,,,,,,,,,,,,,,,,,,,,,,,,,,,,,,,,,,,,,,,,,
"25 Apr 2025
					11:44:09",https://www.idx.co.id/StaticData/NewsAndAnnouncement/ANNOUNCEMENTSTOCK/From_EREP/202504/7724ee4018_a58aeda86d.pdf,Penyampaian Bukti Iklan Panggilan RUPS [],BRIS,https://www.idx.co.id/StaticData/NewsAndAnnouncement/ANNOUNCEMENTSTOCK/From_EREP/202504/c341f8ab55_c509505ebd.pdf,20250425_BRIS_Penyampaian Bukti Iklan_31878065_lamp1.pdf,,,,,,,,,,,,,,,,,,,,,,,,,,,,,,,,,,,,,,,,,,,,,,
"30 Apr 2025
					19:37:01",https://www.idx.co.id/StaticData/NewsAndAnnouncement/ANNOUNCEMENTSTOCK/From_EREP/202504/20250430201619-52082-0/FinancialStatement-2025-I-BRIS.pdf,Penyampaian Laporan Keuangan Interim Yang Tidak Diaudit [],BRIS,https://www.idx.co.id/StaticData/NewsAndAnnouncement/ANNOUNCEMENTSTOCK/From_EREP/202504/20250430201619-52082-0/FinancialStatement-2025-I-BRIS.xlsx,FinancialStatement-2025-I-BRIS.xlsx,https://www.idx.co.id/StaticData/NewsAndAnnouncement/ANNOUNCEMENTSTOCK/From_EREP/202504/20250430201619-52082-0/inlineXBRL.zip,inlineXBRL.zip,https://www.idx.co.id/StaticData/NewsAndAnnouncement/ANNOUNCEMENTSTOCK/From_EREP/202504/20250430201619-52082-0/instance.zip,instance.zip,,,,,,,,,,,,,,,,,,,,,,,,,,,,,,,,,,,,,,,,,,
"10 Apr 2025
					17:19:15",https://www.idx.co.id/StaticData/NewsAndAnnouncement/ANNOUNCEMENTSTOCK/From_EREP/202504/791bef0cb0_3432c18b5b.pdf,Laporan Bulanan Registrasi Pemegang Efek [],BRPT,https://www.idx.co.id/StaticData/NewsAndAnnouncement/ANNOUNCEMENTSTOCK/From_EREP/202504/b38c74505e_64a4d7a6db.pdf,20250408_BRPT_Laporan Bulanan Registrasi Pemegang Efek/Perubahan Struktur Pemegang Saham_31872772_lamp1.pdf,,,,,,,,,,,,,,,,,,,,,,,,,,,,,,,,,,,,,,,,,,,,,,
"10 Apr 2025
					19:08:01",https://www.idx.co.id/StaticData/NewsAndAnnouncement/ANNOUNCEMENTSTOCK/From_EREP/202504/50e3fcf2d1_144c391619.pdf,Penjelasan atas Pemberitaan Media Massa [],BRPT,https://www.idx.co.id/StaticData/NewsAndAnnouncement/ANNOUNCEMENTSTOCK/From_EREP/202504/7e72e80c63_118d09ad17.pdf,20250410_BRPT_Tanggapan atas Permintaan Penjelasan Bursa_31874774_lamp1.pdf,,,,,,,,,,,,,,,,,,,,,,,,,,,,,,,,,,,,,,,,,,,,,,
"23 Apr 2025
					20:58:36",https://www.idx.co.id/StaticData/NewsAndAnnouncement/ANNOUNCEMENTSTOCK/From_EREP/202504/07e88db1dc_6c5b2f13d7.pdf,KETERBUKAAN INFORMASI PT BARITO PACIFIC TBK SEHUBUNGAN DENGAN TRANSAKSI AFILIASI [],BRPT,https://www.idx.co.id/StaticData/NewsAndAnnouncement/ANNOUNCEMENTSTOCK/From_EREP/202504/3c47b9b905_f871c6c502.pdf,20250423_BRPT_Laporan Informasi dan Fakta Material_31877559_lamp2.pdf,https://www.idx.co.id/StaticData/NewsAndAnnouncement/ANNOUNCEMENTSTOCK/From_EREP/202504/e661fbc84c_23b41cbaca.pdf,20250423_BRPT_Laporan Informasi dan Fakta Material_31877559_lamp1.pdf,,,,,,,,,,,,,,,,,,,,,,,,,,,,,,,,,,,,,,,,,,,,
"30 Apr 2025
					17:51:30",https://www.idx.co.id/StaticData/NewsAndAnnouncement/ANNOUNCEMENTSTOCK/From_EREP/202505/20250502153539-52445-0/FinancialStatement-2025-I-BRPT.pdf,Penyampaian Laporan Keuangan Interim Yang Tidak Diaudit [],BRPT,https://www.idx.co.id/StaticData/NewsAndAnnouncement/ANNOUNCEMENTSTOCK/From_EREP/202505/20250502153539-52445-0/BRPT%20EN%20Press%20Release%203M25%20Fin.pdf,BRPT EN Press Release 3M25 Fin.pdf,https://www.idx.co.id/StaticData/NewsAndAnnouncement/ANNOUNCEMENTSTOCK/From_EREP/202505/20250502153539-52445-0/BRPT%20Final%20Report%20%2031%20Maret%202025.pdf,BRPT Final Report  31 Maret 2025.pdf,https://www.idx.co.id/StaticData/NewsAndAnnouncement/ANNOUNCEMENTSTOCK/From_EREP/202505/20250502153539-52445-0/BRPT%20ID%20Press%20Release%203M25%20Fin.pdf,BRPT ID Press Release 3M25 Fin.pdf,,,,,,,,,,,,,,,,,,,,,,,,,,,,,,,,,,,,,,,,,,
"30 Apr 2025
					19:01:24",https://www.idx.co.id/StaticData/NewsAndAnnouncement/ANNOUNCEMENTSTOCK/From_EREP/202504/7a103fe2f1_203e32b680.pdf,Penyampaian Laporan Tahunan Tahun 2024 dan Laporan Keberlanjutan Tahun 2024 [],BRPT,https://www.idx.co.id/StaticData/NewsAndAnnouncement/ANNOUNCEMENTSTOCK/From_EREP/202504/17ed206f10_07dd0ffc97.pdf,20250430_BRPT_Laporan Informasi dan Fakta Material_31880372_lamp2.pdf,https://www.idx.co.id/StaticData/NewsAndAnnouncement/ANNOUNCEMENTSTOCK/From_EREP/202504/19f6d6edde_8e8bf7da7a.pdf,20250430_BRPT_Laporan Informasi dan Fakta Material_31880372_lamp3.pdf,https://www.idx.co.id/StaticData/NewsAndAnnouncement/ANNOUNCEMENTSTOCK/From_EREP/202504/be450a1c2a_88f161188e.pdf,20250430_BRPT_Laporan Informasi dan Fakta Material_31880372_lamp1.pdf,,,,,,,,,,,,,,,,,,,,,,,,,,,,,,,,,,,,,,,,,,
"08 Apr 2025
					11:25:21",https://www.idx.co.id/StaticData/NewsAndAnnouncement/ANNOUNCEMENTSTOCK/From_EREP/202504/2642ceb518_1cbd9e4429.pdf,Laporan Bulanan Registrasi Pemegang Efek [],CPIN,https://www.idx.co.id/StaticData/NewsAndAnnouncement/ANNOUNCEMENTSTOCK/From_EREP/202504/d1f44c9396_7e5ef7b721.pdf,20250408_CPIN_Laporan Bulanan Registrasi Pemegang Efek/Perubahan Struktur Pemegang Saham_31872872_lamp1.pdf,,,,,,,,,,,,,,,,,,,,,,,,,,,,,,,,,,,,,,,,,,,,,,
"14 Apr 2025
					11:24:58",https://www.idx.co.id/StaticData/NewsAndAnnouncement/ANNOUNCEMENTSTOCK/From_EREP/202504/084cc59ac4_6bc96e4461.pdf,Pemberitahuan Rencana Rapat Umum Pemegang Saham Tahunan [],CPIN,https://www.idx.co.id/StaticData/NewsAndAnnouncement/ANNOUNCEMENTSTOCK/From_EREP/202504/02013f3e20_d11cfd6a14.pdf,20250414_CPIN_Pengumuman RUPS_31875272_lamp4.pdf,https://www.idx.co.id/StaticData/NewsAndAnnouncement/ANNOUNCEMENTSTOCK/From_EREP/202504/15a7b8232e_feaf7a4b39.pdf,20250414_CPIN_Pengumuman RUPS_31875272_lamp2.pdf,https://www.idx.co.id/StaticData/NewsAndAnnouncement/ANNOUNCEMENTSTOCK/From_EREP/202504/a1b7a790ca_491b702db3.pdf,20250414_CPIN_Pengumuman RUPS_31875272_lamp1.pdf,,,,,,,,,,,,,,,,,,,,,,,,,,,,,,,,,,,,,,,,,,
"29 Apr 2025
					08:48:55",https://www.idx.co.id/StaticData/NewsAndAnnouncement/ANNOUNCEMENTSTOCK/From_EREP/202504/ce9fc2d3c2_42836bf852.pdf,Penyampaian Laporan Tahunan [],CPIN,https://www.idx.co.id/StaticData/NewsAndAnnouncement/ANNOUNCEMENTSTOCK/From_EREP/202504/064d0384f5_331cb191fb.pdf,AnnualReport2024-CPIN-att1.pdf,https://www.idx.co.id/StaticData/NewsAndAnnouncement/ANNOUNCEMENTSTOCK/From_EREP/202504/dda9b67e95_24c2211c20.pdf,AnnualReport2024-CPIN-att2.pdf,,,,,,,,,,,,,,,,,,,,,,,,,,,,,,,,,,,,,,,,,,,,
"29 Apr 2025
					11:02:08",https://www.idx.co.id/StaticData/NewsAndAnnouncement/ANNOUNCEMENTSTOCK/From_EREP/202504/7440c6f463_b85c8e37d2.pdf,Pemanggilan Rapat Umum Pemegang Saham Tahunan [],CPIN,https://www.idx.co.id/StaticData/NewsAndAnnouncement/ANNOUNCEMENTSTOCK/From_EREP/202504/24b85b5992_0079018ba6.pdf,20250429_CPIN_Pemanggilan RUPS_31878984_lamp3.pdf,https://www.idx.co.id/StaticData/NewsAndAnnouncement/ANNOUNCEMENTSTOCK/From_EREP/202504/585af1f9f0_1fcf177d7a.pdf,20250429_CPIN_Pemanggilan RUPS_31878984_lamp2.pdf,https://www.idx.co.id/StaticData/NewsAndAnnouncement/ANNOUNCEMENTSTOCK/From_EREP/202504/a8a811434d_c8d4d016d9.pdf,20250429_CPIN_Pemanggilan RUPS_31878984_lamp4.pdf,,,,,,,,,,,,,,,,,,,,,,,,,,,,,,,,,,,,,,,,,,
"29 Apr 2025
					11:10:56",https://www.idx.co.id/StaticData/NewsAndAnnouncement/ANNOUNCEMENTSTOCK/From_EREP/202504/6e3d3767a1_a47e926045.pdf,Penyampaian Laporan Keberlanjutan dan ESG [],CPIN,https://www.idx.co.id/StaticData/NewsAndAnnouncement/ANNOUNCEMENTSTOCK/From_EREP/202504/42945e082f_b82935f73d.pdf,AnnualReport2024-CPIN-att1.pdf,https://www.idx.co.id/StaticData/NewsAndAnnouncement/ANNOUNCEMENTSTOCK/From_EREP/202504/82cfe3273c_80959e6742.pdf,AnnualReport2024-CPIN-att2.pdf,,,,,,,,,,,,,,,,,,,,,,,,,,,,,,,,,,,,,,,,,,,,
"30 Apr 2025
					16:19:28",https://www.idx.co.id/StaticData/NewsAndAnnouncement/ANNOUNCEMENTSTOCK/From_EREP/202504/20250430170651-52221-0/FinancialStatement-2025-I-CPIN.pdf,Penyampaian Laporan Keuangan Interim Yang Tidak Diaudit [],CPIN,https://www.idx.co.id/StaticData/NewsAndAnnouncement/ANNOUNCEMENTSTOCK/From_EREP/202504/20250430170651-52221-0/CPIN%20014%20CPIN-PM%20IV%202025.pdf,CPIN 014 CPIN-PM IV 2025.pdf,https://www.idx.co.id/StaticData/NewsAndAnnouncement/ANNOUNCEMENTSTOCK/From_EREP/202504/20250430170651-52221-0/CPIN-250331IE.pdf,CPIN-250331IE.pdf,https://www.idx.co.id/StaticData/NewsAndAnnouncement/ANNOUNCEMENTSTOCK/From_EREP/202504/20250430170651-52221-0/FinancialStatement-2025-I-CPIN.xlsx,FinancialStatement-2025-I-CPIN.xlsx,,,,,,,,,,,,,,,,,,,,,,,,,,,,,,,,,,,,,,,,,,
"10 Apr 2025
					11:57:37",https://www.idx.co.id/StaticData/NewsAndAnnouncement/ANNOUNCEMENTSTOCK/From_EREP/202504/7b9ad83103_ad93f7278e.pdf,Laporan Bulanan Registrasi Pemegang Efek [],CTRA,https://www.idx.co.id/StaticData/NewsAndAnnouncement/ANNOUNCEMENTSTOCK/From_EREP/202504/11d7734be8_e9d74fed23.pdf,20250410_CTRA_Laporan Bulanan Registrasi Pemegang Efek/Perubahan Struktur Pemegang Saham_31874430_lamp1.pdf,,,,,,,,,,,,,,,,,,,,,,,,,,,,,,,,,,,,,,,,,,,,,,
"30 Apr 2025
					10:48:20",https://www.idx.co.id/StaticData/NewsAndAnnouncement/ANNOUNCEMENTSTOCK/From_EREP/202510/20251020171958-52202-0/FinancialStatement-2025-I-CTRA.pdf,Penyampaian Laporan Keuangan Interim Yang Tidak Diaudit [],CTRA,https://www.idx.co.id/StaticData/NewsAndAnnouncement/ANNOUNCEMENTSTOCK/From_EREP/202510/20251020171958-52202-0/FinancialStatement-2025-I-CTRA.xlsx,FinancialStatement-2025-I-CTRA.xlsx,https://www.idx.co.id/StaticData/NewsAndAnnouncement/ANNOUNCEMENTSTOCK/From_EREP/202510/20251020171958-52202-0/inlineXBRL.zip,inlineXBRL.zip,https://www.idx.co.id/StaticData/NewsAndAnnouncement/ANNOUNCEMENTSTOCK/From_EREP/202510/20251020171958-52202-0/instance.zip,instance.zip,,,,,,,,,,,,,,,,,,,,,,,,,,,,,,,,,,,,,,,,,,
"30 Apr 2025
					23:55:36",https://www.idx.co.id/StaticData/NewsAndAnnouncement/ANNOUNCEMENTSTOCK/From_EREP/202505/8e765c6755_4122c68476.pdf,Penyampaian Laporan Tahunan dan/atau Laporan Berkelanjutan dan ESG [],CTRA,https://www.idx.co.id/StaticData/NewsAndAnnouncement/ANNOUNCEMENTSTOCK/From_EREP/202505/ce2ffd8f51_e9e1865536.pdf,20250430_CTRA_Laporan Informasi dan Fakta Material_31881006_lamp1.pdf,https://www.idx.co.id/StaticData/NewsAndAnnouncement/ANNOUNCEMENTSTOCK/From_EREP/202505/d7cf4cae22_3ac1a265b6.pdf,20250430_CTRA_Laporan Informasi dan Fakta Material_31881006_lamp2.pdf,,,,,,,,,,,,,,,,,,,,,,,,,,,,,,,,,,,,,,,,,,,,
"07 Apr 2025
					18:32:44",https://www.idx.co.id/StaticData/NewsAndAnnouncement/ANNOUNCEMENTSTOCK/From_EREP/202504/76fd4a388e_479295cd36.pdf,Laporan Bulanan Registrasi Pemegang Efek [],ESSA,https://www.idx.co.id/StaticData/NewsAndAnnouncement/ANNOUNCEMENTSTOCK/From_EREP/202504/d646ba08c1_3ef8ddc47e.pdf,20250407_ESSA_Laporan Bulanan Registrasi Pemegang Efek/Perubahan Struktur Pemegang Saham_31872696_lamp1.pdf,,,,,,,,,,,,,,,,,,,,,,,,,,,,,,,,,,,,,,,,,,,,,,
"16 Apr 2025
					16:34:33",https://www.idx.co.id/StaticData/NewsAndAnnouncement/ANNOUNCEMENTSTOCK/From_EREP/202504/9ec1cec3db_cdd60f3619.pdf,"ESSA Umumkan Dividen Keempat Berturut-turut, Gandakan Nilai Setelah Capai Posisi Tanpa Utang []",ESSA,https://www.idx.co.id/StaticData/NewsAndAnnouncement/ANNOUNCEMENTSTOCK/From_EREP/202504/a8755d742c_e557fc344d.pdf,20250416_ESSA_Laporan Informasi dan Fakta Material_31876049_lamp1.pdf,https://www.idx.co.id/StaticData/NewsAndAnnouncement/ANNOUNCEMENTSTOCK/From_EREP/202504/c715f54092_ed06f9f496.pdf,20250416_ESSA_Laporan Informasi dan Fakta Material_31876049_lamp2.pdf,,,,,,,,,,,,,,,,,,,,,,,,,,,,,,,,,,,,,,,,,,,,
"21 Apr 2025
					16:38:51",https://www.idx.co.id/StaticData/NewsAndAnnouncement/ANNOUNCEMENTSTOCK/From_EREP/202504/584e0104c0_61bde90b05.pdf,Ringkasan Risalah Rapat Umum Para Pemegang Saham Tahunan [],ESSA,https://www.idx.co.id/StaticData/NewsAndAnnouncement/ANNOUNCEMENTSTOCK/From_EREP/202504/3e946ed7e9_26a2a73651.pdf,20250421_ESSA_Ringkasan Risalah/Risalah RUPS_31876758_lamp1.pdf,https://www.idx.co.id/StaticData/NewsAndAnnouncement/ANNOUNCEMENTSTOCK/From_EREP/202504/d3bd7b8770_2e70aeb82e.pdf,20250421_ESSA_Ringkasan Risalah/Risalah RUPS_31876758_lamp3.pdf,https://www.idx.co.id/StaticData/NewsAndAnnouncement/ANNOUNCEMENTSTOCK/From_EREP/202504/e97fc2e290_c26068cf3d.pdf,20250421_ESSA_Ringkasan Risalah/Risalah RUPS_31876758_lamp2.pdf,,,,,,,,,,,,,,,,,,,,,,,,,,,,,,,,,,,,,,,,,,
"21 Apr 2025
					16:48:57",https://www.idx.co.id/StaticData/NewsAndAnnouncement/ANNOUNCEMENTSTOCK/From_EREP/202504/01ce972e6c_db3e40d184.pdf,Keterbukaan Informasi terkait Aksi Korporasi - Dividen Tunai - 21042025 [],ESSA,https://www.idx.co.id/StaticData/NewsAndAnnouncement/ANNOUNCEMENTSTOCK/From_EREP/202504/4ebe13c141_6c607c952f.pdf,20250421_ESSA_Keterbukaan Informasi terkait Aksi Korporasi_31876764_lamp1.pdf,https://www.idx.co.id/StaticData/NewsAndAnnouncement/ANNOUNCEMENTSTOCK/From_EREP/202504/57a9ac092c_028c319418.pdf,20250421_ESSA_Keterbukaan Informasi terkait Aksi Korporasi_31876764_lamp3.pdf,https://www.idx.co.id/StaticData/NewsAndAnnouncement/ANNOUNCEMENTSTOCK/From_EREP/202504/e35cf7a54f_0afdf49f3d.pdf,20250421_ESSA_Keterbukaan Informasi terkait Aksi Korporasi_31876764_lamp2.pdf,,,,,,,,,,,,,,,,,,,,,,,,,,,,,,,,,,,,,,,,,,
"29 Apr 2025
					20:15:26",https://www.idx.co.id/StaticData/NewsAndAnnouncement/ANNOUNCEMENTSTOCK/From_EREP/202510/20250429204239-52192-0/FinancialStatement-2025-I-ESSA.pdf,Penyampaian Laporan Keuangan Interim Yang Tidak Diaudit [],ESSA,https://www.idx.co.id/StaticData/NewsAndAnnouncement/ANNOUNCEMENTSTOCK/From_EREP/202510/20250429204239-52192-0/250429%20Cover%20Letter%20FS%201Q24%20ESSA.pdf,250429 Cover Letter FS 1Q24 ESSA.pdf,https://www.idx.co.id/StaticData/NewsAndAnnouncement/ANNOUNCEMENTSTOCK/From_EREP/202510/20250429204239-52192-0/250429%20Director%20Statement%20Q1%202025.pdf,250429 Director Statement Q1 2025.pdf,https://www.idx.co.id/StaticData/NewsAndAnnouncement/ANNOUNCEMENTSTOCK/From_EREP/202510/20250429204239-52192-0/250429%20ESSA%20Industries%20Indonesia%20Tbk%201Q%202025.pdf,250429 ESSA Industries Indonesia Tbk 1Q 2025.pdf,,,,,,,,,,,,,,,,,,,,,,,,,,,,,,,,,,,,,,,,,,
"10 Apr 2025
					16:04:40",https://www.idx.co.id/StaticData/NewsAndAnnouncement/ANNOUNCEMENTSTOCK/From_EREP/202504/c614c23beb_35baf7d7ea.pdf,Laporan Bulanan Registrasi Pemegang Efek [],EXCL,,,,,,,,,,,,,,,,,,,,,,,,,,,,,,,,,,,,,,,,,,,,,,,,
"11 Apr 2025
					15:48:50",https://www.idx.co.id/StaticData/NewsAndAnnouncement/ANNOUNCEMENTSTOCK/From_EREP/202504/05599437ee_5dad545c9f.pdf,Rencana Penyampaian Laporan Keuangan Kuartal I 2025 Ditelaah secara terbatas [],EXCL,,,,,,,,,,,,,,,,,,,,,,,,,,,,,,,,,,,,,,,,,,,,,,,,
"15 Apr 2025
					21:27:03",https://www.idx.co.id/StaticData/NewsAndAnnouncement/ANNOUNCEMENTSTOCK/From_EREP/202504/efeaae3d43_c6c570cd64.pdf,Informasi Kupon [],EXCL,,,,,,,,,,,,,,,,,,,,,,,,,,,,,,,,,,,,,,,,,,,,,,,,
"15 Apr 2025
					21:27:18",https://www.idx.co.id/StaticData/NewsAndAnnouncement/ANNOUNCEMENTSTOCK/From_EREP/202504/4af9ba67de_5dc4bd66dd.pdf,Informasi Ijarah Fee [],EXCL,,,,,,,,,,,,,,,,,,,,,,,,,,,,,,,,,,,,,,,,,,,,,,,,
"15 Apr 2025
					21:28:04",https://www.idx.co.id/StaticData/NewsAndAnnouncement/ANNOUNCEMENTSTOCK/From_EREP/202504/3883271ddf_5819379e3d.pdf,Penyampaian Bukti Iklan Hasil RUPO atas Obligasi Berkelanjutan II XL Axiata Tahap I Tahun 2022 [],EXCL,https://www.idx.co.id/StaticData/NewsAndAnnouncement/ANNOUNCEMENTSTOCK/From_EREP/202504/89759505bd_6c0222807b.pdf,20250415_EXCL_Penyampaian Bukti Iklan_31875850_lamp1.pdf,https://www.idx.co.id/StaticData/NewsAndAnnouncement/ANNOUNCEMENTSTOCK/From_EREP/202504/ebef2cba13_b455e336af.pdf,20250415_EXCL_Penyampaian Bukti Iklan_31875850_lamp2.pdf,,,,,,,,,,,,,,,,,,,,,,,,,,,,,,,,,,,,,,,,,,,,
"15 Apr 2025
					21:28:24",https://www.idx.co.id/StaticData/NewsAndAnnouncement/ANNOUNCEMENTSTOCK/From_EREP/202504/bf0d3c7228_49b5edefa3.pdf,Pemberitahuan Hasil RUPO PT XL Axiata Tbk [],EXCL,https://www.idx.co.id/StaticData/NewsAndAnnouncement/ANNOUNCEMENTSTOCK/From_EREP/202504/34124aa363_292350500d.pdf,20250415_EXCL_Pemberitahuan Rencana/Penyampaian Panggilan/Hasil RUPO/RUPSU/RUP EBA-SP_31875849_lamp1.pdf,,,,,,,,,,,,,,,,,,,,,,,,,,,,,,,,,,,,,,,,,,,,,,
"16 Apr 2025
					17:48:03",https://www.idx.co.id/StaticData/NewsAndAnnouncement/ANNOUNCEMENTSTOCK/From_EREP/202504/6dd8a276f5_1d0f5a9e29.pdf,"Penggabungan usaha, pemisahan usaha, peleburan usaha, atau pembentukan usaha patungan []",EXCL,,,,,,,,,,,,,,,,,,,,,,,,,,,,,,,,,,,,,,,,,,,,,,,,
"16 Apr 2025
					17:49:21",https://www.idx.co.id/StaticData/NewsAndAnnouncement/ANNOUNCEMENTSTOCK/From_EREP/202504/62ee2140f4_78e879428d.pdf,Perubahan Anggaran Dasar [],EXCL,,,,,,,,,,,,,,,,,,,,,,,,,,,,,,,,,,,,,,,,,,,,,,,,
"16 Apr 2025
					17:50:54",https://www.idx.co.id/StaticData/NewsAndAnnouncement/ANNOUNCEMENTSTOCK/From_EREP/202504/971b19e07d_f62a85872d.pdf,Perubahan dalam pengendalian baik langsung maupun tidak langsung terhadap Emiten atau Perusahaan Publik [],EXCL,,,,,,,,,,,,,,,,,,,,,,,,,,,,,,,,,,,,,,,,,,,,,,,,
"16 Apr 2025
					17:52:15",https://www.idx.co.id/StaticData/NewsAndAnnouncement/ANNOUNCEMENTSTOCK/From_EREP/202504/ffcf193c6c_97cc1998ef.pdf,Perubahan Pengurus [],EXCL,,,,,,,,,,,,,,,,,,,,,,,,,,,,,,,,,,,,,,,,,,,,,,,,
"16 Apr 2025
					17:53:04",https://www.idx.co.id/StaticData/NewsAndAnnouncement/ANNOUNCEMENTSTOCK/From_EREP/202504/716a4e9b0a_0e75adb9df.pdf,Laporan Pembelian Saham Kembali Sehubungan dengan Proses Penggabungan Usaha Perseroan [],EXCL,,,,,,,,,,,,,,,,,,,,,,,,,,,,,,,,,,,,,,,,,,,,,,,,
"16 Apr 2025
					17:55:28",https://www.idx.co.id/StaticData/NewsAndAnnouncement/ANNOUNCEMENTSTOCK/From_EREP/202504/c5db920fe2_c33b4bcb9e.pdf,Laporan Kepemilikan atau Setiap Perubahan Kepemilikan Saham Perusahaan Terbuka [],EXCL,https://www.idx.co.id/StaticData/NewsAndAnnouncement/ANNOUNCEMENTSTOCK/From_EREP/202504/07b897687b_5badde6ea8.pdf,20250416_EXCL_Laporan Kepemilikan atau Setiap Perubahan Kepemilikan Saham Perusahaan Terbuka_31876088_lamp1.pdf,,,,,,,,,,,,,,,,,,,,,,,,,,,,,,,,,,,,,,,,,,,,,,
"16 Apr 2025
					20:45:57",https://www.idx.co.id/StaticData/NewsAndAnnouncement/ANNOUNCEMENTSTOCK/From_EREP/202504/8e2022c4a4_c41e068dde.pdf,Pencatatan Saham [],EXCL,https://www.idx.co.id/StaticData/NewsAndAnnouncement/ANNOUNCEMENTSTOCK/From_EREP/202504/07e11f0baa_a54090d240.pdf,20250416_EXCL_Pencatatan Saham Tambahan dari Konversi_31876132_lamp1.pdf,,,,,,,,,,,,,,,,,,,,,,,,,,,,,,,,,,,,,,,,,,,,,,
"16 Apr 2025
					21:12:38",https://www.idx.co.id/StaticData/NewsAndAnnouncement/ANNOUNCEMENTSTOCK/From_EREP/202504/b718f34e44_cb559701c5.pdf,Pencatatan Saham (KOREKSI) [],EXCL,https://www.idx.co.id/StaticData/NewsAndAnnouncement/ANNOUNCEMENTSTOCK/From_EREP/202504/afa59bff45_024166990a.pdf,20250416_EXCL_Pencatatan Saham Tambahan dari Konversi_31876135_lamp1.pdf,,,,,,,,,,,,,,,,,,,,,,,,,,,,,,,,,,,,,,,,,,,,,,
"17 Apr 2025
					11:16:01",https://www.idx.co.id/StaticData/NewsAndAnnouncement/ANNOUNCEMENTSTOCK/From_EREP/202504/78d01d6082_aa050da29f.pdf,Perubahan Alamat/Nomor Telepon/Fax/E-Mail/Website/NPWP/NPKP [],EXCL,,,,,,,,,,,,,,,,,,,,,,,,,,,,,,,,,,,,,,,,,,,,,,,,
"17 Apr 2025
					15:30:26",https://www.idx.co.id/StaticData/NewsAndAnnouncement/ANNOUNCEMENTSTOCK/From_EREP/202504/59ba390373_9675e564ac.pdf,Tanggapan atas Permintaan Penjelasan Bursa [],EXCL,,,,,,,,,,,,,,,,,,,,,,,,,,,,,,,,,,,,,,,,,,,,,,,,
"17 Apr 2025
					17:13:27",https://www.idx.co.id/StaticData/NewsAndAnnouncement/ANNOUNCEMENTSTOCK/From_EREP/202504/37b2e2c4d9_1e826754b6.pdf,Perubahan Nama Emiten [],EXCL,,,,,,,,,,,,,,,,,,,,,,,,,,,,,,,,,,,,,,,,,,,,,,,,
"17 Apr 2025
					18:48:27",https://www.idx.co.id/StaticData/NewsAndAnnouncement/ANNOUNCEMENTSTOCK/From_EREP/202504/5ca0454893_1e38cb3df3.pdf,Laporan Kepemilikan atau Setiap Perubahan Kepemilikan Saham Perusahaan Terbuka [],EXCL,https://www.idx.co.id/StaticData/NewsAndAnnouncement/ANNOUNCEMENTSTOCK/From_EREP/202504/3f86f54b11_ffc0fcd156.pdf,20250417_EXCL_Laporan Kepemilikan atau Setiap Perubahan Kepemilikan Saham Perusahaan Terbuka_31876279_lamp1.pdf,,,,,,,,,,,,,,,,,,,,,,,,,,,,,,,,,,,,,,,,,,,,,,
"17 Apr 2025
					18:48:57",https://www.idx.co.id/StaticData/NewsAndAnnouncement/ANNOUNCEMENTSTOCK/From_EREP/202504/041b552cf6_8fca6a0291.pdf,Laporan Kepemilikan atau Setiap Perubahan Kepemilikan Saham Perusahaan Terbuka [],EXCL,https://www.idx.co.id/StaticData/NewsAndAnnouncement/ANNOUNCEMENTSTOCK/From_EREP/202504/e60a1f4208_3051876c62.pdf,20250417_EXCL_Laporan Kepemilikan atau Setiap Perubahan Kepemilikan Saham Perusahaan Terbuka_31876294_lamp1.pdf,,,,,,,,,,,,,,,,,,,,,,,,,,,,,,,,,,,,,,,,,,,,,,
"17 Apr 2025
					18:49:25",https://www.idx.co.id/StaticData/NewsAndAnnouncement/ANNOUNCEMENTSTOCK/From_EREP/202504/1ee938533e_2fe453401b.pdf,Laporan Kepemilikan atau Setiap Perubahan Kepemilikan Saham Perusahaan Terbuka [],EXCL,https://www.idx.co.id/StaticData/NewsAndAnnouncement/ANNOUNCEMENTSTOCK/From_EREP/202504/096e72ae8b_30e6a76750.pdf,20250417_EXCL_Laporan Kepemilikan atau Setiap Perubahan Kepemilikan Saham Perusahaan Terbuka_31876316_lamp1.pdf,,,,,,,,,,,,,,,,,,,,,,,,,,,,,,,,,,,,,,,,,,,,,,
"17 Apr 2025
					21:40:07",https://www.idx.co.id/StaticData/NewsAndAnnouncement/ANNOUNCEMENTSTOCK/From_EREP/202504/def23648cd_ac8932325d.pdf,Perubahan Anggaran Dasar (KOREKSI) [],EXCL,https://www.idx.co.id/StaticData/NewsAndAnnouncement/ANNOUNCEMENTSTOCK/From_EREP/202504/40d81ed234_4eaebc1a51.pdf,20250417_EXCL_Laporan Informasi dan Fakta Material_31876475_lamp4.pdf,https://www.idx.co.id/StaticData/NewsAndAnnouncement/ANNOUNCEMENTSTOCK/From_EREP/202504/48cdbb5c40_7cf72f1c79.pdf,20250417_EXCL_Laporan Informasi dan Fakta Material_31876475_lamp2.pdf,https://www.idx.co.id/StaticData/NewsAndAnnouncement/ANNOUNCEMENTSTOCK/From_EREP/202504/5bc98b16a3_091930d038.pdf,20250417_EXCL_Laporan Informasi dan Fakta Material_31876475_lamp5.pdf,,,,,,,,,,,,,,,,,,,,,,,,,,,,,,,,,,,,,,,,,,
"17 Apr 2025
					22:35:37",https://www.idx.co.id/StaticData/NewsAndAnnouncement/ANNOUNCEMENTSTOCK/From_EREP/202504/2bc80abc97_482144b7b2.pdf,"Siaran Pers: XLSMART Resmi Berdiri, Kekuatan Baru Masa Depan Digital Indonesia []",EXCL,https://www.idx.co.id/StaticData/NewsAndAnnouncement/ANNOUNCEMENTSTOCK/From_EREP/202504/94609cce99_baab472654.pdf,20250417_EXCL_Laporan Informasi dan Fakta Material_31876499_lamp1.pdf,https://www.idx.co.id/StaticData/NewsAndAnnouncement/ANNOUNCEMENTSTOCK/From_EREP/202504/cdcfc55757_9341486233.pdf,20250417_EXCL_Laporan Informasi dan Fakta Material_31876499_lamp2.pdf,,,,,,,,,,,,,,,,,,,,,,,,,,,,,,,,,,,,,,,,,,,,
"21 Apr 2025
					17:55:46",https://www.idx.co.id/StaticData/NewsAndAnnouncement/ANNOUNCEMENTSTOCK/From_EREP/202504/38feec8614_2937e6720a.pdf,Perubahan Komite Audit [],EXCL,,,,,,,,,,,,,,,,,,,,,,,,,,,,,,,,,,,,,,,,,,,,,,,,
"24 Apr 2025
					16:53:21",https://www.idx.co.id/StaticData/NewsAndAnnouncement/ANNOUNCEMENTSTOCK/From_EREP/202504/7022e5a0e2_de17b6d6f6.pdf,Laporan Kepemilikan atau Setiap Perubahan Kepemilikan Saham Perusahaan Terbuka [],EXCL,https://www.idx.co.id/StaticData/NewsAndAnnouncement/ANNOUNCEMENTSTOCK/From_EREP/202504/669a5a2c64_db817f4cd7.pdf,20250424_EXCL_Laporan Kepemilikan atau Setiap Perubahan Kepemilikan Saham Perusahaan Terbuka_31877752_lamp1.pdf,,,,,,,,,,,,,,,,,,,,,,,,,,,,,,,,,,,,,,,,,,,,,,
"24 Apr 2025
					16:54:57",https://www.idx.co.id/StaticData/NewsAndAnnouncement/ANNOUNCEMENTSTOCK/From_EREP/202504/34b2f1bc5e_8d48a1cec0.pdf,Laporan Kepemilikan atau Setiap Perubahan Kepemilikan Saham Perusahaan Terbuka [],EXCL,https://www.idx.co.id/StaticData/NewsAndAnnouncement/ANNOUNCEMENTSTOCK/From_EREP/202504/af9d5a773c_3cda906357.pdf,20250424_EXCL_Laporan Kepemilikan atau Setiap Perubahan Kepemilikan Saham Perusahaan Terbuka_31877759_lamp1.pdf,,,,,,,,,,,,,,,,,,,,,,,,,,,,,,,,,,,,,,,,,,,,,,
"24 Apr 2025
					16:57:08",https://www.idx.co.id/StaticData/NewsAndAnnouncement/ANNOUNCEMENTSTOCK/From_EREP/202504/fadda100ca_4142442d20.pdf,Laporan Kepemilikan atau Setiap Perubahan Kepemilikan Saham Perusahaan Terbuka [],EXCL,https://www.idx.co.id/StaticData/NewsAndAnnouncement/ANNOUNCEMENTSTOCK/From_EREP/202504/c90ffca597_b4945c6d85.pdf,20250424_EXCL_Laporan Kepemilikan atau Setiap Perubahan Kepemilikan Saham Perusahaan Terbuka_31877766_lamp1.pdf,,,,,,,,,,,,,,,,,,,,,,,,,,,,,,,,,,,,,,,,,,,,,,
"25 Apr 2025
					19:28:59",https://www.idx.co.id/StaticData/NewsAndAnnouncement/ANNOUNCEMENTSTOCK/From_EREP/202504/7bd52cc4d3_47eb5e9bd6.pdf,Laporan Hasil Pemeringkatan Pemeringkatan Karena Terdapat Fakta Material [],EXCL,https://www.idx.co.id/StaticData/NewsAndAnnouncement/ANNOUNCEMENTSTOCK/From_EREP/202504/1f972a922a_dd03c8e900.pdf,20250425_EXCL_Laporan Hasil Pemeringkatan_31877997_lamp3.pdf,https://www.idx.co.id/StaticData/NewsAndAnnouncement/ANNOUNCEMENTSTOCK/From_EREP/202504/27cf071251_7daaf195b8.pdf,20250425_EXCL_Laporan Hasil Pemeringkatan_31877997_lamp2.pdf,https://www.idx.co.id/StaticData/NewsAndAnnouncement/ANNOUNCEMENTSTOCK/From_EREP/202504/7378cc9eac_17b55b7f0d.pdf,20250425_EXCL_Laporan Hasil Pemeringkatan_31877997_lamp1.pdf,,,,,,,,,,,,,,,,,,,,,,,,,,,,,,,,,,,,,,,,,,
"29 Apr 2025
					17:02:29",https://www.idx.co.id/StaticData/NewsAndAnnouncement/ANNOUNCEMENTSTOCK/From_EREP/202504/46296c7fdf_76a103e30c.pdf,Informasi Ijarah Fee [],EXCL,https://www.idx.co.id/StaticData/NewsAndAnnouncement/ANNOUNCEMENTSTOCK/From_EREP/202504/bd86ccd74b_64c453956e.pdf,20250428_EXCL_Pembayaran Kupon/Bagi Hasil/Ijarah/Pokok_31878680_lamp1.pdf,,,,,,,,,,,,,,,,,,,,,,,,,,,,,,,,,,,,,,,,,,,,,,
"09 Apr 2025
					16:55:24",https://www.idx.co.id/StaticData/NewsAndAnnouncement/ANNOUNCEMENTSTOCK/From_EREP/202504/ae6735cdea_6556b5a785.pdf,Laporan Bulanan Registrasi Pemegang Efek [],GOTO,https://www.idx.co.id/StaticData/NewsAndAnnouncement/ANNOUNCEMENTSTOCK/From_EREP/202504/6e5e9f8084_5a06c2727a.pdf,20250409_GOTO_Laporan Bulanan Registrasi Pemegang Efek/Perubahan Struktur Pemegang Saham_31874094_lamp1.pdf,,,,,,,,,,,,,,,,,,,,,,,,,,,,,,,,,,,,,,,,,,,,,,
"28 Apr 2025
					22:44:16",https://www.idx.co.id/StaticData/NewsAndAnnouncement/ANNOUNCEMENTSTOCK/From_EREP/202504/f8dad7d4c0_a1fdcacb7f.pdf,Penyampaian Laporan Tahunan & Keberlanjutan dan ESG [],GOTO,https://www.idx.co.id/StaticData/NewsAndAnnouncement/ANNOUNCEMENTSTOCK/From_EREP/202504/4acfa35e9b_b01c2a717b.pdf,AnnualReport2024-GOTO-att3.pdf,https://www.idx.co.id/StaticData/NewsAndAnnouncement/ANNOUNCEMENTSTOCK/From_EREP/202504/7d1db75486_6290c470f5.pdf,AnnualReport2024-GOTO-att2.pdf,https://www.idx.co.id/StaticData/NewsAndAnnouncement/ANNOUNCEMENTSTOCK/From_EREP/202504/ca8447883b_7b445592ce.pdf,AnnualReport2024-GOTO-att1.pdf,,,,,,,,,,,,,,,,,,,,,,,,,,,,,,,,,,,,,,,,,,
"29 Apr 2025
					16:36:22",https://www.idx.co.id/StaticData/NewsAndAnnouncement/ANNOUNCEMENTSTOCK/From_EREP/202504/20250430091411-52491-0/FinancialStatement-2025-I-GOTO.pdf,Penyampaian Laporan Keuangan Interim Yang Tidak Diaudit [],GOTO,https://www.idx.co.id/StaticData/NewsAndAnnouncement/ANNOUNCEMENTSTOCK/From_EREP/202504/20250430091411-52491-0/FinancialStatement-2025-I-GOTO.xlsx,FinancialStatement-2025-I-GOTO.xlsx,https://www.idx.co.id/StaticData/NewsAndAnnouncement/ANNOUNCEMENTSTOCK/From_EREP/202504/20250430091411-52491-0/GOTO_Penyampaian%20LK%20Q1%2031%20Mar%2025.pdf,GOTO_Penyampaian LK Q1 31 Mar 25.pdf,https://www.idx.co.id/StaticData/NewsAndAnnouncement/ANNOUNCEMENTSTOCK/From_EREP/202504/20250430091411-52491-0/inlineXBRL.zip,inlineXBRL.zip,,,,,,,,,,,,,,,,,,,,,,,,,,,,,,,,,,,,,,,,,,
"29 Apr 2025
					17:30:34",https://www.idx.co.id/StaticData/NewsAndAnnouncement/ANNOUNCEMENTSTOCK/From_EREP/202504/1116d0f945_2dc64528fe.pdf,Penyampaian Laporan Keuangan [],GOTO,https://www.idx.co.id/StaticData/NewsAndAnnouncement/ANNOUNCEMENTSTOCK/From_EREP/202504/46e4c5ba69_72e93d7f8c.pdf,20250429_GOTO_Laporan Informasi dan Fakta Material_31879339_lamp1.pdf,https://www.idx.co.id/StaticData/NewsAndAnnouncement/ANNOUNCEMENTSTOCK/From_EREP/202504/967d619826_be3c45bec3.pdf,20250429_GOTO_Laporan Informasi dan Fakta Material_31879339_lamp2.pdf,,,,,,,,,,,,,,,,,,,,,,,,,,,,,,,,,,,,,,,,,,,,
"29 Apr 2025
					20:32:43",https://www.idx.co.id/StaticData/NewsAndAnnouncement/ANNOUNCEMENTSTOCK/From_EREP/202504/46100bc4a0_e5f96c4daa.pdf,Grup GoTo Capai Rekor Profitabilitas dan Pertumbuhan yang Kuat di Kinerja Kuartal I 2025 [],GOTO,https://www.idx.co.id/StaticData/NewsAndAnnouncement/ANNOUNCEMENTSTOCK/From_EREP/202504/876dc1de3a_23a65abc67.pdf,20250429_GOTO_Laporan Informasi dan Fakta Material_31879497_lamp1.pdf,,,,,,,,,,,,,,,,,,,,,,,,,,,,,,,,,,,,,,,,,,,,,,
"10 Apr 2025
					17:02:40",https://www.idx.co.id/StaticData/NewsAndAnnouncement/ANNOUNCEMENTSTOCK/From_EREP/202504/c5964216d9_928d75467e.pdf,Laporan Bulanan Registrasi Pemegang Efek [],ICBP,,,,,,,,,,,,,,,,,,,,,,,,,,,,,,,,,,,,,,,,,,,,,,,,
"30 Apr 2025
					17:00:55",https://www.idx.co.id/StaticData/NewsAndAnnouncement/ANNOUNCEMENTSTOCK/From_EREP/202504/e099901276_3c79f4e82c.pdf,Penyampaian Laporan Tahunan & Keberlanjutan dan ESG [],ICBP,https://www.idx.co.id/StaticData/NewsAndAnnouncement/ANNOUNCEMENTSTOCK/From_EREP/202504/c30ce4a03e_20fd6ee648.pdf,AnnualReport2024-ICBP-att1.pdf,https://www.idx.co.id/StaticData/NewsAndAnnouncement/ANNOUNCEMENTSTOCK/From_EREP/202504/d1bbf19d4c_2dcc3df217.pdf,AnnualReport2024-ICBP-att2.pdf,,,,,,,,,,,,,,,,,,,,,,,,,,,,,,,,,,,,,,,,,,,,
"30 Apr 2025
					19:30:45",https://www.idx.co.id/StaticData/NewsAndAnnouncement/ANNOUNCEMENTSTOCK/From_EREP/202504/20250430204110-51953-0/FinancialStatement-2025-I-ICBP.pdf,Penyampaian Laporan Keuangan Interim Yang Tidak Diaudit [],ICBP,https://www.idx.co.id/StaticData/NewsAndAnnouncement/ANNOUNCEMENTSTOCK/From_EREP/202504/20250430204110-51953-0/FinancialStatement-2025-I-ICBP.xlsx,FinancialStatement-2025-I-ICBP.xlsx,https://www.idx.co.id/StaticData/NewsAndAnnouncement/ANNOUNCEMENTSTOCK/From_EREP/202504/20250430204110-51953-0/Icbp_billingual_31_Mar_25.pdf,Icbp_billingual_31_Mar_25.pdf,https://www.idx.co.id/StaticData/NewsAndAnnouncement/ANNOUNCEMENTSTOCK/From_EREP/202504/20250430204110-51953-0/ICBP_Surat%20Pengantar%20XBRL%201Q25.pdf,ICBP_Surat Pengantar XBRL 1Q25.pdf,,,,,,,,,,,,,,,,,,,,,,,,,,,,,,,,,,,,,,,,,,
"30 Apr 2025
					19:42:59",https://www.idx.co.id/StaticData/NewsAndAnnouncement/ANNOUNCEMENTSTOCK/From_EREP/202504/646b25646a_2d8b272d02.pdf,Penyampaian Siaran Pers Kinerja Keuangan PT Indofood CBP Sukses Makmur Tbk untuk Periode yang Berakhir pada Tanggal 31 Maret 2025 [],ICBP,https://www.idx.co.id/StaticData/NewsAndAnnouncement/ANNOUNCEMENTSTOCK/From_EREP/202504/5834375846_87a1c8afbb.pdf,20250424_ICBP_Laporan Informasi dan Fakta Material_31877795_lamp1.pdf,,,,,,,,,,,,,,,,,,,,,,,,,,,,,,,,,,,,,,,,,,,,,,
"08 Apr 2025
					15:07:56",https://www.idx.co.id/StaticData/NewsAndAnnouncement/ANNOUNCEMENTSTOCK/From_EREP/202504/61bd174e4c_55c9fe92a6.pdf,Penandatanganan Perjanjian Jasa Pertambangan: Jasa Penambangan dan Pengangkutan Material Bijih Nikel Bahodopi Blok 2&3 [],INCO,https://www.idx.co.id/StaticData/NewsAndAnnouncement/ANNOUNCEMENTSTOCK/From_EREP/202504/8874c9f97d_82dace9390.pdf,20250408_INCO_Laporan Informasi dan Fakta Material_31873095_lamp1.pdf,,,,,,,,,,,,,,,,,,,,,,,,,,,,,,,,,,,,,,,,,,,,,,
"09 Apr 2025
					18:04:15",https://www.idx.co.id/StaticData/NewsAndAnnouncement/ANNOUNCEMENTSTOCK/From_EREP/202504/3d8f7ed08d_83fe87dc57.pdf,Pemberitahuan Rencana Rapat Umum Pemegang Saham Tahunan [],INCO,https://www.idx.co.id/StaticData/NewsAndAnnouncement/ANNOUNCEMENTSTOCK/From_EREP/202504/e68f7af9fb_79c71ccf09.pdf,20250409_INCO_Pengumuman RUPS_31874184_lamp1.pdf,,,,,,,,,,,,,,,,,,,,,,,,,,,,,,,,,,,,,,,,,,,,,,
"09 Apr 2025
					21:14:41",https://www.idx.co.id/StaticData/NewsAndAnnouncement/ANNOUNCEMENTSTOCK/From_EREP/202404/20250409212034-51911-0/FinancialStatement-2024-Tahunan-INCO.pdf,Penyampaian Laporan Keuangan Tahunan (KOREKSI) [],INCO,https://www.idx.co.id/StaticData/NewsAndAnnouncement/ANNOUNCEMENTSTOCK/From_EREP/202404/20250409212034-51911-0/2024%20FS.pdf,2024 FS.pdf,https://www.idx.co.id/StaticData/NewsAndAnnouncement/ANNOUNCEMENTSTOCK/From_EREP/202404/20250409212034-51911-0/FinancialStatement-2024-Tahunan-INCO.xlsx,FinancialStatement-2024-Tahunan-INCO.xlsx,https://www.idx.co.id/StaticData/NewsAndAnnouncement/ANNOUNCEMENTSTOCK/From_EREP/202404/20250409212034-51911-0/inlineXBRL.zip,inlineXBRL.zip,,,,,,,,,,,,,,,,,,,,,,,,,,,,,,,,,,,,,,,,,,
"10 Apr 2025
					09:40:02",https://www.idx.co.id/StaticData/NewsAndAnnouncement/ANNOUNCEMENTSTOCK/From_EREP/202504/e4c78453c9_ce114507ec.pdf,Penyampaian Bukti Iklan Pemberitahuan RUPS [],INCO,https://www.idx.co.id/StaticData/NewsAndAnnouncement/ANNOUNCEMENTSTOCK/From_EREP/202504/3f63e6df84_7f759a02a4.pdf,20250410_INCO_Penyampaian Bukti Iklan_31874326_lamp1.pdf,,,,,,,,,,,,,,,,,,,,,,,,,,,,,,,,,,,,,,,,,,,,,,
"10 Apr 2025
					13:27:32",https://www.idx.co.id/StaticData/NewsAndAnnouncement/ANNOUNCEMENTSTOCK/From_EREP/202504/068b68b7bb_66a1ff475a.pdf,Laporan Bulanan Aktivitas Eksplorasi [],INCO,https://www.idx.co.id/StaticData/NewsAndAnnouncement/ANNOUNCEMENTSTOCK/From_EREP/202504/75e01d27b0_237609d142.pdf,20250410_INCO_Laporan Bulanan Aktivitas Eksplorasi_31874371_lamp1.pdf,,,,,,,,,,,,,,,,,,,,,,,,,,,,,,,,,,,,,,,,,,,,,,
"10 Apr 2025
					13:28:14",https://www.idx.co.id/StaticData/NewsAndAnnouncement/ANNOUNCEMENTSTOCK/From_EREP/202504/0789ff7cba_0e50c681d4.pdf,Laporan Bulanan Registrasi Pemegang Efek [],INCO,https://www.idx.co.id/StaticData/NewsAndAnnouncement/ANNOUNCEMENTSTOCK/From_EREP/202504/6df6e0b496_d7cdf003e0.pdf,20250410_INCO_Laporan Bulanan Registrasi Pemegang Efek/Perubahan Struktur Pemegang Saham_31874403_lamp1.pdf,,,,,,,,,,,,,,,,,,,,,,,,,,,,,,,,,,,,,,,,,,,,,,
"14 Apr 2025
					20:50:34",https://www.idx.co.id/StaticData/NewsAndAnnouncement/ANNOUNCEMENTSTOCK/From_EREP/202504/2d52f59fc1_81c3b4f7e1.pdf,Laporan Bulanan Aktivitas Eksplorasi (KOREKSI) [],INCO,https://www.idx.co.id/StaticData/NewsAndAnnouncement/ANNOUNCEMENTSTOCK/From_EREP/202504/c9d204fe07_3acc24cae4.pdf,20250414_INCO_Laporan Bulanan Aktivitas Eksplorasi_31875509_lamp1.pdf,,,,,,,,,,,,,,,,,,,,,,,,,,,,,,,,,,,,,,,,,,,,,,
"23 Apr 2025
					16:53:34",https://www.idx.co.id/StaticData/NewsAndAnnouncement/ANNOUNCEMENTSTOCK/From_EREP/202504/354d49cd8a_fb9ffc77f9.pdf,Laporan Informasi atau Fakta Material [],INCO,https://www.idx.co.id/StaticData/NewsAndAnnouncement/ANNOUNCEMENTSTOCK/From_EREP/202504/5dde63aa4d_3debfa69b4.pdf,20250423_INCO_Laporan Informasi dan Fakta Material_31877463_lamp1.pdf,,,,,,,,,,,,,,,,,,,,,,,,,,,,,,,,,,,,,,,,,,,,,,
"24 Apr 2025
					13:48:12",https://www.idx.co.id/StaticData/NewsAndAnnouncement/ANNOUNCEMENTSTOCK/From_EREP/202504/79914206a9_776171a7c8.pdf,Pemanggilan Rapat Umum Pemegang Saham Tahunan [],INCO,https://www.idx.co.id/StaticData/NewsAndAnnouncement/ANNOUNCEMENTSTOCK/From_EREP/202504/b26ed6494d_b8b2331003.pdf,20250424_INCO_Pemanggilan RUPS_31877702_lamp1.pdf,,,,,,,,,,,,,,,,,,,,,,,,,,,,,,,,,,,,,,,,,,,,,,
"24 Apr 2025
					16:29:47",https://www.idx.co.id/StaticData/NewsAndAnnouncement/ANNOUNCEMENTSTOCK/From_EREP/202504/285e3767ac_ffdf31e00a.pdf,Laporan Informasi atau Fakta Material [],INCO,https://www.idx.co.id/StaticData/NewsAndAnnouncement/ANNOUNCEMENTSTOCK/From_EREP/202504/f2c0c7a1de_140165c30a.pdf,20250424_INCO_Laporan Informasi dan Fakta Material_31877818_lamp1.pdf,,,,,,,,,,,,,,,,,,,,,,,,,,,,,,,,,,,,,,,,,,,,,,
"24 Apr 2025
					21:26:06",https://www.idx.co.id/StaticData/NewsAndAnnouncement/ANNOUNCEMENTSTOCK/From_EREP/202504/59613f5fbe_a05a7dcfdd.pdf,Penyampaian Laporan Tahunan [],INCO,https://www.idx.co.id/StaticData/NewsAndAnnouncement/ANNOUNCEMENTSTOCK/From_EREP/202504/5d1976c5cc_e486fecfb4.pdf,AnnualReport2024-INCO-att1.pdf,,,,,,,,,,,,,,,,,,,,,,,,,,,,,,,,,,,,,,,,,,,,,,
"24 Apr 2025
					23:39:35",https://www.idx.co.id/StaticData/NewsAndAnnouncement/ANNOUNCEMENTSTOCK/From_EREP/202504/269725dae4_deeb6796f8.pdf,Penyampaian Laporan Keberlanjutan dan ESG [],INCO,https://www.idx.co.id/StaticData/NewsAndAnnouncement/ANNOUNCEMENTSTOCK/From_EREP/202504/12ed5b11c0_98bad69754.pdf,AnnualReport2024-INCO-att2.pdf,https://www.idx.co.id/StaticData/NewsAndAnnouncement/ANNOUNCEMENTSTOCK/From_EREP/202504/e56d42b2c7_f9f7486a7c.pdf,AnnualReport2024-INCO-att1.pdf,,,,,,,,,,,,,,,,,,,,,,,,,,,,,,,,,,,,,,,,,,,,
"24 Apr 2025
					23:48:04",https://www.idx.co.id/StaticData/NewsAndAnnouncement/ANNOUNCEMENTSTOCK/From_EREP/202504/0649a4633e_3578ee07a6.pdf,Penyampaian Bukti Iklan Panggilan RUPS [],INCO,https://www.idx.co.id/StaticData/NewsAndAnnouncement/ANNOUNCEMENTSTOCK/From_EREP/202504/b5f6478de3_e0169cdc23.pdf,20250424_INCO_Penyampaian Bukti Iklan_31877975_lamp1.pdf,,,,,,,,,,,,,,,,,,,,,,,,,,,,,,,,,,,,,,,,,,,,,,
"29 Apr 2025
					16:35:58",https://www.idx.co.id/StaticData/NewsAndAnnouncement/ANNOUNCEMENTSTOCK/From_EREP/202504/20250429165450-52569-0/FinancialStatement-2025-I-INCO.pdf,Penyampaian Laporan Keuangan Interim Yang Tidak Diaudit [],INCO,https://www.idx.co.id/StaticData/NewsAndAnnouncement/ANNOUNCEMENTSTOCK/From_EREP/202504/20250429165450-52569-0/FinancialStatement-2025-I-INCO.xlsx,FinancialStatement-2025-I-INCO.xlsx,https://www.idx.co.id/StaticData/NewsAndAnnouncement/ANNOUNCEMENTSTOCK/From_EREP/202504/20250429165450-52569-0/inlineXBRL.zip,inlineXBRL.zip,https://www.idx.co.id/StaticData/NewsAndAnnouncement/ANNOUNCEMENTSTOCK/From_EREP/202504/20250429165450-52569-0/instance.zip,instance.zip,,,,,,,,,,,,,,,,,,,,,,,,,,,,,,,,,,,,,,,,,,
"29 Apr 2025
					16:54:02",https://www.idx.co.id/StaticData/NewsAndAnnouncement/ANNOUNCEMENTSTOCK/From_EREP/202504/9c9c546570_d46012f24b.pdf,Siaran Pers Pencapaian Kinerja Keuangan untuk Triwulan Pertama Tahun 2025 [],INCO,https://www.idx.co.id/StaticData/NewsAndAnnouncement/ANNOUNCEMENTSTOCK/From_EREP/202504/1faf409261_731197a2a6.pdf,20250429_INCO_Laporan Informasi dan Fakta Material_31879305_lamp2.pdf,https://www.idx.co.id/StaticData/NewsAndAnnouncement/ANNOUNCEMENTSTOCK/From_EREP/202504/24dc2bde0b_261f37e08a.pdf,20250429_INCO_Laporan Informasi dan Fakta Material_31879305_lamp3.pdf,https://www.idx.co.id/StaticData/NewsAndAnnouncement/ANNOUNCEMENTSTOCK/From_EREP/202504/3c0b97fdd2_ac40c87717.pdf,20250429_INCO_Laporan Informasi dan Fakta Material_31879305_lamp4.pdf,,,,,,,,,,,,,,,,,,,,,,,,,,,,,,,,,,,,,,,,,,
"24 Apr 2025
					19:07:04",https://www.idx.co.id/StaticData/NewsAndAnnouncement/ANNOUNCEMENTSTOCK/Exchange/INDEKS%20Peng-00073-No.%20Peng-00073BEI.POP04-2025.pdf,"Evaluasi Indeks IDX30, LQ45, IDX80, KOMPAS100, BISNIS-27, MNC36, SMinfra18, dan IDXESGL []",INDEKS,https://www.idx.co.id/StaticData/NewsAndAnnouncement/ANNOUNCEMENTSTOCK/Exchange/No.%20Peng-00073_BEI.POP_04-2025-ID.zip,No. Peng-00073_BEI.POP_04-2025-ID.zip,,,,,,,,,,,,,,,,,,,,,,,,,,,,,,,,,,,,,,,,,,,,,,
"10 Apr 2025
					16:23:31",https://www.idx.co.id/StaticData/NewsAndAnnouncement/ANNOUNCEMENTSTOCK/From_EREP/202504/e496d79061_ad3aae7b3d.pdf,Laporan Bulanan Registrasi Pemegang Efek [],INDF,,,,,,,,,,,,,,,,,,,,,,,,,,,,,,,,,,,,,,,,,,,,,,,,
"30 Apr 2025
					17:11:09",https://www.idx.co.id/StaticData/NewsAndAnnouncement/ANNOUNCEMENTSTOCK/From_EREP/202504/553c1a3722_5731c68866.pdf,Penyampaian Laporan Tahunan & Keberlanjutan dan ESG [],INDF,https://www.idx.co.id/StaticData/NewsAndAnnouncement/ANNOUNCEMENTSTOCK/From_EREP/202504/572f99185e_9890810795.pdf,AnnualReport2024-INDF-att2.pdf,https://www.idx.co.id/StaticData/NewsAndAnnouncement/ANNOUNCEMENTSTOCK/From_EREP/202504/6d30741f38_4d918bdda7.pdf,AnnualReport2024-INDF-att1.pdf,,,,,,,,,,,,,,,,,,,,,,,,,,,,,,,,,,,,,,,,,,,,
"30 Apr 2025
					19:29:45",https://www.idx.co.id/StaticData/NewsAndAnnouncement/ANNOUNCEMENTSTOCK/From_EREP/202504/20250430202435-52488-0/FinancialStatement-2025-I-INDF.pdf,Penyampaian Laporan Keuangan Interim Yang Tidak Diaudit [],INDF,https://www.idx.co.id/StaticData/NewsAndAnnouncement/ANNOUNCEMENTSTOCK/From_EREP/202504/20250430202435-52488-0/FinancialStatement-2025-I-INDF.xlsx,FinancialStatement-2025-I-INDF.xlsx,https://www.idx.co.id/StaticData/NewsAndAnnouncement/ANNOUNCEMENTSTOCK/From_EREP/202504/20250430202435-52488-0/Indf_Billingual_31_Maret_2025_.pdf,Indf_Billingual_31_Maret_2025_.pdf,https://www.idx.co.id/StaticData/NewsAndAnnouncement/ANNOUNCEMENTSTOCK/From_EREP/202504/20250430202435-52488-0/inlineXBRL.zip,inlineXBRL.zip,,,,,,,,,,,,,,,,,,,,,,,,,,,,,,,,,,,,,,,,,,
"30 Apr 2025
					20:26:04",https://www.idx.co.id/StaticData/NewsAndAnnouncement/ANNOUNCEMENTSTOCK/From_EREP/202504/efe34458da_38d700a661.pdf,Penyampaian Siaran Pers Kinerja Keuangan PT Indofood Sukses Makmur Tbk untuk Periode yang Berakhir pada Tanggal 31 Maret 2025 [],INDF,https://www.idx.co.id/StaticData/NewsAndAnnouncement/ANNOUNCEMENTSTOCK/From_EREP/202504/ea30fca63f_a1ca1465b7.pdf,20250429_INDF_Laporan Informasi dan Fakta Material_31879447_lamp1.pdf,,,,,,,,,,,,,,,,,,,,,,,,,,,,,,,,,,,,,,,,,,,,,,
"07 Apr 2025
					12:22:25",https://www.idx.co.id/StaticData/NewsAndAnnouncement/ANNOUNCEMENTSTOCK/From_EREP/202504/3b1aca9819_206273d78c.pdf,Laporan Bulanan Registrasi Pemegang Efek [],INKP,https://www.idx.co.id/StaticData/NewsAndAnnouncement/ANNOUNCEMENTSTOCK/From_EREP/202504/b1d18be6f0_6563903856.pdf,20250407_INKP_Laporan Bulanan Registrasi Pemegang Efek/Perubahan Struktur Pemegang Saham_31872555_lamp1.pdf,,,,,,,,,,,,,,,,,,,,,,,,,,,,,,,,,,,,,,,,,,,,,,
"11 Apr 2025
					15:04:15",https://www.idx.co.id/StaticData/NewsAndAnnouncement/ANNOUNCEMENTSTOCK/From_EREP/202504/332d5c4fc2_bdeef422a3.pdf,Jatuh Tempo Obligasi / Sukuk Korporasi [],INKP,https://www.idx.co.id/StaticData/NewsAndAnnouncement/ANNOUNCEMENTSTOCK/From_EREP/202504/144c105219_dd72ed8f05.pdf,20250411_INKP_Pengumuman Jatuh Tempo Obligasi dan Sukuk_31874861_lamp5.pdf,https://www.idx.co.id/StaticData/NewsAndAnnouncement/ANNOUNCEMENTSTOCK/From_EREP/202504/bde41a5569_2ed6840aca.pdf,20250411_INKP_Pengumuman Jatuh Tempo Obligasi dan Sukuk_31874861_lamp3.pdf,https://www.idx.co.id/StaticData/NewsAndAnnouncement/ANNOUNCEMENTSTOCK/From_EREP/202504/c1059c1066_0ed28da73e.pdf,20250411_INKP_Pengumuman Jatuh Tempo Obligasi dan Sukuk_31874861_lamp1.pdf,,,,,,,,,,,,,,,,,,,,,,,,,,,,,,,,,,,,,,,,,,
"15 Apr 2025
					12:01:23",https://www.idx.co.id/StaticData/NewsAndAnnouncement/ANNOUNCEMENTSTOCK/From_EREP/202504/2ee6bf07a6_9006dc785f.pdf,"Pelunasan Obligasi, Sukuk Mudharabah dan Obligasi USD []",INKP,https://www.idx.co.id/StaticData/NewsAndAnnouncement/ANNOUNCEMENTSTOCK/From_EREP/202504/caa873ac3b_d511e55fc8.pdf,20250414_INKP_Laporan Informasi dan Fakta Material_31875212_lamp1.pdf,,,,,,,,,,,,,,,,,,,,,,,,,,,,,,,,,,,,,,,,,,,,,,
"21 Apr 2025
					17:29:47",https://www.idx.co.id/StaticData/NewsAndAnnouncement/ANNOUNCEMENTSTOCK/From_EREP/202504/7478c3e826_1a651d6dc5.pdf,Informasi Pelunasan Efek [],INKP,https://www.idx.co.id/StaticData/NewsAndAnnouncement/ANNOUNCEMENTSTOCK/From_EREP/202504/9192072a1f_ce4895c26d.pdf,20250421_INKP_Pembayaran Kupon/Bagi Hasil/Ijarah/Pokok_31876768_lamp1.pdf,,,,,,,,,,,,,,,,,,,,,,,,,,,,,,,,,,,,,,,,,,,,,,
"21 Apr 2025
					17:33:23",https://www.idx.co.id/StaticData/NewsAndAnnouncement/ANNOUNCEMENTSTOCK/From_EREP/202504/07bd5a4e78_6fe0058d56.pdf,Informasi Pelunasan Efek [],INKP,https://www.idx.co.id/StaticData/NewsAndAnnouncement/ANNOUNCEMENTSTOCK/From_EREP/202504/f9f80c9b4b_72c6c550bc.pdf,20250421_INKP_Pembayaran Kupon/Bagi Hasil/Ijarah/Pokok_31876769_lamp1.pdf,,,,,,,,,,,,,,,,,,,,,,,,,,,,,,,,,,,,,,,,,,,,,,
"30 Apr 2025
					16:12:20",https://www.idx.co.id/StaticData/NewsAndAnnouncement/ANNOUNCEMENTSTOCK/From_EREP/202504/20250430163958-52887-0/FinancialStatement-2025-I-INKP.pdf,Penyampaian Laporan Keuangan Interim Yang Tidak Diaudit [],INKP,https://www.idx.co.id/StaticData/NewsAndAnnouncement/ANNOUNCEMENTSTOCK/From_EREP/202504/20250430163958-52887-0/027%20IK-Laporan%20Keuangan%2031%20Maret%202025.pdf,027 IK-Laporan Keuangan 31 Maret 2025.pdf,https://www.idx.co.id/StaticData/NewsAndAnnouncement/ANNOUNCEMENTSTOCK/From_EREP/202504/20250430163958-52887-0/Director.statement%200325.pdf,Director.statement 0325.pdf,https://www.idx.co.id/StaticData/NewsAndAnnouncement/ANNOUNCEMENTSTOCK/From_EREP/202504/20250430163958-52887-0/FinancialStatement-2025-I-INKP.xlsx,FinancialStatement-2025-I-INKP.xlsx,,,,,,,,,,,,,,,,,,,,,,,,,,,,,,,,,,,,,,,,,,
"30 Apr 2025
					19:18:22",https://www.idx.co.id/StaticData/NewsAndAnnouncement/ANNOUNCEMENTSTOCK/From_EREP/202504/7f5d2cbb98_192ed05cc2.pdf,Penyampaian Laporan Tahunan & Keberlanjutan dan ESG [],INKP,https://www.idx.co.id/StaticData/NewsAndAnnouncement/ANNOUNCEMENTSTOCK/From_EREP/202504/9817297bbb_334228cdd7.pdf,AnnualReport2024-INKP-att2.pdf,https://www.idx.co.id/StaticData/NewsAndAnnouncement/ANNOUNCEMENTSTOCK/From_EREP/202504/c77bd99e5e_9f1a486201.pdf,AnnualReport2024-INKP-att1.pdf,https://www.idx.co.id/StaticData/NewsAndAnnouncement/ANNOUNCEMENTSTOCK/From_EREP/202504/dc13c23b66_83a7191f33.pdf,AnnualReport2024-INKP-att3.pdf,,,,,,,,,,,,,,,,,,,,,,,,,,,,,,,,,,,,,,,,,,
"10 Apr 2025
					15:25:43",https://www.idx.co.id/StaticData/NewsAndAnnouncement/ANNOUNCEMENTSTOCK/From_EREP/202504/6691cfcd5f_6330b5bac1.pdf,Kesiapan Dana Jatuh Tempo Obligasi [],ISAT,https://www.idx.co.id/StaticData/NewsAndAnnouncement/ANNOUNCEMENTSTOCK/From_EREP/202504/558948a3b6_3d3fa76780.pdf,20250410_ISAT_Laporan Informasi dan Fakta Material_31874588_lamp1.pdf,,,,,,,,,,,,,,,,,,,,,,,,,,,,,,,,,,,,,,,,,,,,,,
"10 Apr 2025
					16:06:57",https://www.idx.co.id/StaticData/NewsAndAnnouncement/ANNOUNCEMENTSTOCK/From_EREP/202504/2500beb0c0_37a20a2133.pdf,Laporan Kepemilikan atau Setiap Perubahan Kepemilikan Saham Perusahaan Terbuka [],ISAT,https://www.idx.co.id/StaticData/NewsAndAnnouncement/ANNOUNCEMENTSTOCK/From_EREP/202504/2305729f66_02421d0e27.pdf,20250410_ISAT_Laporan Kepemilikan atau Setiap Perubahan Kepemilikan Saham Perusahaan Terbuka_31874629_lamp1.pdf,,,,,,,,,,,,,,,,,,,,,,,,,,,,,,,,,,,,,,,,,,,,,,
"10 Apr 2025
					16:49:31",https://www.idx.co.id/StaticData/NewsAndAnnouncement/ANNOUNCEMENTSTOCK/From_EREP/202504/c209f0f14b_ff1a224ce5.pdf,Laporan Bulanan Registrasi Pemegang Efek [],ISAT,https://www.idx.co.id/StaticData/NewsAndAnnouncement/ANNOUNCEMENTSTOCK/From_EREP/202504/80bb63b718_880cff2f2d.pdf,20250410_ISAT_Laporan Bulanan Registrasi Pemegang Efek/Perubahan Struktur Pemegang Saham_31874656_lamp1.pdf,https://www.idx.co.id/StaticData/NewsAndAnnouncement/ANNOUNCEMENTSTOCK/From_EREP/202504/fcb1ee819f_cb6a575394.pdf,20250410_ISAT_Laporan Bulanan Registrasi Pemegang Efek/Perubahan Struktur Pemegang Saham_31874656_lamp2.pdf,,,,,,,,,,,,,,,,,,,,,,,,,,,,,,,,,,,,,,,,,,,,
"14 Apr 2025
					20:26:14",https://www.idx.co.id/StaticData/NewsAndAnnouncement/ANNOUNCEMENTSTOCK/From_EREP/202504/898d0401e4_a46773ee64.pdf,Pemberitahuan Rencana Rapat Umum Pemegang Saham Tahunan [],ISAT,https://www.idx.co.id/StaticData/NewsAndAnnouncement/ANNOUNCEMENTSTOCK/From_EREP/202504/a34f4c5158_80db0a491f.pdf,20250414_ISAT_Pengumuman RUPS_31875394_lamp1.pdf,,,,,,,,,,,,,,,,,,,,,,,,,,,,,,,,,,,,,,,,,,,,,,
"14 Apr 2025
					20:30:13",https://www.idx.co.id/StaticData/NewsAndAnnouncement/ANNOUNCEMENTSTOCK/From_EREP/202504/22c88f48e8_815a9c9925.pdf,Rencana Transaksi Perubahan Kegiatan Usaha [],ISAT,https://www.idx.co.id/StaticData/NewsAndAnnouncement/ANNOUNCEMENTSTOCK/From_EREP/202504/84535998ff_4664f34743.pdf,20250414_ISAT_Rencana Transaksi Perubahan Kegiatan Usaha_31875402_lamp2.pdf,https://www.idx.co.id/StaticData/NewsAndAnnouncement/ANNOUNCEMENTSTOCK/From_EREP/202504/e712430d8e_7418590285.pdf,20250414_ISAT_Rencana Transaksi Perubahan Kegiatan Usaha_31875402_lamp1.pdf,,,,,,,,,,,,,,,,,,,,,,,,,,,,,,,,,,,,,,,,,,,,
"25 Apr 2025
					17:44:55",https://www.idx.co.id/StaticData/NewsAndAnnouncement/ANNOUNCEMENTSTOCK/From_EREP/202504/f96149333c_ffca8d7784.pdf,Penyampaian Laporan Tahunan [],ISAT,https://www.idx.co.id/StaticData/NewsAndAnnouncement/ANNOUNCEMENTSTOCK/From_EREP/202504/ae23a05722_4ea104a936.pdf,AnnualReport2024-ISAT-att1.pdf,,,,,,,,,,,,,,,,,,,,,,,,,,,,,,,,,,,,,,,,,,,,,,
"25 Apr 2025
					19:41:37",https://www.idx.co.id/StaticData/NewsAndAnnouncement/ANNOUNCEMENTSTOCK/From_EREP/202504/708b005925_6e98f8ad16.pdf,Penyampaian Laporan Keberlanjutan dan ESG [],ISAT,https://www.idx.co.id/StaticData/NewsAndAnnouncement/ANNOUNCEMENTSTOCK/From_EREP/202504/968e2c9c13_d86fb58ad4.pdf,AnnualReport2024-ISAT-att1.pdf,,,,,,,,,,,,,,,,,,,,,,,,,,,,,,,,,,,,,,,,,,,,,,
"29 Apr 2025
					19:47:02",https://www.idx.co.id/StaticData/NewsAndAnnouncement/ANNOUNCEMENTSTOCK/From_EREP/202504/69412282e5_a6303d552a.pdf,Pemanggilan Rapat Umum Pemegang Saham Tahunan [],ISAT,https://www.idx.co.id/StaticData/NewsAndAnnouncement/ANNOUNCEMENTSTOCK/From_EREP/202504/ff0af0cbf9_d39f3772ae.pdf,20250429_ISAT_Pemanggilan RUPS_31879271_lamp1.pdf,https://www.idx.co.id/StaticData/NewsAndAnnouncement/ANNOUNCEMENTSTOCK/From_EREP/202504/ff55c4508c_a4c0911557.pdf,20250429_ISAT_Pemanggilan RUPS_31879271_lamp2.pdf,,,,,,,,,,,,,,,,,,,,,,,,,,,,,,,,,,,,,,,,,,,,
"30 Apr 2025
					12:25:33",https://www.idx.co.id/StaticData/NewsAndAnnouncement/ANNOUNCEMENTSTOCK/From_EREP/202504/47361ec58c_448d726a13.pdf,Penyampaian Laporan Keuangan [],ISAT,https://www.idx.co.id/StaticData/NewsAndAnnouncement/ANNOUNCEMENTSTOCK/From_EREP/202504/032bf1c7f4_da860fe818.pdf,20250430_ISAT_Laporan Informasi dan Fakta Material_31879800_lamp1.pdf,https://www.idx.co.id/StaticData/NewsAndAnnouncement/ANNOUNCEMENTSTOCK/From_EREP/202504/9db498a5d3_dec7f3a99d.pdf,20250430_ISAT_Laporan Informasi dan Fakta Material_31879800_lamp2.pdf,,,,,,,,,,,,,,,,,,,,,,,,,,,,,,,,,,,,,,,,,,,,
"07 Apr 2025
					16:44:44",https://www.idx.co.id/StaticData/NewsAndAnnouncement/ANNOUNCEMENTSTOCK/From_EREP/202504/3a6e0cdd50_2f02a3aed7.pdf,Laporan Bulanan Registrasi Pemegang Efek [],ITMG,https://www.idx.co.id/StaticData/NewsAndAnnouncement/ANNOUNCEMENTSTOCK/From_EREP/202504/ac160c6c1b_5c5cb12475.pdf,20250407_ITMG_Laporan Bulanan Registrasi Pemegang Efek/Perubahan Struktur Pemegang Saham_31872675_lamp1.pdf,https://www.idx.co.id/StaticData/NewsAndAnnouncement/ANNOUNCEMENTSTOCK/From_EREP/202504/eccf43db6d_c5f098f281.pdf,20250407_ITMG_Laporan Bulanan Registrasi Pemegang Efek/Perubahan Struktur Pemegang Saham_31872675_lamp2.pdf,,,,,,,,,,,,,,,,,,,,,,,,,,,,,,,,,,,,,,,,,,,,
"10 Apr 2025
					18:55:45",https://www.idx.co.id/StaticData/NewsAndAnnouncement/ANNOUNCEMENTSTOCK/From_EREP/202504/9bff6f837a_77674bf41f.pdf,Perubahan Komite Audit [],ITMG,https://www.idx.co.id/StaticData/NewsAndAnnouncement/ANNOUNCEMENTSTOCK/From_EREP/202504/01b3a1e1c3_a734a233e4.pdf,20250410_ITMG_Perubahan Corsec Komite Audit Alamat NPWP Internal Audit_31874769_lamp1.pdf,,,,,,,,,,,,,,,,,,,,,,,,,,,,,,,,,,,,,,,,,,,,,,
"10 Apr 2025
					18:56:19",https://www.idx.co.id/StaticData/NewsAndAnnouncement/ANNOUNCEMENTSTOCK/From_EREP/202504/c79e59bf19_ac88466f3e.pdf,Laporan Bulanan Aktivitas Eksplorasi [],ITMG,https://www.idx.co.id/StaticData/NewsAndAnnouncement/ANNOUNCEMENTSTOCK/From_EREP/202504/80d9cb3eed_b22264a3bf.pdf,20250410_ITMG_Laporan Bulanan Aktivitas Eksplorasi_31874742_lamp1.pdf,,,,,,,,,,,,,,,,,,,,,,,,,,,,,,,,,,,,,,,,,,,,,,
"10 Apr 2025
					23:17:17",https://www.idx.co.id/StaticData/NewsAndAnnouncement/ANNOUNCEMENTSTOCK/From_EREP/202504/6f0f384e1e_16f4c75358.pdf,Ringkasan Risalah Rapat Umum Para Pemegang Saham Tahunan [],ITMG,https://www.idx.co.id/StaticData/NewsAndAnnouncement/ANNOUNCEMENTSTOCK/From_EREP/202504/3fab7cb461_e093c6a40a.pdf,20250410_ITMG_Ringkasan Risalah/Risalah RUPS_31874765_lamp2.pdf,https://www.idx.co.id/StaticData/NewsAndAnnouncement/ANNOUNCEMENTSTOCK/From_EREP/202504/bc1987938a_21e1d45550.pdf,20250410_ITMG_Ringkasan Risalah/Risalah RUPS_31874765_lamp1.pdf,,,,,,,,,,,,,,,,,,,,,,,,,,,,,,,,,,,,,,,,,,,,
"11 Apr 2025
					14:46:53",https://www.idx.co.id/StaticData/NewsAndAnnouncement/ANNOUNCEMENTSTOCK/From_EREP/202504/9b460e4510_2799cc63b0.pdf,Penyampaian Bukti Iklan Hasil RUPS [],ITMG,https://www.idx.co.id/StaticData/NewsAndAnnouncement/ANNOUNCEMENTSTOCK/From_EREP/202504/a5a993b463_5b3ef405ee.pdf,20250411_ITMG_Penyampaian Bukti Iklan_31874852_lamp1.pdf,,,,,,,,,,,,,,,,,,,,,,,,,,,,,,,,,,,,,,,,,,,,,,
"11 Apr 2025
					19:44:04",https://www.idx.co.id/StaticData/NewsAndAnnouncement/ANNOUNCEMENTSTOCK/From_EREP/202504/82472e425a_06dfb6a6f0.pdf,Keterbukaan Informasi terkait Aksi Korporasi - Dividen Tunai - 11042025 [],ITMG,https://www.idx.co.id/StaticData/NewsAndAnnouncement/ANNOUNCEMENTSTOCK/From_EREP/202504/7341c3184c_bb0631b0c3.pdf,20250411_ITMG_Keterbukaan Informasi terkait Aksi Korporasi_31874980_lamp1.pdf,https://www.idx.co.id/StaticData/NewsAndAnnouncement/ANNOUNCEMENTSTOCK/From_EREP/202504/83583cd251_c5326567f1.pdf,20250411_ITMG_Keterbukaan Informasi terkait Aksi Korporasi_31874980_lamp2.pdf,,,,,,,,,,,,,,,,,,,,,,,,,,,,,,,,,,,,,,,,,,,,
"24 Apr 2025
					13:58:43",https://www.idx.co.id/StaticData/NewsAndAnnouncement/ANNOUNCEMENTSTOCK/From_EREP/202504/c099b773e4_9a459ebd3c.pdf,Rencana Penyampaian Laporan Keuangan Kuartal I 2025 Ditelaah secara terbatas [],ITMG,https://www.idx.co.id/StaticData/NewsAndAnnouncement/ANNOUNCEMENTSTOCK/From_EREP/202504/8ef0fa6cc0_702a1e7c35.pdf,20250424_ITMG_Rencana Penyampaian Laporan Keuangan_31877667_lamp1.pdf,,,,,,,,,,,,,,,,,,,,,,,,,,,,,,,,,,,,,,,,,,,,,,
"10 Apr 2025
					16:50:53",https://www.idx.co.id/StaticData/NewsAndAnnouncement/ANNOUNCEMENTSTOCK/From_EREP/202504/c9542063f1_8a7a0711ce.pdf,Laporan Bulanan Registrasi Pemegang Efek [],JPFA,https://www.idx.co.id/StaticData/NewsAndAnnouncement/ANNOUNCEMENTSTOCK/From_EREP/202504/175a6e7196_b2755e2292.pdf,20250410_JPFA_Laporan Bulanan Registrasi Pemegang Efek/Perubahan Struktur Pemegang Saham_31874673_lamp2.pdf,https://www.idx.co.id/StaticData/NewsAndAnnouncement/ANNOUNCEMENTSTOCK/From_EREP/202504/e1721356d3_1ca9d1b7be.pdf,20250410_JPFA_Laporan Bulanan Registrasi Pemegang Efek/Perubahan Struktur Pemegang Saham_31874673_lamp1.pdf,,,,,,,,,,,,,,,,,,,,,,,,,,,,,,,,,,,,,,,,,,,,
"10 Apr 2025
					17:33:00",https://www.idx.co.id/StaticData/NewsAndAnnouncement/ANNOUNCEMENTSTOCK/From_EREP/202504/eb524e5062_3fdc5e077b.pdf,Ringkasan Risalah Rapat Umum Pemegang Saham [],JPFA,https://www.idx.co.id/StaticData/NewsAndAnnouncement/ANNOUNCEMENTSTOCK/From_EREP/202504/6a4d7bb5b1_3e57d9e12a.pdf,20250410_JPFA_Laporan Informasi dan Fakta Material_31874724_lamp1.pdf,https://www.idx.co.id/StaticData/NewsAndAnnouncement/ANNOUNCEMENTSTOCK/From_EREP/202504/a918fa8501_b900db9db7.pdf,20250410_JPFA_Laporan Informasi dan Fakta Material_31874724_lamp4.pdf,https://www.idx.co.id/StaticData/NewsAndAnnouncement/ANNOUNCEMENTSTOCK/From_EREP/202504/d5a6889d00_6f52801d2d.pdf,20250410_JPFA_Laporan Informasi dan Fakta Material_31874724_lamp2.pdf,,,,,,,,,,,,,,,,,,,,,,,,,,,,,,,,,,,,,,,,,,
"10 Apr 2025
					17:38:06",https://www.idx.co.id/StaticData/NewsAndAnnouncement/ANNOUNCEMENTSTOCK/From_EREP/202504/17391496ac_17dd187676.pdf,Perubahan Pengurus [],JPFA,,,,,,,,,,,,,,,,,,,,,,,,,,,,,,,,,,,,,,,,,,,,,,,,
"10 Apr 2025
					18:16:10",https://www.idx.co.id/StaticData/NewsAndAnnouncement/ANNOUNCEMENTSTOCK/From_EREP/202504/c126389b3c_2bcc113259.pdf,Ringkasan Risalah Rapat Umum Para Pemegang Saham Tahunan dan Luar Biasa [],JPFA,https://www.idx.co.id/StaticData/NewsAndAnnouncement/ANNOUNCEMENTSTOCK/From_EREP/202504/3bcc26a51a_1cc75c51cc.pdf,20250410_JPFA_Ringkasan Risalah/Risalah RUPS_31874761_lamp4.pdf,https://www.idx.co.id/StaticData/NewsAndAnnouncement/ANNOUNCEMENTSTOCK/From_EREP/202504/6c74cfaceb_3a8f1fe1cc.pdf,20250410_JPFA_Ringkasan Risalah/Risalah RUPS_31874761_lamp2.pdf,https://www.idx.co.id/StaticData/NewsAndAnnouncement/ANNOUNCEMENTSTOCK/From_EREP/202504/c7afdce58b_d16448cacc.pdf,20250410_JPFA_Ringkasan Risalah/Risalah RUPS_31874761_lamp3.pdf,,,,,,,,,,,,,,,,,,,,,,,,,,,,,,,,,,,,,,,,,,
"11 Apr 2025
					16:39:55",https://www.idx.co.id/StaticData/NewsAndAnnouncement/ANNOUNCEMENTSTOCK/From_EREP/202504/3337317ded_3a7bd45fcc.pdf,Penyampaian Bukti Iklan Hasil RUPS [],JPFA,https://www.idx.co.id/StaticData/NewsAndAnnouncement/ANNOUNCEMENTSTOCK/From_EREP/202504/04e5e78a7f_630c8ac68f.pdf,20250411_JPFA_Penyampaian Bukti Iklan_31875020_lamp1.pdf,,,,,,,,,,,,,,,,,,,,,,,,,,,,,,,,,,,,,,,,,,,,,,
"11 Apr 2025
					16:49:46",https://www.idx.co.id/StaticData/NewsAndAnnouncement/ANNOUNCEMENTSTOCK/From_EREP/202504/23bc22053e_cf79832dad.pdf,Keterbukaan Informasi terkait Aksi Korporasi - Dividen Tunai - 11042025 [],JPFA,https://www.idx.co.id/StaticData/NewsAndAnnouncement/ANNOUNCEMENTSTOCK/From_EREP/202504/40fb7dc3fc_0ccba074e4.pdf,20250411_JPFA_Keterbukaan Informasi terkait Aksi Korporasi_31875028_lamp1.pdf,,,,,,,,,,,,,,,,,,,,,,,,,,,,,,,,,,,,,,,,,,,,,,
"30 Apr 2025
					17:15:41",https://www.idx.co.id/StaticData/NewsAndAnnouncement/ANNOUNCEMENTSTOCK/From_EREP/202504/20250430180329-52252-0/FinancialStatement-2025-I-JPFA.pdf,Penyampaian Laporan Keuangan Interim Yang Tidak Diaudit [],JPFA,https://www.idx.co.id/StaticData/NewsAndAnnouncement/ANNOUNCEMENTSTOCK/From_EREP/202504/20250430180329-52252-0/FinancialStatement-2025-I-JPFA.xlsx,FinancialStatement-2025-I-JPFA.xlsx,https://www.idx.co.id/StaticData/NewsAndAnnouncement/ANNOUNCEMENTSTOCK/From_EREP/202504/20250430180329-52252-0/inlineXBRL.zip,inlineXBRL.zip,https://www.idx.co.id/StaticData/NewsAndAnnouncement/ANNOUNCEMENTSTOCK/From_EREP/202504/20250430180329-52252-0/instance.zip,instance.zip,,,,,,,,,,,,,,,,,,,,,,,,,,,,,,,,,,,,,,,,,,
"08 Apr 2025
					13:37:24",https://www.idx.co.id/StaticData/NewsAndAnnouncement/ANNOUNCEMENTSTOCK/From_EREP/202504/13ac2df208_7004d226fd.pdf,Laporan Bulanan Registrasi Pemegang Efek [],JSMR,https://www.idx.co.id/StaticData/NewsAndAnnouncement/ANNOUNCEMENTSTOCK/From_EREP/202504/0ad8375bed_4e3e7ae557.pdf,20250408_JSMR_Laporan Bulanan Registrasi Pemegang Efek/Perubahan Struktur Pemegang Saham_31872955_lamp3.pdf,https://www.idx.co.id/StaticData/NewsAndAnnouncement/ANNOUNCEMENTSTOCK/From_EREP/202504/80fd34b891_fa379be3e9.pdf,20250408_JSMR_Laporan Bulanan Registrasi Pemegang Efek/Perubahan Struktur Pemegang Saham_31872955_lamp4.pdf,https://www.idx.co.id/StaticData/NewsAndAnnouncement/ANNOUNCEMENTSTOCK/From_EREP/202504/8da106dff3_2d1d1091a1.pdf,20250408_JSMR_Laporan Bulanan Registrasi Pemegang Efek/Perubahan Struktur Pemegang Saham_31872955_lamp1.pdf,,,,,,,,,,,,,,,,,,,,,,,,,,,,,,,,,,,,,,,,,,
"09 Apr 2025
					17:45:22",https://www.idx.co.id/StaticData/NewsAndAnnouncement/ANNOUNCEMENTSTOCK/From_EREP/202504/f4ca003a2b_42c39941cb.pdf,Laporan Kepemilikan atau Setiap Perubahan Kepemilikan Saham Perusahaan Terbuka (KOREKSI) [],JSMR,https://www.idx.co.id/StaticData/NewsAndAnnouncement/ANNOUNCEMENTSTOCK/From_EREP/202504/6df28d2154_a1cdf45277.pdf,20250409_JSMR_Laporan Kepemilikan atau Setiap Perubahan Kepemilikan Saham Perusahaan Terbuka_31874166_lamp2.pdf,https://www.idx.co.id/StaticData/NewsAndAnnouncement/ANNOUNCEMENTSTOCK/From_EREP/202504/b3a501ccf4_6a48dfd7be.pdf,20250409_JSMR_Laporan Kepemilikan atau Setiap Perubahan Kepemilikan Saham Perusahaan Terbuka_31874166_lamp1.pdf,,,,,,,,,,,,,,,,,,,,,,,,,,,,,,,,,,,,,,,,,,,,
"09 Apr 2025
					17:49:52",https://www.idx.co.id/StaticData/NewsAndAnnouncement/ANNOUNCEMENTSTOCK/From_EREP/202504/a088066a2d_50e3e05417.pdf,Laporan Kepemilikan atau Setiap Perubahan Kepemilikan Saham Perusahaan Terbuka (KOREKSI) [],JSMR,https://www.idx.co.id/StaticData/NewsAndAnnouncement/ANNOUNCEMENTSTOCK/From_EREP/202504/7077962da3_50058b0443.pdf,20250409_JSMR_Laporan Kepemilikan atau Setiap Perubahan Kepemilikan Saham Perusahaan Terbuka_31874167_lamp2.pdf,https://www.idx.co.id/StaticData/NewsAndAnnouncement/ANNOUNCEMENTSTOCK/From_EREP/202504/7ae117f3f7_211605f02c.pdf,20250409_JSMR_Laporan Kepemilikan atau Setiap Perubahan Kepemilikan Saham Perusahaan Terbuka_31874167_lamp1.pdf,,,,,,,,,,,,,,,,,,,,,,,,,,,,,,,,,,,,,,,,,,,,
"10 Apr 2025
					18:18:19",https://www.idx.co.id/StaticData/NewsAndAnnouncement/ANNOUNCEMENTSTOCK/From_EREP/202504/c3c1a59d53_ee1ce57e84.pdf,Laporan Bulanan Registrasi Pemegang Efek [],JSMR,https://www.idx.co.id/StaticData/NewsAndAnnouncement/ANNOUNCEMENTSTOCK/From_EREP/202504/0a4db2e7d1_d77117c9dc.pdf,20250410_JSMR_Laporan Bulanan Registrasi Pemegang Efek/Perubahan Struktur Pemegang Saham_31874762_lamp1.pdf,,,,,,,,,,,,,,,,,,,,,,,,,,,,,,,,,,,,,,,,,,,,,,
"15 Apr 2025
					11:45:48",https://www.idx.co.id/StaticData/NewsAndAnnouncement/ANNOUNCEMENTSTOCK/From_EREP/202504/5d710400ea_68d8da8763.pdf,Penyampaian Laporan Tahunan [],JSMR,https://www.idx.co.id/StaticData/NewsAndAnnouncement/ANNOUNCEMENTSTOCK/From_EREP/202504/1b0ead0871_bf95750f17.pdf,AnnualReport2024-JSMR-att2.pdf,https://www.idx.co.id/StaticData/NewsAndAnnouncement/ANNOUNCEMENTSTOCK/From_EREP/202504/66927026e4_d52eed740e.pdf,AnnualReport2024-JSMR-att1.pdf,,,,,,,,,,,,,,,,,,,,,,,,,,,,,,,,,,,,,,,,,,,,
"15 Apr 2025
					14:31:57",https://www.idx.co.id/StaticData/NewsAndAnnouncement/ANNOUNCEMENTSTOCK/From_EREP/202504/b09a44f840_24c62866da.pdf,Pemanggilan Rapat Umum Pemegang Saham Tahunan [],JSMR,https://www.idx.co.id/StaticData/NewsAndAnnouncement/ANNOUNCEMENTSTOCK/From_EREP/202504/dd2bfb0ea5_2523455880.pdf,20250415_JSMR_Pemanggilan RUPS_31875665_lamp1.pdf,,,,,,,,,,,,,,,,,,,,,,,,,,,,,,,,,,,,,,,,,,,,,,
"15 Apr 2025
					19:56:31",https://www.idx.co.id/StaticData/NewsAndAnnouncement/ANNOUNCEMENTSTOCK/From_EREP/202504/8e9292255e_e8a0d3506b.pdf,Laporan Keberlanjutan 2024 [],JSMR,https://www.idx.co.id/StaticData/NewsAndAnnouncement/ANNOUNCEMENTSTOCK/From_EREP/202504/11b17d3784_305ffe5349.pdf,20250415_JSMR_Laporan Informasi dan Fakta Material_31875837_lamp1.pdf,https://www.idx.co.id/StaticData/NewsAndAnnouncement/ANNOUNCEMENTSTOCK/From_EREP/202504/6155f890a3_4095403e67.pdf,20250415_JSMR_Laporan Informasi dan Fakta Material_31875837_lamp2.pdf,,,,,,,,,,,,,,,,,,,,,,,,,,,,,,,,,,,,,,,,,,,,
"16 Apr 2025
					11:05:46",https://www.idx.co.id/StaticData/NewsAndAnnouncement/ANNOUNCEMENTSTOCK/From_EREP/202504/b76d415c2c_c8bd9e6cc7.pdf,Penyampaian Laporan Keberlanjutan dan ESG [],JSMR,https://www.idx.co.id/StaticData/NewsAndAnnouncement/ANNOUNCEMENTSTOCK/From_EREP/202504/07577bd36e_a5fae48998.pdf,AnnualReport2024-JSMR-att3.pdf,https://www.idx.co.id/StaticData/NewsAndAnnouncement/ANNOUNCEMENTSTOCK/From_EREP/202504/86da1189b1_2a1a83d349.pdf,AnnualReport2024-JSMR-att2.pdf,https://www.idx.co.id/StaticData/NewsAndAnnouncement/ANNOUNCEMENTSTOCK/From_EREP/202504/914ceb1d39_cccdcdb574.pdf,AnnualReport2024-JSMR-att1.pdf,,,,,,,,,,,,,,,,,,,,,,,,,,,,,,,,,,,,,,,,,,
"24 Apr 2025
					18:44:24",https://www.idx.co.id/StaticData/NewsAndAnnouncement/ANNOUNCEMENTSTOCK/From_EREP/202504/c8e33c2f8b_d5d37b2a5d.pdf,Transaksi Afiliasi [],JSMR,https://www.idx.co.id/StaticData/NewsAndAnnouncement/ANNOUNCEMENTSTOCK/From_EREP/202504/b9cb986633_b83044af53.pdf,20250424_JSMR_Informasi Transaksi Afiliasi_31877944_lamp1.pdf,,,,,,,,,,,,,,,,,,,,,,,,,,,,,,,,,,,,,,,,,,,,,,
"30 Apr 2025
					08:55:58",https://www.idx.co.id/StaticData/NewsAndAnnouncement/ANNOUNCEMENTSTOCK/From_EREP/202504/20250430092913-52509-0/FinancialStatement-2025-I-JSMR.pdf,Penyampaian Laporan Keuangan Interim Yang Tidak Diaudit [],JSMR,https://www.idx.co.id/StaticData/NewsAndAnnouncement/ANNOUNCEMENTSTOCK/From_EREP/202504/20250430092913-52509-0/AB.KU.14.06.98.pdf,AB.KU.14.06.98.pdf,https://www.idx.co.id/StaticData/NewsAndAnnouncement/ANNOUNCEMENTSTOCK/From_EREP/202504/20250430092913-52509-0/FinancialStatement-2025-I-JSMR.xlsx,FinancialStatement-2025-I-JSMR.xlsx,https://www.idx.co.id/StaticData/NewsAndAnnouncement/ANNOUNCEMENTSTOCK/From_EREP/202504/20250430092913-52509-0/inlineXBRL.zip,inlineXBRL.zip,,,,,,,,,,,,,,,,,,,,,,,,,,,,,,,,,,,,,,,,,,
"10 Apr 2025
					09:39:03",https://www.idx.co.id/StaticData/NewsAndAnnouncement/ANNOUNCEMENTSTOCK/From_EREP/202504/220673dc01_18ab55ce83.pdf,Laporan Bulanan Registrasi Pemegang Efek [],KLBF,https://www.idx.co.id/StaticData/NewsAndAnnouncement/ANNOUNCEMENTSTOCK/From_EREP/202504/3e1a9b201d_d0efce16ef.pdf,20250408_KLBF_Laporan Bulanan Registrasi Pemegang Efek/Perubahan Struktur Pemegang Saham_31873249_lamp1.pdf,,,,,,,,,,,,,,,,,,,,,,,,,,,,,,,,,,,,,,,,,,,,,,
"15 Apr 2025
					13:28:06",https://www.idx.co.id/StaticData/NewsAndAnnouncement/ANNOUNCEMENTSTOCK/From_EREP/202504/90aa0492a3_21474d7399.pdf,Pemberitahuan Rencana Rapat Umum Pemegang Saham Tahunan [],KLBF,https://www.idx.co.id/StaticData/NewsAndAnnouncement/ANNOUNCEMENTSTOCK/From_EREP/202504/4f2413324d_81f05d939e.pdf,20250415_KLBF_Pengumuman RUPS_31875610_lamp1.pdf,,,,,,,,,,,,,,,,,,,,,,,,,,,,,,,,,,,,,,,,,,,,,,
"25 Apr 2025
					16:50:44",https://www.idx.co.id/StaticData/NewsAndAnnouncement/ANNOUNCEMENTSTOCK/From_EREP/202504/c22a173006_ee09510ff3.pdf,Penyampaian Laporan Tahunan & Keberlanjutan dan ESG [],KLBF,https://www.idx.co.id/StaticData/NewsAndAnnouncement/ANNOUNCEMENTSTOCK/From_EREP/202504/3a5190ad63_e1ba0935d0.pdf,AnnualReport2024-KLBF-att1.pdf,https://www.idx.co.id/StaticData/NewsAndAnnouncement/ANNOUNCEMENTSTOCK/From_EREP/202504/470fa73d10_9ea70de642.pdf,AnnualReport2024-KLBF-att2.pdf,https://www.idx.co.id/StaticData/NewsAndAnnouncement/ANNOUNCEMENTSTOCK/From_EREP/202504/e1e2d3010f_18e7e3a90d.pdf,AnnualReport2024-KLBF-att3.pdf,,,,,,,,,,,,,,,,,,,,,,,,,,,,,,,,,,,,,,,,,,
"30 Apr 2025
					09:32:29",https://www.idx.co.id/StaticData/NewsAndAnnouncement/ANNOUNCEMENTSTOCK/From_EREP/202504/20250430113301-52316-0/FinancialStatement-2025-I-KLBF.pdf,Penyampaian Laporan Keuangan Interim Yang Tidak Diaudit [],KLBF,https://www.idx.co.id/StaticData/NewsAndAnnouncement/ANNOUNCEMENTSTOCK/From_EREP/202504/20250430113301-52316-0/FinancialStatement-2025-I-KLBF.xlsx,FinancialStatement-2025-I-KLBF.xlsx,https://www.idx.co.id/StaticData/NewsAndAnnouncement/ANNOUNCEMENTSTOCK/From_EREP/202504/20250430113301-52316-0/inlineXBRL.zip,inlineXBRL.zip,https://www.idx.co.id/StaticData/NewsAndAnnouncement/ANNOUNCEMENTSTOCK/From_EREP/202504/20250430113301-52316-0/instance.zip,instance.zip,,,,,,,,,,,,,,,,,,,,,,,,,,,,,,,,,,,,,,,,,,
"30 Apr 2025
					17:18:56",https://www.idx.co.id/StaticData/NewsAndAnnouncement/ANNOUNCEMENTSTOCK/From_EREP/202504/d5d62085bf_2059e4effb.pdf,Pemanggilan Rapat Umum Pemegang Saham Tahunan [],KLBF,https://www.idx.co.id/StaticData/NewsAndAnnouncement/ANNOUNCEMENTSTOCK/From_EREP/202504/1045d40adf_6117095bce.pdf,20250430_KLBF_Pemanggilan RUPS_31880177_lamp2.pdf,https://www.idx.co.id/StaticData/NewsAndAnnouncement/ANNOUNCEMENTSTOCK/From_EREP/202504/3071acdaf6_1ae6afcaf5.pdf,20250430_KLBF_Pemanggilan RUPS_31880177_lamp4.pdf,https://www.idx.co.id/StaticData/NewsAndAnnouncement/ANNOUNCEMENTSTOCK/From_EREP/202504/6c02398931_f3c54d4e1e.pdf,20250430_KLBF_Pemanggilan RUPS_31880177_lamp3.pdf,,,,,,,,,,,,,,,,,,,,,,,,,,,,,,,,,,,,,,,,,,
"08 Apr 2025
					13:52:33",https://www.idx.co.id/StaticData/NewsAndAnnouncement/ANNOUNCEMENTSTOCK/From_EREP/202504/9d6605a1af_398e244a2e.pdf,Perubahan Corporate Secretary [],MAPA,https://www.idx.co.id/StaticData/NewsAndAnnouncement/ANNOUNCEMENTSTOCK/From_EREP/202504/5783287c31_950f0dc2f0.pdf,20250407_MAPA_Perubahan Corsec Komite Audit Alamat NPWP Internal Audit_31872702_lamp2.pdf,https://www.idx.co.id/StaticData/NewsAndAnnouncement/ANNOUNCEMENTSTOCK/From_EREP/202504/cc39870c5c_c69e2cabea.pdf,20250407_MAPA_Perubahan Corsec Komite Audit Alamat NPWP Internal Audit_31872702_lamp1.pdf,,,,,,,,,,,,,,,,,,,,,,,,,,,,,,,,,,,,,,,,,,,,
"09 Apr 2025
					17:24:06",https://www.idx.co.id/StaticData/NewsAndAnnouncement/ANNOUNCEMENTSTOCK/From_EREP/202504/7b1c877c4e_0587e125ff.pdf,Laporan Bulanan Registrasi Pemegang Efek [],MAPA,https://www.idx.co.id/StaticData/NewsAndAnnouncement/ANNOUNCEMENTSTOCK/From_EREP/202504/506149c060_73dfda7632.pdf,20250406_MAPA_Laporan Bulanan Registrasi Pemegang Efek/Perubahan Struktur Pemegang Saham_31872543_lamp1.pdf,https://www.idx.co.id/StaticData/NewsAndAnnouncement/ANNOUNCEMENTSTOCK/From_EREP/202504/d2355e5719_14cb24df0d.pdf,20250406_MAPA_Laporan Bulanan Registrasi Pemegang Efek/Perubahan Struktur Pemegang Saham_31872543_lamp3.pdf,https://www.idx.co.id/StaticData/NewsAndAnnouncement/ANNOUNCEMENTSTOCK/From_EREP/202504/f61b232bed_09f0c1cd91.pdf,20250406_MAPA_Laporan Bulanan Registrasi Pemegang Efek/Perubahan Struktur Pemegang Saham_31872543_lamp2.pdf,,,,,,,,,,,,,,,,,,,,,,,,,,,,,,,,,,,,,,,,,,
"10 Apr 2025
					10:14:29",https://www.idx.co.id/StaticData/NewsAndAnnouncement/ANNOUNCEMENTSTOCK/From_EREP/202504/cd7cb2d683_94f4469cb1.pdf,Laporan Kepemilikan atau Setiap Perubahan Kepemilikan Saham Perusahaan Terbuka [],MAPA,https://www.idx.co.id/StaticData/NewsAndAnnouncement/ANNOUNCEMENTSTOCK/From_EREP/202504/e04d5be7eb_f843015f64.pdf,20250410_MAPA_Laporan Kepemilikan atau Setiap Perubahan Kepemilikan Saham Perusahaan Terbuka_31874361_lamp1.pdf,,,,,,,,,,,,,,,,,,,,,,,,,,,,,,,,,,,,,,,,,,,,,,
"29 Apr 2025
					19:50:41",https://www.idx.co.id/StaticData/NewsAndAnnouncement/ANNOUNCEMENTSTOCK/From_EREP/202504/7b281c5a76_4a74f67ffa.pdf,Laporan Kepemilikan atau Setiap Perubahan Kepemilikan Saham Perusahaan Terbuka [],MAPA,https://www.idx.co.id/StaticData/NewsAndAnnouncement/ANNOUNCEMENTSTOCK/From_EREP/202504/4413c095e1_7fb7550272.pdf,20250429_MAPA_Laporan Kepemilikan atau Setiap Perubahan Kepemilikan Saham Perusahaan Terbuka_31879262_lamp1.pdf,,,,,,,,,,,,,,,,,,,,,,,,,,,,,,,,,,,,,,,,,,,,,,
"29 Apr 2025
					19:51:01",https://www.idx.co.id/StaticData/NewsAndAnnouncement/ANNOUNCEMENTSTOCK/From_EREP/202504/1fbc04af1c_5c59612285.pdf,Laporan Kepemilikan atau Setiap Perubahan Kepemilikan Saham Perusahaan Terbuka [],MAPA,https://www.idx.co.id/StaticData/NewsAndAnnouncement/ANNOUNCEMENTSTOCK/From_EREP/202504/1716d6c9ee_7dcaed2051.pdf,20250429_MAPA_Laporan Kepemilikan atau Setiap Perubahan Kepemilikan Saham Perusahaan Terbuka_31879272_lamp1.pdf,,,,,,,,,,,,,,,,,,,,,,,,,,,,,,,,,,,,,,,,,,,,,,
"29 Apr 2025
					19:51:23",https://www.idx.co.id/StaticData/NewsAndAnnouncement/ANNOUNCEMENTSTOCK/From_EREP/202504/48bd6289c8_45333007c1.pdf,Laporan Kepemilikan atau Setiap Perubahan Kepemilikan Saham Perusahaan Terbuka [],MAPA,https://www.idx.co.id/StaticData/NewsAndAnnouncement/ANNOUNCEMENTSTOCK/From_EREP/202504/53a2a5b8e8_7982bd0725.pdf,20250429_MAPA_Laporan Kepemilikan atau Setiap Perubahan Kepemilikan Saham Perusahaan Terbuka_31879275_lamp1.pdf,,,,,,,,,,,,,,,,,,,,,,,,,,,,,,,,,,,,,,,,,,,,,,
"30 Apr 2025
					20:30:37",https://www.idx.co.id/StaticData/NewsAndAnnouncement/ANNOUNCEMENTSTOCK/From_EREP/202510/20251021162150-52154-0/FinancialStatement-2025-I-MAPA.pdf,Penyampaian Laporan Keuangan Interim Yang Tidak Diaudit [],MAPA,https://www.idx.co.id/StaticData/NewsAndAnnouncement/ANNOUNCEMENTSTOCK/From_EREP/202510/20251021162150-52154-0/FinancialStatement-2025-I-MAPA.xlsx,FinancialStatement-2025-I-MAPA.xlsx,https://www.idx.co.id/StaticData/NewsAndAnnouncement/ANNOUNCEMENTSTOCK/From_EREP/202510/20251021162150-52154-0/FS%20MAPA%201Q25.pdf,FS MAPA 1Q25.pdf,https://www.idx.co.id/StaticData/NewsAndAnnouncement/ANNOUNCEMENTSTOCK/From_EREP/202510/20251021162150-52154-0/inlineXBRL.zip,inlineXBRL.zip,,,,,,,,,,,,,,,,,,,,,,,,,,,,,,,,,,,,,,,,,,
"30 Apr 2025
					21:24:52",https://www.idx.co.id/StaticData/NewsAndAnnouncement/ANNOUNCEMENTSTOCK/From_EREP/202504/4b9dc05cf9_621a00625b.pdf,Laporan Tahunan dan Laporan Keberlanjutan 2024 PT Map Aktif Adiperkasa Tbk [],MAPA,https://www.idx.co.id/StaticData/NewsAndAnnouncement/ANNOUNCEMENTSTOCK/From_EREP/202504/15dabe3d19_7de2cc98a4.pdf,20250430_MAPA_Laporan Informasi dan Fakta Material_31880656_lamp2.pdf,https://www.idx.co.id/StaticData/NewsAndAnnouncement/ANNOUNCEMENTSTOCK/From_EREP/202504/7f9f228aae_bf8f46cee5.pdf,20250430_MAPA_Laporan Informasi dan Fakta Material_31880656_lamp1.pdf,,,,,,,,,,,,,,,,,,,,,,,,,,,,,,,,,,,,,,,,,,,,
"30 Apr 2025
					21:55:10",https://www.idx.co.id/StaticData/NewsAndAnnouncement/ANNOUNCEMENTSTOCK/From_EREP/202504/14868851cd_9f2af577ea.pdf,Siaran Pers - Laporan Keuangan 1Q25 PT Map Aktif Adiperkasa Tbk [],MAPA,https://www.idx.co.id/StaticData/NewsAndAnnouncement/ANNOUNCEMENTSTOCK/From_EREP/202504/545a785e62_d529ac6133.pdf,20250430_MAPA_Laporan Informasi dan Fakta Material_31880610_lamp1.pdf,https://www.idx.co.id/StaticData/NewsAndAnnouncement/ANNOUNCEMENTSTOCK/From_EREP/202504/a41d22078a_5901f3551b.pdf,20250430_MAPA_Laporan Informasi dan Fakta Material_31880610_lamp2.pdf,,,,,,,,,,,,,,,,,,,,,,,,,,,,,,,,,,,,,,,,,,,,
"09 Apr 2025
					17:28:31",https://www.idx.co.id/StaticData/NewsAndAnnouncement/ANNOUNCEMENTSTOCK/From_EREP/202504/5a11164c95_f43fab2336.pdf,Laporan Bulanan Registrasi Pemegang Efek [],MAPI,https://www.idx.co.id/StaticData/NewsAndAnnouncement/ANNOUNCEMENTSTOCK/From_EREP/202504/4bea02efcd_43b3745621.pdf,20250406_MAPI_Laporan Bulanan Registrasi Pemegang Efek/Perubahan Struktur Pemegang Saham_31872540_lamp3.pdf,https://www.idx.co.id/StaticData/NewsAndAnnouncement/ANNOUNCEMENTSTOCK/From_EREP/202504/ceda22e7ae_640eb8d45d.pdf,20250406_MAPI_Laporan Bulanan Registrasi Pemegang Efek/Perubahan Struktur Pemegang Saham_31872540_lamp2.pdf,https://www.idx.co.id/StaticData/NewsAndAnnouncement/ANNOUNCEMENTSTOCK/From_EREP/202504/f69b4ed021_db84688c9a.pdf,20250406_MAPI_Laporan Bulanan Registrasi Pemegang Efek/Perubahan Struktur Pemegang Saham_31872540_lamp1.pdf,,,,,,,,,,,,,,,,,,,,,,,,,,,,,,,,,,,,,,,,,,
"30 Apr 2025
					20:44:18",https://www.idx.co.id/StaticData/NewsAndAnnouncement/ANNOUNCEMENTSTOCK/From_EREP/202504/20250430214526-52331-0/FinancialStatement-2025-I-MAPI.pdf,Penyampaian Laporan Keuangan Interim Yang Tidak Diaudit [],MAPI,https://www.idx.co.id/StaticData/NewsAndAnnouncement/ANNOUNCEMENTSTOCK/From_EREP/202504/20250430214526-52331-0/FinancialStatement-2025-I-MAPI.xlsx,FinancialStatement-2025-I-MAPI.xlsx,https://www.idx.co.id/StaticData/NewsAndAnnouncement/ANNOUNCEMENTSTOCK/From_EREP/202504/20250430214526-52331-0/FS%20MAPI%201Q2025.pdf,FS MAPI 1Q2025.pdf,https://www.idx.co.id/StaticData/NewsAndAnnouncement/ANNOUNCEMENTSTOCK/From_EREP/202504/20250430214526-52331-0/inlineXBRL.zip,inlineXBRL.zip,,,,,,,,,,,,,,,,,,,,,,,,,,,,,,,,,,,,,,,,,,
"30 Apr 2025
					21:32:26",https://www.idx.co.id/StaticData/NewsAndAnnouncement/ANNOUNCEMENTSTOCK/From_EREP/202504/43bb7babcc_c6044f1658.pdf,Laporan Tahunan dan Laporan Keberlanjutan Tahun 2024 PT Mitra Adiperkasa Tbk [],MAPI,https://www.idx.co.id/StaticData/NewsAndAnnouncement/ANNOUNCEMENTSTOCK/From_EREP/202504/b1684b9df7_9ab257b7ba.pdf,20250430_MAPI_Laporan Informasi dan Fakta Material_31880599_lamp2.pdf,https://www.idx.co.id/StaticData/NewsAndAnnouncement/ANNOUNCEMENTSTOCK/From_EREP/202504/ffa00f7349_3e9ec0c695.pdf,20250430_MAPI_Laporan Informasi dan Fakta Material_31880599_lamp1.pdf,,,,,,,,,,,,,,,,,,,,,,,,,,,,,,,,,,,,,,,,,,,,
"30 Apr 2025
					21:54:07",https://www.idx.co.id/StaticData/NewsAndAnnouncement/ANNOUNCEMENTSTOCK/From_EREP/202504/9924a83ace_dceb823d2b.pdf,Siaran Pers - Laporan Keuangan 1Q25 PT Mitra Adiperkasa Tbk [],MAPI,https://www.idx.co.id/StaticData/NewsAndAnnouncement/ANNOUNCEMENTSTOCK/From_EREP/202504/2e0a88c1b1_ff24ff2d8f.pdf,20250430_MAPI_Laporan Informasi dan Fakta Material_31880603_lamp1.pdf,https://www.idx.co.id/StaticData/NewsAndAnnouncement/ANNOUNCEMENTSTOCK/From_EREP/202504/e364eac52a_8d917426d3.pdf,20250430_MAPI_Laporan Informasi dan Fakta Material_31880603_lamp2.pdf,,,,,,,,,,,,,,,,,,,,,,,,,,,,,,,,,,,,,,,,,,,,
"07 Apr 2025
					13:56:49",https://www.idx.co.id/StaticData/NewsAndAnnouncement/ANNOUNCEMENTSTOCK/From_EREP/202404/20250407141107-50673-0/FinancialStatement-2024-Tahunan-MBMA.pdf,Penyampaian Laporan Keuangan Tahunan [],MBMA,https://www.idx.co.id/StaticData/NewsAndAnnouncement/ANNOUNCEMENTSTOCK/From_EREP/202404/20250407141107-50673-0/FinancialStatement-2024-Tahunan-MBMA.xlsx,FinancialStatement-2024-Tahunan-MBMA.xlsx,https://www.idx.co.id/StaticData/NewsAndAnnouncement/ANNOUNCEMENTSTOCK/From_EREP/202404/20250407141107-50673-0/FS%20MBM%201224%20-%20Master.pdf,FS MBM 1224 - Master.pdf,https://www.idx.co.id/StaticData/NewsAndAnnouncement/ANNOUNCEMENTSTOCK/From_EREP/202404/20250407141107-50673-0/inlineXBRL.zip,inlineXBRL.zip,,,,,,,,,,,,,,,,,,,,,,,,,,,,,,,,,,,,,,,,,,
"07 Apr 2025
					17:18:37",https://www.idx.co.id/StaticData/NewsAndAnnouncement/ANNOUNCEMENTSTOCK/From_EREP/202504/a2f1212b12_a7a3b435e8.pdf,Penyampaian Informasi Pemenuhan Kewajiban Public Expose - Tahunan [],MBMA,https://www.idx.co.id/StaticData/NewsAndAnnouncement/ANNOUNCEMENTSTOCK/From_EREP/202504/4f9d35cce8_29adcd377b.pdf,20250407_MBMA_Public Expose_31872656_lamp3.pdf,https://www.idx.co.id/StaticData/NewsAndAnnouncement/ANNOUNCEMENTSTOCK/From_EREP/202504/649c0ddce7_51e38868d4.pdf,20250407_MBMA_Public Expose_31872656_lamp2.pdf,https://www.idx.co.id/StaticData/NewsAndAnnouncement/ANNOUNCEMENTSTOCK/From_EREP/202504/8c575d84b7_ec36e02dd5.pdf,20250407_MBMA_Public Expose_31872656_lamp1.pdf,,,,,,,,,,,,,,,,,,,,,,,,,,,,,,,,,,,,,,,,,,
"09 Apr 2025
					18:05:52",https://www.idx.co.id/StaticData/NewsAndAnnouncement/ANNOUNCEMENTSTOCK/From_EREP/202504/86dc3c62be_e8b2fa8195.pdf,Jatuh Tempo Obligasi / Sukuk Korporasi [],MBMA,https://www.idx.co.id/StaticData/NewsAndAnnouncement/ANNOUNCEMENTSTOCK/From_EREP/202504/791a5ffe3b_779463ab09.pdf,20250409_MBMA_Pengumuman Jatuh Tempo Obligasi dan Sukuk_31873872_lamp1.pdf,,,,,,,,,,,,,,,,,,,,,,,,,,,,,,,,,,,,,,,,,,,,,,
"10 Apr 2025
					14:13:48",https://www.idx.co.id/StaticData/NewsAndAnnouncement/ANNOUNCEMENTSTOCK/From_EREP/202504/12172af676_1c0674b760.pdf,Laporan Bulanan Aktivitas Eksplorasi [],MBMA,https://www.idx.co.id/StaticData/NewsAndAnnouncement/ANNOUNCEMENTSTOCK/From_EREP/202504/58a9431a85_1b7566b0cb.pdf,20250409_MBMA_Laporan Bulanan Aktivitas Eksplorasi_31873618_lamp1.pdf,,,,,,,,,,,,,,,,,,,,,,,,,,,,,,,,,,,,,,,,,,,,,,
"10 Apr 2025
					17:19:46",https://www.idx.co.id/StaticData/NewsAndAnnouncement/ANNOUNCEMENTSTOCK/From_EREP/202504/4349f88171_7c5d7bf921.pdf,Pembelian kembali atau pembayaran Efek Bersifat Utang dan/atau Sukuk [],MBMA,https://www.idx.co.id/StaticData/NewsAndAnnouncement/ANNOUNCEMENTSTOCK/From_EREP/202504/da77ab17da_4a8a21429f.pdf,20250410_MBMA_Laporan Informasi dan Fakta Material_31874591_lamp1.pdf,,,,,,,,,,,,,,,,,,,,,,,,,,,,,,,,,,,,,,,,,,,,,,
"10 Apr 2025
					19:05:39",https://www.idx.co.id/StaticData/NewsAndAnnouncement/ANNOUNCEMENTSTOCK/From_EREP/202504/1d8f4c4b77_8e6268b003.pdf,Laporan Bulanan Registrasi Pemegang Efek [],MBMA,https://www.idx.co.id/StaticData/NewsAndAnnouncement/ANNOUNCEMENTSTOCK/From_EREP/202504/154cbffc5f_98ade7004f.pdf,20250408_MBMA_Laporan Bulanan Registrasi Pemegang Efek/Perubahan Struktur Pemegang Saham_31872939_lamp1.pdf,https://www.idx.co.id/StaticData/NewsAndAnnouncement/ANNOUNCEMENTSTOCK/From_EREP/202504/166bf3e709_09ae5e891e.pdf,20250408_MBMA_Laporan Bulanan Registrasi Pemegang Efek/Perubahan Struktur Pemegang Saham_31872939_lamp3.pdf,https://www.idx.co.id/StaticData/NewsAndAnnouncement/ANNOUNCEMENTSTOCK/From_EREP/202504/410eb29149_9b566175e0.pdf,20250408_MBMA_Laporan Bulanan Registrasi Pemegang Efek/Perubahan Struktur Pemegang Saham_31872939_lamp4.pdf,,,,,,,,,,,,,,,,,,,,,,,,,,,,,,,,,,,,,,,,,,
"15 Apr 2025
					16:26:09",https://www.idx.co.id/StaticData/NewsAndAnnouncement/ANNOUNCEMENTSTOCK/From_EREP/202504/1926cae59a_2f0c8fb439.pdf,Pengumuman Bursa Pencatatan Awal Obligasi dan Sukuk [],MBMA,https://www.idx.co.id/StaticData/NewsAndAnnouncement/ANNOUNCEMENTSTOCK/From_EREP/202504/a5e00bed52_2f05075f59.pdf,20250415_MBMA_Pengumuman Pencatatan Awal Obligasi dan Sukuk_31875681_lamp1.pdf,,,,,,,,,,,,,,,,,,,,,,,,,,,,,,,,,,,,,,,,,,,,,,
"25 Apr 2025
					19:36:42",https://www.idx.co.id/StaticData/NewsAndAnnouncement/ANNOUNCEMENTSTOCK/From_EREP/202504/e25c077c72_77e1e45bc2.pdf,Rencana Penyampaian Laporan Keuangan Kuartal I 2025 Diaudit [],MBMA,https://www.idx.co.id/StaticData/NewsAndAnnouncement/ANNOUNCEMENTSTOCK/From_EREP/202504/e9dc5d5930_e7e4be325d.pdf,20250425_MBMA_Rencana Penyampaian Laporan Keuangan_31878337_lamp1.pdf,,,,,,,,,,,,,,,,,,,,,,,,,,,,,,,,,,,,,,,,,,,,,,
"30 Apr 2025
					21:37:56",https://www.idx.co.id/StaticData/NewsAndAnnouncement/ANNOUNCEMENTSTOCK/From_EREP/202504/f56d2ab44e_5bfd0261af.pdf,Keterbukaan Informasi terkait Pengunduran Diri Anggota Direksi PT Merdeka Battery Materials Tbk [],MBMA,https://www.idx.co.id/StaticData/NewsAndAnnouncement/ANNOUNCEMENTSTOCK/From_EREP/202504/11271a7f88_b5a91957ab.pdf,20250430_MBMA_Laporan Informasi dan Fakta Material_31880649_lamp1.pdf,,,,,,,,,,,,,,,,,,,,,,,,,,,,,,,,,,,,,,,,,,,,,,
"07 Apr 2025
					14:47:54",https://www.idx.co.id/StaticData/NewsAndAnnouncement/ANNOUNCEMENTSTOCK/From_EREP/202404/20250407150103-50269-0/FinancialStatement-2024-Tahunan-MDKA.pdf,Penyampaian Laporan Keuangan Tahunan [],MDKA,https://www.idx.co.id/StaticData/NewsAndAnnouncement/ANNOUNCEMENTSTOCK/From_EREP/202404/20250407150103-50269-0/Financial%20Statements%20MDKA%2031%20December%202024.pdf,Financial Statements MDKA 31 December 2024.pdf,https://www.idx.co.id/StaticData/NewsAndAnnouncement/ANNOUNCEMENTSTOCK/From_EREP/202404/20250407150103-50269-0/FinancialStatement-2024-Tahunan-MDKA.xlsx,FinancialStatement-2024-Tahunan-MDKA.xlsx,https://www.idx.co.id/StaticData/NewsAndAnnouncement/ANNOUNCEMENTSTOCK/From_EREP/202404/20250407150103-50269-0/inlineXBRL.zip,inlineXBRL.zip,,,,,,,,,,,,,,,,,,,,,,,,,,,,,,,,,,,,,,,,,,
"07 Apr 2025
					17:24:06",https://www.idx.co.id/StaticData/NewsAndAnnouncement/ANNOUNCEMENTSTOCK/From_EREP/202504/e76f177aba_e56a898bb3.pdf,Penyampaian Informasi Pemenuhan Kewajiban Public Expose - Tahunan [],MDKA,https://www.idx.co.id/StaticData/NewsAndAnnouncement/ANNOUNCEMENTSTOCK/From_EREP/202504/4722263ce2_c7b4f5dced.pdf,20250325_MDKA_Public Expose_31870864_lamp3.pdf,https://www.idx.co.id/StaticData/NewsAndAnnouncement/ANNOUNCEMENTSTOCK/From_EREP/202504/a029038bcb_569b46bb88.pdf,20250325_MDKA_Public Expose_31870864_lamp1.pdf,https://www.idx.co.id/StaticData/NewsAndAnnouncement/ANNOUNCEMENTSTOCK/From_EREP/202504/db2becd728_d270580556.pdf,20250325_MDKA_Public Expose_31870864_lamp2.pdf,,,,,,,,,,,,,,,,,,,,,,,,,,,,,,,,,,,,,,,,,,
"09 Apr 2025
					11:16:24",https://www.idx.co.id/StaticData/NewsAndAnnouncement/ANNOUNCEMENTSTOCK/From_EREP/202504/bc0f95d406_0cfcf5827b.pdf,Laporan Bulanan Aktivitas Eksplorasi [],MDKA,https://www.idx.co.id/StaticData/NewsAndAnnouncement/ANNOUNCEMENTSTOCK/From_EREP/202504/e232800c9b_530acba1af.pdf,20250408_MDKA_Laporan Bulanan Aktivitas Eksplorasi_31872948_lamp1.pdf,,,,,,,,,,,,,,,,,,,,,,,,,,,,,,,,,,,,,,,,,,,,,,
"10 Apr 2025
					09:53:13",https://www.idx.co.id/StaticData/NewsAndAnnouncement/ANNOUNCEMENTSTOCK/From_EREP/202504/dc191f2b42_6708ac858f.pdf,Laporan Bulanan Registrasi Pemegang Efek [],MDKA,https://www.idx.co.id/StaticData/NewsAndAnnouncement/ANNOUNCEMENTSTOCK/From_EREP/202504/4699f0ed15_598d556bdd.pdf,20250407_MDKA_Laporan Bulanan Registrasi Pemegang Efek/Perubahan Struktur Pemegang Saham_31872586_lamp1.pdf,https://www.idx.co.id/StaticData/NewsAndAnnouncement/ANNOUNCEMENTSTOCK/From_EREP/202504/4984401e05_8181b81b62.pdf,20250407_MDKA_Laporan Bulanan Registrasi Pemegang Efek/Perubahan Struktur Pemegang Saham_31872586_lamp3.pdf,https://www.idx.co.id/StaticData/NewsAndAnnouncement/ANNOUNCEMENTSTOCK/From_EREP/202504/7a04bb5cc3_6dc9cacb52.pdf,20250407_MDKA_Laporan Bulanan Registrasi Pemegang Efek/Perubahan Struktur Pemegang Saham_31872586_lamp4.pdf,,,,,,,,,,,,,,,,,,,,,,,,,,,,,,,,,,,,,,,,,,
"11 Apr 2025
					18:43:01",https://www.idx.co.id/StaticData/NewsAndAnnouncement/ANNOUNCEMENTSTOCK/From_EREP/202504/e4ff4cffe9_7855e1d275.pdf,Laporan Penggunaan Dana Hasil Penawaran Umum [],MDKA,https://www.idx.co.id/StaticData/NewsAndAnnouncement/ANNOUNCEMENTSTOCK/From_EREP/202504/6f8a2fab0f_4e2c805121.pdf,20250411_MDKA_Laporan Penggunaan Dana Hasil Penawaran Umum_31874828_lamp1.pdf,,,,,,,,,,,,,,,,,,,,,,,,,,,,,,,,,,,,,,,,,,,,,,
"25 Apr 2025
					16:47:35",https://www.idx.co.id/StaticData/NewsAndAnnouncement/ANNOUNCEMENTSTOCK/From_EREP/202504/9cd5a95d82_8940b1f783.pdf,Jatuh Tempo Obligasi / Sukuk Korporasi [],MDKA,https://www.idx.co.id/StaticData/NewsAndAnnouncement/ANNOUNCEMENTSTOCK/From_EREP/202504/d75e347126_a659a67acf.pdf,20250425_MDKA_Pengumuman Jatuh Tempo Obligasi dan Sukuk_31878104_lamp1.pdf,,,,,,,,,,,,,,,,,,,,,,,,,,,,,,,,,,,,,,,,,,,,,,
"28 Apr 2025
					13:52:48",https://www.idx.co.id/StaticData/NewsAndAnnouncement/ANNOUNCEMENTSTOCK/From_EREP/202504/f57e11dfe6_4ca1a8f68a.pdf,Pembelian kembali atau pembayaran Efek Bersifat Utang dan/atau Sukuk [],MDKA,https://www.idx.co.id/StaticData/NewsAndAnnouncement/ANNOUNCEMENTSTOCK/From_EREP/202504/0d2f9bc222_e525a1ff32.pdf,20250428_MDKA_Laporan Informasi dan Fakta Material_31878471_lamp1.pdf,,,,,,,,,,,,,,,,,,,,,,,,,,,,,,,,,,,,,,,,,,,,,,
"28 Apr 2025
					17:06:55",https://www.idx.co.id/StaticData/NewsAndAnnouncement/ANNOUNCEMENTSTOCK/From_EREP/202504/e29874ee83_24216f4e97.pdf,Rencana Penyampaian Laporan Keuangan Kuartal I 2025 Diaudit [],MDKA,https://www.idx.co.id/StaticData/NewsAndAnnouncement/ANNOUNCEMENTSTOCK/From_EREP/202504/299a23836c_f77cdd26b0.pdf,20250428_MDKA_Rencana Penyampaian Laporan Keuangan_31878538_lamp1.pdf,,,,,,,,,,,,,,,,,,,,,,,,,,,,,,,,,,,,,,,,,,,,,,
"29 Apr 2025
					18:07:16",https://www.idx.co.id/StaticData/NewsAndAnnouncement/ANNOUNCEMENTSTOCK/From_EREP/202504/ea13b75b72_46a5797cef.pdf,Keterbukaan Informasi terkait Pengunduran Diri Anggota Direksi PT Merdeka Copper Gold Tbk [],MDKA,https://www.idx.co.id/StaticData/NewsAndAnnouncement/ANNOUNCEMENTSTOCK/From_EREP/202504/4340f851f6_ce3a2b51c1.pdf,20250429_MDKA_Laporan Informasi dan Fakta Material_31878991_lamp1.pdf,,,,,,,,,,,,,,,,,,,,,,,,,,,,,,,,,,,,,,,,,,,,,,
"30 Apr 2025
					23:33:31",https://www.idx.co.id/StaticData/NewsAndAnnouncement/ANNOUNCEMENTSTOCK/From_EREP/202505/1128d2ca85_dd2a78cfb4.pdf,Penyampaian Laporan Tahunan & Keberlanjutan dan ESG [],MDKA,https://www.idx.co.id/StaticData/NewsAndAnnouncement/ANNOUNCEMENTSTOCK/From_EREP/202505/12e855b319_5d5d464962.pdf,AnnualReport2024-MDKA-att2.pdf,https://www.idx.co.id/StaticData/NewsAndAnnouncement/ANNOUNCEMENTSTOCK/From_EREP/202505/9a688b4a33_52febecdcc.pdf,AnnualReport2024-MDKA-att1.pdf,,,,,,,,,,,,,,,,,,,,,,,,,,,,,,,,,,,,,,,,,,,,
"07 Apr 2025
					12:08:22",https://www.idx.co.id/StaticData/NewsAndAnnouncement/ANNOUNCEMENTSTOCK/From_EREP/202504/68feccc3bd_9b4d1e5d8d.pdf,Kesiapan Perusahaan untuk Pembayaran Obligasi Berkelanjutan IV Medco Energi Internasional Tahap III Tahun 2022 Seri A [],MEDC,https://www.idx.co.id/StaticData/NewsAndAnnouncement/ANNOUNCEMENTSTOCK/From_EREP/202504/f427c36cbf_5994a692ac.pdf,20250407_MEDC_Laporan Informasi dan Fakta Material_31872627_lamp1.pdf,,,,,,,,,,,,,,,,,,,,,,,,,,,,,,,,,,,,,,,,,,,,,,
"08 Apr 2025
					10:37:02",https://www.idx.co.id/StaticData/NewsAndAnnouncement/ANNOUNCEMENTSTOCK/From_EREP/202504/8c0a2e6c97_73b62eb16c.pdf,Press Release_MedcoEnergi Lanjutkan Program Pembelian Kembali Saham AS$50 Juta [],MEDC,https://www.idx.co.id/StaticData/NewsAndAnnouncement/ANNOUNCEMENTSTOCK/From_EREP/202504/6ae4e303f3_ae04e2a009.pdf,20250408_MEDC_Laporan Informasi dan Fakta Material_31872819_lamp2.pdf,https://www.idx.co.id/StaticData/NewsAndAnnouncement/ANNOUNCEMENTSTOCK/From_EREP/202504/71ce4cdaad_4809ffeaa4.pdf,20250408_MEDC_Laporan Informasi dan Fakta Material_31872819_lamp1.pdf,,,,,,,,,,,,,,,,,,,,,,,,,,,,,,,,,,,,,,,,,,,,
"09 Apr 2025
					09:47:30",https://www.idx.co.id/StaticData/NewsAndAnnouncement/ANNOUNCEMENTSTOCK/From_EREP/202504/da86d6e4ff_5f14f3d051.pdf,Penyampaian Laporan Keuangan [],MEDC,https://www.idx.co.id/StaticData/NewsAndAnnouncement/ANNOUNCEMENTSTOCK/From_EREP/202504/75718d3594_11872b0e38.pdf,20250409_MEDC_Laporan Informasi dan Fakta Material_31873622_lamp6.pdf,https://www.idx.co.id/StaticData/NewsAndAnnouncement/ANNOUNCEMENTSTOCK/From_EREP/202504/b2463d9a0a_e5e4a2db57.pdf,20250409_MEDC_Laporan Informasi dan Fakta Material_31873622_lamp1.pdf,https://www.idx.co.id/StaticData/NewsAndAnnouncement/ANNOUNCEMENTSTOCK/From_EREP/202504/f7db33afac_7a4c8ce1dd.pdf,20250409_MEDC_Laporan Informasi dan Fakta Material_31873622_lamp2.pdf,,,,,,,,,,,,,,,,,,,,,,,,,,,,,,,,,,,,,,,,,,
"09 Apr 2025
					11:35:56",https://www.idx.co.id/StaticData/NewsAndAnnouncement/ANNOUNCEMENTSTOCK/From_EREP/202504/7804530675_bdea79eb24.pdf,Laporan Bulanan Registrasi Pemegang Efek [],MEDC,https://www.idx.co.id/StaticData/NewsAndAnnouncement/ANNOUNCEMENTSTOCK/From_EREP/202504/0cc3e2c40c_917cb0dcfc.pdf,20250409_MEDC_Laporan Bulanan Registrasi Pemegang Efek/Perubahan Struktur Pemegang Saham_31873778_lamp2.pdf,https://www.idx.co.id/StaticData/NewsAndAnnouncement/ANNOUNCEMENTSTOCK/From_EREP/202504/e0546bf005_1947a92f50.pdf,20250409_MEDC_Laporan Bulanan Registrasi Pemegang Efek/Perubahan Struktur Pemegang Saham_31873778_lamp1.pdf,,,,,,,,,,,,,,,,,,,,,,,,,,,,,,,,,,,,,,,,,,,,
"09 Apr 2025
					11:51:17",https://www.idx.co.id/StaticData/NewsAndAnnouncement/ANNOUNCEMENTSTOCK/From_EREP/202504/49c75c6155_39c775cdaf.pdf,Penyampaian Informasi Pemenuhan Kewajiban Public Expose - Tahunan (KOREKSI) [],MEDC,https://www.idx.co.id/StaticData/NewsAndAnnouncement/ANNOUNCEMENTSTOCK/From_EREP/202504/7c49dded12_ac3aeb1f45.pdf,20250409_MEDC_Public Expose_31873807_lamp2.pdf,https://www.idx.co.id/StaticData/NewsAndAnnouncement/ANNOUNCEMENTSTOCK/From_EREP/202504/ee1c307198_85880d6d8f.pdf,20250409_MEDC_Public Expose_31873807_lamp1.pdf,,,,,,,,,,,,,,,,,,,,,,,,,,,,,,,,,,,,,,,,,,,,
"10 Apr 2025
					14:08:01",https://www.idx.co.id/StaticData/NewsAndAnnouncement/ANNOUNCEMENTSTOCK/From_EREP/202504/16b42441e0_fe376d5ba2.pdf,Laporan Bulanan Aktivitas Eksplorasi [],MEDC,https://www.idx.co.id/StaticData/NewsAndAnnouncement/ANNOUNCEMENTSTOCK/From_EREP/202504/12fd7522ae_3c266139a9.pdf,20250410_MEDC_Laporan Bulanan Aktivitas Eksplorasi_31874448_lamp2.pdf,https://www.idx.co.id/StaticData/NewsAndAnnouncement/ANNOUNCEMENTSTOCK/From_EREP/202504/93b1f37bef_a963488841.pdf,20250410_MEDC_Laporan Bulanan Aktivitas Eksplorasi_31874448_lamp1.pdf,,,,,,,,,,,,,,,,,,,,,,,,,,,,,,,,,,,,,,,,,,,,
"15 Apr 2025
					15:13:40",https://www.idx.co.id/StaticData/NewsAndAnnouncement/ANNOUNCEMENTSTOCK/From_EREP/202504/c2b26efdcd_d6cfbc837f.pdf,Laporan Hasil Pemeringkatan Pemeringkatan Tahunan [],MEDC,https://www.idx.co.id/StaticData/NewsAndAnnouncement/ANNOUNCEMENTSTOCK/From_EREP/202504/ce1083e7ea_840125611d.pdf,20250415_MEDC_Laporan Hasil Pemeringkatan_31875676_lamp1.pdf,,,,,,,,,,,,,,,,,,,,,,,,,,,,,,,,,,,,,,,,,,,,,,
"17 Apr 2025
					22:13:55",https://www.idx.co.id/StaticData/NewsAndAnnouncement/ANNOUNCEMENTSTOCK/From_EREP/202504/8635cfab2b_6e8af4bea2.pdf,Pengumuman atas Keterbukaan Informasi dalam rangka Penawaran Umum Berkelanjutan Kepada Pemodal Profesional Obligasi Berkelanjutan VI Medco Energi Internasional Tahap I Tahun 2025 [],MEDC,https://www.idx.co.id/StaticData/NewsAndAnnouncement/ANNOUNCEMENTSTOCK/From_EREP/202504/ab842085ec_5ac5175488.pdf,20250417_MEDC_Laporan Informasi dan Fakta Material_31876496_lamp2.pdf,https://www.idx.co.id/StaticData/NewsAndAnnouncement/ANNOUNCEMENTSTOCK/From_EREP/202504/b2a974eb9d_d09d38b963.pdf,20250417_MEDC_Laporan Informasi dan Fakta Material_31876496_lamp1.pdf,,,,,,,,,,,,,,,,,,,,,,,,,,,,,,,,,,,,,,,,,,,,
"22 Apr 2025
					11:34:21",https://www.idx.co.id/StaticData/NewsAndAnnouncement/ANNOUNCEMENTSTOCK/From_EREP/202504/079640afc0_23ce5ea908.pdf,Penyampaian Prospektus [],MEDC,https://www.idx.co.id/StaticData/NewsAndAnnouncement/ANNOUNCEMENTSTOCK/From_EREP/202504/93319eb279_0411d19718.pdf,20250422_MEDC_Penyampaian Prospektus/Informasi Tambahan_31876946_lamp2.pdf,https://www.idx.co.id/StaticData/NewsAndAnnouncement/ANNOUNCEMENTSTOCK/From_EREP/202504/b488e4e02f_d4e04b2698.pdf,20250422_MEDC_Penyampaian Prospektus/Informasi Tambahan_31876946_lamp1.pdf,,,,,,,,,,,,,,,,,,,,,,,,,,,,,,,,,,,,,,,,,,,,
"22 Apr 2025
					17:09:53",https://www.idx.co.id/StaticData/NewsAndAnnouncement/ANNOUNCEMENTSTOCK/From_EREP/202504/0341f5824e_910373c877.pdf,Pemberitahuan Rencana Rapat Umum Pemegang Saham Tahunan [],MEDC,https://www.idx.co.id/StaticData/NewsAndAnnouncement/ANNOUNCEMENTSTOCK/From_EREP/202504/57ce8e5836_1d6337f7c4.pdf,20250422_MEDC_Pengumuman RUPS_31877021_lamp1.pdf,https://www.idx.co.id/StaticData/NewsAndAnnouncement/ANNOUNCEMENTSTOCK/From_EREP/202504/9b91e741f7_360ee0b5e7.pdf,20250422_MEDC_Pengumuman RUPS_31877021_lamp2.pdf,,,,,,,,,,,,,,,,,,,,,,,,,,,,,,,,,,,,,,,,,,,,
"22 Apr 2025
					17:16:36",https://www.idx.co.id/StaticData/NewsAndAnnouncement/ANNOUNCEMENTSTOCK/From_EREP/202504/ac40a28634_6fc89c4948.pdf,Keterbukaan Informasi Terkait Pembelian Kembali Saham Yang Dikeluarkan MedcoEnergi [],MEDC,https://www.idx.co.id/StaticData/NewsAndAnnouncement/ANNOUNCEMENTSTOCK/From_EREP/202504/2bcb8e0ab0_5e2e54eb15.pdf,20250422_MEDC_Laporan Informasi dan Fakta Material_31877027_lamp1.pdf,https://www.idx.co.id/StaticData/NewsAndAnnouncement/ANNOUNCEMENTSTOCK/From_EREP/202504/88f64aa320_ec691a1834.pdf,20250422_MEDC_Laporan Informasi dan Fakta Material_31877027_lamp4.pdf,https://www.idx.co.id/StaticData/NewsAndAnnouncement/ANNOUNCEMENTSTOCK/From_EREP/202504/d66fa83edf_7321dc495e.pdf,20250422_MEDC_Laporan Informasi dan Fakta Material_31877027_lamp2.pdf,,,,,,,,,,,,,,,,,,,,,,,,,,,,,,,,,,,,,,,,,,
"22 Apr 2025
					17:38:15",https://www.idx.co.id/StaticData/NewsAndAnnouncement/ANNOUNCEMENTSTOCK/From_EREP/202504/60e52349a7_949dbfb734.pdf,Amandemen I dari Perubahan dan Pernyataan Kembali Perjanjian Pinjam Meminjam antar Perusahaan antara Perseroan dengan PT Expan Petrogas Intranusa  [],MEDC,https://www.idx.co.id/StaticData/NewsAndAnnouncement/ANNOUNCEMENTSTOCK/From_EREP/202504/67e4f7c079_3e0a323032.pdf,20250422_MEDC_Laporan Informasi dan Fakta Material_31877127_lamp1.pdf,,,,,,,,,,,,,,,,,,,,,,,,,,,,,,,,,,,,,,,,,,,,,,
"30 Apr 2025
					15:21:56",https://www.idx.co.id/StaticData/NewsAndAnnouncement/ANNOUNCEMENTSTOCK/From_EREP/202504/511d5c91ea_8f6f190598.pdf,Tanggapan atas Surat OJK Nomor: S-681/PM.212/2025 dan Revisi KI SBB MedcoEnergi [],MEDC,https://www.idx.co.id/StaticData/NewsAndAnnouncement/ANNOUNCEMENTSTOCK/From_EREP/202504/74b1094c1f_27767456fb.pdf,20250430_MEDC_Laporan Informasi dan Fakta Material_31879990_lamp1.pdf,,,,,,,,,,,,,,,,,,,,,,,,,,,,,,,,,,,,,,,,,,,,,,
"30 Apr 2025
					21:47:08",https://www.idx.co.id/StaticData/NewsAndAnnouncement/ANNOUNCEMENTSTOCK/From_EREP/202504/3736b0ca9b_7f91402794.pdf,Penyampaian Laporan Tahunan [],MEDC,https://www.idx.co.id/StaticData/NewsAndAnnouncement/ANNOUNCEMENTSTOCK/From_EREP/202504/191fc05568_73a61db90d.pdf,AnnualReport2024-MEDC-att2.pdf,https://www.idx.co.id/StaticData/NewsAndAnnouncement/ANNOUNCEMENTSTOCK/From_EREP/202504/edb5451c65_f20242d720.pdf,AnnualReport2024-MEDC-att1.pdf,,,,,,,,,,,,,,,,,,,,,,,,,,,,,,,,,,,,,,,,,,,,
"30 Apr 2025
					23:43:05",https://www.idx.co.id/StaticData/NewsAndAnnouncement/ANNOUNCEMENTSTOCK/From_EREP/202505/5fc822cc53_fb60592206.pdf,Laporan Keberlanjutan dan ESG PT Medco Energi Internasional Tbk [],MEDC,https://www.idx.co.id/StaticData/NewsAndAnnouncement/ANNOUNCEMENTSTOCK/From_EREP/202505/40bf4c1cca_0767ebb1e7.pdf,20250430_MEDC_Laporan Informasi dan Fakta Material_31880979_lamp4.pdf,https://www.idx.co.id/StaticData/NewsAndAnnouncement/ANNOUNCEMENTSTOCK/From_EREP/202505/42909ab7ea_a302bdda3c.pdf,20250430_MEDC_Laporan Informasi dan Fakta Material_31880979_lamp1.pdf,https://www.idx.co.id/StaticData/NewsAndAnnouncement/ANNOUNCEMENTSTOCK/From_EREP/202505/4f13e47956_58e63a5030.pdf,20250430_MEDC_Laporan Informasi dan Fakta Material_31880979_lamp2.pdf,,,,,,,,,,,,,,,,,,,,,,,,,,,,,,,,,,,,,,,,,,
"08 Apr 2025
					16:51:22",https://www.idx.co.id/StaticData/NewsAndAnnouncement/ANNOUNCEMENTSTOCK/From_EREP/202504/a389d54169_e0c2f9b497.pdf,Laporan Bulanan Registrasi Pemegang Efek [],PGAS,https://www.idx.co.id/StaticData/NewsAndAnnouncement/ANNOUNCEMENTSTOCK/From_EREP/202504/17fad49fc7_1dc25e0b17.pdf,20250408_PGAS_Laporan Bulanan Registrasi Pemegang Efek/Perubahan Struktur Pemegang Saham_31872894_lamp4.pdf,https://www.idx.co.id/StaticData/NewsAndAnnouncement/ANNOUNCEMENTSTOCK/From_EREP/202504/551458f187_c00f15b051.pdf,20250408_PGAS_Laporan Bulanan Registrasi Pemegang Efek/Perubahan Struktur Pemegang Saham_31872894_lamp2.pdf,https://www.idx.co.id/StaticData/NewsAndAnnouncement/ANNOUNCEMENTSTOCK/From_EREP/202504/818399e2a0_ce55a45e06.pdf,20250408_PGAS_Laporan Bulanan Registrasi Pemegang Efek/Perubahan Struktur Pemegang Saham_31872894_lamp3.pdf,,,,,,,,,,,,,,,,,,,,,,,,,,,,,,,,,,,,,,,,,,
"14 Apr 2025
					08:33:49",https://www.idx.co.id/StaticData/NewsAndAnnouncement/ANNOUNCEMENTSTOCK/From_EREP/202504/4ae760ef63_48d619bfe8.pdf,Perolehan atau kehilangan kontrak penting [],PGAS,https://www.idx.co.id/StaticData/NewsAndAnnouncement/ANNOUNCEMENTSTOCK/From_EREP/202504/93703516eb_c1463700fd.pdf,20250414_PGAS_Laporan Informasi dan Fakta Material_31875223_lamp1.pdf,,,,,,,,,,,,,,,,,,,,,,,,,,,,,,,,,,,,,,,,,,,,,,
"15 Apr 2025
					10:17:56",https://www.idx.co.id/StaticData/NewsAndAnnouncement/ANNOUNCEMENTSTOCK/From_EREP/202504/d03dadc2bd_d82df7dba4.pdf,"Press Release - Dukung Ketahanan Energi, FSRU Lampung Terima Pasokan LNG 130.000 M3 dari Bontang []",PGAS,https://www.idx.co.id/StaticData/NewsAndAnnouncement/ANNOUNCEMENTSTOCK/From_EREP/202504/340a4f5124_95460db227.pdf,20250415_PGAS_Laporan Informasi dan Fakta Material_31875562_lamp2.pdf,https://www.idx.co.id/StaticData/NewsAndAnnouncement/ANNOUNCEMENTSTOCK/From_EREP/202504/8f899359c5_679661ca81.pdf,20250415_PGAS_Laporan Informasi dan Fakta Material_31875562_lamp1.pdf,,,,,,,,,,,,,,,,,,,,,,,,,,,,,,,,,,,,,,,,,,,,
"21 Apr 2025
					17:18:44",https://www.idx.co.id/StaticData/NewsAndAnnouncement/ANNOUNCEMENTSTOCK/From_EREP/202504/c521eb765e_e8bf0d230e.pdf,Penjelasan atas Permintaan Penjelasan Bursa [],PGAS,https://www.idx.co.id/StaticData/NewsAndAnnouncement/ANNOUNCEMENTSTOCK/From_EREP/202504/a92ef16975_ed4c405472.pdf,20250421_PGAS_Tanggapan atas Permintaan Penjelasan Bursa_31876751_lamp1.pdf,,,,,,,,,,,,,,,,,,,,,,,,,,,,,,,,,,,,,,,,,,,,,,
"21 Apr 2025
					17:38:44",https://www.idx.co.id/StaticData/NewsAndAnnouncement/ANNOUNCEMENTSTOCK/From_EREP/202504/b4060de389_e3506f8c34.pdf,Pemberitahuan Rencana Rapat Umum Pemegang Saham Tahunan [],PGAS,https://www.idx.co.id/StaticData/NewsAndAnnouncement/ANNOUNCEMENTSTOCK/From_EREP/202504/dc8a57f604_d4f07ee5eb.pdf,20250421_PGAS_Pengumuman RUPS_31876628_lamp1.pdf,,,,,,,,,,,,,,,,,,,,,,,,,,,,,,,,,,,,,,,,,,,,,,
"22 Apr 2025
					00:02:22",https://www.idx.co.id/StaticData/NewsAndAnnouncement/ANNOUNCEMENTSTOCK/From_EREP/202504/970dea8b5b_ced431271d.pdf,Penyampaian Bukti Iklan Pemberitahuan RUPS [],PGAS,https://www.idx.co.id/StaticData/NewsAndAnnouncement/ANNOUNCEMENTSTOCK/From_EREP/202504/a9ee0058bf_cdc89d497f.pdf,20250422_PGAS_Penyampaian Bukti Iklan_31876860_lamp1.pdf,,,,,,,,,,,,,,,,,,,,,,,,,,,,,,,,,,,,,,,,,,,,,,
"28 Apr 2025
					20:06:08",https://www.idx.co.id/StaticData/NewsAndAnnouncement/ANNOUNCEMENTSTOCK/From_EREP/202504/38020a3f35_2a0e99b7d9.pdf,Penyampaian Laporan Tahunan & Keberlanjutan dan ESG [],PGAS,https://www.idx.co.id/StaticData/NewsAndAnnouncement/ANNOUNCEMENTSTOCK/From_EREP/202504/0ce28473fd_6fa0f6ab79.pdf,AnnualReport2024-PGAS-att1.pdf,https://www.idx.co.id/StaticData/NewsAndAnnouncement/ANNOUNCEMENTSTOCK/From_EREP/202504/38a8232464_85308714ad.pdf,AnnualReport2024-PGAS-att2.pdf,https://www.idx.co.id/StaticData/NewsAndAnnouncement/ANNOUNCEMENTSTOCK/From_EREP/202504/3af451f050_66cc623aa7.pdf,AnnualReport2024-PGAS-att3.pdf,,,,,,,,,,,,,,,,,,,,,,,,,,,,,,,,,,,,,,,,,,
"29 Apr 2025
					19:46:50",https://www.idx.co.id/StaticData/NewsAndAnnouncement/ANNOUNCEMENTSTOCK/From_EREP/202504/20250429202249-52212-0/FinancialStatement-2025-I-PGAS.pdf,Penyampaian Laporan Keuangan Interim Yang Tidak Diaudit [],PGAS,https://www.idx.co.id/StaticData/NewsAndAnnouncement/ANNOUNCEMENTSTOCK/From_EREP/202504/20250429202249-52212-0/FinancialStatement-2025-I-PGAS.xlsx,FinancialStatement-2025-I-PGAS.xlsx,https://www.idx.co.id/StaticData/NewsAndAnnouncement/ANNOUNCEMENTSTOCK/From_EREP/202504/20250429202249-52212-0/FS%2031%20Maret%202025.pdf,FS 31 Maret 2025.pdf,https://www.idx.co.id/StaticData/NewsAndAnnouncement/ANNOUNCEMENTSTOCK/From_EREP/202504/20250429202249-52212-0/inlineXBRL.zip,inlineXBRL.zip,,,,,,,,,,,,,,,,,,,,,,,,,,,,,,,,,,,,,,,,,,
"08 Apr 2025
					08:50:15",https://www.idx.co.id/StaticData/NewsAndAnnouncement/ANNOUNCEMENTSTOCK/From_EREP/202504/607a319ec5_e4fc380934.pdf,Laporan Bulanan Registrasi Pemegang Efek [],PGEO,https://www.idx.co.id/StaticData/NewsAndAnnouncement/ANNOUNCEMENTSTOCK/From_EREP/202504/52c910c6e6_86a46fb0a4.pdf,20250408_PGEO_Laporan Bulanan Registrasi Pemegang Efek/Perubahan Struktur Pemegang Saham_31872730_lamp4.pdf,https://www.idx.co.id/StaticData/NewsAndAnnouncement/ANNOUNCEMENTSTOCK/From_EREP/202504/6099b33bea_bfaf094e05.pdf,20250408_PGEO_Laporan Bulanan Registrasi Pemegang Efek/Perubahan Struktur Pemegang Saham_31872730_lamp1.pdf,https://www.idx.co.id/StaticData/NewsAndAnnouncement/ANNOUNCEMENTSTOCK/From_EREP/202504/c56d85de3c_e82645c790.pdf,20250408_PGEO_Laporan Bulanan Registrasi Pemegang Efek/Perubahan Struktur Pemegang Saham_31872730_lamp5.pdf,,,,,,,,,,,,,,,,,,,,,,,,,,,,,,,,,,,,,,,,,,
"12 Apr 2025
					14:23:18",https://www.idx.co.id/StaticData/NewsAndAnnouncement/ANNOUNCEMENTSTOCK/From_EREP/202504/dee4fd72f4_ac0dea3dd4.pdf,"Indonesia-Turki Perkuat Arah Strategis Transisi Energi Bersih, PGE dan Zorlu Enerji Sepakati Studi Bersama Pengembangan Panas Bumi []",PGEO,,,,,,,,,,,,,,,,,,,,,,,,,,,,,,,,,,,,,,,,,,,,,,,,
"24 Apr 2025
					20:25:17",https://www.idx.co.id/StaticData/NewsAndAnnouncement/ANNOUNCEMENTSTOCK/From_EREP/202504/279008d8fc_e8fd2fd01c.pdf,Pemberitahuan Rencana Rapat Umum Pemegang Saham Tahunan [],PGEO,https://www.idx.co.id/StaticData/NewsAndAnnouncement/ANNOUNCEMENTSTOCK/From_EREP/202504/1b5c6b34b6_a6b4b9551d.pdf,20250424_PGEO_Pengumuman RUPS_31877843_lamp2.pdf,https://www.idx.co.id/StaticData/NewsAndAnnouncement/ANNOUNCEMENTSTOCK/From_EREP/202504/241ba503fa_2c26e51bf5.pdf,20250424_PGEO_Pengumuman RUPS_31877843_lamp1.pdf,,,,,,,,,,,,,,,,,,,,,,,,,,,,,,,,,,,,,,,,,,,,
"25 Apr 2025
					16:23:50",https://www.idx.co.id/StaticData/NewsAndAnnouncement/ANNOUNCEMENTSTOCK/From_EREP/202504/20250425163518-52135-0/FinancialStatement-2025-I-PGEO.pdf,Penyampaian Laporan Keuangan Interim Yang Tidak Diaudit [],PGEO,https://www.idx.co.id/StaticData/NewsAndAnnouncement/ANNOUNCEMENTSTOCK/From_EREP/202504/20250425163518-52135-0/FinancialStatement-2025-I-PGEO.xlsx,FinancialStatement-2025-I-PGEO.xlsx,https://www.idx.co.id/StaticData/NewsAndAnnouncement/ANNOUNCEMENTSTOCK/From_EREP/202504/20250425163518-52135-0/inlineXBRL.zip,inlineXBRL.zip,https://www.idx.co.id/StaticData/NewsAndAnnouncement/ANNOUNCEMENTSTOCK/From_EREP/202504/20250425163518-52135-0/instance.zip,instance.zip,,,,,,,,,,,,,,,,,,,,,,,,,,,,,,,,,,,,,,,,,,
"25 Apr 2025
					22:44:54",https://www.idx.co.id/StaticData/NewsAndAnnouncement/ANNOUNCEMENTSTOCK/From_EREP/202504/33d7ece9b2_055d47ccfa.pdf,Penyampaian Bukti Iklan Pemberitahuan RUPS [],PGEO,https://www.idx.co.id/StaticData/NewsAndAnnouncement/ANNOUNCEMENTSTOCK/From_EREP/202504/6e436f72d8_f3a05e9702.pdf,20250425_PGEO_Penyampaian Bukti Iklan_31878348_lamp1.pdf,,,,,,,,,,,,,,,,,,,,,,,,,,,,,,,,,,,,,,,,,,,,,,
"30 Apr 2025
					16:22:32",https://www.idx.co.id/StaticData/NewsAndAnnouncement/ANNOUNCEMENTSTOCK/From_EREP/202505/1b2827e13b_ea31147b0f.pdf,Keterbukaan lnformasi Hasil Pelaksanaan Program MESOP Tahap I dan Tahap II PT Pertamina Geothermal Energy Tbk Tahun 2025 [],PGEO,https://www.idx.co.id/StaticData/NewsAndAnnouncement/ANNOUNCEMENTSTOCK/From_EREP/202505/18d5dfc32d_3d1de2df97.pdf,20250430_PGEO_Laporan Informasi dan Fakta Material_31879730_lamp1.pdf,,,,,,,,,,,,,,,,,,,,,,,,,,,,,,,,,,,,,,,,,,,,,,
"30 Apr 2025
					18:34:18",https://www.idx.co.id/StaticData/NewsAndAnnouncement/ANNOUNCEMENTSTOCK/From_EREP/202504/382b955aad_9f5847b322.pdf,Penyampaian Laporan Tahunan [],PGEO,https://www.idx.co.id/StaticData/NewsAndAnnouncement/ANNOUNCEMENTSTOCK/From_EREP/202504/40d505a4a7_8f5dd87c46.pdf,AnnualReport2024-PGEO-att1.pdf,,,,,,,,,,,,,,,,,,,,,,,,,,,,,,,,,,,,,,,,,,,,,,
"30 Apr 2025
					20:10:12",https://www.idx.co.id/StaticData/NewsAndAnnouncement/ANNOUNCEMENTSTOCK/From_EREP/202504/8b6bb42560_8e818c25c2.pdf,Penyampaian Laporan Keberlanjutan & ESG [],PGEO,https://www.idx.co.id/StaticData/NewsAndAnnouncement/ANNOUNCEMENTSTOCK/From_EREP/202504/4f4583b70b_da0363206d.pdf,20250430_PGEO_Laporan Informasi dan Fakta Material_31880513_lamp1.pdf,,,,,,,,,,,,,,,,,,,,,,,,,,,,,,,,,,,,,,,,,,,,,,
"08 Apr 2025
					11:42:23",https://www.idx.co.id/StaticData/NewsAndAnnouncement/ANNOUNCEMENTSTOCK/From_EREP/202504/92d8f88ec0_68d65441ca.pdf,Laporan Bulanan Registrasi Pemegang Efek [],PTBA,https://www.idx.co.id/StaticData/NewsAndAnnouncement/ANNOUNCEMENTSTOCK/From_EREP/202504/104d39bc60_3ca04b051d.pdf,20250408_PTBA_Laporan Bulanan Registrasi Pemegang Efek/Perubahan Struktur Pemegang Saham_31872880_lamp3.pdf,https://www.idx.co.id/StaticData/NewsAndAnnouncement/ANNOUNCEMENTSTOCK/From_EREP/202504/836d7bed71_8e6d9d7368.pdf,20250408_PTBA_Laporan Bulanan Registrasi Pemegang Efek/Perubahan Struktur Pemegang Saham_31872880_lamp2.pdf,https://www.idx.co.id/StaticData/NewsAndAnnouncement/ANNOUNCEMENTSTOCK/From_EREP/202504/8e156f4f73_0046c606bf.pdf,20250408_PTBA_Laporan Bulanan Registrasi Pemegang Efek/Perubahan Struktur Pemegang Saham_31872880_lamp4.pdf,,,,,,,,,,,,,,,,,,,,,,,,,,,,,,,,,,,,,,,,,,
"09 Apr 2025
					08:07:27",https://www.idx.co.id/StaticData/NewsAndAnnouncement/ANNOUNCEMENTSTOCK/From_EREP/202504/56f64770c2_f4aeef6eb8.pdf,Laporan Bulanan Aktivitas Eksplorasi [],PTBA,https://www.idx.co.id/StaticData/NewsAndAnnouncement/ANNOUNCEMENTSTOCK/From_EREP/202504/8047c1de48_561645921e.pdf,20250409_PTBA_Laporan Bulanan Aktivitas Eksplorasi_31873531_lamp2.pdf,https://www.idx.co.id/StaticData/NewsAndAnnouncement/ANNOUNCEMENTSTOCK/From_EREP/202504/a21aac23c3_7da0b829f9.pdf,20250409_PTBA_Laporan Bulanan Aktivitas Eksplorasi_31873531_lamp1.pdf,,,,,,,,,,,,,,,,,,,,,,,,,,,,,,,,,,,,,,,,,,,,
"30 Apr 2025
					11:35:29",https://www.idx.co.id/StaticData/NewsAndAnnouncement/ANNOUNCEMENTSTOCK/From_EREP/202504/c4adaeee67_16bbfe009f.pdf,Penyampaian Laporan Tahunan & Keberlanjutan dan ESG [],PTBA,https://www.idx.co.id/StaticData/NewsAndAnnouncement/ANNOUNCEMENTSTOCK/From_EREP/202504/54ac94d498_38345a9fb6.pdf,AnnualReport2024-PTBA-att1.pdf,https://www.idx.co.id/StaticData/NewsAndAnnouncement/ANNOUNCEMENTSTOCK/From_EREP/202504/69eb69cf64_2a2ed87d69.pdf,AnnualReport2024-PTBA-att4.pdf,https://www.idx.co.id/StaticData/NewsAndAnnouncement/ANNOUNCEMENTSTOCK/From_EREP/202504/94a8102881_f1e204d91c.pdf,AnnualReport2024-PTBA-att3.pdf,,,,,,,,,,,,,,,,,,,,,,,,,,,,,,,,,,,,,,,,,,
"30 Apr 2025
					19:38:34",https://www.idx.co.id/StaticData/NewsAndAnnouncement/ANNOUNCEMENTSTOCK/From_EREP/202505/b841007c80_dca3a8f45e.pdf,Penyampaian Laporan Keuangan [],PTBA,https://www.idx.co.id/StaticData/NewsAndAnnouncement/ANNOUNCEMENTSTOCK/From_EREP/202505/5009609d8b_ef0e5d205b.pdf,20250430_PTBA_Laporan Informasi dan Fakta Material_31880258_lamp1.pdf,https://www.idx.co.id/StaticData/NewsAndAnnouncement/ANNOUNCEMENTSTOCK/From_EREP/202505/e2f372e4e8_8304ddf78c.pdf,20250430_PTBA_Laporan Informasi dan Fakta Material_31880258_lamp2.pdf,https://www.idx.co.id/StaticData/NewsAndAnnouncement/ANNOUNCEMENTSTOCK/From_EREP/202505/eb814283c2_1541858e2b.pdf,20250430_PTBA_Laporan Informasi dan Fakta Material_31880258_lamp3.pdf,,,,,,,,,,,,,,,,,,,,,,,,,,,,,,,,,,,,,,,,,,
"08 Apr 2025
					15:47:10",https://www.idx.co.id/StaticData/NewsAndAnnouncement/ANNOUNCEMENTSTOCK/From_EREP/202504/48d89f6db4_1fe849fc6b.pdf,Pemegang Saham di atas 5% (KSEI) [],Semua Emiten Saham,https://www.idx.co.id/StaticData/NewsAndAnnouncement/ANNOUNCEMENTSTOCK/From_EREP/202504/2cc665f170_39a2f57f9d.pdf,20250408_Semua Emiten Saham_Pengumuman Bursa_31872941_lamp1.pdf,,,,,,,,,,,,,,,,,,,,,,,,,,,,,,,,,,,,,,,,,,,,,,
"09 Apr 2025
					14:21:27",https://www.idx.co.id/StaticData/NewsAndAnnouncement/ANNOUNCEMENTSTOCK/From_EREP/202504/e37a419afd_71f69521e6.pdf,Pemegang Saham di atas 5% (KSEI) [],Semua Emiten Saham,https://www.idx.co.id/StaticData/NewsAndAnnouncement/ANNOUNCEMENTSTOCK/From_EREP/202504/e5340dd18d_63fe4f0c72.pdf,20250409_Semua Emiten Saham_Pengumuman Bursa_31873844_lamp1.pdf,,,,,,,,,,,,,,,,,,,,,,,,,,,,,,,,,,,,,,,,,,,,,,
"10 Apr 2025
					16:13:54",https://www.idx.co.id/StaticData/NewsAndAnnouncement/ANNOUNCEMENTSTOCK/From_EREP/202504/c572928c2e_f856b8f37d.pdf,Pemegang Saham di atas 5% (KSEI) [],Semua Emiten Saham,https://www.idx.co.id/StaticData/NewsAndAnnouncement/ANNOUNCEMENTSTOCK/From_EREP/202504/be9a273a2f_438632f534.pdf,20250410_Semua Emiten Saham_Pengumuman Bursa_31874488_lamp1.pdf,,,,,,,,,,,,,,,,,,,,,,,,,,,,,,,,,,,,,,,,,,,,,,
"11 Apr 2025
					16:12:13",https://www.idx.co.id/StaticData/NewsAndAnnouncement/ANNOUNCEMENTSTOCK/From_EREP/202504/c6d94214a9_376710ca99.pdf,Pemegang Saham di atas 5% (KSEI) [],Semua Emiten Saham,https://www.idx.co.id/StaticData/NewsAndAnnouncement/ANNOUNCEMENTSTOCK/From_EREP/202504/6189261eb2_19d6f53c97.pdf,20250411_Semua Emiten Saham_Pengumuman Bursa_31874878_lamp1.pdf,,,,,,,,,,,,,,,,,,,,,,,,,,,,,,,,,,,,,,,,,,,,,,
"14 Apr 2025
					17:53:10",https://www.idx.co.id/StaticData/NewsAndAnnouncement/ANNOUNCEMENTSTOCK/From_EREP/202504/2b200ab05f_f892d3c62f.pdf,Pemegang Saham di atas 5% (KSEI) [],Semua Emiten Saham,https://www.idx.co.id/StaticData/NewsAndAnnouncement/ANNOUNCEMENTSTOCK/From_EREP/202504/722b7ad38a_d345b10048.pdf,20250414_Semua Emiten Saham_Pengumuman Bursa_31875294_lamp1.pdf,,,,,,,,,,,,,,,,,,,,,,,,,,,,,,,,,,,,,,,,,,,,,,
"15 Apr 2025
					14:15:47",https://www.idx.co.id/StaticData/NewsAndAnnouncement/ANNOUNCEMENTSTOCK/From_EREP/202504/3438c4c59b_28d4676697.pdf,Pemegang Saham di atas 5% (KSEI) [],Semua Emiten Saham,https://www.idx.co.id/StaticData/NewsAndAnnouncement/ANNOUNCEMENTSTOCK/From_EREP/202504/5d1d018ea3_e282623108.pdf,20250415_Semua Emiten Saham_Pengumuman Bursa_31875612_lamp1.pdf,,,,,,,,,,,,,,,,,,,,,,,,,,,,,,,,,,,,,,,,,,,,,,
"16 Apr 2025
					16:22:28",https://www.idx.co.id/StaticData/NewsAndAnnouncement/ANNOUNCEMENTSTOCK/From_EREP/202504/63b292258a_e9b52ccd5f.pdf,Pemegang Saham di atas 5% (KSEI) [],Semua Emiten Saham,https://www.idx.co.id/StaticData/NewsAndAnnouncement/ANNOUNCEMENTSTOCK/From_EREP/202504/7e99207688_3fac7e4170.pdf,20250416_Semua Emiten Saham_Pengumuman Bursa_31875952_lamp1.pdf,,,,,,,,,,,,,,,,,,,,,,,,,,,,,,,,,,,,,,,,,,,,,,
"17 Apr 2025
					15:30:02",https://www.idx.co.id/StaticData/NewsAndAnnouncement/ANNOUNCEMENTSTOCK/From_EREP/202504/04721b3a74_8f9ada5c14.pdf,Pemegang Saham di atas 5% (KSEI) [],Semua Emiten Saham,https://www.idx.co.id/StaticData/NewsAndAnnouncement/ANNOUNCEMENTSTOCK/From_EREP/202504/03a52bd6af_cd97610abd.pdf,20250417_Semua Emiten Saham_Pengumuman Bursa_31876268_lamp1.pdf,,,,,,,,,,,,,,,,,,,,,,,,,,,,,,,,,,,,,,,,,,,,,,
"21 Apr 2025
					15:01:16",https://www.idx.co.id/StaticData/NewsAndAnnouncement/ANNOUNCEMENTSTOCK/From_EREP/202504/185f0671fe_badfa2e209.pdf,Pemegang Saham di atas 5% (KSEI) [],Semua Emiten Saham,https://www.idx.co.id/StaticData/NewsAndAnnouncement/ANNOUNCEMENTSTOCK/From_EREP/202504/b4ae33717a_8c297d7734.pdf,20250421_Semua Emiten Saham_Pengumuman Bursa_31876637_lamp1.pdf,,,,,,,,,,,,,,,,,,,,,,,,,,,,,,,,,,,,,,,,,,,,,,
"22 Apr 2025
					17:18:39",https://www.idx.co.id/StaticData/NewsAndAnnouncement/ANNOUNCEMENTSTOCK/From_EREP/202504/035b17b71a_c19f4cd517.pdf,Pemegang Saham di atas 5% (KSEI) [],Semua Emiten Saham,https://www.idx.co.id/StaticData/NewsAndAnnouncement/ANNOUNCEMENTSTOCK/From_EREP/202504/57e5c74926_a7b9fc601d.pdf,20250422_Semua Emiten Saham_Pengumuman Bursa_31876973_lamp1.pdf,,,,,,,,,,,,,,,,,,,,,,,,,,,,,,,,,,,,,,,,,,,,,,
"23 Apr 2025
					13:24:55",https://www.idx.co.id/StaticData/NewsAndAnnouncement/ANNOUNCEMENTSTOCK/From_EREP/202504/b6aeaa38b2_93c7f315f6.pdf,Pemegang Saham di atas 5% (KSEI) [],Semua Emiten Saham,https://www.idx.co.id/StaticData/NewsAndAnnouncement/ANNOUNCEMENTSTOCK/From_EREP/202504/a28b8d11ba_e45acc8e27.pdf,20250423_Semua Emiten Saham_Pengumuman Bursa_31877363_lamp1.pdf,,,,,,,,,,,,,,,,,,,,,,,,,,,,,,,,,,,,,,,,,,,,,,
"24 Apr 2025
					14:34:41",https://www.idx.co.id/StaticData/NewsAndAnnouncement/ANNOUNCEMENTSTOCK/From_EREP/202504/e8e2ad5ae4_17262d56a2.pdf,Pemegang Saham di atas 5% (KSEI) [],Semua Emiten Saham,https://www.idx.co.id/StaticData/NewsAndAnnouncement/ANNOUNCEMENTSTOCK/From_EREP/202504/14a8c67f3f_a9391287f2.pdf,20250424_Semua Emiten Saham_Pengumuman Bursa_31877695_lamp1.pdf,,,,,,,,,,,,,,,,,,,,,,,,,,,,,,,,,,,,,,,,,,,,,,
"25 Apr 2025
					17:21:24",https://www.idx.co.id/StaticData/NewsAndAnnouncement/ANNOUNCEMENTSTOCK/From_EREP/202504/3291714fe5_e3ffb1e4f7.pdf,Pemegang Saham di atas 5% (KSEI) [],Semua Emiten Saham,https://www.idx.co.id/StaticData/NewsAndAnnouncement/ANNOUNCEMENTSTOCK/From_EREP/202504/9007ed1e37_386b5cb34e.pdf,20250425_Semua Emiten Saham_Pengumuman Bursa_31878080_lamp1.pdf,,,,,,,,,,,,,,,,,,,,,,,,,,,,,,,,,,,,,,,,,,,,,,
"28 Apr 2025
					16:09:20",https://www.idx.co.id/StaticData/NewsAndAnnouncement/ANNOUNCEMENTSTOCK/From_EREP/202504/6c5b123c6e_2ba273781a.pdf,Pemegang Saham di atas 5% (KSEI) [],Semua Emiten Saham,https://www.idx.co.id/StaticData/NewsAndAnnouncement/ANNOUNCEMENTSTOCK/From_EREP/202504/e56c6e3db1_a196b1e9a3.pdf,20250428_Semua Emiten Saham_Pengumuman Bursa_31878528_lamp1.pdf,,,,,,,,,,,,,,,,,,,,,,,,,,,,,,,,,,,,,,,,,,,,,,
"29 Apr 2025
					15:53:09",https://www.idx.co.id/StaticData/NewsAndAnnouncement/ANNOUNCEMENTSTOCK/From_EREP/202504/d5076e40b9_6a00607f4d.pdf,Pemegang Saham di atas 5% (KSEI) [],Semua Emiten Saham,https://www.idx.co.id/StaticData/NewsAndAnnouncement/ANNOUNCEMENTSTOCK/From_EREP/202504/9dc5a7f1d6_af55e67475.pdf,20250429_Semua Emiten Saham_Pengumuman Bursa_31879058_lamp1.pdf,,,,,,,,,,,,,,,,,,,,,,,,,,,,,,,,,,,,,,,,,,,,,,
"30 Apr 2025
					14:46:18",https://www.idx.co.id/StaticData/NewsAndAnnouncement/ANNOUNCEMENTSTOCK/From_EREP/202504/18c279abf3_dfacc87a11.pdf,Pemegang Saham di atas 5% (KSEI) [],Semua Emiten Saham,https://www.idx.co.id/StaticData/NewsAndAnnouncement/ANNOUNCEMENTSTOCK/From_EREP/202504/74c212f249_9aaf6c7fd2.pdf,20250430_Semua Emiten Saham_Pengumuman Bursa_31879918_lamp1.pdf,,,,,,,,,,,,,,,,,,,,,,,,,,,,,,,,,,,,,,,,,,,,,,
"08 Apr 2025
					14:04:22",https://www.idx.co.id/StaticData/NewsAndAnnouncement/ANNOUNCEMENTSTOCK/From_EREP/202504/755d5f5282_90c9d4a475.pdf,Laporan Bulanan Registrasi Pemegang Efek [],SIDO,https://www.idx.co.id/StaticData/NewsAndAnnouncement/ANNOUNCEMENTSTOCK/From_EREP/202504/f31ef440c7_b24c35308e.pdf,20250408_SIDO_Laporan Bulanan Registrasi Pemegang Efek/Perubahan Struktur Pemegang Saham_31872923_lamp1.pdf,,,,,,,,,,,,,,,,,,,,,,,,,,,,,,,,,,,,,,,,,,,,,,
"09 Apr 2025
					09:09:54",https://www.idx.co.id/StaticData/NewsAndAnnouncement/ANNOUNCEMENTSTOCK/From_EREP/202504/d531b6a5d4_5c48313eb7.pdf,Pemanggilan Rapat Umum Pemegang Saham Tahunan [],SIDO,https://www.idx.co.id/StaticData/NewsAndAnnouncement/ANNOUNCEMENTSTOCK/From_EREP/202504/4f88b6c85d_53a701eb23.pdf,20250409_SIDO_Pemanggilan RUPS_31873536_lamp1.pdf,,,,,,,,,,,,,,,,,,,,,,,,,,,,,,,,,,,,,,,,,,,,,,
"30 Apr 2025
					16:04:28",https://www.idx.co.id/StaticData/NewsAndAnnouncement/ANNOUNCEMENTSTOCK/From_EREP/202505/20250502144702-52794-0/FinancialStatement-2025-I-SIDO.pdf,Penyampaian Laporan Keuangan Interim Yang Tidak Diaudit [],SIDO,https://www.idx.co.id/StaticData/NewsAndAnnouncement/ANNOUNCEMENTSTOCK/From_EREP/202505/20250502144702-52794-0/BEI_Penyampaian%20Lap%20Keu%20Interim%20I%202025.pdf,BEI_Penyampaian Lap Keu Interim I 2025.pdf,https://www.idx.co.id/StaticData/NewsAndAnnouncement/ANNOUNCEMENTSTOCK/From_EREP/202505/20250502144702-52794-0/Checklist%20Pengungkapan%20LK%20Mar%2025.pdf,Checklist Pengungkapan LK Mar 25.pdf,https://www.idx.co.id/StaticData/NewsAndAnnouncement/ANNOUNCEMENTSTOCK/From_EREP/202505/20250502144702-52794-0/FinancialStatement-2025-I-SIDO.xlsx,FinancialStatement-2025-I-SIDO.xlsx,,,,,,,,,,,,,,,,,,,,,,,,,,,,,,,,,,,,,,,,,,
"08 Apr 2025
					12:10:23",https://www.idx.co.id/StaticData/NewsAndAnnouncement/ANNOUNCEMENTSTOCK/From_EREP/202504/6b2d260d32_c0b21d714c.pdf,Laporan Bulanan Registrasi Pemegang Efek [],SMGR,https://www.idx.co.id/StaticData/NewsAndAnnouncement/ANNOUNCEMENTSTOCK/From_EREP/202504/75f6ae350d_8091ba64b8.pdf,20250408_SMGR_Laporan Bulanan Registrasi Pemegang Efek/Perubahan Struktur Pemegang Saham_31872811_lamp1.pdf,,,,,,,,,,,,,,,,,,,,,,,,,,,,,,,,,,,,,,,,,,,,,,
"11 Apr 2025
					11:46:59",https://www.idx.co.id/StaticData/NewsAndAnnouncement/ANNOUNCEMENTSTOCK/From_EREP/202504/b9e97e0552_d4aecc804b.pdf,Laporan Bulanan Registrasi Pemegang Efek (KOREKSI) [],SMGR,https://www.idx.co.id/StaticData/NewsAndAnnouncement/ANNOUNCEMENTSTOCK/From_EREP/202504/ecd9a865c4_166adb425d.pdf,20250411_SMGR_Laporan Bulanan Registrasi Pemegang Efek/Perubahan Struktur Pemegang Saham_31874870_lamp1.pdf,,,,,,,,,,,,,,,,,,,,,,,,,,,,,,,,,,,,,,,,,,,,,,
"15 Apr 2025
					17:36:20",https://www.idx.co.id/StaticData/NewsAndAnnouncement/ANNOUNCEMENTSTOCK/From_EREP/202504/d211da5966_6dd6f44065.pdf,Pemberitahuan Rencana Rapat Umum Pemegang Saham Tahunan [],SMGR,https://www.idx.co.id/StaticData/NewsAndAnnouncement/ANNOUNCEMENTSTOCK/From_EREP/202504/0212764bb0_dea2e36665.pdf,20250415_SMGR_Pengumuman RUPS_31875700_lamp1.pdf,,,,,,,,,,,,,,,,,,,,,,,,,,,,,,,,,,,,,,,,,,,,,,
"15 Apr 2025
					17:42:49",https://www.idx.co.id/StaticData/NewsAndAnnouncement/ANNOUNCEMENTSTOCK/From_EREP/202504/35e7c9d947_8cef8eb798.pdf,Laporan Bulanan Registrasi Pemegang Efek (KOREKSI) [],SMGR,https://www.idx.co.id/StaticData/NewsAndAnnouncement/ANNOUNCEMENTSTOCK/From_EREP/202504/2be2610792_b1e04740d3.pdf,20250411_SMGR_Laporan Bulanan Registrasi Pemegang Efek/Perubahan Struktur Pemegang Saham_31875048_lamp1.pdf,,,,,,,,,,,,,,,,,,,,,,,,,,,,,,,,,,,,,,,,,,,,,,
"15 Apr 2025
					20:44:16",https://www.idx.co.id/StaticData/NewsAndAnnouncement/ANNOUNCEMENTSTOCK/From_EREP/202504/3e325ced99_d23c4ddb6c.pdf,Rencana Pembelian Kembali Saham dalam Kondisi Pasar yang Berfluktuasi secara Signifikan [],SMGR,https://www.idx.co.id/StaticData/NewsAndAnnouncement/ANNOUNCEMENTSTOCK/From_EREP/202504/58f065c23c_87ceaf3d9f.pdf,20250415_SMGR_Laporan Informasi dan Fakta Material_31875834_lamp1.pdf,https://www.idx.co.id/StaticData/NewsAndAnnouncement/ANNOUNCEMENTSTOCK/From_EREP/202504/7a904c9c76_48e8010ed9.pdf,20250415_SMGR_Laporan Informasi dan Fakta Material_31875834_lamp2.pdf,,,,,,,,,,,,,,,,,,,,,,,,,,,,,,,,,,,,,,,,,,,,
"15 Apr 2025
					20:46:16",https://www.idx.co.id/StaticData/NewsAndAnnouncement/ANNOUNCEMENTSTOCK/From_EREP/202504/8d7a3e2e12_fbef7f528b.pdf,Keterbukaan Informasi Sehubungan dengan Rencana Pembelian Kembali Saham (Buyback) dan Pengalihan Saham hasil Buyback [],SMGR,https://www.idx.co.id/StaticData/NewsAndAnnouncement/ANNOUNCEMENTSTOCK/From_EREP/202504/9a755ae59e_cd3e002a90.pdf,20250415_SMGR_Laporan Informasi dan Fakta Material_31875835_lamp2.pdf,https://www.idx.co.id/StaticData/NewsAndAnnouncement/ANNOUNCEMENTSTOCK/From_EREP/202504/d2102320e6_4c7d9cf453.pdf,20250415_SMGR_Laporan Informasi dan Fakta Material_31875835_lamp1.pdf,,,,,,,,,,,,,,,,,,,,,,,,,,,,,,,,,,,,,,,,,,,,
"15 Apr 2025
					20:48:23",https://www.idx.co.id/StaticData/NewsAndAnnouncement/ANNOUNCEMENTSTOCK/From_EREP/202504/4dd439d011_845bb8d34f.pdf,Keterbukaan Informasi sehubungan dengan Perubahan Kegiatan Usaha Perseroan [],SMGR,https://www.idx.co.id/StaticData/NewsAndAnnouncement/ANNOUNCEMENTSTOCK/From_EREP/202504/7e445ee23a_69753009a5.pdf,20250415_SMGR_Laporan Informasi dan Fakta Material_31875838_lamp2.pdf,https://www.idx.co.id/StaticData/NewsAndAnnouncement/ANNOUNCEMENTSTOCK/From_EREP/202504/841c775bf2_d93f2c64e3.pdf,20250415_SMGR_Laporan Informasi dan Fakta Material_31875838_lamp1.pdf,https://www.idx.co.id/StaticData/NewsAndAnnouncement/ANNOUNCEMENTSTOCK/From_EREP/202504/a60b2ba43e_f4b081bbd8.pdf,20250415_SMGR_Laporan Informasi dan Fakta Material_31875838_lamp3.pdf,,,,,,,,,,,,,,,,,,,,,,,,,,,,,,,,,,,,,,,,,,
"15 Apr 2025
					22:11:00",https://www.idx.co.id/StaticData/NewsAndAnnouncement/ANNOUNCEMENTSTOCK/From_EREP/202504/a024e30916_c430635d66.pdf,Keterbukaan Informasi sehubungan dengan Perubahan Kegiatan Usaha Perseroan (KOREKSI) [],SMGR,https://www.idx.co.id/StaticData/NewsAndAnnouncement/ANNOUNCEMENTSTOCK/From_EREP/202504/1e7a8d4572_139b7642bf.pdf,20250415_SMGR_Laporan Informasi dan Fakta Material_31875854_lamp3.pdf,https://www.idx.co.id/StaticData/NewsAndAnnouncement/ANNOUNCEMENTSTOCK/From_EREP/202504/374451b95c_157fa1ff63.pdf,20250415_SMGR_Laporan Informasi dan Fakta Material_31875854_lamp2.pdf,https://www.idx.co.id/StaticData/NewsAndAnnouncement/ANNOUNCEMENTSTOCK/From_EREP/202504/c10bbbea49_814a7bb2e1.pdf,20250415_SMGR_Laporan Informasi dan Fakta Material_31875854_lamp1.pdf,,,,,,,,,,,,,,,,,,,,,,,,,,,,,,,,,,,,,,,,,,
"17 Apr 2025
					12:18:45",https://www.idx.co.id/StaticData/NewsAndAnnouncement/ANNOUNCEMENTSTOCK/From_EREP/202504/1540f9cd17_3cc8aadf0f.pdf,Penyampaian Bukti Iklan Pemberitahuan RUPS [],SMGR,https://www.idx.co.id/StaticData/NewsAndAnnouncement/ANNOUNCEMENTSTOCK/From_EREP/202504/13fb6926c7_038d04afee.pdf,20250417_SMGR_Penyampaian Bukti Iklan_31876258_lamp1.pdf,,,,,,,,,,,,,,,,,,,,,,,,,,,,,,,,,,,,,,,,,,,,,,
"29 Apr 2025
					15:50:25",https://www.idx.co.id/StaticData/NewsAndAnnouncement/ANNOUNCEMENTSTOCK/From_EREP/202504/443ce8bd97_967c9ae560.pdf,Penyampaian Laporan Tahunan & Keberlanjutan dan ESG [],SMGR,https://www.idx.co.id/StaticData/NewsAndAnnouncement/ANNOUNCEMENTSTOCK/From_EREP/202504/20205893aa_2eba9edb16.pdf,AnnualReport2024-SMGR-att2.pdf,https://www.idx.co.id/StaticData/NewsAndAnnouncement/ANNOUNCEMENTSTOCK/From_EREP/202504/32c06a4d03_4606c6d436.pdf,AnnualReport2024-SMGR-att4.pdf,https://www.idx.co.id/StaticData/NewsAndAnnouncement/ANNOUNCEMENTSTOCK/From_EREP/202504/be133ddfee_6674bbf8f5.pdf,AnnualReport2024-SMGR-att1.pdf,,,,,,,,,,,,,,,,,,,,,,,,,,,,,,,,,,,,,,,,,,
"30 Apr 2025
					18:20:11",https://www.idx.co.id/StaticData/NewsAndAnnouncement/ANNOUNCEMENTSTOCK/From_EREP/202504/20250430190501-52643-0/FinancialStatement-2025-I-SMGR.pdf,Penyampaian Laporan Keuangan Interim Yang Tidak Diaudit [],SMGR,https://www.idx.co.id/StaticData/NewsAndAnnouncement/ANNOUNCEMENTSTOCK/From_EREP/202504/20250430190501-52643-0/FinancialStatement-2025-I-SMGR.xlsx,FinancialStatement-2025-I-SMGR.xlsx,https://www.idx.co.id/StaticData/NewsAndAnnouncement/ANNOUNCEMENTSTOCK/From_EREP/202504/20250430190501-52643-0/inlineXBRL.zip,inlineXBRL.zip,https://www.idx.co.id/StaticData/NewsAndAnnouncement/ANNOUNCEMENTSTOCK/From_EREP/202504/20250430190501-52643-0/instance.zip,instance.zip,,,,,,,,,,,,,,,,,,,,,,,,,,,,,,,,,,,,,,,,,,
"30 Apr 2025
					19:25:13",https://www.idx.co.id/StaticData/NewsAndAnnouncement/ANNOUNCEMENTSTOCK/From_EREP/202504/dc0933f221_5884f2bef5.pdf,Pemanggilan Rapat Umum Pemegang Saham Tahunan [],SMGR,https://www.idx.co.id/StaticData/NewsAndAnnouncement/ANNOUNCEMENTSTOCK/From_EREP/202504/839ef28200_ce1ecafc37.pdf,20250430_SMGR_Pemanggilan RUPS_31880355_lamp2.pdf,https://www.idx.co.id/StaticData/NewsAndAnnouncement/ANNOUNCEMENTSTOCK/From_EREP/202504/fe21e59bf7_80d4de65c9.pdf,20250430_SMGR_Pemanggilan RUPS_31880355_lamp1.pdf,,,,,,,,,,,,,,,,,,,,,,,,,,,,,,,,,,,,,,,,,,,,
"30 Apr 2025
					22:34:51",https://www.idx.co.id/StaticData/NewsAndAnnouncement/ANNOUNCEMENTSTOCK/From_EREP/202507/20250717091659-54071-0/FinancialStatement-2025-I-SMGR.pdf,Penyampaian Laporan Keuangan Interim (KOREKSI) [],SMGR,https://www.idx.co.id/StaticData/NewsAndAnnouncement/ANNOUNCEMENTSTOCK/From_EREP/202507/20250717091659-54071-0/FinancialStatement-2025-I-SMGR.xlsx,FinancialStatement-2025-I-SMGR.xlsx,https://www.idx.co.id/StaticData/NewsAndAnnouncement/ANNOUNCEMENTSTOCK/From_EREP/202507/20250717091659-54071-0/inlineXBRL.zip,inlineXBRL.zip,https://www.idx.co.id/StaticData/NewsAndAnnouncement/ANNOUNCEMENTSTOCK/From_EREP/202507/20250717091659-54071-0/instance.zip,instance.zip,,,,,,,,,,,,,,,,,,,,,,,,,,,,,,,,,,,,,,,,,,
"30 Apr 2025
					22:44:36",https://www.idx.co.id/StaticData/NewsAndAnnouncement/ANNOUNCEMENTSTOCK/From_EREP/202505/e654ca1029_9badaa3927.pdf,Rencana Pembelian Kembali Saham dalam Kondisi Pasar yang Berfluktuasi secara Signifikan (KOREKSI) [],SMGR,https://www.idx.co.id/StaticData/NewsAndAnnouncement/ANNOUNCEMENTSTOCK/From_EREP/202505/3628e9a3fd_99c912bec9.pdf,20250430_SMGR_Laporan Informasi dan Fakta Material_31880868_lamp2.pdf,https://www.idx.co.id/StaticData/NewsAndAnnouncement/ANNOUNCEMENTSTOCK/From_EREP/202505/97652d085d_d7ca3696e1.pdf,20250430_SMGR_Laporan Informasi dan Fakta Material_31880868_lamp1.pdf,https://www.idx.co.id/StaticData/NewsAndAnnouncement/ANNOUNCEMENTSTOCK/From_EREP/202505/b48e4c5bba_fcb500377a.pdf,20250430_SMGR_Laporan Informasi dan Fakta Material_31880868_lamp3.pdf,,,,,,,,,,,,,,,,,,,,,,,,,,,,,,,,,,,,,,,,,,
"30 Apr 2025
					22:46:11",https://www.idx.co.id/StaticData/NewsAndAnnouncement/ANNOUNCEMENTSTOCK/From_EREP/202505/50528d271f_f1e2b64023.pdf,Keterbukaan Informasi Sehubungan dengan Rencana Pembelian Kembali Saham (Buyback) dan Pengalihan Saham hasil Buyback (KOREKSI) [],SMGR,https://www.idx.co.id/StaticData/NewsAndAnnouncement/ANNOUNCEMENTSTOCK/From_EREP/202505/20915d9ba3_e1e5481f4b.pdf,20250430_SMGR_Laporan Informasi dan Fakta Material_31880873_lamp1.pdf,https://www.idx.co.id/StaticData/NewsAndAnnouncement/ANNOUNCEMENTSTOCK/From_EREP/202505/748b6ea7e4_a5e1c2ea35.pdf,20250430_SMGR_Laporan Informasi dan Fakta Material_31880873_lamp2.pdf,https://www.idx.co.id/StaticData/NewsAndAnnouncement/ANNOUNCEMENTSTOCK/From_EREP/202505/ab0066e6ab_12c872a33d.pdf,20250430_SMGR_Laporan Informasi dan Fakta Material_31880873_lamp3.pdf,,,,,,,,,,,,,,,,,,,,,,,,,,,,,,,,,,,,,,,,,,
"09 Apr 2025
					14:45:53",https://www.idx.co.id/StaticData/NewsAndAnnouncement/ANNOUNCEMENTSTOCK/From_EREP/202504/afcd74ab4a_779b6d467a.pdf,Laporan Bulanan Registrasi Pemegang Efek [],SMRA,https://www.idx.co.id/StaticData/NewsAndAnnouncement/ANNOUNCEMENTSTOCK/From_EREP/202504/484a3f9f61_12022212a6.pdf,20250407_SMRA_Laporan Bulanan Registrasi Pemegang Efek/Perubahan Struktur Pemegang Saham_31872674_lamp1.pdf,,,,,,,,,,,,,,,,,,,,,,,,,,,,,,,,,,,,,,,,,,,,,,
"10 Apr 2025
					10:55:19",https://www.idx.co.id/StaticData/NewsAndAnnouncement/ANNOUNCEMENTSTOCK/From_EREP/202504/0b6dee2eba_06429f6a93.pdf,Laporan Bulanan Registrasi Pemegang Efek (KOREKSI) [],SMRA,https://www.idx.co.id/StaticData/NewsAndAnnouncement/ANNOUNCEMENTSTOCK/From_EREP/202504/18cb57e835_19be72cccc.pdf,20250410_SMRA_Laporan Bulanan Registrasi Pemegang Efek/Perubahan Struktur Pemegang Saham_31874385_lamp1.pdf,,,,,,,,,,,,,,,,,,,,,,,,,,,,,,,,,,,,,,,,,,,,,,
"30 Apr 2025
					20:20:51",https://www.idx.co.id/StaticData/NewsAndAnnouncement/ANNOUNCEMENTSTOCK/From_EREP/202504/3e43dfbf91_068038641e.pdf,Penyampaian Laporan Tahunan & Keberlanjutan dan ESG [],SMRA,https://www.idx.co.id/StaticData/NewsAndAnnouncement/ANNOUNCEMENTSTOCK/From_EREP/202504/a152b8f46a_c0a1a7dee5.pdf,AnnualReport2024-SMRA-att1.pdf,https://www.idx.co.id/StaticData/NewsAndAnnouncement/ANNOUNCEMENTSTOCK/From_EREP/202504/d7873b8cd5_2af3cebabc.pdf,AnnualReport2024-SMRA-att2.pdf,,,,,,,,,,,,,,,,,,,,,,,,,,,,,,,,,,,,,,,,,,,,
"09 Apr 2025
					15:11:29",https://www.idx.co.id/StaticData/NewsAndAnnouncement/ANNOUNCEMENTSTOCK/From_EREP/202504/7ca83e4295_13872d5ae4.pdf,Laporan Bulanan Registrasi Pemegang Efek [],TLKM,https://www.idx.co.id/StaticData/NewsAndAnnouncement/ANNOUNCEMENTSTOCK/From_EREP/202504/c9eea8ad22_8caec3b453.pdf,20250409_TLKM_Laporan Bulanan Registrasi Pemegang Efek/Perubahan Struktur Pemegang Saham_31873703_lamp1.pdf,,,,,,,,,,,,,,,,,,,,,,,,,,,,,,,,,,,,,,,,,,,,,,
"09 Apr 2025
					19:43:08",https://www.idx.co.id/StaticData/NewsAndAnnouncement/ANNOUNCEMENTSTOCK/From_EREP/202504/6e08e98a7d_0a011c3a51.pdf,Laporan Hasil Pemeringkatan Pemeringkatan Tahunan [],TLKM,https://www.idx.co.id/StaticData/NewsAndAnnouncement/ANNOUNCEMENTSTOCK/From_EREP/202504/7c1235d085_3a25e81e01.pdf,20250409_TLKM_Laporan Hasil Pemeringkatan_31874216_lamp1.pdf,https://www.idx.co.id/StaticData/NewsAndAnnouncement/ANNOUNCEMENTSTOCK/From_EREP/202504/97a4fe4927_576833e4df.pdf,20250409_TLKM_Laporan Hasil Pemeringkatan_31874216_lamp2.pdf,,,,,,,,,,,,,,,,,,,,,,,,,,,,,,,,,,,,,,,,,,,,
"10 Apr 2025
					18:40:01",https://www.idx.co.id/StaticData/NewsAndAnnouncement/ANNOUNCEMENTSTOCK/From_EREP/202504/7c07dbf328_2b9d906312.pdf,Laporan Bulanan Registrasi Pemegang Efek (KOREKSI) [],TLKM,https://www.idx.co.id/StaticData/NewsAndAnnouncement/ANNOUNCEMENTSTOCK/From_EREP/202504/326e86184b_e4242c3d2f.pdf,20250410_TLKM_Laporan Bulanan Registrasi Pemegang Efek/Perubahan Struktur Pemegang Saham_31874766_lamp1.pdf,,,,,,,,,,,,,,,,,,,,,,,,,,,,,,,,,,,,,,,,,,,,,,
"11 Apr 2025
					17:23:43",https://www.idx.co.id/StaticData/NewsAndAnnouncement/ANNOUNCEMENTSTOCK/From_EREP/202504/dad0b980b5_da37e4f439.pdf,Pengunduran Diri Komisaris Utama/ Komisaris Independen PT Telkom Indonesia (Persero) Tbk [],TLKM,https://www.idx.co.id/StaticData/NewsAndAnnouncement/ANNOUNCEMENTSTOCK/From_EREP/202504/50c9a9d0d6_136dc52ba5.pdf,20250411_TLKM_Laporan Informasi dan Fakta Material_31875053_lamp1.pdf,https://www.idx.co.id/StaticData/NewsAndAnnouncement/ANNOUNCEMENTSTOCK/From_EREP/202504/5aa2ce4907_ff1b890463.pdf,20250411_TLKM_Laporan Informasi dan Fakta Material_31875053_lamp2.pdf,,,,,,,,,,,,,,,,,,,,,,,,,,,,,,,,,,,,,,,,,,,,
"16 Apr 2025
					16:19:00",https://www.idx.co.id/StaticData/NewsAndAnnouncement/ANNOUNCEMENTSTOCK/From_EREP/202504/c7fc1758da_465fb5a9c2.pdf,Saham Hilang [],TLKM,https://www.idx.co.id/StaticData/NewsAndAnnouncement/ANNOUNCEMENTSTOCK/From_EREP/202504/ee47604628_de989d5f11.pdf,20250416_TLKM_Pengumuman Bursa_31875972_lamp1.pdf,,,,,,,,,,,,,,,,,,,,,,,,,,,,,,,,,,,,,,,,,,,,,,
"17 Apr 2025
					09:03:26",https://www.idx.co.id/StaticData/NewsAndAnnouncement/ANNOUNCEMENTSTOCK/From_EREP/202504/9c849ff430_553ba817b7.pdf,KETERBUKAAN INFORMASI DALAM RANGKA MEMENUHI KETENTUAN PERATURAN OTORITAS JASA KEUANGAN NO. 29 TAHUN 2023 TENTANG PEMBELIAN KEMBALI SAHAM YANG DIKELUARKAN OLEH PERUSAHAAN TERBUKA.  [],TLKM,https://www.idx.co.id/StaticData/NewsAndAnnouncement/ANNOUNCEMENTSTOCK/From_EREP/202504/72b46cbfcb_af0bc4f1ad.pdf,20250417_TLKM_Laporan Informasi dan Fakta Material_31876166_lamp1.pdf,https://www.idx.co.id/StaticData/NewsAndAnnouncement/ANNOUNCEMENTSTOCK/From_EREP/202504/b8dd69576e_a2822d79a5.pdf,20250417_TLKM_Laporan Informasi dan Fakta Material_31876166_lamp2.pdf,,,,,,,,,,,,,,,,,,,,,,,,,,,,,,,,,,,,,,,,,,,,
"17 Apr 2025
					09:13:58",https://www.idx.co.id/StaticData/NewsAndAnnouncement/ANNOUNCEMENTSTOCK/From_EREP/202504/f828d36e5e_320866e227.pdf,Pemberitahuan Rencana Rapat Umum Pemegang Saham Tahunan [],TLKM,https://www.idx.co.id/StaticData/NewsAndAnnouncement/ANNOUNCEMENTSTOCK/From_EREP/202504/30738756b2_43d5ddc65a.pdf,20250417_TLKM_Pengumuman RUPS_31876171_lamp2.pdf,https://www.idx.co.id/StaticData/NewsAndAnnouncement/ANNOUNCEMENTSTOCK/From_EREP/202504/39110ad574_9ad436c21c.pdf,20250417_TLKM_Pengumuman RUPS_31876171_lamp1.pdf,,,,,,,,,,,,,,,,,,,,,,,,,,,,,,,,,,,,,,,,,,,,
"18 Apr 2025
					05:14:52",https://www.idx.co.id/StaticData/NewsAndAnnouncement/ANNOUNCEMENTSTOCK/From_EREP/202404/20250418052215-49898-0/FinancialStatement-2024-Tahunan-TLKM.pdf,Penyampaian Laporan Keuangan Tahunan [],TLKM,https://www.idx.co.id/StaticData/NewsAndAnnouncement/ANNOUNCEMENTSTOCK/From_EREP/202404/20250418052215-49898-0/Checklist%20OJK%20Telkom%20Tahun%20Buku%202024%20Audited.pdf,Checklist OJK Telkom Tahun Buku 2024 Audited.pdf,https://www.idx.co.id/StaticData/NewsAndAnnouncement/ANNOUNCEMENTSTOCK/From_EREP/202404/20250418052215-49898-0/FinancialStatement-2024-Tahunan-TLKM.xlsx,FinancialStatement-2024-Tahunan-TLKM.xlsx,https://www.idx.co.id/StaticData/NewsAndAnnouncement/ANNOUNCEMENTSTOCK/From_EREP/202404/20250418052215-49898-0/inlineXBRL.zip,inlineXBRL.zip,,,,,,,,,,,,,,,,,,,,,,,,,,,,,,,,,,,,,,,,,,
"21 Apr 2025
					20:59:02",https://www.idx.co.id/StaticData/NewsAndAnnouncement/ANNOUNCEMENTSTOCK/From_EREP/202504/abe6d34a99_729d0bcb32.pdf,Penyampaian Laporan Tahunan & Keberlanjutan dan ESG [],TLKM,https://www.idx.co.id/StaticData/NewsAndAnnouncement/ANNOUNCEMENTSTOCK/From_EREP/202504/5ef4b6ea3c_dd947fb1f7.pdf,AnnualReport2024-TLKM-att4.pdf,https://www.idx.co.id/StaticData/NewsAndAnnouncement/ANNOUNCEMENTSTOCK/From_EREP/202504/60ed96d82c_a9648f3893.pdf,AnnualReport2024-TLKM-att3.pdf,https://www.idx.co.id/StaticData/NewsAndAnnouncement/ANNOUNCEMENTSTOCK/From_EREP/202504/aa4acd6ddb_63e7b700bf.pdf,AnnualReport2024-TLKM-att5.pdf,,,,,,,,,,,,,,,,,,,,,,,,,,,,,,,,,,,,,,,,,,
"30 Apr 2025
					18:38:38",https://www.idx.co.id/StaticData/NewsAndAnnouncement/ANNOUNCEMENTSTOCK/From_EREP/202505/20250502133257-52707-0/FinancialStatement-2025-I-TLKM.pdf,Penyampaian Laporan Keuangan Interim Yang Tidak Diaudit [],TLKM,https://www.idx.co.id/StaticData/NewsAndAnnouncement/ANNOUNCEMENTSTOCK/From_EREP/202505/20250502133257-52707-0/FinancialStatement-2025-I-TLKM.xlsx,FinancialStatement-2025-I-TLKM.xlsx,https://www.idx.co.id/StaticData/NewsAndAnnouncement/ANNOUNCEMENTSTOCK/From_EREP/202505/20250502133257-52707-0/inlineXBRL.zip,inlineXBRL.zip,https://www.idx.co.id/StaticData/NewsAndAnnouncement/ANNOUNCEMENTSTOCK/From_EREP/202505/20250502133257-52707-0/instance.zip,instance.zip,,,,,,,,,,,,,,,,,,,,,,,,,,,,,,,,,,,,,,,,,,
"08 Apr 2025
					21:26:51",https://www.idx.co.id/StaticData/NewsAndAnnouncement/ANNOUNCEMENTSTOCK/From_EREP/202504/34cdb64d1c_8fcd835065.pdf,"Penandatangan Perjanjian Perubahan Kesebelas atas Surat Penawaran Fasilitas-Fasilitas Perbankan Tanpa Komitmen antara Protelindo, Iforte, KIN, SUPR, BIT dan IBST dengan JPMorgan Chase Bank, N.A., Cabang Jakarta  []",TOWR,https://www.idx.co.id/StaticData/NewsAndAnnouncement/ANNOUNCEMENTSTOCK/From_EREP/202504/5f95551ce4_ae8bea904a.pdf,20250408_TOWR_Laporan Informasi dan Fakta Material_31873437_lamp1.pdf,,,,,,,,,,,,,,,,,,,,,,,,,,,,,,,,,,,,,,,,,,,,,,
"09 Apr 2025
					08:27:41",https://www.idx.co.id/StaticData/NewsAndAnnouncement/ANNOUNCEMENTSTOCK/From_EREP/202504/479cd399db_bbb7ce7bf6.pdf,Laporan Bulanan Registrasi Pemegang Efek [],TOWR,https://www.idx.co.id/StaticData/NewsAndAnnouncement/ANNOUNCEMENTSTOCK/From_EREP/202504/c41d90bd19_8bc31df221.pdf,20250409_TOWR_Laporan Bulanan Registrasi Pemegang Efek/Perubahan Struktur Pemegang Saham_31873542_lamp1.pdf,,,,,,,,,,,,,,,,,,,,,,,,,,,,,,,,,,,,,,,,,,,,,,
"22 Apr 2025
					17:30:05",https://www.idx.co.id/StaticData/NewsAndAnnouncement/ANNOUNCEMENTSTOCK/From_EREP/202504/a5a84f04c6_26f64ee40c.pdf,Penandatangan Perjanjian Fasilitas Pinjaman Bergulir antara Protelindo dan Iforte dengan PT Bank OCBC NISP Tbk  [],TOWR,https://www.idx.co.id/StaticData/NewsAndAnnouncement/ANNOUNCEMENTSTOCK/From_EREP/202504/ae48fc7d15_35d8467a8f.pdf,20250422_TOWR_Laporan Informasi dan Fakta Material_31877107_lamp1.pdf,,,,,,,,,,,,,,,,,,,,,,,,,,,,,,,,,,,,,,,,,,,,,,
"23 Apr 2025
					22:18:32",https://www.idx.co.id/StaticData/NewsAndAnnouncement/ANNOUNCEMENTSTOCK/From_EREP/202504/775a20a9dd_d94f76786e.pdf,Perubahan anggota Direksi dan/atau anggota Dewan Komisaris [],TOWR,https://www.idx.co.id/StaticData/NewsAndAnnouncement/ANNOUNCEMENTSTOCK/From_EREP/202504/2bee4de065_b615836377.pdf,20250423_TOWR_Laporan Informasi dan Fakta Material_31877574_lamp1.pdf,,,,,,,,,,,,,,,,,,,,,,,,,,,,,,,,,,,,,,,,,,,,,,
"23 Apr 2025
					22:45:04",https://www.idx.co.id/StaticData/NewsAndAnnouncement/ANNOUNCEMENTSTOCK/From_EREP/202504/7bff25f16a_e9f154ea6a.pdf,Perubahan Pengurus [],TOWR,,,,,,,,,,,,,,,,,,,,,,,,,,,,,,,,,,,,,,,,,,,,,,,,
"24 Apr 2025
					18:56:16",https://www.idx.co.id/StaticData/NewsAndAnnouncement/ANNOUNCEMENTSTOCK/From_EREP/202504/25d79aa457_07c89325f8.pdf,Ringkasan Risalah Rapat Umum Para Pemegang Saham Tahunan dan Luar Biasa [],TOWR,https://www.idx.co.id/StaticData/NewsAndAnnouncement/ANNOUNCEMENTSTOCK/From_EREP/202504/07356a66fb_9f3f0125e3.pdf,20250424_TOWR_Ringkasan Risalah/Risalah RUPS_31877943_lamp2.pdf,https://www.idx.co.id/StaticData/NewsAndAnnouncement/ANNOUNCEMENTSTOCK/From_EREP/202504/6f0cc93ec9_7ffbe5d4a3.pdf,20250424_TOWR_Ringkasan Risalah/Risalah RUPS_31877943_lamp1.pdf,https://www.idx.co.id/StaticData/NewsAndAnnouncement/ANNOUNCEMENTSTOCK/From_EREP/202504/c501d559e8_742311483a.pdf,20250424_TOWR_Ringkasan Risalah/Risalah RUPS_31877943_lamp4.pdf,,,,,,,,,,,,,,,,,,,,,,,,,,,,,,,,,,,,,,,,,,
"24 Apr 2025
					19:18:29",https://www.idx.co.id/StaticData/NewsAndAnnouncement/ANNOUNCEMENTSTOCK/From_EREP/202504/9294d57944_7f12397adf.pdf,Keterbukaan Informasi terkait Aksi Korporasi - Dividen Tunai - 24042025 [],TOWR,https://www.idx.co.id/StaticData/NewsAndAnnouncement/ANNOUNCEMENTSTOCK/From_EREP/202504/046cfdc7a2_f2c589e694.pdf,20250424_TOWR_Keterbukaan Informasi terkait Aksi Korporasi_31877950_lamp1.pdf,https://www.idx.co.id/StaticData/NewsAndAnnouncement/ANNOUNCEMENTSTOCK/From_EREP/202504/3f111d72a7_4244141224.pdf,20250424_TOWR_Keterbukaan Informasi terkait Aksi Korporasi_31877950_lamp2.pdf,,,,,,,,,,,,,,,,,,,,,,,,,,,,,,,,,,,,,,,,,,,,
"28 Apr 2025
					16:36:46",https://www.idx.co.id/StaticData/NewsAndAnnouncement/ANNOUNCEMENTSTOCK/From_EREP/202504/89c3eeb74a_47c563b13d.pdf,Rencana Penyampaian Laporan Keuangan Kuartal I 2025 Ditelaah secara terbatas [],TOWR,https://www.idx.co.id/StaticData/NewsAndAnnouncement/ANNOUNCEMENTSTOCK/From_EREP/202504/d5532d2fdf_ef9208f7d0.pdf,20250428_TOWR_Rencana Penyampaian Laporan Keuangan_31878673_lamp1.pdf,,,,,,,,,,,,,,,,,,,,,,,,,,,,,,,,,,,,,,,,,,,,,,
"29 Apr 2025
					17:02:16",https://www.idx.co.id/StaticData/NewsAndAnnouncement/ANNOUNCEMENTSTOCK/From_EREP/202504/a1ccd0a693_61538999e6.pdf,Informasi Penambahan Modal dalam rangka Penerbitan Hak Memesan Efek Terlebih Dahulu I (PMHMETD I) [],TOWR,https://www.idx.co.id/StaticData/NewsAndAnnouncement/ANNOUNCEMENTSTOCK/From_EREP/202504/7f73877697_06f54a936f.pdf,20250429_TOWR_Laporan Informasi dan Fakta Material_31878915_lamp1.pdf,https://www.idx.co.id/StaticData/NewsAndAnnouncement/ANNOUNCEMENTSTOCK/From_EREP/202504/94e3dae928_1122dc3f6e.pdf,20250429_TOWR_Laporan Informasi dan Fakta Material_31878915_lamp2.pdf,,,,,,,,,,,,,,,,,,,,,,,,,,,,,,,,,,,,,,,,,,,,
"30 Apr 2025
					16:35:34",https://www.idx.co.id/StaticData/NewsAndAnnouncement/ANNOUNCEMENTSTOCK/From_EREP/202504/7a9b8816ad_75464eb1e8.pdf,PT Iforte Solusi Infotek - Pengumuman atas Pengambilalihan Perusahaan Terbuka [],TOWR,https://www.idx.co.id/StaticData/NewsAndAnnouncement/ANNOUNCEMENTSTOCK/From_EREP/202504/405c226cfe_200f0defd1.pdf,20250430_TOWR_Laporan Informasi dan Fakta Material_31880114_lamp1.pdf,,,,,,,,,,,,,,,,,,,,,,,,,,,,,,,,,,,,,,,,,,,,,,
"30 Apr 2025
					16:59:55",https://www.idx.co.id/StaticData/NewsAndAnnouncement/ANNOUNCEMENTSTOCK/From_EREP/202504/a7bada12e9_d0ac24b238.pdf,Pengumuman atas Pengambilalihan Saham oleh PT Iforte Solusi Infotek [],TOWR,https://www.idx.co.id/StaticData/NewsAndAnnouncement/ANNOUNCEMENTSTOCK/From_EREP/202504/f3acc61cbf_ce6bb141c5.pdf,20250430_TOWR_Laporan Informasi dan Fakta Material_31880050_lamp1.pdf,,,,,,,,,,,,,,,,,,,,,,,,,,,,,,,,,,,,,,,,,,,,,,
"08 Apr 2025
					17:00:02",https://www.idx.co.id/StaticData/NewsAndAnnouncement/ANNOUNCEMENTSTOCK/From_EREP/202504/725b081a84_9dc80cb1b0.pdf,Laporan Bulanan Registrasi Pemegang Efek [],UNTR,https://www.idx.co.id/StaticData/NewsAndAnnouncement/ANNOUNCEMENTSTOCK/From_EREP/202504/0adae1bc3e_f5b538e3e5.pdf,20250408_UNTR_Laporan Bulanan Registrasi Pemegang Efek/Perubahan Struktur Pemegang Saham_31872888_lamp3.pdf,https://www.idx.co.id/StaticData/NewsAndAnnouncement/ANNOUNCEMENTSTOCK/From_EREP/202504/495a05d04c_b6517a5ae7.pdf,20250408_UNTR_Laporan Bulanan Registrasi Pemegang Efek/Perubahan Struktur Pemegang Saham_31872888_lamp2.pdf,https://www.idx.co.id/StaticData/NewsAndAnnouncement/ANNOUNCEMENTSTOCK/From_EREP/202504/50574959f9_bae9de43bf.pdf,20250408_UNTR_Laporan Bulanan Registrasi Pemegang Efek/Perubahan Struktur Pemegang Saham_31872888_lamp1.pdf,,,,,,,,,,,,,,,,,,,,,,,,,,,,,,,,,,,,,,,,,,
"10 Apr 2025
					10:47:01",https://www.idx.co.id/StaticData/NewsAndAnnouncement/ANNOUNCEMENTSTOCK/From_EREP/202504/2933f61ac5_032d425048.pdf,Laporan Bulanan Aktivitas Eksplorasi [],UNTR,https://www.idx.co.id/StaticData/NewsAndAnnouncement/ANNOUNCEMENTSTOCK/From_EREP/202504/6c20e9d6d7_8e7f26b549.pdf,20250409_UNTR_Laporan Bulanan Aktivitas Eksplorasi_31874055_lamp1.pdf,,,,,,,,,,,,,,,,,,,,,,,,,,,,,,,,,,,,,,,,,,,,,,
"10 Apr 2025
					11:40:57",https://www.idx.co.id/StaticData/NewsAndAnnouncement/ANNOUNCEMENTSTOCK/From_EREP/202504/c47738d09d_4eabe2415a.pdf,Laporan Bulanan Aktivitas Eksplorasi [],UNTR,https://www.idx.co.id/StaticData/NewsAndAnnouncement/ANNOUNCEMENTSTOCK/From_EREP/202504/fdb84792de_708310d755.pdf,20250410_UNTR_Laporan Bulanan Aktivitas Eksplorasi_31874404_lamp1.pdf,,,,,,,,,,,,,,,,,,,,,,,,,,,,,,,,,,,,,,,,,,,,,,
"17 Apr 2025
					08:54:11",https://www.idx.co.id/StaticData/NewsAndAnnouncement/ANNOUNCEMENTSTOCK/From_EREP/202504/8297daa643_a501174cd3.pdf,Penyelesaian Transaksi  [],UNTR,https://www.idx.co.id/StaticData/NewsAndAnnouncement/ANNOUNCEMENTSTOCK/From_EREP/202504/e1289d6ef7_5e44bfb6b2.pdf,20250417_UNTR_Laporan Informasi dan Fakta Material_31876160_lamp1.pdf,,,,,,,,,,,,,,,,,,,,,,,,,,,,,,,,,,,,,,,,,,,,,,
"23 Apr 2025
					16:25:15",https://www.idx.co.id/StaticData/NewsAndAnnouncement/ANNOUNCEMENTSTOCK/From_EREP/202504/0d8e2fdd3f_c35634b492.pdf,Transaksi Afiliasi [],UNTR,https://www.idx.co.id/StaticData/NewsAndAnnouncement/ANNOUNCEMENTSTOCK/From_EREP/202504/19859ff948_63314aa4fc.pdf,20250423_UNTR_Informasi Transaksi Afiliasi_31877441_lamp4.pdf,https://www.idx.co.id/StaticData/NewsAndAnnouncement/ANNOUNCEMENTSTOCK/From_EREP/202504/29c62e65d2_ad7fa6082c.pdf,20250423_UNTR_Informasi Transaksi Afiliasi_31877441_lamp5.pdf,https://www.idx.co.id/StaticData/NewsAndAnnouncement/ANNOUNCEMENTSTOCK/From_EREP/202504/6d5397c252_41bc632949.pdf,20250423_UNTR_Informasi Transaksi Afiliasi_31877441_lamp2.pdf,,,,,,,,,,,,,,,,,,,,,,,,,,,,,,,,,,,,,,,,,,
"23 Apr 2025
					16:27:29",https://www.idx.co.id/StaticData/NewsAndAnnouncement/ANNOUNCEMENTSTOCK/From_EREP/202504/8be9165914_2dbc522668.pdf,Rencana Transaksi Perubahan Kegiatan Usaha [],UNTR,https://www.idx.co.id/StaticData/NewsAndAnnouncement/ANNOUNCEMENTSTOCK/From_EREP/202504/7c288285f8_cc71e8e0f8.pdf,20250423_UNTR_Rencana Transaksi Perubahan Kegiatan Usaha_31877431_lamp1.pdf,https://www.idx.co.id/StaticData/NewsAndAnnouncement/ANNOUNCEMENTSTOCK/From_EREP/202504/bda8e0ba5d_bea19f96b5.pdf,20250423_UNTR_Rencana Transaksi Perubahan Kegiatan Usaha_31877431_lamp2.pdf,,,,,,,,,,,,,,,,,,,,,,,,,,,,,,,,,,,,,,,,,,,,
"23 Apr 2025
					21:28:54",https://www.idx.co.id/StaticData/NewsAndAnnouncement/ANNOUNCEMENTSTOCK/From_EREP/202504/2b9709f0b9_0c718b0a3e.pdf,Penyampaian Laporan Tahunan (KOREKSI) [],UNTR,https://www.idx.co.id/StaticData/NewsAndAnnouncement/ANNOUNCEMENTSTOCK/From_EREP/202504/973c728501_1e5bd9900e.pdf,AnnualReport2024-UNTR-att1.pdf,,,,,,,,,,,,,,,,,,,,,,,,,,,,,,,,,,,,,,,,,,,,,,
"29 Apr 2025
					13:16:49",https://www.idx.co.id/StaticData/NewsAndAnnouncement/ANNOUNCEMENTSTOCK/From_EREP/202504/b5fff5ebd7_30812adffc.pdf,Ringkasan Risalah Rapat Umum Para Pemegang Saham Tahunan dan Luar Biasa [],UNTR,https://www.idx.co.id/StaticData/NewsAndAnnouncement/ANNOUNCEMENTSTOCK/From_EREP/202504/36872b59a5_fafe4f54a1.pdf,20250429_UNTR_Ringkasan Risalah/Risalah RUPS_31879033_lamp2.pdf,https://www.idx.co.id/StaticData/NewsAndAnnouncement/ANNOUNCEMENTSTOCK/From_EREP/202504/5a97e01240_0288d0c173.pdf,20250429_UNTR_Ringkasan Risalah/Risalah RUPS_31879033_lamp1.pdf,,,,,,,,,,,,,,,,,,,,,,,,,,,,,,,,,,,,,,,,,,,,
"29 Apr 2025
					18:07:46",https://www.idx.co.id/StaticData/NewsAndAnnouncement/ANNOUNCEMENTSTOCK/From_EREP/202504/20250429184049-52933-0/FinancialStatement-2025-I-UNTR.pdf,Penyampaian Laporan Keuangan Interim Yang Tidak Diaudit [],UNTR,https://www.idx.co.id/StaticData/NewsAndAnnouncement/ANNOUNCEMENTSTOCK/From_EREP/202504/20250429184049-52933-0/FinancialStatement-2025-I-UNTR.xlsx,FinancialStatement-2025-I-UNTR.xlsx,https://www.idx.co.id/StaticData/NewsAndAnnouncement/ANNOUNCEMENTSTOCK/From_EREP/202504/20250429184049-52933-0/FS%20UNTR%200325.pdf,FS UNTR 0325.pdf,https://www.idx.co.id/StaticData/NewsAndAnnouncement/ANNOUNCEMENTSTOCK/From_EREP/202504/20250429184049-52933-0/inlineXBRL.zip,inlineXBRL.zip,,,,,,,,,,,,,,,,,,,,,,,,,,,,,,,,,,,,,,,,,,
"29 Apr 2025
					18:35:31",https://www.idx.co.id/StaticData/NewsAndAnnouncement/ANNOUNCEMENTSTOCK/From_EREP/202504/073160cbee_ae5dfdd13a.pdf,Keterbukaan Informasi terkait Aksi Korporasi - Dividen Tunai - 29042025 [],UNTR,,,,,,,,,,,,,,,,,,,,,,,,,,,,,,,,,,,,,,,,,,,,,,,,
"09 Apr 2025
					11:09:16",https://www.idx.co.id/StaticData/NewsAndAnnouncement/ANNOUNCEMENTSTOCK/From_EREP/202504/9a755e1295_b0e361e714.pdf,Laporan Bulanan Registrasi Pemegang Efek [],UNVR,https://www.idx.co.id/StaticData/NewsAndAnnouncement/ANNOUNCEMENTSTOCK/From_EREP/202504/25cfebe288_1c990c2d52.pdf,20250408_UNVR_Laporan Bulanan Registrasi Pemegang Efek/Perubahan Struktur Pemegang Saham_31873125_lamp1.pdf,https://www.idx.co.id/StaticData/NewsAndAnnouncement/ANNOUNCEMENTSTOCK/From_EREP/202504/81b19f0b9b_f284f7ad25.pdf,20250408_UNVR_Laporan Bulanan Registrasi Pemegang Efek/Perubahan Struktur Pemegang Saham_31873125_lamp2.pdf,,,,,,,,,,,,,,,,,,,,,,,,,,,,,,,,,,,,,,,,,,,,
"15 Apr 2025
					15:06:52",https://www.idx.co.id/StaticData/NewsAndAnnouncement/ANNOUNCEMENTSTOCK/From_EREP/202504/c47f2a6c2f_f61da5a8b5.pdf,Penerbitan SKS Pengganti Karena Hilang PT Unilever Indonesia Tbk [],UNVR,https://www.idx.co.id/StaticData/NewsAndAnnouncement/ANNOUNCEMENTSTOCK/From_EREP/202504/8b7f9b01e9_13b6860073.pdf,20250415_UNVR_Pengumuman Bursa_31875666_lamp1.pdf,,,,,,,,,,,,,,,,,,,,,,,,,,,,,,,,,,,,,,,,,,,,,,
"17 Apr 2025
					15:42:35",https://www.idx.co.id/StaticData/NewsAndAnnouncement/ANNOUNCEMENTSTOCK/From_EREP/202504/ed7bd75703_b9723cd090.pdf,Pemberitahuan Rencana Rapat Umum Pemegang Saham Tahunan [],UNVR,https://www.idx.co.id/StaticData/NewsAndAnnouncement/ANNOUNCEMENTSTOCK/From_EREP/202504/63299ba5d1_d5f45d5784.pdf,20250417_UNVR_Pengumuman RUPS_31876322_lamp1.pdf,https://www.idx.co.id/StaticData/NewsAndAnnouncement/ANNOUNCEMENTSTOCK/From_EREP/202504/c32f477194_89e3e6f1fa.pdf,20250417_UNVR_Pengumuman RUPS_31876322_lamp2.pdf,,,,,,,,,,,,,,,,,,,,,,,,,,,,,,,,,,,,,,,,,,,,
"17 Apr 2025
					16:08:27",https://www.idx.co.id/StaticData/NewsAndAnnouncement/ANNOUNCEMENTSTOCK/From_EREP/202504/57681af7e3_cdc1b52d74.pdf,Pemberitahuan Rencana Rapat Umum Pemegang Saham Tahunan (KOREKSI) [],UNVR,https://www.idx.co.id/StaticData/NewsAndAnnouncement/ANNOUNCEMENTSTOCK/From_EREP/202504/1960579849_cd6e72713a.pdf,20250417_UNVR_Pengumuman RUPS_31876347_lamp1.pdf,https://www.idx.co.id/StaticData/NewsAndAnnouncement/ANNOUNCEMENTSTOCK/From_EREP/202504/ff34da8b5e_bc27a67f7f.pdf,20250417_UNVR_Pengumuman RUPS_31876347_lamp2.pdf,,,,,,,,,,,,,,,,,,,,,,,,,,,,,,,,,,,,,,,,,,,,
"24 Apr 2025
					09:40:48",https://www.idx.co.id/StaticData/NewsAndAnnouncement/ANNOUNCEMENTSTOCK/From_EREP/202504/20250424094954-52028-0/FinancialStatement-2025-I-UNVR.pdf,Penyampaian Laporan Keuangan Interim Yang Tidak Diaudit [],UNVR,https://www.idx.co.id/StaticData/NewsAndAnnouncement/ANNOUNCEMENTSTOCK/From_EREP/202504/20250424094954-52028-0/Checklist%20Q1%202025.pdf,Checklist Q1 2025.pdf,https://www.idx.co.id/StaticData/NewsAndAnnouncement/ANNOUNCEMENTSTOCK/From_EREP/202504/20250424094954-52028-0/Director%20Statement%20Q1%202025.pdf,Director Statement Q1 2025.pdf,https://www.idx.co.id/StaticData/NewsAndAnnouncement/ANNOUNCEMENTSTOCK/From_EREP/202504/20250424094954-52028-0/FinancialStatement-2025-I-UNVR.xlsx,FinancialStatement-2025-I-UNVR.xlsx,,,,,,,,,,,,,,,,,,,,,,,,,,,,,,,,,,,,,,,,,,
"30 Apr 2025
					23:42:31",https://www.idx.co.id/StaticData/NewsAndAnnouncement/ANNOUNCEMENTSTOCK/From_EREP/202505/4d935a5efb_37108788f9.pdf,Laporan Tahunan dan Laporan Keberlanjutan 2024 [],UNVR,https://www.idx.co.id/StaticData/NewsAndAnnouncement/ANNOUNCEMENTSTOCK/From_EREP/202505/a86efed190_47e4de8029.pdf,20250430_UNVR_Laporan Informasi dan Fakta Material_31880919_lamp2.pdf,https://www.idx.co.id/StaticData/NewsAndAnnouncement/ANNOUNCEMENTSTOCK/From_EREP/202505/dbb353a4a2_51a0e629b4.pdf,20250430_UNVR_Laporan Informasi dan Fakta Material_31880919_lamp1.pdf,,,,,,,,,,,,,,,,,,,,,,,,,,,,,,,,,,,,,,,,,,,,