text-small,attach-card href,f-m-20,f-m-20 2,d-iblock href,d-iblock,d-iblock href 2,d-iblock 2,d-iblock href 3,d-iblock 3
"06 Mar 2025
					18:50:14",https://www.idx.co.id/StaticData/NewsAndAnnouncement/ANNOUNCEMENTSTOCK/From_EREP/202503/4b91b85c1f_7e9967dadc.pdf,Laporan Bulanan Registrasi Pemegang Efek [],ACES,https://www.idx.co.id/StaticData/NewsAndAnnouncement/ANNOUNCEMENTSTOCK/From_EREP/202503/3b7fdb3241_746c059071.pdf,20250306_ACES_Laporan Bulanan Registrasi Pemegang Efek/Perubahan Struktur Pemegang Saham_31867008_lamp1.pdf,,,,
"03 Mar 2025
					16:10:11",https://www.idx.co.id/StaticData/NewsAndAnnouncement/ANNOUNCEMENTSTOCK/From_EREP/202403/20250303161739-49811-0/FinancialStatement-2024-Tahunan-ADMR.pdf,Penyampaian Laporan Keuangan Tahunan [],ADMR,https://www.idx.co.id/StaticData/NewsAndAnnouncement/ANNOUNCEMENTSTOCK/From_EREP/202403/20250303161739-49811-0/ADMR%20-%20Laporan%20Keuangan%20Desember%202024.pdf,ADMR - Laporan Keuangan Desember 2024.pdf,https://www.idx.co.id/StaticData/NewsAndAnnouncement/ANNOUNCEMENTSTOCK/From_EREP/202403/20250303161739-49811-0/ADMR%20-%20OJK%20Checklist%20Desember%202024.pdf,ADMR - OJK Checklist Desember 2024.pdf,https://www.idx.co.id/StaticData/NewsAndAnnouncement/ANNOUNCEMENTSTOCK/From_EREP/202403/20250303161739-49811-0/ADMR%20-%20Penyampaian%20Kenaikan%20Aset%20Desember%202024.pdf,ADMR - Penyampaian Kenaikan Aset Desember 2024.pdf
"03 Mar 2025
					21:23:18",https://www.idx.co.id/StaticData/NewsAndAnnouncement/ANNOUNCEMENTSTOCK/From_EREP/202503/6803b64ef6_a80033df2d.pdf,News Release Kinerja Keuangan dan Laporan Operasional FY24 [],ADMR,https://www.idx.co.id/StaticData/NewsAndAnnouncement/ANNOUNCEMENTSTOCK/From_EREP/202503/6cffc8ba62_81f1a63433.pdf,20250303_ADMR_Laporan Informasi dan Fakta Material_31865813_lamp1.pdf,https://www.idx.co.id/StaticData/NewsAndAnnouncement/ANNOUNCEMENTSTOCK/From_EREP/202503/ea22275e0e_0e3fb38be0.pdf,20250303_ADMR_Laporan Informasi dan Fakta Material_31865813_lamp2.pdf,,
"03 Mar 2025
					21:29:00",https://www.idx.co.id/StaticData/NewsAndAnnouncement/ANNOUNCEMENTSTOCK/From_EREP/202503/285334ce8c_279d72550b.pdf,Penyampaian Informasi Pemenuhan Kewajiban Public Expose - Tahunan [],ADMR,https://www.idx.co.id/StaticData/NewsAndAnnouncement/ANNOUNCEMENTSTOCK/From_EREP/202503/471b9ad88c_d30179b8d2.pdf,20250303_ADMR_Public Expose_31865717_lamp2.pdf,https://www.idx.co.id/StaticData/NewsAndAnnouncement/ANNOUNCEMENTSTOCK/From_EREP/202503/5a63e98484_0f14e2962f.pdf,20250303_ADMR_Public Expose_31865717_lamp1.pdf,,
"07 Mar 2025
					18:12:59",https://www.idx.co.id/StaticData/NewsAndAnnouncement/ANNOUNCEMENTSTOCK/From_EREP/202503/86a0a6471a_29cddedeba.pdf,Laporan Bulanan Registrasi Pemegang Efek [],ADMR,https://www.idx.co.id/StaticData/NewsAndAnnouncement/ANNOUNCEMENTSTOCK/From_EREP/202503/50ce0d56cd_b20c1ce722.pdf,20250226_ADMR_Laporan Bulanan Registrasi Pemegang Efek/Perubahan Struktur Pemegang Saham_31864785_lamp1.pdf,https://www.idx.co.id/StaticData/NewsAndAnnouncement/ANNOUNCEMENTSTOCK/From_EREP/202503/6e9cd83eac_8b09c0d9d4.pdf,20250226_ADMR_Laporan Bulanan Registrasi Pemegang Efek/Perubahan Struktur Pemegang Saham_31864785_lamp2.pdf,,
"27 Mar 2025
					19:20:37",https://www.idx.co.id/StaticData/NewsAndAnnouncement/ANNOUNCEMENTSTOCK/From_EREP/202503/1ee9d1e18a_590d7cdda8.pdf,Pemberitahuan Rencana Rapat Umum Pemegang Saham Tahunan [],ADMR,https://www.idx.co.id/StaticData/NewsAndAnnouncement/ANNOUNCEMENTSTOCK/From_EREP/202503/6533eedd3e_70b303bb57.pdf,20250327_ADMR_Pengumuman RUPS_31871657_lamp1.pdf,https://www.idx.co.id/StaticData/NewsAndAnnouncement/ANNOUNCEMENTSTOCK/From_EREP/202503/f451e5c522_29cbf3a9b1.pdf,20250327_ADMR_Pengumuman RUPS_31871657_lamp2.pdf,,
"04 Mar 2025
					18:30:42",https://www.idx.co.id/StaticData/NewsAndAnnouncement/ANNOUNCEMENTSTOCK/From_EREP/202403/20250304184041-49831-0/FinancialStatement-2024-Tahunan-ADRO.pdf,Penyampaian Laporan Keuangan Tahunan [],ADRO,https://www.idx.co.id/StaticData/NewsAndAnnouncement/ANNOUNCEMENTSTOCK/From_EREP/202403/20250304184041-49831-0/FinancialStatement-2024-Tahunan-ADRO.xlsx,FinancialStatement-2024-Tahunan-ADRO.xlsx,https://www.idx.co.id/StaticData/NewsAndAnnouncement/ANNOUNCEMENTSTOCK/From_EREP/202403/20250304184041-49831-0/inlineXBRL.zip,inlineXBRL.zip,https://www.idx.co.id/StaticData/NewsAndAnnouncement/ANNOUNCEMENTSTOCK/From_EREP/202403/20250304184041-49831-0/instance.zip,instance.zip
"04 Mar 2025
					18:55:47",https://www.idx.co.id/StaticData/NewsAndAnnouncement/ANNOUNCEMENTSTOCK/From_EREP/202503/01b3585b10_98e3876a44.pdf,Penyampaian Informasi Pemenuhan Kewajiban Public Expose - Tahunan [],ADRO,https://www.idx.co.id/StaticData/NewsAndAnnouncement/ANNOUNCEMENTSTOCK/From_EREP/202503/298ec8bc31_36a1d990a2.pdf,20250304_ADRO_Public Expose_31866229_lamp1.pdf,https://www.idx.co.id/StaticData/NewsAndAnnouncement/ANNOUNCEMENTSTOCK/From_EREP/202503/f890830c9b_e69e376102.pdf,20250304_ADRO_Public Expose_31866229_lamp2.pdf,,
"04 Mar 2025
					20:36:08",https://www.idx.co.id/StaticData/NewsAndAnnouncement/ANNOUNCEMENTSTOCK/From_EREP/202503/8cac36c423_6cd0e8590b.pdf,News Release Kinerja Keuangan dan Laporan Operasional FY24 [],ADRO,https://www.idx.co.id/StaticData/NewsAndAnnouncement/ANNOUNCEMENTSTOCK/From_EREP/202503/a2dcb02c6d_ca8ef319a0.pdf,20250304_ADRO_Laporan Informasi dan Fakta Material_31866237_lamp2.pdf,https://www.idx.co.id/StaticData/NewsAndAnnouncement/ANNOUNCEMENTSTOCK/From_EREP/202503/ece0a1e25d_2a568e57c1.pdf,20250304_ADRO_Laporan Informasi dan Fakta Material_31866237_lamp1.pdf,,
"09 Mar 2025
					09:17:36",https://www.idx.co.id/StaticData/NewsAndAnnouncement/ANNOUNCEMENTSTOCK/From_EREP/202503/298706101a_4dba86695c.pdf,Laporan Bulanan Registrasi Pemegang Efek [],ADRO,https://www.idx.co.id/StaticData/NewsAndAnnouncement/ANNOUNCEMENTSTOCK/From_EREP/202503/16d3b779a9_b494f0b428.pdf,20250307_ADRO_Laporan Bulanan Registrasi Pemegang Efek/Perubahan Struktur Pemegang Saham_31867488_lamp4.pdf,https://www.idx.co.id/StaticData/NewsAndAnnouncement/ANNOUNCEMENTSTOCK/From_EREP/202503/ad227a5755_cad3e7edca.pdf,20250307_ADRO_Laporan Bulanan Registrasi Pemegang Efek/Perubahan Struktur Pemegang Saham_31867488_lamp3.pdf,https://www.idx.co.id/StaticData/NewsAndAnnouncement/ANNOUNCEMENTSTOCK/From_EREP/202503/b76c822a9d_7963b5086e.pdf,20250307_ADRO_Laporan Bulanan Registrasi Pemegang Efek/Perubahan Struktur Pemegang Saham_31867488_lamp2.pdf
"10 Mar 2025
					11:32:45",https://www.idx.co.id/StaticData/NewsAndAnnouncement/ANNOUNCEMENTSTOCK/From_EREP/202503/22c419d359_236d0a3e13.pdf,Laporan Bulanan Registrasi Pemegang Efek [],AKRA,https://www.idx.co.id/StaticData/NewsAndAnnouncement/ANNOUNCEMENTSTOCK/From_EREP/202503/0307e21b50_11fbfac490.pdf,20250310_AKRA_Laporan Bulanan Registrasi Pemegang Efek/Perubahan Struktur Pemegang Saham_31867779_lamp1.pdf,,,,
"19 Mar 2025
					01:10:59",https://www.idx.co.id/StaticData/NewsAndAnnouncement/ANNOUNCEMENTSTOCK/From_EREP/202403/20250319012524-50115-0/FinancialStatement-2024-Tahunan-AKRA.pdf,Penyampaian Laporan Keuangan Tahunan [],AKRA,https://www.idx.co.id/StaticData/NewsAndAnnouncement/ANNOUNCEMENTSTOCK/From_EREP/202403/20250319012524-50115-0/akr%20corporindo%20tbk.%2031%20desember%202024_released.pdf,akr corporindo tbk. 31 desember 2024_released.pdf,https://www.idx.co.id/StaticData/NewsAndAnnouncement/ANNOUNCEMENTSTOCK/From_EREP/202403/20250319012524-50115-0/FinancialStatement-2024-Tahunan-AKRA.xlsx,FinancialStatement-2024-Tahunan-AKRA.xlsx,https://www.idx.co.id/StaticData/NewsAndAnnouncement/ANNOUNCEMENTSTOCK/From_EREP/202403/20250319012524-50115-0/inlineXBRL.zip,inlineXBRL.zip
"21 Mar 2025
					14:41:09",https://www.idx.co.id/StaticData/NewsAndAnnouncement/ANNOUNCEMENTSTOCK/From_EREP/202503/d884554b8c_771f8d222c.pdf,Pemberitahuan Rencana Rapat Umum Pemegang Saham Tahunan [],AKRA,https://www.idx.co.id/StaticData/NewsAndAnnouncement/ANNOUNCEMENTSTOCK/From_EREP/202503/9b58d46422_73b003b0a8.pdf,20250321_AKRA_Pengumuman RUPS_31870295_lamp1.pdf,,,,
"21 Mar 2025
					15:42:10",https://www.idx.co.id/StaticData/NewsAndAnnouncement/ANNOUNCEMENTSTOCK/From_EREP/202503/ea3916f112_a99b001eb2.pdf,Laporan Kepemilikan atau Setiap Perubahan Kepemilikan Saham Perusahaan Terbuka [],AKRA,https://www.idx.co.id/StaticData/NewsAndAnnouncement/ANNOUNCEMENTSTOCK/From_EREP/202503/8636823dea_44fc9fcb57.pdf,20250321_AKRA_Laporan Kepemilikan atau Setiap Perubahan Kepemilikan Saham Perusahaan Terbuka_31870300_lamp1.pdf,,,,
"21 Mar 2025
					15:42:39",https://www.idx.co.id/StaticData/NewsAndAnnouncement/ANNOUNCEMENTSTOCK/From_EREP/202503/69c7855a99_45188027d8.pdf,Laporan Kepemilikan atau Setiap Perubahan Kepemilikan Saham Perusahaan Terbuka [],AKRA,https://www.idx.co.id/StaticData/NewsAndAnnouncement/ANNOUNCEMENTSTOCK/From_EREP/202503/8a1e565562_346e9e0f55.pdf,20250321_AKRA_Laporan Kepemilikan atau Setiap Perubahan Kepemilikan Saham Perusahaan Terbuka_31870307_lamp1.pdf,,,,
"21 Mar 2025
					17:56:34",https://www.idx.co.id/StaticData/NewsAndAnnouncement/ANNOUNCEMENTSTOCK/From_EREP/202503/b27e7002ea_e5584fcdd7.pdf,Penyampaian Bukti Iklan Pemberitahuan RUPS [],AKRA,https://www.idx.co.id/StaticData/NewsAndAnnouncement/ANNOUNCEMENTSTOCK/From_EREP/202503/41da5870d4_19f6acdbe3.pdf,20250321_AKRA_Penyampaian Bukti Iklan_31870424_lamp1.pdf,,,,
"26 Mar 2025
					17:17:24",https://www.idx.co.id/StaticData/NewsAndAnnouncement/ANNOUNCEMENTSTOCK/From_EREP/202503/4715bd2e52_a9adf19e7d.pdf,Laporan Kepemilikan atau Setiap Perubahan Kepemilikan Saham Perusahaan Terbuka [],AKRA,https://www.idx.co.id/StaticData/NewsAndAnnouncement/ANNOUNCEMENTSTOCK/From_EREP/202503/3940029238_617d911ae3.pdf,20250326_AKRA_Laporan Kepemilikan atau Setiap Perubahan Kepemilikan Saham Perusahaan Terbuka_31871481_lamp1.pdf,,,,
"28 Mar 2025
					10:03:47",https://www.idx.co.id/StaticData/NewsAndAnnouncement/ANNOUNCEMENTSTOCK/From_EREP/202503/156075593d_3bef05e705.pdf,Laporan Kepemilikan atau Setiap Perubahan Kepemilikan Saham Perusahaan Terbuka [],AKRA,https://www.idx.co.id/StaticData/NewsAndAnnouncement/ANNOUNCEMENTSTOCK/From_EREP/202503/6bfd1318c0_00aa166fa1.pdf,20250328_AKRA_Laporan Kepemilikan atau Setiap Perubahan Kepemilikan Saham Perusahaan Terbuka_31872256_lamp1.pdf,,,,
"10 Mar 2025
					14:48:07",https://www.idx.co.id/StaticData/NewsAndAnnouncement/ANNOUNCEMENTSTOCK/From_EREP/202503/536610b12f_8850eca391.pdf,Laporan Bulanan Registrasi Pemegang Efek [],AMMN,https://www.idx.co.id/StaticData/NewsAndAnnouncement/ANNOUNCEMENTSTOCK/From_EREP/202503/24b226f5cd_1b03d1a825.pdf,20250304_AMMN_Laporan Bulanan Registrasi Pemegang Efek/Perubahan Struktur Pemegang Saham_31866022_lamp2.pdf,https://www.idx.co.id/StaticData/NewsAndAnnouncement/ANNOUNCEMENTSTOCK/From_EREP/202503/49f2ca6d22_24dcd19914.pdf,20250304_AMMN_Laporan Bulanan Registrasi Pemegang Efek/Perubahan Struktur Pemegang Saham_31866022_lamp1.pdf,https://www.idx.co.id/StaticData/NewsAndAnnouncement/ANNOUNCEMENTSTOCK/From_EREP/202503/c2155ecdd3_801a4c29d4.pdf,20250304_AMMN_Laporan Bulanan Registrasi Pemegang Efek/Perubahan Struktur Pemegang Saham_31866022_lamp5.pdf
"20 Mar 2025
					14:28:26",https://www.idx.co.id/StaticData/NewsAndAnnouncement/ANNOUNCEMENTSTOCK/From_EREP/202403/20250320143800-49922-0/FinancialStatement-2024-Tahunan-AMMN.pdf,Penyampaian Laporan Keuangan Tahunan [],AMMN,https://www.idx.co.id/StaticData/NewsAndAnnouncement/ANNOUNCEMENTSTOCK/From_EREP/202403/20250320143800-49922-0/AMI_Checklist%20LK%2031%20Dec%202024.pdf,AMI_Checklist LK 31 Dec 2024.pdf,https://www.idx.co.id/StaticData/NewsAndAnnouncement/ANNOUNCEMENTSTOCK/From_EREP/202403/20250320143800-49922-0/AMMN%20-%20Penyampaian%20Laporan%20Keuangan%20Tahunan%202024.pdf,AMMN - Penyampaian Laporan Keuangan Tahunan 2024.pdf,https://www.idx.co.id/StaticData/NewsAndAnnouncement/ANNOUNCEMENTSTOCK/From_EREP/202403/20250320143800-49922-0/FinancialStatement-2024-Tahunan-AMMN.xlsx,FinancialStatement-2024-Tahunan-AMMN.xlsx
"20 Mar 2025
					14:40:21",https://www.idx.co.id/StaticData/NewsAndAnnouncement/ANNOUNCEMENTSTOCK/From_EREP/202503/97320479f9_6567cad5ae.pdf,Hasil Kinerja Tahun 2024 AMMAN [],AMMN,https://www.idx.co.id/StaticData/NewsAndAnnouncement/ANNOUNCEMENTSTOCK/From_EREP/202503/0cb5d328e7_68a9a1cdb0.pdf,20250320_AMMN_Laporan Informasi dan Fakta Material_31869882_lamp1.pdf,https://www.idx.co.id/StaticData/NewsAndAnnouncement/ANNOUNCEMENTSTOCK/From_EREP/202503/f5d7da8d7f_3e33aba6e3.pdf,20250320_AMMN_Laporan Informasi dan Fakta Material_31869882_lamp2.pdf,,
"20 Mar 2025
					15:56:38",https://www.idx.co.id/StaticData/NewsAndAnnouncement/ANNOUNCEMENTSTOCK/From_EREP/202503/9f2191de15_80504a8cf2.pdf,Penyampaian Informasi Pemenuhan Kewajiban Public Expose - Tahunan [],AMMN,https://www.idx.co.id/StaticData/NewsAndAnnouncement/ANNOUNCEMENTSTOCK/From_EREP/202503/16cd2788e6_e759f882a0.pdf,20250320_AMMN_Public Expose_31870009_lamp2.pdf,https://www.idx.co.id/StaticData/NewsAndAnnouncement/ANNOUNCEMENTSTOCK/From_EREP/202503/ad4a704521_8550ca419e.pdf,20250320_AMMN_Public Expose_31870009_lamp1.pdf,https://www.idx.co.id/StaticData/NewsAndAnnouncement/ANNOUNCEMENTSTOCK/From_EREP/202503/f4fa4dae87_6752fb5c59.pdf,20250320_AMMN_Public Expose_31870009_lamp3.pdf
"06 Mar 2025
					14:55:48",https://www.idx.co.id/StaticData/NewsAndAnnouncement/ANNOUNCEMENTSTOCK/From_EREP/202503/c8fd20e7d5_2115ed626e.pdf,Laporan Bulanan Registrasi Pemegang Efek [],AMRT,,,,,,
"21 Mar 2025
					13:26:06",https://www.idx.co.id/StaticData/NewsAndAnnouncement/ANNOUNCEMENTSTOCK/From_EREP/202403/20250321133618-50260-0/FinancialStatement-2024-Tahunan-AMRT.pdf,Penyampaian Laporan Keuangan Tahunan [],AMRT,https://www.idx.co.id/StaticData/NewsAndAnnouncement/ANNOUNCEMENTSTOCK/From_EREP/202403/20250321133618-50260-0/003_OJK_2025%20Penyampaian%20LKT%202024.pdf,003_OJK_2025 Penyampaian LKT 2024.pdf,https://www.idx.co.id/StaticData/NewsAndAnnouncement/ANNOUNCEMENTSTOCK/From_EREP/202403/20250321133618-50260-0/AMRT%20LKT%202024.pdf,AMRT LKT 2024.pdf,https://www.idx.co.id/StaticData/NewsAndAnnouncement/ANNOUNCEMENTSTOCK/From_EREP/202403/20250321133618-50260-0/FinancialStatement-2024-Tahunan-AMRT.xlsx,FinancialStatement-2024-Tahunan-AMRT.xlsx
"27 Mar 2025
					15:56:44",https://www.idx.co.id/StaticData/NewsAndAnnouncement/ANNOUNCEMENTSTOCK/From_EREP/202503/7495f4a35f_1382cd0c36.pdf,Laporan Kepemilikan Saham [],AMRT,https://www.idx.co.id/StaticData/NewsAndAnnouncement/ANNOUNCEMENTSTOCK/From_EREP/202503/634f2946a2_50dce35d7e.pdf,20250327_AMRT_Pengumuman Bursa_31871919_lamp1.pdf,,,,
"27 Mar 2025
					17:05:24",https://www.idx.co.id/StaticData/NewsAndAnnouncement/ANNOUNCEMENTSTOCK/From_EREP/202503/6420ec1030_5c8b4bfef7.pdf,Laporan Kepemilikan atau Setiap Perubahan Kepemilikan Saham Perusahaan Terbuka [],AMRT,https://www.idx.co.id/StaticData/NewsAndAnnouncement/ANNOUNCEMENTSTOCK/From_EREP/202503/088d637afb_c8a72642a6.pdf,20250327_AMRT_Laporan Kepemilikan atau Setiap Perubahan Kepemilikan Saham Perusahaan Terbuka_31872033_lamp1.pdf,,,,
"27 Mar 2025
					17:16:29",https://www.idx.co.id/StaticData/NewsAndAnnouncement/ANNOUNCEMENTSTOCK/From_EREP/202503/00d71f8fd1_4ed2c82d66.pdf,Laporan Kepemilikan atau Setiap Perubahan Kepemilikan Saham Perusahaan Terbuka [],AMRT,https://www.idx.co.id/StaticData/NewsAndAnnouncement/ANNOUNCEMENTSTOCK/From_EREP/202503/e6f12e839d_591f3e8d95.pdf,20250327_AMRT_Laporan Kepemilikan atau Setiap Perubahan Kepemilikan Saham Perusahaan Terbuka_31872056_lamp1.pdf,,,,
"27 Mar 2025
					21:13:10",https://www.idx.co.id/StaticData/NewsAndAnnouncement/ANNOUNCEMENTSTOCK/From_EREP/202503/98d1e9dc43_c421f361f6.pdf,Laporan Kepemilikan atau Setiap Perubahan Kepemilikan Saham Perusahaan Terbuka [],AMRT,https://www.idx.co.id/StaticData/NewsAndAnnouncement/ANNOUNCEMENTSTOCK/From_EREP/202503/c3054176ad_ba7d3942a9.pdf,20250327_AMRT_Laporan Kepemilikan atau Setiap Perubahan Kepemilikan Saham Perusahaan Terbuka_31872083_lamp1.pdf,,,,
"03 Mar 2025
					16:20:58",https://www.idx.co.id/StaticData/NewsAndAnnouncement/ANNOUNCEMENTSTOCK/From_EREP/202503/8c27d29d03_6685797e91.pdf,"Spesial Ramadan dan Idulfitri 2025, ANTAM Hadirkan Emas Masjid Damaskus []",ANTM,https://www.idx.co.id/StaticData/NewsAndAnnouncement/ANNOUNCEMENTSTOCK/From_EREP/202503/10fdabd5ed_576e9d4bb4.pdf,20250303_ANTM_Laporan Informasi dan Fakta Material_31865710_lamp2.pdf,https://www.idx.co.id/StaticData/NewsAndAnnouncement/ANNOUNCEMENTSTOCK/From_EREP/202503/222a3844ec_e5734e0d21.pdf,20250303_ANTM_Laporan Informasi dan Fakta Material_31865710_lamp1.pdf,,
"10 Mar 2025
					09:54:11",https://www.idx.co.id/StaticData/NewsAndAnnouncement/ANNOUNCEMENTSTOCK/From_EREP/202503/23b25f210b_396c8a3b79.pdf,Laporan Bulanan Registrasi Pemegang Efek [],ANTM,https://www.idx.co.id/StaticData/NewsAndAnnouncement/ANNOUNCEMENTSTOCK/From_EREP/202503/635d537424_f2b7f61db4.pdf,20250310_ANTM_Laporan Bulanan Registrasi Pemegang Efek/Perubahan Struktur Pemegang Saham_31867691_lamp1.pdf,,,,
"19 Mar 2025
					15:31:43",https://www.idx.co.id/StaticData/NewsAndAnnouncement/ANNOUNCEMENTSTOCK/From_EREP/202503/0a0a162146_0a58c84eee.pdf,"Permudah Akses Investasi Emas Masyarakat, ANTAM Hadirkan Aplikasi Mobile Logam Mulia []",ANTM,https://www.idx.co.id/StaticData/NewsAndAnnouncement/ANNOUNCEMENTSTOCK/From_EREP/202503/0935e93ed8_d51ab060f1.pdf,20250319_ANTM_Laporan Informasi dan Fakta Material_31869741_lamp2.pdf,https://www.idx.co.id/StaticData/NewsAndAnnouncement/ANNOUNCEMENTSTOCK/From_EREP/202503/1f9c927bc6_ca4d35322f.pdf,20250319_ANTM_Laporan Informasi dan Fakta Material_31869741_lamp1.pdf,,
"20 Mar 2025
					16:27:24",https://www.idx.co.id/StaticData/NewsAndAnnouncement/ANNOUNCEMENTSTOCK/From_EREP/202503/94c40c1880_f0c0bbb057.pdf,Penjelasan atas Pemberitaan Media Massa [],ANTM,https://www.idx.co.id/StaticData/NewsAndAnnouncement/ANNOUNCEMENTSTOCK/From_EREP/202503/25bf7dce87_e555a51104.pdf,20250320_ANTM_Tanggapan atas Permintaan Penjelasan Bursa_31870043_lamp2.pdf,https://www.idx.co.id/StaticData/NewsAndAnnouncement/ANNOUNCEMENTSTOCK/From_EREP/202503/de856c9b42_779439ec45.pdf,20250320_ANTM_Tanggapan atas Permintaan Penjelasan Bursa_31870043_lamp1.pdf,,
"28 Mar 2025
					14:51:04",https://www.idx.co.id/StaticData/NewsAndAnnouncement/ANNOUNCEMENTSTOCK/From_EREP/202503/96da74921d_6b14476989.pdf,"Idulfitri 2025, ANTAM Gelar Mudik Gratis Bersama Kementerian BUMN dan Kementerian ESDM []",ANTM,https://www.idx.co.id/StaticData/NewsAndAnnouncement/ANNOUNCEMENTSTOCK/From_EREP/202503/0e3d42e992_67e923db02.pdf,20250328_ANTM_Laporan Informasi dan Fakta Material_31872327_lamp2.pdf,https://www.idx.co.id/StaticData/NewsAndAnnouncement/ANNOUNCEMENTSTOCK/From_EREP/202503/1f7d60b474_c0bb501bd5.pdf,20250328_ANTM_Laporan Informasi dan Fakta Material_31872327_lamp1.pdf,,
"07 Mar 2025
					21:40:46",https://www.idx.co.id/StaticData/NewsAndAnnouncement/ANNOUNCEMENTSTOCK/From_EREP/202503/db3900eef8_76bbcc7028.pdf,Laporan Bulanan Registrasi Pemegang Efek [],ARTO,https://www.idx.co.id/StaticData/NewsAndAnnouncement/ANNOUNCEMENTSTOCK/From_EREP/202503/e3e0c9e328_27ec9fccd4.pdf,20250307_ARTO_Laporan Bulanan Registrasi Pemegang Efek/Perubahan Struktur Pemegang Saham_31867407_lamp1.pdf,https://www.idx.co.id/StaticData/NewsAndAnnouncement/ANNOUNCEMENTSTOCK/From_EREP/202503/ffc12f020f_4282fb8fba.pdf,20250307_ARTO_Laporan Bulanan Registrasi Pemegang Efek/Perubahan Struktur Pemegang Saham_31867407_lamp2.pdf,,
"19 Mar 2025
					20:50:29",https://www.idx.co.id/StaticData/NewsAndAnnouncement/ANNOUNCEMENTSTOCK/From_EREP/202503/2865ed3db1_609dac44f1.pdf,Perubahan Komite Audit [],ARTO,https://www.idx.co.id/StaticData/NewsAndAnnouncement/ANNOUNCEMENTSTOCK/From_EREP/202503/26e836177c_bef6e80bd6.pdf,20250319_ARTO_Perubahan Corsec Komite Audit Alamat NPWP Internal Audit_31869852_lamp1.pdf,,,,
"19 Mar 2025
					21:14:13",https://www.idx.co.id/StaticData/NewsAndAnnouncement/ANNOUNCEMENTSTOCK/From_EREP/202503/99aa8e10c9_589b353b04.pdf,Perubahan Pengurus [],ARTO,https://www.idx.co.id/StaticData/NewsAndAnnouncement/ANNOUNCEMENTSTOCK/From_EREP/202503/78809ede9b_a3f8e6acfe.pdf,20250319_ARTO_Perubahan Pengurus_31869851_lamp1.pdf,,,,
"19 Mar 2025
					21:21:41",https://www.idx.co.id/StaticData/NewsAndAnnouncement/ANNOUNCEMENTSTOCK/From_EREP/202503/ef6d12d81c_b48898adeb.pdf,Perubahan anggota Direksi dan/atau anggota Dewan Komisaris [],ARTO,https://www.idx.co.id/StaticData/NewsAndAnnouncement/ANNOUNCEMENTSTOCK/From_EREP/202503/a63dad7232_56aee21203.pdf,20250319_ARTO_Laporan Informasi dan Fakta Material_31869849_lamp1.pdf,,,,
"21 Mar 2025
					13:41:04",https://www.idx.co.id/StaticData/NewsAndAnnouncement/ANNOUNCEMENTSTOCK/From_EREP/202503/2f95f4eec3_830f7cf52a.pdf,Siaran Pers [],ARTO,https://www.idx.co.id/StaticData/NewsAndAnnouncement/ANNOUNCEMENTSTOCK/From_EREP/202503/bc33687e22_00e1601d69.pdf,20250321_ARTO_Laporan Informasi dan Fakta Material_31870214_lamp1.pdf,,,,
"21 Mar 2025
					14:26:05",https://www.idx.co.id/StaticData/NewsAndAnnouncement/ANNOUNCEMENTSTOCK/From_EREP/202403/20250321143109-50524-0/FinancialStatement-2024-Tahunan-ARTO.pdf,Penyampaian Laporan Keuangan Tahunan [],ARTO,https://www.idx.co.id/StaticData/NewsAndAnnouncement/ANNOUNCEMENTSTOCK/From_EREP/202403/20250321143109-50524-0/FINAL_Bapepam%20Checklist%2031%20Desember%202024_signed.pdf,FINAL_Bapepam Checklist 31 Desember 2024_signed.pdf,https://www.idx.co.id/StaticData/NewsAndAnnouncement/ANNOUNCEMENTSTOCK/From_EREP/202403/20250321143109-50524-0/FINAL_Dirstat%20Jago%20311224_update.pdf,FINAL_Dirstat Jago 311224_update.pdf,https://www.idx.co.id/StaticData/NewsAndAnnouncement/ANNOUNCEMENTSTOCK/From_EREP/202403/20250321143109-50524-0/FinancialStatement-2024-Tahunan-ARTO.xlsx,FinancialStatement-2024-Tahunan-ARTO.xlsx
"27 Mar 2025
					12:44:57",https://www.idx.co.id/StaticData/NewsAndAnnouncement/ANNOUNCEMENTSTOCK/From_EREP/202503/fca6cc3037_2b9dd3aacd.pdf,Pemberitahuan Rencana Rapat Umum Pemegang Saham Tahunan [],ARTO,https://www.idx.co.id/StaticData/NewsAndAnnouncement/ANNOUNCEMENTSTOCK/From_EREP/202503/a3a04e0ea4_9bcc7e3ac6.pdf,20250327_ARTO_Pengumuman RUPS_31871768_lamp2.pdf,https://www.idx.co.id/StaticData/NewsAndAnnouncement/ANNOUNCEMENTSTOCK/From_EREP/202503/e8dd0d127a_5cad4f9400.pdf,20250327_ARTO_Pengumuman RUPS_31871768_lamp1.pdf,,
"27 Mar 2025
					12:50:32",https://www.idx.co.id/StaticData/NewsAndAnnouncement/ANNOUNCEMENTSTOCK/From_EREP/202503/67279967aa_360a9bcea5.pdf,Penambahan Modal Tanpa HMETD Program ESOP/MSOP [],ARTO,https://www.idx.co.id/StaticData/NewsAndAnnouncement/ANNOUNCEMENTSTOCK/From_EREP/202503/1fa7894d66_297ae870e7.pdf,20250327_ARTO_Penambahan Modal Tanpa HMETD_31871784_lamp2.pdf,https://www.idx.co.id/StaticData/NewsAndAnnouncement/ANNOUNCEMENTSTOCK/From_EREP/202503/931727da09_71619ab934.pdf,20250327_ARTO_Penambahan Modal Tanpa HMETD_31871784_lamp1.pdf,,
"27 Mar 2025
					15:55:28",https://www.idx.co.id/StaticData/NewsAndAnnouncement/ANNOUNCEMENTSTOCK/From_EREP/202503/464ebab968_e36a6bf95f.pdf,Pemberitahuan Rencana Rapat Umum Pemegang Saham Tahunan (KOREKSI) [],ARTO,https://www.idx.co.id/StaticData/NewsAndAnnouncement/ANNOUNCEMENTSTOCK/From_EREP/202503/a9cc914288_0f30fc14bd.pdf,20250327_ARTO_Pengumuman RUPS_31871878_lamp2.pdf,https://www.idx.co.id/StaticData/NewsAndAnnouncement/ANNOUNCEMENTSTOCK/From_EREP/202503/ac75ff1630_1895da5ba9.pdf,20250327_ARTO_Pengumuman RUPS_31871878_lamp1.pdf,,
"27 Mar 2025
					15:56:19",https://www.idx.co.id/StaticData/NewsAndAnnouncement/ANNOUNCEMENTSTOCK/From_EREP/202503/b71a3c2d8c_60c067a1f4.pdf,Penyampaian Bukti Iklan Pemberitahuan RUPS [],ARTO,https://www.idx.co.id/StaticData/NewsAndAnnouncement/ANNOUNCEMENTSTOCK/From_EREP/202503/ca801e23ac_994cdef2d4.pdf,20250327_ARTO_Penyampaian Bukti Iklan_31871964_lamp1.pdf,https://www.idx.co.id/StaticData/NewsAndAnnouncement/ANNOUNCEMENTSTOCK/From_EREP/202503/eca4f30be5_d35a92dcfd.pdf,20250327_ARTO_Penyampaian Bukti Iklan_31871964_lamp2.pdf,,
"07 Mar 2025
					18:13:52",https://www.idx.co.id/StaticData/NewsAndAnnouncement/ANNOUNCEMENTSTOCK/From_EREP/202503/11c73d588a_4660ee20d8.pdf,Laporan Bulanan Registrasi Pemegang Efek [],ASII,https://www.idx.co.id/StaticData/NewsAndAnnouncement/ANNOUNCEMENTSTOCK/From_EREP/202503/1e73a8bca9_755efabfbb.pdf,20250305_ASII_Laporan Bulanan Registrasi Pemegang Efek/Perubahan Struktur Pemegang Saham_31866523_lamp1.pdf,,,,
"27 Mar 2025
					10:30:10",https://www.idx.co.id/StaticData/NewsAndAnnouncement/ANNOUNCEMENTSTOCK/From_EREP/202503/fe29fe616f_79f96be498.pdf,Pemberitahuan Rencana Rapat Umum Pemegang Saham Tahunan [],ASII,https://www.idx.co.id/StaticData/NewsAndAnnouncement/ANNOUNCEMENTSTOCK/From_EREP/202503/32cb4ce032_282410f1e0.pdf,20250327_ASII_Pengumuman RUPS_31871623_lamp3.pdf,https://www.idx.co.id/StaticData/NewsAndAnnouncement/ANNOUNCEMENTSTOCK/From_EREP/202503/59e738b9c1_0c0e4643ef.pdf,20250327_ASII_Pengumuman RUPS_31871623_lamp1.pdf,https://www.idx.co.id/StaticData/NewsAndAnnouncement/ANNOUNCEMENTSTOCK/From_EREP/202503/edee6f1a39_92a064d402.pdf,20250327_ASII_Pengumuman RUPS_31871623_lamp2.pdf
"27 Mar 2025
					11:28:06",https://www.idx.co.id/StaticData/NewsAndAnnouncement/ANNOUNCEMENTSTOCK/From_EREP/202503/ab89f41a0d_41f3da74c6.pdf,Pengunduran Diri Anggota Dewan Komisaris dan Direksi Perseroan [],ASII,https://www.idx.co.id/StaticData/NewsAndAnnouncement/ANNOUNCEMENTSTOCK/From_EREP/202503/e138d55657_744221391e.pdf,20250327_ASII_Laporan Informasi dan Fakta Material_31871717_lamp1.pdf,,,,
"05 Mar 2025
					20:00:26",https://www.idx.co.id/StaticData/NewsAndAnnouncement/ANNOUNCEMENTSTOCK/From_EREP/202503/9d8d0944a6_dc2c955614.pdf,Laporan Hasil Pemeringkatan Pemeringkatan Tahunan [],BBCA,https://www.idx.co.id/StaticData/NewsAndAnnouncement/ANNOUNCEMENTSTOCK/From_EREP/202503/dbaa6447a4_774297d923.pdf,20250304_BBCA_Laporan Hasil Pemeringkatan_31866172_lamp1.pdf,,,,
"07 Mar 2025
					13:38:47",https://www.idx.co.id/StaticData/NewsAndAnnouncement/ANNOUNCEMENTSTOCK/From_EREP/202503/07a40f926c_c26d49c6c2.pdf,Laporan Bulanan Registrasi Pemegang Efek [],BBCA,,,,,,
"14 Mar 2025
					13:14:30",https://www.idx.co.id/StaticData/NewsAndAnnouncement/ANNOUNCEMENTSTOCK/From_EREP/202503/3d02cefef2_c723a95409.pdf,Ringkasan Risalah Rapat Umum Para Pemegang Saham Tahunan [],BBCA,https://www.idx.co.id/StaticData/NewsAndAnnouncement/ANNOUNCEMENTSTOCK/From_EREP/202503/1eae48f28f_1696a52bbd.pdf,20250314_BBCA_Ringkasan Risalah/Risalah RUPS_31868858_lamp2.pdf,https://www.idx.co.id/StaticData/NewsAndAnnouncement/ANNOUNCEMENTSTOCK/From_EREP/202503/ced3091091_ae2b7f8443.pdf,20250314_BBCA_Ringkasan Risalah/Risalah RUPS_31868858_lamp1.pdf,,
"14 Mar 2025
					13:47:46",https://www.idx.co.id/StaticData/NewsAndAnnouncement/ANNOUNCEMENTSTOCK/From_EREP/202503/9b88a5c269_c37a797a78.pdf,Keterbukaan Informasi terkait Aksi Korporasi - Dividen Tunai - 14032025 [],BBCA,https://www.idx.co.id/StaticData/NewsAndAnnouncement/ANNOUNCEMENTSTOCK/From_EREP/202503/3ec4ef199f_88dc517149.pdf,20250314_BBCA_Keterbukaan Informasi terkait Aksi Korporasi_31868894_lamp2.pdf,https://www.idx.co.id/StaticData/NewsAndAnnouncement/ANNOUNCEMENTSTOCK/From_EREP/202503/62b75e46fb_78c8d23d31.pdf,20250314_BBCA_Keterbukaan Informasi terkait Aksi Korporasi_31868894_lamp1.pdf,,
"17 Mar 2025
					15:37:15",https://www.idx.co.id/StaticData/NewsAndAnnouncement/ANNOUNCEMENTSTOCK/From_EREP/202503/671994a864_a61e88a7cb.pdf,Penyampaian Bukti Iklan Hasil RUPS [],BBCA,https://www.idx.co.id/StaticData/NewsAndAnnouncement/ANNOUNCEMENTSTOCK/From_EREP/202503/150d79d1a0_d86efb9a0f.pdf,20250317_BBCA_Penyampaian Bukti Iklan_31869127_lamp2.pdf,https://www.idx.co.id/StaticData/NewsAndAnnouncement/ANNOUNCEMENTSTOCK/From_EREP/202503/9411587c7e_f256dffc1c.pdf,20250317_BBCA_Penyampaian Bukti Iklan_31869127_lamp1.pdf,,
"19 Mar 2025
					17:43:33",https://www.idx.co.id/StaticData/NewsAndAnnouncement/ANNOUNCEMENTSTOCK/From_EREP/202503/b0c33e8035_f61012a38d.pdf,Laporan Kepemilikan atau Setiap Perubahan Kepemilikan Saham Perusahaan Terbuka [],BBCA,https://www.idx.co.id/StaticData/NewsAndAnnouncement/ANNOUNCEMENTSTOCK/From_EREP/202503/25be72a909_482d0fd95d.pdf,20250319_BBCA_Laporan Kepemilikan atau Setiap Perubahan Kepemilikan Saham Perusahaan Terbuka_31869795_lamp1.pdf,,,,
"19 Mar 2025
					17:45:06",https://www.idx.co.id/StaticData/NewsAndAnnouncement/ANNOUNCEMENTSTOCK/From_EREP/202503/ee3796e0d2_e432a7c26f.pdf,Laporan Kepemilikan atau Setiap Perubahan Kepemilikan Saham Perusahaan Terbuka [],BBCA,https://www.idx.co.id/StaticData/NewsAndAnnouncement/ANNOUNCEMENTSTOCK/From_EREP/202503/da0c9957b6_c597a8be90.pdf,20250319_BBCA_Laporan Kepemilikan atau Setiap Perubahan Kepemilikan Saham Perusahaan Terbuka_31869797_lamp1.pdf,,,,
"19 Mar 2025
					17:46:26",https://www.idx.co.id/StaticData/NewsAndAnnouncement/ANNOUNCEMENTSTOCK/From_EREP/202503/bb7e2b1d3a_0a0163728c.pdf,Laporan Kepemilikan atau Setiap Perubahan Kepemilikan Saham Perusahaan Terbuka [],BBCA,https://www.idx.co.id/StaticData/NewsAndAnnouncement/ANNOUNCEMENTSTOCK/From_EREP/202503/0488cbd699_1ce4406a23.pdf,20250319_BBCA_Laporan Kepemilikan atau Setiap Perubahan Kepemilikan Saham Perusahaan Terbuka_31869814_lamp1.pdf,,,,
"19 Mar 2025
					17:49:11",https://www.idx.co.id/StaticData/NewsAndAnnouncement/ANNOUNCEMENTSTOCK/From_EREP/202503/f9d29bd076_fb7504326f.pdf,Laporan Kepemilikan atau Setiap Perubahan Kepemilikan Saham Perusahaan Terbuka [],BBCA,https://www.idx.co.id/StaticData/NewsAndAnnouncement/ANNOUNCEMENTSTOCK/From_EREP/202503/b6d40d5c41_7f794891f7.pdf,20250319_BBCA_Laporan Kepemilikan atau Setiap Perubahan Kepemilikan Saham Perusahaan Terbuka_31869802_lamp1.pdf,,,,
"19 Mar 2025
					17:51:41",https://www.idx.co.id/StaticData/NewsAndAnnouncement/ANNOUNCEMENTSTOCK/From_EREP/202503/eebcb3bc64_6c3c1a17a5.pdf,Laporan Kepemilikan atau Setiap Perubahan Kepemilikan Saham Perusahaan Terbuka [],BBCA,https://www.idx.co.id/StaticData/NewsAndAnnouncement/ANNOUNCEMENTSTOCK/From_EREP/202503/b1d98943b4_58d150ac2d.pdf,20250319_BBCA_Laporan Kepemilikan atau Setiap Perubahan Kepemilikan Saham Perusahaan Terbuka_31869792_lamp1.pdf,,,,
"19 Mar 2025
					17:53:25",https://www.idx.co.id/StaticData/NewsAndAnnouncement/ANNOUNCEMENTSTOCK/From_EREP/202503/99779f654e_feb5711a3d.pdf,Laporan Kepemilikan atau Setiap Perubahan Kepemilikan Saham Perusahaan Terbuka [],BBCA,https://www.idx.co.id/StaticData/NewsAndAnnouncement/ANNOUNCEMENTSTOCK/From_EREP/202503/9b0d323266_33e425a96d.pdf,20250319_BBCA_Laporan Kepemilikan atau Setiap Perubahan Kepemilikan Saham Perusahaan Terbuka_31869806_lamp1.pdf,,,,
"19 Mar 2025
					17:55:42",https://www.idx.co.id/StaticData/NewsAndAnnouncement/ANNOUNCEMENTSTOCK/From_EREP/202503/d04fa8f968_145ec908ed.pdf,Laporan Kepemilikan atau Setiap Perubahan Kepemilikan Saham Perusahaan Terbuka [],BBCA,https://www.idx.co.id/StaticData/NewsAndAnnouncement/ANNOUNCEMENTSTOCK/From_EREP/202503/67950a0d52_a2754ec0f8.pdf,20250319_BBCA_Laporan Kepemilikan atau Setiap Perubahan Kepemilikan Saham Perusahaan Terbuka_31869788_lamp1.pdf,,,,
"19 Mar 2025
					17:58:07",https://www.idx.co.id/StaticData/NewsAndAnnouncement/ANNOUNCEMENTSTOCK/From_EREP/202503/4d45f0611e_812538260e.pdf,Laporan Kepemilikan atau Setiap Perubahan Kepemilikan Saham Perusahaan Terbuka [],BBCA,https://www.idx.co.id/StaticData/NewsAndAnnouncement/ANNOUNCEMENTSTOCK/From_EREP/202503/41cd2e38bb_154ce53099.pdf,20250319_BBCA_Laporan Kepemilikan atau Setiap Perubahan Kepemilikan Saham Perusahaan Terbuka_31869811_lamp1.pdf,,,,
"20 Mar 2025
					17:26:48",https://www.idx.co.id/StaticData/NewsAndAnnouncement/ANNOUNCEMENTSTOCK/From_EREP/202503/c9b39f303c_2f4b6a2154.pdf,Laporan Kepemilikan atau Setiap Perubahan Kepemilikan Saham Perusahaan Terbuka [],BBCA,https://www.idx.co.id/StaticData/NewsAndAnnouncement/ANNOUNCEMENTSTOCK/From_EREP/202503/4e3c83221a_1458a798cb.pdf,20250320_BBCA_Laporan Kepemilikan atau Setiap Perubahan Kepemilikan Saham Perusahaan Terbuka_31869957_lamp1.pdf,,,,
"20 Mar 2025
					17:28:04",https://www.idx.co.id/StaticData/NewsAndAnnouncement/ANNOUNCEMENTSTOCK/From_EREP/202503/459045a908_b53a5d90ae.pdf,Laporan Kepemilikan atau Setiap Perubahan Kepemilikan Saham Perusahaan Terbuka [],BBCA,https://www.idx.co.id/StaticData/NewsAndAnnouncement/ANNOUNCEMENTSTOCK/From_EREP/202503/435b17c95a_14a116b0a6.pdf,20250320_BBCA_Laporan Kepemilikan atau Setiap Perubahan Kepemilikan Saham Perusahaan Terbuka_31869958_lamp1.pdf,,,,
"20 Mar 2025
					17:31:52",https://www.idx.co.id/StaticData/NewsAndAnnouncement/ANNOUNCEMENTSTOCK/From_EREP/202503/ce522d6e6a_a46e486d52.pdf,Laporan Kepemilikan atau Setiap Perubahan Kepemilikan Saham Perusahaan Terbuka [],BBCA,https://www.idx.co.id/StaticData/NewsAndAnnouncement/ANNOUNCEMENTSTOCK/From_EREP/202503/84e3f354a2_94a070585a.pdf,20250320_BBCA_Laporan Kepemilikan atau Setiap Perubahan Kepemilikan Saham Perusahaan Terbuka_31869961_lamp1.pdf,,,,
"20 Mar 2025
					17:33:36",https://www.idx.co.id/StaticData/NewsAndAnnouncement/ANNOUNCEMENTSTOCK/From_EREP/202503/b84a520bbf_414aa07684.pdf,Laporan Kepemilikan atau Setiap Perubahan Kepemilikan Saham Perusahaan Terbuka [],BBCA,https://www.idx.co.id/StaticData/NewsAndAnnouncement/ANNOUNCEMENTSTOCK/From_EREP/202503/ad5e1247a4_0ad4630c96.pdf,20250320_BBCA_Laporan Kepemilikan atau Setiap Perubahan Kepemilikan Saham Perusahaan Terbuka_31869952_lamp1.pdf,,,,
"20 Mar 2025
					17:39:08",https://www.idx.co.id/StaticData/NewsAndAnnouncement/ANNOUNCEMENTSTOCK/From_EREP/202503/c02b094014_d6ce7f80d1.pdf,Laporan Kepemilikan atau Setiap Perubahan Kepemilikan Saham Perusahaan Terbuka [],BBCA,https://www.idx.co.id/StaticData/NewsAndAnnouncement/ANNOUNCEMENTSTOCK/From_EREP/202503/163d6e0bee_11b1ea7372.pdf,20250320_BBCA_Laporan Kepemilikan atau Setiap Perubahan Kepemilikan Saham Perusahaan Terbuka_31869964_lamp1.pdf,,,,
"20 Mar 2025
					17:40:36",https://www.idx.co.id/StaticData/NewsAndAnnouncement/ANNOUNCEMENTSTOCK/From_EREP/202503/9085a5c209_b1335100e4.pdf,Laporan Kepemilikan atau Setiap Perubahan Kepemilikan Saham Perusahaan Terbuka [],BBCA,https://www.idx.co.id/StaticData/NewsAndAnnouncement/ANNOUNCEMENTSTOCK/From_EREP/202503/b6764814b2_fb600bd217.pdf,20250320_BBCA_Laporan Kepemilikan atau Setiap Perubahan Kepemilikan Saham Perusahaan Terbuka_31869955_lamp1.pdf,,,,
"20 Mar 2025
					17:43:55",https://www.idx.co.id/StaticData/NewsAndAnnouncement/ANNOUNCEMENTSTOCK/From_EREP/202503/940da043bc_80f1cf0f0e.pdf,Laporan Kepemilikan atau Setiap Perubahan Kepemilikan Saham Perusahaan Terbuka [],BBCA,https://www.idx.co.id/StaticData/NewsAndAnnouncement/ANNOUNCEMENTSTOCK/From_EREP/202503/02c3e59a61_5ed2cc5b55.pdf,20250320_BBCA_Laporan Kepemilikan atau Setiap Perubahan Kepemilikan Saham Perusahaan Terbuka_31869965_lamp1.pdf,,,,
"20 Mar 2025
					17:46:40",https://www.idx.co.id/StaticData/NewsAndAnnouncement/ANNOUNCEMENTSTOCK/From_EREP/202503/1c2a4939d6_ee30445688.pdf,Laporan Kepemilikan atau Setiap Perubahan Kepemilikan Saham Perusahaan Terbuka [],BBCA,https://www.idx.co.id/StaticData/NewsAndAnnouncement/ANNOUNCEMENTSTOCK/From_EREP/202503/0af8594812_46ecf70fd5.pdf,20250320_BBCA_Laporan Kepemilikan atau Setiap Perubahan Kepemilikan Saham Perusahaan Terbuka_31869963_lamp1.pdf,,,,
"20 Mar 2025
					17:49:29",https://www.idx.co.id/StaticData/NewsAndAnnouncement/ANNOUNCEMENTSTOCK/From_EREP/202503/94cbd54adc_fea66ac745.pdf,Laporan Kepemilikan atau Setiap Perubahan Kepemilikan Saham Perusahaan Terbuka [],BBCA,https://www.idx.co.id/StaticData/NewsAndAnnouncement/ANNOUNCEMENTSTOCK/From_EREP/202503/bbacca56c5_86e88b38a6.pdf,20250320_BBCA_Laporan Kepemilikan atau Setiap Perubahan Kepemilikan Saham Perusahaan Terbuka_31869969_lamp1.pdf,,,,
"20 Mar 2025
					17:50:51",https://www.idx.co.id/StaticData/NewsAndAnnouncement/ANNOUNCEMENTSTOCK/From_EREP/202503/7a4dd1368e_967fb9dcb8.pdf,Laporan Kepemilikan atau Setiap Perubahan Kepemilikan Saham Perusahaan Terbuka [],BBCA,https://www.idx.co.id/StaticData/NewsAndAnnouncement/ANNOUNCEMENTSTOCK/From_EREP/202503/4145d66dc8_48b93ea7ea.pdf,20250320_BBCA_Laporan Kepemilikan atau Setiap Perubahan Kepemilikan Saham Perusahaan Terbuka_31869970_lamp1.pdf,,,,
"25 Mar 2025
					17:29:25",https://www.idx.co.id/StaticData/NewsAndAnnouncement/ANNOUNCEMENTSTOCK/From_EREP/202503/f2575bdb31_f4bead18d1.pdf,Rencana Pembelian Kembali Saham dalam Kondisi Pasar yang Berfluktuasi secara Signifikan [],BBCA,https://www.idx.co.id/StaticData/NewsAndAnnouncement/ANNOUNCEMENTSTOCK/From_EREP/202503/499d99687e_b6226c2eb1.pdf,20250325_BBCA_Laporan Informasi dan Fakta Material_31871078_lamp1.pdf,https://www.idx.co.id/StaticData/NewsAndAnnouncement/ANNOUNCEMENTSTOCK/From_EREP/202503/94a872ae23_7a2f752543.pdf,20250325_BBCA_Laporan Informasi dan Fakta Material_31871078_lamp2.pdf,,
"04 Mar 2025
					16:30:41",https://www.idx.co.id/StaticData/NewsAndAnnouncement/ANNOUNCEMENTSTOCK/From_EREP/202503/db68909fee_aa4e3a7e82.pdf,Pemanggilan Rapat Umum Pemegang Saham Tahunan [],BBNI,https://www.idx.co.id/StaticData/NewsAndAnnouncement/ANNOUNCEMENTSTOCK/From_EREP/202503/50744962f8_97d036e61f.pdf,20250304_BBNI_Pemanggilan RUPS_31866109_lamp1.pdf,,,,
"04 Mar 2025
					19:47:53",https://www.idx.co.id/StaticData/NewsAndAnnouncement/ANNOUNCEMENTSTOCK/From_EREP/202503/7faa0c46c2_4884d3f0ff.pdf,Penyampaian Bukti Iklan Panggilan RUPS [],BBNI,https://www.idx.co.id/StaticData/NewsAndAnnouncement/ANNOUNCEMENTSTOCK/From_EREP/202503/8ce4593cbf_0c12a5e35d.pdf,20250304_BBNI_Penyampaian Bukti Iklan_31866227_lamp1.pdf,,,,
"06 Mar 2025
					19:41:16",https://www.idx.co.id/StaticData/NewsAndAnnouncement/ANNOUNCEMENTSTOCK/From_EREP/202503/7bc0cdd990_89d0935149.pdf,Laporan Bulanan Registrasi Pemegang Efek [],BBNI,https://www.idx.co.id/StaticData/NewsAndAnnouncement/ANNOUNCEMENTSTOCK/From_EREP/202503/18d104a8ff_5b3ae64934.pdf,20250306_BBNI_Laporan Bulanan Registrasi Pemegang Efek/Perubahan Struktur Pemegang Saham_31866775_lamp1.pdf,,,,
"06 Mar 2025
					19:42:13",https://www.idx.co.id/StaticData/NewsAndAnnouncement/ANNOUNCEMENTSTOCK/From_EREP/202503/c482fbb65f_7af04c95b4.pdf,Laporan Kepemilikan atau Setiap Perubahan Kepemilikan Saham Perusahaan Terbuka [],BBNI,https://www.idx.co.id/StaticData/NewsAndAnnouncement/ANNOUNCEMENTSTOCK/From_EREP/202503/9ef408fc8d_10919c428f.pdf,20250306_BBNI_Laporan Kepemilikan atau Setiap Perubahan Kepemilikan Saham Perusahaan Terbuka_31867111_lamp1.pdf,,,,
"06 Mar 2025
					19:42:54",https://www.idx.co.id/StaticData/NewsAndAnnouncement/ANNOUNCEMENTSTOCK/From_EREP/202503/5678a0d8f6_455da9f3f1.pdf,Laporan Kepemilikan atau Setiap Perubahan Kepemilikan Saham Perusahaan Terbuka [],BBNI,https://www.idx.co.id/StaticData/NewsAndAnnouncement/ANNOUNCEMENTSTOCK/From_EREP/202503/16e48faa96_e72ee1550d.pdf,20250306_BBNI_Laporan Kepemilikan atau Setiap Perubahan Kepemilikan Saham Perusahaan Terbuka_31867109_lamp1.pdf,,,,
"12 Mar 2025
					15:41:36",https://www.idx.co.id/StaticData/NewsAndAnnouncement/ANNOUNCEMENTSTOCK/From_EREP/202503/18617c82de_46d45f6eaf.pdf,Laporan Hasil Pemeringkatan Pemeringkatan Tahunan [],BBNI,https://www.idx.co.id/StaticData/NewsAndAnnouncement/ANNOUNCEMENTSTOCK/From_EREP/202503/543da7f73e_2499e325a2.pdf,20250311_BBNI_Laporan Hasil Pemeringkatan_31868231_lamp1.pdf,,,,
"24 Mar 2025
					10:07:46",https://www.idx.co.id/StaticData/NewsAndAnnouncement/ANNOUNCEMENTSTOCK/From_EREP/202503/c88c7b4024_27a86e3ff9.pdf,Pengalihan kepemilikan Saham Seri B dan Seri C Perseroan milik Negara Republik Indonesia  [],BBNI,https://www.idx.co.id/StaticData/NewsAndAnnouncement/ANNOUNCEMENTSTOCK/From_EREP/202503/381864622e_02fd3f326f.pdf,20250324_BBNI_Laporan Informasi dan Fakta Material_31870553_lamp1.pdf,,,,
"25 Mar 2025
					08:25:53",https://www.idx.co.id/StaticData/NewsAndAnnouncement/ANNOUNCEMENTSTOCK/From_EREP/202503/b03cf3c35d_ac4d2a92d9.pdf,Pengangkatan anggota Direksi Perseroan sebagai anggota Direksi PT Bank Rakyat Indonesia (Persero) Tbk [],BBNI,https://www.idx.co.id/StaticData/NewsAndAnnouncement/ANNOUNCEMENTSTOCK/From_EREP/202503/3ae537b36c_464ebac2b1.pdf,20250325_BBNI_Laporan Informasi dan Fakta Material_31870837_lamp1.pdf,,,,
"27 Mar 2025
					19:41:53",https://www.idx.co.id/StaticData/NewsAndAnnouncement/ANNOUNCEMENTSTOCK/From_EREP/202503/c457b902b2_ee6877b848.pdf,Ringkasan Risalah Rapat Umum Para Pemegang Saham Tahunan [],BBNI,https://www.idx.co.id/StaticData/NewsAndAnnouncement/ANNOUNCEMENTSTOCK/From_EREP/202503/7284b673f1_463103b9f7.pdf,20250327_BBNI_Ringkasan Risalah/Risalah RUPS_31872143_lamp1.pdf,,,,
"27 Mar 2025
					20:06:23",https://www.idx.co.id/StaticData/NewsAndAnnouncement/ANNOUNCEMENTSTOCK/From_EREP/202503/964ad170ca_6c9ef3d2d7.pdf,Penyampaian Bukti Iklan Hasil RUPS [],BBNI,https://www.idx.co.id/StaticData/NewsAndAnnouncement/ANNOUNCEMENTSTOCK/From_EREP/202503/f1ffe332e3_d369d162e1.pdf,20250327_BBNI_Penyampaian Bukti Iklan_31872152_lamp1.pdf,,,,
"27 Mar 2025
					20:19:09",https://www.idx.co.id/StaticData/NewsAndAnnouncement/ANNOUNCEMENTSTOCK/From_EREP/202503/e215bb47e4_dab5457e2d.pdf,Keterbukaan Informasi terkait Aksi Korporasi - Dividen Tunai - 27032025 [],BBNI,https://www.idx.co.id/StaticData/NewsAndAnnouncement/ANNOUNCEMENTSTOCK/From_EREP/202503/9bedbc7b33_288b242003.pdf,20250327_BBNI_Keterbukaan Informasi terkait Aksi Korporasi_31872157_lamp1.pdf,,,,
"04 Mar 2025
					15:49:31",https://www.idx.co.id/StaticData/NewsAndAnnouncement/ANNOUNCEMENTSTOCK/From_EREP/202503/7b34e99221_9a25a92b97.pdf,Penyampaian Bukti Iklan Penambahan Informasi atas Keterbukaan Informasi Rencana Pembelian Kembali Saham yang Dikeluarkan oleh Perseroan dan Pengalihan Saham Hasil Pembelian Kembali [],BBRI,https://www.idx.co.id/StaticData/NewsAndAnnouncement/ANNOUNCEMENTSTOCK/From_EREP/202503/17af770fca_3f041ba6a8.pdf,20250304_BBRI_Penyampaian Bukti Iklan_31866107_lamp1.pdf,,,,
"04 Mar 2025
					15:51:25",https://www.idx.co.id/StaticData/NewsAndAnnouncement/ANNOUNCEMENTSTOCK/From_EREP/202503/be2d7deb97_ed7423475b.pdf,Penyampaian Bukti Iklan Panggilan RUPS [],BBRI,https://www.idx.co.id/StaticData/NewsAndAnnouncement/ANNOUNCEMENTSTOCK/From_EREP/202503/a2f9bac7f4_5c4d9fa891.pdf,20250304_BBRI_Penyampaian Bukti Iklan_31866057_lamp1.pdf,https://www.idx.co.id/StaticData/NewsAndAnnouncement/ANNOUNCEMENTSTOCK/From_EREP/202503/d138a8af36_e7ae215632.pdf,20250304_BBRI_Penyampaian Bukti Iklan_31866057_lamp2.pdf,,
"04 Mar 2025
					20:04:50",https://www.idx.co.id/StaticData/NewsAndAnnouncement/ANNOUNCEMENTSTOCK/From_EREP/202503/443054be6c_1baa285e44.pdf,Penjelasan atas Permintaan Penjelasan Bursa [],BBRI,https://www.idx.co.id/StaticData/NewsAndAnnouncement/ANNOUNCEMENTSTOCK/From_EREP/202503/469dbbfcd7_9a266b2b8b.pdf,20250304_BBRI_Tanggapan atas Permintaan Penjelasan Bursa_31866141_lamp2.pdf,https://www.idx.co.id/StaticData/NewsAndAnnouncement/ANNOUNCEMENTSTOCK/From_EREP/202503/6a94784553_ae98561140.pdf,20250304_BBRI_Tanggapan atas Permintaan Penjelasan Bursa_31866141_lamp1.pdf,,
"06 Mar 2025
					19:04:00",https://www.idx.co.id/StaticData/NewsAndAnnouncement/ANNOUNCEMENTSTOCK/From_EREP/202503/d941650f08_24c994fd6a.pdf,Laporan Kepemilikan atau Setiap Perubahan Kepemilikan Saham Perusahaan Terbuka [],BBRI,,,,,,
"10 Mar 2025
					18:42:06",https://www.idx.co.id/StaticData/NewsAndAnnouncement/ANNOUNCEMENTSTOCK/From_EREP/202503/6b481ff1d3_b8f537badb.pdf,Perubahan Struktur Pemegang Saham [],BBRI,https://www.idx.co.id/StaticData/NewsAndAnnouncement/ANNOUNCEMENTSTOCK/From_EREP/202503/d141f9ebb5_ac6d2f266f.pdf,20250310_BBRI_Laporan Bulanan Registrasi Pemegang Efek/Perubahan Struktur Pemegang Saham_31868022_lamp1.pdf,https://www.idx.co.id/StaticData/NewsAndAnnouncement/ANNOUNCEMENTSTOCK/From_EREP/202503/ef5c2809f2_ed72e80f59.pdf,20250310_BBRI_Laporan Bulanan Registrasi Pemegang Efek/Perubahan Struktur Pemegang Saham_31868022_lamp2.pdf,,
"21 Mar 2025
					18:03:14",https://www.idx.co.id/StaticData/NewsAndAnnouncement/ANNOUNCEMENTSTOCK/From_EREP/202503/a303f56c22_00842aee8b.pdf,Transaksi Afiliasi [],BBRI,https://www.idx.co.id/StaticData/NewsAndAnnouncement/ANNOUNCEMENTSTOCK/From_EREP/202503/0f1034fbf0_c9c45ff44b.pdf,20250321_BBRI_Informasi Transaksi Afiliasi_31870405_lamp1.pdf,https://www.idx.co.id/StaticData/NewsAndAnnouncement/ANNOUNCEMENTSTOCK/From_EREP/202503/88877e8b44_ae95b74591.pdf,20250321_BBRI_Informasi Transaksi Afiliasi_31870405_lamp2.pdf,,
"21 Mar 2025
					18:05:33",https://www.idx.co.id/StaticData/NewsAndAnnouncement/ANNOUNCEMENTSTOCK/From_EREP/202503/249287254a_4ec9bba41f.pdf,Transaksi Afiliasi [],BBRI,https://www.idx.co.id/StaticData/NewsAndAnnouncement/ANNOUNCEMENTSTOCK/From_EREP/202503/30bba4fbe3_8d42c79bdb.pdf,20250321_BBRI_Informasi Transaksi Afiliasi_31870411_lamp2.pdf,https://www.idx.co.id/StaticData/NewsAndAnnouncement/ANNOUNCEMENTSTOCK/From_EREP/202503/7d13daf279_9658c2e818.pdf,20250321_BBRI_Informasi Transaksi Afiliasi_31870411_lamp1.pdf,,
"24 Mar 2025
					09:32:46",https://www.idx.co.id/StaticData/NewsAndAnnouncement/ANNOUNCEMENTSTOCK/From_EREP/202503/4020f3421a_40006c12d3.pdf,Pengalihan Kepemilikan Saham Seri B Perseroan Milik Negara Republik Indonesia [],BBRI,https://www.idx.co.id/StaticData/NewsAndAnnouncement/ANNOUNCEMENTSTOCK/From_EREP/202503/77bfddf3ac_531ae507f8.pdf,20250324_BBRI_Laporan Informasi dan Fakta Material_31870535_lamp1.pdf,https://www.idx.co.id/StaticData/NewsAndAnnouncement/ANNOUNCEMENTSTOCK/From_EREP/202503/ec8b36cdd4_19da194784.pdf,20250324_BBRI_Laporan Informasi dan Fakta Material_31870535_lamp2.pdf,,
"25 Mar 2025
					23:49:22",https://www.idx.co.id/StaticData/NewsAndAnnouncement/ANNOUNCEMENTSTOCK/From_EREP/202503/22a669f18e_6c4464ef06.pdf,Ringkasan Risalah Rapat Umum Para Pemegang Saham Tahunan [],BBRI,https://www.idx.co.id/StaticData/NewsAndAnnouncement/ANNOUNCEMENTSTOCK/From_EREP/202503/22bff4ec47_4d7e5a5294.pdf,20250325_BBRI_Ringkasan Risalah/Risalah RUPS_31871181_lamp4.pdf,https://www.idx.co.id/StaticData/NewsAndAnnouncement/ANNOUNCEMENTSTOCK/From_EREP/202503/465dffc05c_35a36e8aa9.pdf,20250325_BBRI_Ringkasan Risalah/Risalah RUPS_31871181_lamp3.pdf,https://www.idx.co.id/StaticData/NewsAndAnnouncement/ANNOUNCEMENTSTOCK/From_EREP/202503/ec39d24b58_09ffa6a9f3.pdf,20250325_BBRI_Ringkasan Risalah/Risalah RUPS_31871181_lamp1.pdf
"26 Mar 2025
					19:23:00",https://www.idx.co.id/StaticData/NewsAndAnnouncement/ANNOUNCEMENTSTOCK/From_EREP/202503/b10f711385_b20d918d69.pdf,Perubahan anggota Direksi dan/atau anggota Dewan Komisaris  [],BBRI,https://www.idx.co.id/StaticData/NewsAndAnnouncement/ANNOUNCEMENTSTOCK/From_EREP/202503/4cad8e9da0_bceb5828e4.pdf,20250326_BBRI_Laporan Informasi dan Fakta Material_31871555_lamp1.pdf,,,,
"26 Mar 2025
					22:41:45",https://www.idx.co.id/StaticData/NewsAndAnnouncement/ANNOUNCEMENTSTOCK/From_EREP/202503/239dfd777e_4741c6de3d.pdf,Keterbukaan Informasi terkait Aksi Korporasi - Dividen Tunai - 26032025 [],BBRI,https://www.idx.co.id/StaticData/NewsAndAnnouncement/ANNOUNCEMENTSTOCK/From_EREP/202503/ab3ea31e32_f4cada1e2c.pdf,20250326_BBRI_Keterbukaan Informasi terkait Aksi Korporasi_31871300_lamp1.pdf,,,,
"27 Mar 2025
					15:40:01",https://www.idx.co.id/StaticData/NewsAndAnnouncement/ANNOUNCEMENTSTOCK/From_EREP/202503/432b911b24_44fb6fbe45.pdf,Jatuh Tempo Obligasi / Sukuk Korporasi [],BBRI,https://www.idx.co.id/StaticData/NewsAndAnnouncement/ANNOUNCEMENTSTOCK/From_EREP/202503/8ebd9214e1_ee49203f03.pdf,20250327_BBRI_Pengumuman Jatuh Tempo Obligasi dan Sukuk_31871668_lamp1.pdf,,,,
"27 Mar 2025
					20:05:01",https://www.idx.co.id/StaticData/NewsAndAnnouncement/ANNOUNCEMENTSTOCK/From_EREP/202503/8a902ddede_0701382351.pdf,Penyampaian Bukti Iklan Hasil RUPS [],BBRI,https://www.idx.co.id/StaticData/NewsAndAnnouncement/ANNOUNCEMENTSTOCK/From_EREP/202503/86f741b050_8fee44f3be.pdf,20250327_BBRI_Penyampaian Bukti Iklan_31871900_lamp1.pdf,https://www.idx.co.id/StaticData/NewsAndAnnouncement/ANNOUNCEMENTSTOCK/From_EREP/202503/94107c9a63_2cb6edce98.pdf,20250327_BBRI_Penyampaian Bukti Iklan_31871900_lamp2.pdf,,
"04 Mar 2025
					16:49:17",https://www.idx.co.id/StaticData/NewsAndAnnouncement/ANNOUNCEMENTSTOCK/From_EREP/202503/656ba90098_5afcb7ac25.pdf,Pemanggilan Rapat Umum Pemegang Saham Tahunan [],BBTN,https://www.idx.co.id/StaticData/NewsAndAnnouncement/ANNOUNCEMENTSTOCK/From_EREP/202503/580e5ce91d_f4a26d34a7.pdf,20250304_BBTN_Pemanggilan RUPS_31866124_lamp1.pdf,,,,
"04 Mar 2025
					20:21:04",https://www.idx.co.id/StaticData/NewsAndAnnouncement/ANNOUNCEMENTSTOCK/From_EREP/202503/72e0c275cf_a23d6cd159.pdf,Penyampaian Laporan Tahunan [],BBTN,https://www.idx.co.id/StaticData/NewsAndAnnouncement/ANNOUNCEMENTSTOCK/From_EREP/202503/3697ae3210_f9480d7053.pdf,AnnualReport2024-BBTN-att3.pdf,https://www.idx.co.id/StaticData/NewsAndAnnouncement/ANNOUNCEMENTSTOCK/From_EREP/202503/53b988c25e_1d8ff5f2f0.pdf,AnnualReport2024-BBTN-att2.pdf,https://www.idx.co.id/StaticData/NewsAndAnnouncement/ANNOUNCEMENTSTOCK/From_EREP/202503/87efa6b0d6_8482a424a6.pdf,AnnualReport2024-BBTN-att5.pdf
"04 Mar 2025
					21:43:17",https://www.idx.co.id/StaticData/NewsAndAnnouncement/ANNOUNCEMENTSTOCK/From_EREP/202503/706a2958b8_bd27afd842.pdf,Penyampaian Laporan Keberlanjutan dan ESG [],BBTN,https://www.idx.co.id/StaticData/NewsAndAnnouncement/ANNOUNCEMENTSTOCK/From_EREP/202503/0b70fdb10e_810559cee4.pdf,AnnualReport2024-BBTN-att1.pdf,https://www.idx.co.id/StaticData/NewsAndAnnouncement/ANNOUNCEMENTSTOCK/From_EREP/202503/516515f927_32caf85794.pdf,AnnualReport2024-BBTN-att3.pdf,https://www.idx.co.id/StaticData/NewsAndAnnouncement/ANNOUNCEMENTSTOCK/From_EREP/202503/8357e9cfdf_29b92bf53b.pdf,AnnualReport2024-BBTN-att5.pdf
"04 Mar 2025
					22:02:22",https://www.idx.co.id/StaticData/NewsAndAnnouncement/ANNOUNCEMENTSTOCK/From_EREP/202503/71e4de71cc_f309280552.pdf,Penyampaian Bukti Iklan Panggilan RUPS [],BBTN,https://www.idx.co.id/StaticData/NewsAndAnnouncement/ANNOUNCEMENTSTOCK/From_EREP/202503/c32fad7782_01db748b45.pdf,20250304_BBTN_Penyampaian Bukti Iklan_31866254_lamp1.pdf,,,,
"05 Mar 2025
					18:55:05",https://www.idx.co.id/StaticData/NewsAndAnnouncement/ANNOUNCEMENTSTOCK/From_EREP/202503/75c76589d5_d149e57402.pdf,Laporan Bulanan Registrasi Pemegang Efek [],BBTN,https://www.idx.co.id/StaticData/NewsAndAnnouncement/ANNOUNCEMENTSTOCK/From_EREP/202503/705e81012b_e43f7b2093.pdf,20250305_BBTN_Laporan Bulanan Registrasi Pemegang Efek/Perubahan Struktur Pemegang Saham_31866402_lamp1.pdf,,,,
"21 Mar 2025
					19:37:08",https://www.idx.co.id/StaticData/NewsAndAnnouncement/ANNOUNCEMENTSTOCK/From_EREP/202503/ca0e2afd15_c932eb45b3.pdf,Transaksi Afiliasi [],BBTN,https://www.idx.co.id/StaticData/NewsAndAnnouncement/ANNOUNCEMENTSTOCK/From_EREP/202503/077ce664e7_6618742fda.pdf,20250321_BBTN_Informasi Transaksi Afiliasi_31870304_lamp4.pdf,https://www.idx.co.id/StaticData/NewsAndAnnouncement/ANNOUNCEMENTSTOCK/From_EREP/202503/07a44d0785_123fd3f9c3.pdf,20250321_BBTN_Informasi Transaksi Afiliasi_31870304_lamp2.pdf,https://www.idx.co.id/StaticData/NewsAndAnnouncement/ANNOUNCEMENTSTOCK/From_EREP/202503/40c6c49a5f_cb545e9add.pdf,20250321_BBTN_Informasi Transaksi Afiliasi_31870304_lamp1.pdf
"24 Mar 2025
					09:19:08",https://www.idx.co.id/StaticData/NewsAndAnnouncement/ANNOUNCEMENTSTOCK/From_EREP/202503/d253c8470d_5ec74c9db1.pdf,Pengalihan kepemilikan Saham Seri B Perseroan [],BBTN,https://www.idx.co.id/StaticData/NewsAndAnnouncement/ANNOUNCEMENTSTOCK/From_EREP/202503/69275f84ff_f77303d182.pdf,20250324_BBTN_Laporan Informasi dan Fakta Material_31870523_lamp1.pdf,https://www.idx.co.id/StaticData/NewsAndAnnouncement/ANNOUNCEMENTSTOCK/From_EREP/202503/736eb60778_eb73006132.pdf,20250324_BBTN_Laporan Informasi dan Fakta Material_31870523_lamp2.pdf,,
"25 Mar 2025
					09:14:19",https://www.idx.co.id/StaticData/NewsAndAnnouncement/ANNOUNCEMENTSTOCK/From_EREP/202503/bf1f6cd23f_592ef0cdeb.pdf,Perubahan anggota Direksi dan/atau anggota Dewan Komisaris [],BBTN,https://www.idx.co.id/StaticData/NewsAndAnnouncement/ANNOUNCEMENTSTOCK/From_EREP/202503/f7eeb543ca_de1e3718fc.pdf,20250325_BBTN_Laporan Informasi dan Fakta Material_31870849_lamp1.pdf,,,,
"27 Mar 2025
					22:20:25",https://www.idx.co.id/StaticData/NewsAndAnnouncement/ANNOUNCEMENTSTOCK/From_EREP/202503/be604567db_204747b489.pdf,Ringkasan Risalah Rapat Umum Para Pemegang Saham Tahunan [],BBTN,https://www.idx.co.id/StaticData/NewsAndAnnouncement/ANNOUNCEMENTSTOCK/From_EREP/202503/47fa331592_9010e96be2.pdf,20250327_BBTN_Ringkasan Risalah/Risalah RUPS_31872200_lamp1.pdf,,,,
"27 Mar 2025
					22:23:04",https://www.idx.co.id/StaticData/NewsAndAnnouncement/ANNOUNCEMENTSTOCK/From_EREP/202503/f308f83ef7_170106ab26.pdf,Penjelasan atas Permintaan Penjelasan Bursa [],BBTN,https://www.idx.co.id/StaticData/NewsAndAnnouncement/ANNOUNCEMENTSTOCK/From_EREP/202503/0c44c05b0a_52eb821e7e.pdf,20250327_BBTN_Tanggapan atas Permintaan Penjelasan Bursa_31872203_lamp1.pdf,,,,
"27 Mar 2025
					23:01:04",https://www.idx.co.id/StaticData/NewsAndAnnouncement/ANNOUNCEMENTSTOCK/From_EREP/202503/08bbcb6951_953e8e9dcd.pdf,Keterbukaan Informasi terkait Aksi Korporasi - Dividen Tunai - 27032025 [],BBTN,https://www.idx.co.id/StaticData/NewsAndAnnouncement/ANNOUNCEMENTSTOCK/From_EREP/202503/b04cb42162_9922ab9b76.pdf,20250327_BBTN_Keterbukaan Informasi terkait Aksi Korporasi_31872228_lamp1.pdf,,,,
"28 Mar 2025
					17:03:36",https://www.idx.co.id/StaticData/NewsAndAnnouncement/ANNOUNCEMENTSTOCK/From_EREP/202503/04e9b7e1a6_4c2210ceb5.pdf,Keterbukaan Informasi terkait Aksi Korporasi - Dividen Tunai (KOREKSI) - 28032025 [],BBTN,https://www.idx.co.id/StaticData/NewsAndAnnouncement/ANNOUNCEMENTSTOCK/From_EREP/202503/ee24f65dde_bdc23bf407.pdf,20250328_BBTN_Keterbukaan Informasi terkait Aksi Korporasi_31872360_lamp1.pdf,,,,
"03 Mar 2025
					16:46:42",https://www.idx.co.id/StaticData/NewsAndAnnouncement/ANNOUNCEMENTSTOCK/From_EREP/202503/ec5ddb2aa0_2cc87b792a.pdf,Penyampaian Laporan Tahunan [],BMRI,https://www.idx.co.id/StaticData/NewsAndAnnouncement/ANNOUNCEMENTSTOCK/From_EREP/202503/06a06e4c4d_4314b7bea8.pdf,AnnualReport2024-BMRI-att4.pdf,https://www.idx.co.id/StaticData/NewsAndAnnouncement/ANNOUNCEMENTSTOCK/From_EREP/202503/18f8371d92_5b8a5ea148.pdf,AnnualReport2024-BMRI-att5.pdf,https://www.idx.co.id/StaticData/NewsAndAnnouncement/ANNOUNCEMENTSTOCK/From_EREP/202503/3344a2d5f1_d5edcd19bf.pdf,AnnualReport2024-BMRI-att3.pdf
"03 Mar 2025
					17:17:28",https://www.idx.co.id/StaticData/NewsAndAnnouncement/ANNOUNCEMENTSTOCK/From_EREP/202503/37730c3c27_a77fcb325e.pdf,Pemanggilan Rapat Umum Pemegang Saham Tahunan [],BMRI,https://www.idx.co.id/StaticData/NewsAndAnnouncement/ANNOUNCEMENTSTOCK/From_EREP/202503/588bd7fcb6_257fc83852.pdf,20250303_BMRI_Pemanggilan RUPS_31865566_lamp2.pdf,https://www.idx.co.id/StaticData/NewsAndAnnouncement/ANNOUNCEMENTSTOCK/From_EREP/202503/5e26e25c40_36ed3236f2.pdf,20250303_BMRI_Pemanggilan RUPS_31865566_lamp3.pdf,https://www.idx.co.id/StaticData/NewsAndAnnouncement/ANNOUNCEMENTSTOCK/From_EREP/202503/6db8e70ade_7f0c09f2e3.pdf,20250303_BMRI_Pemanggilan RUPS_31865566_lamp1.pdf
"03 Mar 2025
					20:22:23",https://www.idx.co.id/StaticData/NewsAndAnnouncement/ANNOUNCEMENTSTOCK/From_EREP/202503/c4422a3331_0a9df7b71a.pdf,Penyampaian Laporan Keberlanjutan dan ESG [],BMRI,https://www.idx.co.id/StaticData/NewsAndAnnouncement/ANNOUNCEMENTSTOCK/From_EREP/202503/3efe0892b5_ca5416a072.pdf,AnnualReport2024-BMRI-att2.pdf,https://www.idx.co.id/StaticData/NewsAndAnnouncement/ANNOUNCEMENTSTOCK/From_EREP/202503/768ef41b01_c9cb9f8323.pdf,AnnualReport2024-BMRI-att1.pdf,https://www.idx.co.id/StaticData/NewsAndAnnouncement/ANNOUNCEMENTSTOCK/From_EREP/202503/acf2e3b4e0_4a7f38fb92.pdf,AnnualReport2024-BMRI-att3.pdf
"04 Mar 2025
					11:41:40",https://www.idx.co.id/StaticData/NewsAndAnnouncement/ANNOUNCEMENTSTOCK/From_EREP/202503/60af26c48f_6f0466f6f8.pdf,Penyampaian Bukti Iklan Panggilan RUPS [],BMRI,https://www.idx.co.id/StaticData/NewsAndAnnouncement/ANNOUNCEMENTSTOCK/From_EREP/202503/8227e7959d_f5affc0a2d.pdf,20250304_BMRI_Penyampaian Bukti Iklan_31865924_lamp2.pdf,https://www.idx.co.id/StaticData/NewsAndAnnouncement/ANNOUNCEMENTSTOCK/From_EREP/202503/b461d01ee2_8b6894a909.pdf,20250304_BMRI_Penyampaian Bukti Iklan_31865924_lamp1.pdf,,
"04 Mar 2025
					16:30:38",https://www.idx.co.id/StaticData/NewsAndAnnouncement/ANNOUNCEMENTSTOCK/From_EREP/202503/be639669bb_4e73206f88.pdf,Penyampaian Prospektus [],BMRI,https://www.idx.co.id/StaticData/NewsAndAnnouncement/ANNOUNCEMENTSTOCK/From_EREP/202503/34dbe4cf27_182a5c49ef.pdf,20250304_BMRI_Penyampaian Prospektus/Informasi Tambahan_31866147_lamp1.pdf,,,,
"04 Mar 2025
					16:52:22",https://www.idx.co.id/StaticData/NewsAndAnnouncement/ANNOUNCEMENTSTOCK/From_EREP/202503/68c20858f5_21d4434e1f.pdf,Penyampaian Bukti Iklan Informasi Tambahan Ringkas [],BMRI,https://www.idx.co.id/StaticData/NewsAndAnnouncement/ANNOUNCEMENTSTOCK/From_EREP/202503/457180bea2_a75ba78a47.pdf,20250304_BMRI_Penyampaian Bukti Iklan_31866159_lamp1.pdf,https://www.idx.co.id/StaticData/NewsAndAnnouncement/ANNOUNCEMENTSTOCK/From_EREP/202503/4a456cda56_551315e035.pdf,20250304_BMRI_Penyampaian Bukti Iklan_31866159_lamp2.pdf,,
"10 Mar 2025
					08:55:13",https://www.idx.co.id/StaticData/NewsAndAnnouncement/ANNOUNCEMENTSTOCK/From_EREP/202503/d6f7b026e4_512440966b.pdf,Laporan Bulanan Registrasi Pemegang Efek [],BMRI,https://www.idx.co.id/StaticData/NewsAndAnnouncement/ANNOUNCEMENTSTOCK/From_EREP/202503/0a28b99f44_7b78b8676f.pdf,20250304_BMRI_Laporan Bulanan Registrasi Pemegang Efek/Perubahan Struktur Pemegang Saham_31866142_lamp1.pdf,https://www.idx.co.id/StaticData/NewsAndAnnouncement/ANNOUNCEMENTSTOCK/From_EREP/202503/2fbb76066d_8e8acbebed.pdf,20250304_BMRI_Laporan Bulanan Registrasi Pemegang Efek/Perubahan Struktur Pemegang Saham_31866142_lamp2.pdf,https://www.idx.co.id/StaticData/NewsAndAnnouncement/ANNOUNCEMENTSTOCK/From_EREP/202503/3bbe2b1db0_272497de2a.pdf,20250304_BMRI_Laporan Bulanan Registrasi Pemegang Efek/Perubahan Struktur Pemegang Saham_31866142_lamp4.pdf
"20 Mar 2025
					22:57:01",https://www.idx.co.id/StaticData/NewsAndAnnouncement/ANNOUNCEMENTSTOCK/From_EREP/202503/7c8f088cc3_f35e02a05d.pdf,"Pengkinian atas Keterbukaan Informasi Sehubungan dengan Rencana Pembelian Kembali Saham (""Buyback"") dan Pengalihan Saham hasil Buyback []",BMRI,https://www.idx.co.id/StaticData/NewsAndAnnouncement/ANNOUNCEMENTSTOCK/From_EREP/202503/3bc06563c9_024fb661f8.pdf,20250320_BMRI_Laporan Informasi dan Fakta Material_31870133_lamp1.pdf,https://www.idx.co.id/StaticData/NewsAndAnnouncement/ANNOUNCEMENTSTOCK/From_EREP/202503/a1868f500a_79b466a40f.pdf,20250320_BMRI_Laporan Informasi dan Fakta Material_31870133_lamp2.pdf,https://www.idx.co.id/StaticData/NewsAndAnnouncement/ANNOUNCEMENTSTOCK/From_EREP/202503/af5bff8d11_af23ad63a5.pdf,20250320_BMRI_Laporan Informasi dan Fakta Material_31870133_lamp3.pdf
"24 Mar 2025
					09:41:19",https://www.idx.co.id/StaticData/NewsAndAnnouncement/ANNOUNCEMENTSTOCK/From_EREP/202503/1804467498_174cbda361.pdf,Pengalihan kepemilikan Saham Seri B Perseroan milik Negara Republik Indonesia kepada PT Biro Klasifikasi Indonesia (Persero) (BKI) [],BMRI,https://www.idx.co.id/StaticData/NewsAndAnnouncement/ANNOUNCEMENTSTOCK/From_EREP/202503/84f51de2b3_20b609f116.pdf,20250324_BMRI_Laporan Informasi dan Fakta Material_31870521_lamp1.pdf,,,,
"25 Mar 2025
					08:45:37",https://www.idx.co.id/StaticData/NewsAndAnnouncement/ANNOUNCEMENTSTOCK/From_EREP/202503/4f007247fd_b16c2cafb4.pdf,Penerbitan Surat Utang [],BMRI,https://www.idx.co.id/StaticData/NewsAndAnnouncement/ANNOUNCEMENTSTOCK/From_EREP/202503/5ce6136376_e6b5086c27.pdf,20250325_BMRI_Laporan Informasi dan Fakta Material_31870833_lamp1.pdf,,,,
"25 Mar 2025
					20:49:58",https://www.idx.co.id/StaticData/NewsAndAnnouncement/ANNOUNCEMENTSTOCK/From_EREP/202503/5d4c4f91eb_2c21d8140d.pdf,Pengumuman Bursa Pencatatan Awal Obligasi dan Sukuk [],BMRI,https://www.idx.co.id/StaticData/NewsAndAnnouncement/ANNOUNCEMENTSTOCK/From_EREP/202503/bde9139d01_41f769965a.pdf,20250325_BMRI_Pengumuman Pencatatan Awal Obligasi dan Sukuk_31871158_lamp1.pdf,,,,
"26 Mar 2025
					20:54:58",https://www.idx.co.id/StaticData/NewsAndAnnouncement/ANNOUNCEMENTSTOCK/From_EREP/202503/3540c9aeee_e5b9573c5e.pdf,Ringkasan Risalah Rapat Umum Para Pemegang Saham Tahunan [],BMRI,https://www.idx.co.id/StaticData/NewsAndAnnouncement/ANNOUNCEMENTSTOCK/From_EREP/202503/0aebc62f14_a26325ff7c.pdf,20250326_BMRI_Ringkasan Risalah/Risalah RUPS_31871570_lamp2.pdf,https://www.idx.co.id/StaticData/NewsAndAnnouncement/ANNOUNCEMENTSTOCK/From_EREP/202503/2dbaaba16b_0072eabd50.pdf,20250326_BMRI_Ringkasan Risalah/Risalah RUPS_31871570_lamp1.pdf,https://www.idx.co.id/StaticData/NewsAndAnnouncement/ANNOUNCEMENTSTOCK/From_EREP/202503/982b622ee9_49eb3fb544.pdf,20250326_BMRI_Ringkasan Risalah/Risalah RUPS_31871570_lamp3.pdf
"27 Mar 2025
					12:10:55",https://www.idx.co.id/StaticData/NewsAndAnnouncement/ANNOUNCEMENTSTOCK/From_EREP/202503/3e05164931_ba2f82c41e.pdf,Keterbukaan Informasi terkait Aksi Korporasi - Dividen Tunai - 27032025 [],BMRI,https://www.idx.co.id/StaticData/NewsAndAnnouncement/ANNOUNCEMENTSTOCK/From_EREP/202503/3824166d82_f9150a9428.pdf,20250327_BMRI_Keterbukaan Informasi terkait Aksi Korporasi_31871667_lamp2.pdf,https://www.idx.co.id/StaticData/NewsAndAnnouncement/ANNOUNCEMENTSTOCK/From_EREP/202503/afbf24217b_241f4489c0.pdf,20250327_BMRI_Keterbukaan Informasi terkait Aksi Korporasi_31871667_lamp1.pdf,https://www.idx.co.id/StaticData/NewsAndAnnouncement/ANNOUNCEMENTSTOCK/From_EREP/202503/fd6c891557_ca7e7c7f12.pdf,20250327_BMRI_Keterbukaan Informasi terkait Aksi Korporasi_31871667_lamp3.pdf
"27 Mar 2025
					15:23:49",https://www.idx.co.id/StaticData/NewsAndAnnouncement/ANNOUNCEMENTSTOCK/From_EREP/202503/7c55ead03b_db08c15559.pdf,Penyampaian Bukti Iklan Hasil RUPS [],BMRI,https://www.idx.co.id/StaticData/NewsAndAnnouncement/ANNOUNCEMENTSTOCK/From_EREP/202503/7efc63bd2f_74d4184b45.pdf,20250327_BMRI_Penyampaian Bukti Iklan_31871926_lamp2.pdf,https://www.idx.co.id/StaticData/NewsAndAnnouncement/ANNOUNCEMENTSTOCK/From_EREP/202503/d98e12006e_b101b7cfd8.pdf,20250327_BMRI_Penyampaian Bukti Iklan_31871926_lamp1.pdf,,
"07 Mar 2025
					14:37:04",https://www.idx.co.id/StaticData/NewsAndAnnouncement/ANNOUNCEMENTSTOCK/From_EREP/202503/49c58dbb79_db9974884e.pdf,Laporan Bulanan Registrasi Pemegang Efek [],BRIS,https://www.idx.co.id/StaticData/NewsAndAnnouncement/ANNOUNCEMENTSTOCK/From_EREP/202503/f5ec406583_8855525164.pdf,20250305_BRIS_Laporan Bulanan Registrasi Pemegang Efek/Perubahan Struktur Pemegang Saham_31866303_lamp1.pdf,,,,
"18 Mar 2025
					15:07:10",https://www.idx.co.id/StaticData/NewsAndAnnouncement/ANNOUNCEMENTSTOCK/From_EREP/202503/cd940498e1_181ee77d2d.pdf,Laporan Kepemilikan atau Setiap Perubahan Kepemilikan Saham Perusahaan Terbuka [],BRIS,https://www.idx.co.id/StaticData/NewsAndAnnouncement/ANNOUNCEMENTSTOCK/From_EREP/202503/950cfc4efe_47264d035f.pdf,20250318_BRIS_Laporan Kepemilikan atau Setiap Perubahan Kepemilikan Saham Perusahaan Terbuka_31869373_lamp1.pdf,,,,
"24 Mar 2025
					20:09:29",https://www.idx.co.id/StaticData/NewsAndAnnouncement/ANNOUNCEMENTSTOCK/From_EREP/202503/53fa2f87f3_29f37188e7.pdf,Laporan Kepemilikan atau Setiap Perubahan Kepemilikan Saham Perusahaan Terbuka [],BRIS,https://www.idx.co.id/StaticData/NewsAndAnnouncement/ANNOUNCEMENTSTOCK/From_EREP/202503/511ec7e797_b7d534247e.pdf,20250324_BRIS_Laporan Kepemilikan atau Setiap Perubahan Kepemilikan Saham Perusahaan Terbuka_31870698_lamp1.pdf,,,,
"25 Mar 2025
					09:40:52",https://www.idx.co.id/StaticData/NewsAndAnnouncement/ANNOUNCEMENTSTOCK/From_EREP/202403/20250325100126-50741-0/FinancialStatement-2024-Tahunan-BRIS.pdf,Penyampaian Laporan Keuangan Tahunan (KOREKSI) [],BRIS,https://www.idx.co.id/StaticData/NewsAndAnnouncement/ANNOUNCEMENTSTOCK/From_EREP/202403/20250325100126-50741-0/CHECKLIST%20PENGUNGKAPAN%20LAP%20KEU%2031%20DESEMBER%202024.pdf,CHECKLIST PENGUNGKAPAN LAP KEU 31 DESEMBER 2024.pdf,https://www.idx.co.id/StaticData/NewsAndAnnouncement/ANNOUNCEMENTSTOCK/From_EREP/202403/20250325100126-50741-0/FinancialStatement-2024-Tahunan-BRIS.xlsx,FinancialStatement-2024-Tahunan-BRIS.xlsx,https://www.idx.co.id/StaticData/NewsAndAnnouncement/ANNOUNCEMENTSTOCK/From_EREP/202403/20250325100126-50741-0/inlineXBRL.zip,inlineXBRL.zip
"25 Mar 2025
					17:26:06",https://www.idx.co.id/StaticData/NewsAndAnnouncement/ANNOUNCEMENTSTOCK/From_EREP/202503/f6510f594a_c678db0904.pdf,Pengunduran Diri Anggota Direksi Perseroan  [],BRIS,https://www.idx.co.id/StaticData/NewsAndAnnouncement/ANNOUNCEMENTSTOCK/From_EREP/202503/3dd1784b15_89744542ac.pdf,20250325_BRIS_Laporan Informasi dan Fakta Material_31871072_lamp1.pdf,,,,
"26 Mar 2025
					17:27:27",https://www.idx.co.id/StaticData/NewsAndAnnouncement/ANNOUNCEMENTSTOCK/From_EREP/202503/4d8620b669_b2a826f889.pdf,Pengunduran Diri Anggota Direksi Perseroan [],BRIS,https://www.idx.co.id/StaticData/NewsAndAnnouncement/ANNOUNCEMENTSTOCK/From_EREP/202503/171bb805b5_63c5017779.pdf,20250326_BRIS_Laporan Informasi dan Fakta Material_31871469_lamp1.pdf,,,,
"04 Mar 2025
					18:17:00",https://www.idx.co.id/StaticData/NewsAndAnnouncement/ANNOUNCEMENTSTOCK/From_EREP/202503/ce4ff1e398_dec8296917.pdf,Laporan Kepemilikan atau Setiap Perubahan Kepemilikan Saham Perusahaan Terbuka [],BRPT,https://www.idx.co.id/StaticData/NewsAndAnnouncement/ANNOUNCEMENTSTOCK/From_EREP/202503/96c45b7144_3e3812e041.pdf,20250303_BRPT_Laporan Kepemilikan atau Setiap Perubahan Kepemilikan Saham Perusahaan Terbuka_31865506_lamp1.pdf,,,,
"06 Mar 2025
					16:00:31",https://www.idx.co.id/StaticData/NewsAndAnnouncement/ANNOUNCEMENTSTOCK/From_EREP/202503/4c1eba5626_65bf63fb18.pdf,Informasi Pelunasan Efek [],BRPT,https://www.idx.co.id/StaticData/NewsAndAnnouncement/ANNOUNCEMENTSTOCK/From_EREP/202503/d8fcad0acc_8f23179ef5.pdf,20250306_BRPT_Pembayaran Kupon/Bagi Hasil/Ijarah/Pokok_31866967_lamp1.pdf,,,,
"10 Mar 2025
					14:55:33",https://www.idx.co.id/StaticData/NewsAndAnnouncement/ANNOUNCEMENTSTOCK/From_EREP/202503/d657f11e93_e8303816c3.pdf,Laporan Bulanan Registrasi Pemegang Efek [],BRPT,https://www.idx.co.id/StaticData/NewsAndAnnouncement/ANNOUNCEMENTSTOCK/From_EREP/202503/fd475bbcdf_3145699939.pdf,20250304_BRPT_Laporan Bulanan Registrasi Pemegang Efek/Perubahan Struktur Pemegang Saham_31866055_lamp1.pdf,,,,
"17 Mar 2025
					07:17:46",https://www.idx.co.id/StaticData/NewsAndAnnouncement/ANNOUNCEMENTSTOCK/From_EREP/202403/20250317072746-49929-0/FinancialStatement-2024-Tahunan-BRPT.pdf,Penyampaian Laporan Keuangan Tahunan [],BRPT,https://www.idx.co.id/StaticData/NewsAndAnnouncement/ANNOUNCEMENTSTOCK/From_EREP/202403/20250317072746-49929-0/BRPT%20CHECKLIST%20PENG.%20LK%2031%20Desember%202024.pdf,BRPT CHECKLIST PENG. LK 31 Desember 2024.pdf,https://www.idx.co.id/StaticData/NewsAndAnnouncement/ANNOUNCEMENTSTOCK/From_EREP/202403/20250317072746-49929-0/BRPT%20EN%20Press%20Release%20FY24.pdf,BRPT EN Press Release FY24.pdf,https://www.idx.co.id/StaticData/NewsAndAnnouncement/ANNOUNCEMENTSTOCK/From_EREP/202403/20250317072746-49929-0/BRPT%20Final%20FS%20Report%2031%20Desember%202024.pdf,BRPT Final FS Report 31 Desember 2024.pdf
"21 Mar 2025
					15:31:47",https://www.idx.co.id/StaticData/NewsAndAnnouncement/ANNOUNCEMENTSTOCK/From_EREP/202503/efe8f5c2b7_eb670fe39a.pdf,KETERBUKAAN INFORMASI  TERKAIT DENGAN RENCANA PT BARITO PACIFIC TBK  UNTUK MELAKUKAN PEMBELIAN KEMBALI SAHAM BUYBACK [],BRPT,https://www.idx.co.id/StaticData/NewsAndAnnouncement/ANNOUNCEMENTSTOCK/From_EREP/202503/9c62b53ba1_f6831ffe59.pdf,20250321_BRPT_Laporan Informasi dan Fakta Material_31870331_lamp2.pdf,https://www.idx.co.id/StaticData/NewsAndAnnouncement/ANNOUNCEMENTSTOCK/From_EREP/202503/f27bcbef7a_47ff0e3603.pdf,20250321_BRPT_Laporan Informasi dan Fakta Material_31870331_lamp1.pdf,,
"27 Mar 2025
					15:46:39",https://www.idx.co.id/StaticData/NewsAndAnnouncement/ANNOUNCEMENTSTOCK/From_EREP/202503/6fedbb18cc_e6be3fe0a9.pdf,Jatuh Tempo Obligasi / Sukuk Korporasi [],BRPT,https://www.idx.co.id/StaticData/NewsAndAnnouncement/ANNOUNCEMENTSTOCK/From_EREP/202503/47638625d5_71b8ce2a3a.pdf,20250327_BRPT_Pengumuman Jatuh Tempo Obligasi dan Sukuk_31871860_lamp2.pdf,https://www.idx.co.id/StaticData/NewsAndAnnouncement/ANNOUNCEMENTSTOCK/From_EREP/202503/790695c52e_8edec9b9f3.pdf,20250327_BRPT_Pengumuman Jatuh Tempo Obligasi dan Sukuk_31871860_lamp1.pdf,,
"06 Mar 2025
					10:38:52",https://www.idx.co.id/StaticData/NewsAndAnnouncement/ANNOUNCEMENTSTOCK/From_EREP/202503/64d7e6e039_e30795a3f2.pdf,Laporan Bulanan Registrasi Pemegang Efek [],CPIN,https://www.idx.co.id/StaticData/NewsAndAnnouncement/ANNOUNCEMENTSTOCK/From_EREP/202503/2eeb21c2cb_db1a3fd717.pdf,20250306_CPIN_Laporan Bulanan Registrasi Pemegang Efek/Perubahan Struktur Pemegang Saham_31866792_lamp1.pdf,,,,
"18 Mar 2025
					20:35:44",https://www.idx.co.id/StaticData/NewsAndAnnouncement/ANNOUNCEMENTSTOCK/From_EREP/202403/20250318204234-50091-0/FinancialStatement-2024-Tahunan-CPIN.pdf,Penyampaian Laporan Keuangan Tahunan [],CPIN,https://www.idx.co.id/StaticData/NewsAndAnnouncement/ANNOUNCEMENTSTOCK/From_EREP/202403/20250318204234-50091-0/CPIN%20001%20CPIN-PM%20III%202025.pdf,CPIN 001 CPIN-PM III 2025.pdf,https://www.idx.co.id/StaticData/NewsAndAnnouncement/ANNOUNCEMENTSTOCK/From_EREP/202403/20250318204234-50091-0/CPIN-241231IE.pdf,CPIN-241231IE.pdf,https://www.idx.co.id/StaticData/NewsAndAnnouncement/ANNOUNCEMENTSTOCK/From_EREP/202403/20250318204234-50091-0/FinancialStatement-2024-Tahunan-CPIN.xlsx,FinancialStatement-2024-Tahunan-CPIN.xlsx
"18 Mar 2025
					20:45:41",https://www.idx.co.id/StaticData/NewsAndAnnouncement/ANNOUNCEMENTSTOCK/From_EREP/202503/bbe213c59e_b7d49559b4.pdf,Penyampaian Informasi Pemenuhan Kewajiban Public Expose - Tahunan [],CPIN,https://www.idx.co.id/StaticData/NewsAndAnnouncement/ANNOUNCEMENTSTOCK/From_EREP/202503/21f166b5ef_019c0f0425.pdf,20250318_CPIN_Public Expose_31869512_lamp1.pdf,https://www.idx.co.id/StaticData/NewsAndAnnouncement/ANNOUNCEMENTSTOCK/From_EREP/202503/e6f1736f45_d528fbdc23.pdf,20250318_CPIN_Public Expose_31869512_lamp2.pdf,,
"18 Mar 2025
					21:13:18",https://www.idx.co.id/StaticData/NewsAndAnnouncement/ANNOUNCEMENTSTOCK/From_EREP/202403/20250318211939-50323-0/FinancialStatement-2024-Tahunan-CPIN.pdf,Penyampaian Laporan Keuangan Tahunan (KOREKSI) [],CPIN,https://www.idx.co.id/StaticData/NewsAndAnnouncement/ANNOUNCEMENTSTOCK/From_EREP/202403/20250318211939-50323-0/001-PM.pdf,001-PM.pdf,https://www.idx.co.id/StaticData/NewsAndAnnouncement/ANNOUNCEMENTSTOCK/From_EREP/202403/20250318211939-50323-0/CPIN-241231IE.pdf,CPIN-241231IE.pdf,https://www.idx.co.id/StaticData/NewsAndAnnouncement/ANNOUNCEMENTSTOCK/From_EREP/202403/20250318211939-50323-0/CPIN-Checklist%202024.pdf,CPIN-Checklist 2024.pdf
"18 Mar 2025
					21:23:00",https://www.idx.co.id/StaticData/NewsAndAnnouncement/ANNOUNCEMENTSTOCK/From_EREP/202503/b472deeeb5_5ddf028dd7.pdf,Penyampaian Informasi Pemenuhan Kewajiban Public Expose - Tahunan (KOREKSI) [],CPIN,https://www.idx.co.id/StaticData/NewsAndAnnouncement/ANNOUNCEMENTSTOCK/From_EREP/202503/16ee09b205_cb3fb63cdb.pdf,20250318_CPIN_Public Expose_31869576_lamp1.pdf,https://www.idx.co.id/StaticData/NewsAndAnnouncement/ANNOUNCEMENTSTOCK/From_EREP/202503/4aa5bc0599_e599c8d286.pdf,20250318_CPIN_Public Expose_31869576_lamp2.pdf,,
"10 Mar 2025
					12:53:56",https://www.idx.co.id/StaticData/NewsAndAnnouncement/ANNOUNCEMENTSTOCK/From_EREP/202503/753bcd77c6_d34accfedd.pdf,Laporan Bulanan Registrasi Pemegang Efek [],CTRA,https://www.idx.co.id/StaticData/NewsAndAnnouncement/ANNOUNCEMENTSTOCK/From_EREP/202503/71f81fa58e_7888bac3ed.pdf,20250310_CTRA_Laporan Bulanan Registrasi Pemegang Efek/Perubahan Struktur Pemegang Saham_31867797_lamp1.pdf,,,,
"27 Mar 2025
					19:29:20",https://www.idx.co.id/StaticData/NewsAndAnnouncement/ANNOUNCEMENTSTOCK/From_EREP/202403/20250327193837-51203-0/FinancialStatement-2024-Tahunan-CTRA.pdf,Penyampaian Laporan Keuangan Tahunan [],CTRA,https://www.idx.co.id/StaticData/NewsAndAnnouncement/ANNOUNCEMENTSTOCK/From_EREP/202403/20250327193837-51203-0/FinancialStatement-2024-Tahunan-CTRA.xlsx,FinancialStatement-2024-Tahunan-CTRA.xlsx,https://www.idx.co.id/StaticData/NewsAndAnnouncement/ANNOUNCEMENTSTOCK/From_EREP/202403/20250327193837-51203-0/inlineXBRL.zip,inlineXBRL.zip,https://www.idx.co.id/StaticData/NewsAndAnnouncement/ANNOUNCEMENTSTOCK/From_EREP/202403/20250327193837-51203-0/instance.zip,instance.zip
"03 Mar 2025
					17:19:00",https://www.idx.co.id/StaticData/NewsAndAnnouncement/ANNOUNCEMENTSTOCK/From_EREP/202503/ce6f30fe01_3ec919824b.pdf,Pemberitahuan Rencana Rapat Umum Pemegang Saham Tahunan [],ESSA,https://www.idx.co.id/StaticData/NewsAndAnnouncement/ANNOUNCEMENTSTOCK/From_EREP/202503/4ab8831b8f_ca4db7d07a.pdf,20250303_ESSA_Pengumuman RUPS_31865742_lamp1.pdf,https://www.idx.co.id/StaticData/NewsAndAnnouncement/ANNOUNCEMENTSTOCK/From_EREP/202503/b27ef1c11f_2355b2a44c.pdf,20250303_ESSA_Pengumuman RUPS_31865742_lamp2.pdf,https://www.idx.co.id/StaticData/NewsAndAnnouncement/ANNOUNCEMENTSTOCK/From_EREP/202503/def4e758c8_c144f3f5e3.pdf,20250303_ESSA_Pengumuman RUPS_31865742_lamp3.pdf
"05 Mar 2025
					10:20:36",https://www.idx.co.id/StaticData/NewsAndAnnouncement/ANNOUNCEMENTSTOCK/From_EREP/202503/1f2d1b1bb8_68bc9848ea.pdf,Penyampaian Bukti Iklan Pemberitahuan RUPS [],ESSA,https://www.idx.co.id/StaticData/NewsAndAnnouncement/ANNOUNCEMENTSTOCK/From_EREP/202503/d9b6343f4d_e300b551c0.pdf,20250305_ESSA_Penyampaian Bukti Iklan_31866334_lamp1.pdf,,,,
"05 Mar 2025
					10:40:18",https://www.idx.co.id/StaticData/NewsAndAnnouncement/ANNOUNCEMENTSTOCK/From_EREP/202503/df0746e2fe_98d1110994.pdf,Laporan Bulanan Registrasi Pemegang Efek [],ESSA,https://www.idx.co.id/StaticData/NewsAndAnnouncement/ANNOUNCEMENTSTOCK/From_EREP/202503/14f7d1b76e_3623c7a29f.pdf,20250305_ESSA_Laporan Bulanan Registrasi Pemegang Efek/Perubahan Struktur Pemegang Saham_31866344_lamp1.pdf,,,,
"17 Mar 2025
					17:21:48",https://www.idx.co.id/StaticData/NewsAndAnnouncement/ANNOUNCEMENTSTOCK/From_EREP/202503/0dfe7f6516_2de1913b01.pdf,Pemberitahuan Perubahan Jadwal Rapat Umum Pemegang Saham Tahunan [],ESSA,https://www.idx.co.id/StaticData/NewsAndAnnouncement/ANNOUNCEMENTSTOCK/From_EREP/202503/6162da3160_9f38021f74.pdf,20250317_ESSA_Pengumuman RUPS_31869223_lamp1.pdf,https://www.idx.co.id/StaticData/NewsAndAnnouncement/ANNOUNCEMENTSTOCK/From_EREP/202503/d19f8fc1fc_ca7d774b47.pdf,20250317_ESSA_Pengumuman RUPS_31869223_lamp3.pdf,https://www.idx.co.id/StaticData/NewsAndAnnouncement/ANNOUNCEMENTSTOCK/From_EREP/202503/e2444aa7cf_2a475d32d2.pdf,20250317_ESSA_Pengumuman RUPS_31869223_lamp2.pdf
"25 Mar 2025
					17:28:49",https://www.idx.co.id/StaticData/NewsAndAnnouncement/ANNOUNCEMENTSTOCK/From_EREP/202503/8100ca656b_2fd456e6a9.pdf,Penyampaian Laporan Tahunan & Keberlanjutan dan ESG [],ESSA,https://www.idx.co.id/StaticData/NewsAndAnnouncement/ANNOUNCEMENTSTOCK/From_EREP/202503/1db4d88237_c763c31a1c.pdf,AnnualReport2024-ESSA-att2.pdf,https://www.idx.co.id/StaticData/NewsAndAnnouncement/ANNOUNCEMENTSTOCK/From_EREP/202503/4641508f79_c0e66ca1e4.pdf,AnnualReport2024-ESSA-att1.pdf,https://www.idx.co.id/StaticData/NewsAndAnnouncement/ANNOUNCEMENTSTOCK/From_EREP/202503/64faff000a_42f8ce3cfd.pdf,AnnualReport2024-ESSA-att6.pdf
"25 Mar 2025
					17:30:40",https://www.idx.co.id/StaticData/NewsAndAnnouncement/ANNOUNCEMENTSTOCK/From_EREP/202503/8100ca656b_2fd456e6a9.pdf,Penyampaian Laporan Tahunan & Keberlanjutan dan ESG [],ESSA,https://www.idx.co.id/StaticData/NewsAndAnnouncement/ANNOUNCEMENTSTOCK/From_EREP/202503/1db4d88237_c763c31a1c.pdf,AnnualReport2024-ESSA-att2.pdf,https://www.idx.co.id/StaticData/NewsAndAnnouncement/ANNOUNCEMENTSTOCK/From_EREP/202503/4641508f79_c0e66ca1e4.pdf,AnnualReport2024-ESSA-att1.pdf,https://www.idx.co.id/StaticData/NewsAndAnnouncement/ANNOUNCEMENTSTOCK/From_EREP/202503/64faff000a_42f8ce3cfd.pdf,AnnualReport2024-ESSA-att6.pdf
"25 Mar 2025
					17:39:58",https://www.idx.co.id/StaticData/NewsAndAnnouncement/ANNOUNCEMENTSTOCK/From_EREP/202503/820ee9ae7b_76009c8a6d.pdf,Pemanggilan Rapat Umum Pemegang Saham Tahunan [],ESSA,https://www.idx.co.id/StaticData/NewsAndAnnouncement/ANNOUNCEMENTSTOCK/From_EREP/202503/39eb76c1b5_816414f4ec.pdf,20250325_ESSA_Pemanggilan RUPS_31871123_lamp3.pdf,https://www.idx.co.id/StaticData/NewsAndAnnouncement/ANNOUNCEMENTSTOCK/From_EREP/202503/55a3cab7fa_b4b1414397.pdf,20250325_ESSA_Pemanggilan RUPS_31871123_lamp1.pdf,https://www.idx.co.id/StaticData/NewsAndAnnouncement/ANNOUNCEMENTSTOCK/From_EREP/202503/89f86d9f60_9f2cc759c1.pdf,20250325_ESSA_Pemanggilan RUPS_31871123_lamp2.pdf
"03 Mar 2025
					18:06:56",https://www.idx.co.id/StaticData/NewsAndAnnouncement/ANNOUNCEMENTSTOCK/From_EREP/202503/60fc111e99_3610bb46ec.pdf,Pemanggilan Rapat Umum Pemegang Saham Tahunan [],EXCL,https://www.idx.co.id/StaticData/NewsAndAnnouncement/ANNOUNCEMENTSTOCK/From_EREP/202503/6bff2358ac_4ef099cdcf.pdf,20250303_EXCL_Pemanggilan RUPS_31865711_lamp1.pdf,https://www.idx.co.id/StaticData/NewsAndAnnouncement/ANNOUNCEMENTSTOCK/From_EREP/202503/ecf016140b_4a36506b3d.pdf,20250303_EXCL_Pemanggilan RUPS_31865711_lamp2.pdf,,
"03 Mar 2025
					18:10:06",https://www.idx.co.id/StaticData/NewsAndAnnouncement/ANNOUNCEMENTSTOCK/From_EREP/202503/29695cfdc8_ce247bc9ba.pdf,Pemanggilan Rapat Umum Pemegang Saham Luar Biasa [],EXCL,https://www.idx.co.id/StaticData/NewsAndAnnouncement/ANNOUNCEMENTSTOCK/From_EREP/202503/5150c9213c_7ba777c47d.pdf,20250303_EXCL_Pemanggilan RUPS_31865718_lamp1.pdf,https://www.idx.co.id/StaticData/NewsAndAnnouncement/ANNOUNCEMENTSTOCK/From_EREP/202503/f66b93fd9a_09fa76d1e2.pdf,20250303_EXCL_Pemanggilan RUPS_31865718_lamp2.pdf,,
"03 Mar 2025
					18:15:38",https://www.idx.co.id/StaticData/NewsAndAnnouncement/ANNOUNCEMENTSTOCK/From_EREP/202503/cd405d9a3f_24208252aa.pdf,Informasi Ijarah Fee [],EXCL,,,,,,
"03 Mar 2025
					18:17:58",https://www.idx.co.id/StaticData/NewsAndAnnouncement/ANNOUNCEMENTSTOCK/From_EREP/202503/81c2caa28c_09260c9a16.pdf,Informasi Kupon [],EXCL,,,,,,
"03 Mar 2025
					21:12:47",https://www.idx.co.id/StaticData/NewsAndAnnouncement/ANNOUNCEMENTSTOCK/From_EREP/202503/9c22deec16_7164f30ccc.pdf,Penyampaian Laporan Tahunan [],EXCL,https://www.idx.co.id/StaticData/NewsAndAnnouncement/ANNOUNCEMENTSTOCK/From_EREP/202503/110cc1027f_4662632cc3.pdf,AnnualReport2024-EXCL-att2.pdf,https://www.idx.co.id/StaticData/NewsAndAnnouncement/ANNOUNCEMENTSTOCK/From_EREP/202503/1d135e98bd_5f031fdc0d.pdf,AnnualReport2024-EXCL-att1.pdf,https://www.idx.co.id/StaticData/NewsAndAnnouncement/ANNOUNCEMENTSTOCK/From_EREP/202503/4afab02a4b_ffb6e4f08a.pdf,AnnualReport2024-EXCL-att3.pdf
"03 Mar 2025
					21:14:21",https://www.idx.co.id/StaticData/NewsAndAnnouncement/ANNOUNCEMENTSTOCK/From_EREP/202503/67d55c4c5c_d462396134.pdf,Penyampaian Laporan Keberlanjutan dan ESG [],EXCL,https://www.idx.co.id/StaticData/NewsAndAnnouncement/ANNOUNCEMENTSTOCK/From_EREP/202503/52110bfe00_832964f66c.pdf,AnnualReport2024-EXCL-att2.pdf,https://www.idx.co.id/StaticData/NewsAndAnnouncement/ANNOUNCEMENTSTOCK/From_EREP/202503/6a381764bb_4ff02bd8dc.pdf,AnnualReport2024-EXCL-att1.pdf,https://www.idx.co.id/StaticData/NewsAndAnnouncement/ANNOUNCEMENTSTOCK/From_EREP/202503/f22e23505b_d28236f6a2.pdf,AnnualReport2024-EXCL-att3.pdf
"04 Mar 2025
					22:13:01",https://www.idx.co.id/StaticData/NewsAndAnnouncement/ANNOUNCEMENTSTOCK/From_EREP/202503/463e803f91_84f30603b9.pdf,Penjelasan atas Permintaan Penjelasan Bursa [],EXCL,https://www.idx.co.id/StaticData/NewsAndAnnouncement/ANNOUNCEMENTSTOCK/From_EREP/202503/246285cd62_5cc57d91b9.pdf,20250304_EXCL_Tanggapan atas Permintaan Penjelasan Bursa_31866249_lamp2.pdf,https://www.idx.co.id/StaticData/NewsAndAnnouncement/ANNOUNCEMENTSTOCK/From_EREP/202503/cf098445f3_09c84c07af.pdf,20250304_EXCL_Tanggapan atas Permintaan Penjelasan Bursa_31866249_lamp1.pdf,,
"05 Mar 2025
					15:52:45",https://www.idx.co.id/StaticData/NewsAndAnnouncement/ANNOUNCEMENTSTOCK/From_EREP/202503/cc23398f0a_7d5e175540.pdf,Penyampaian Bukti Iklan Hasil Rapat Umum Pemegang Sukuk Ijarah atas Sukuk Ijarah Berkelanjutan III PT XL Axiata Tahap I Tahun 2022 [],EXCL,https://www.idx.co.id/StaticData/NewsAndAnnouncement/ANNOUNCEMENTSTOCK/From_EREP/202503/70eeb5420e_885b30b46f.pdf,20250305_EXCL_Penyampaian Bukti Iklan_31866416_lamp2.pdf,https://www.idx.co.id/StaticData/NewsAndAnnouncement/ANNOUNCEMENTSTOCK/From_EREP/202503/a63d31911e_202833b1ad.pdf,20250305_EXCL_Penyampaian Bukti Iklan_31866416_lamp1.pdf,,
"05 Mar 2025
					15:54:54",https://www.idx.co.id/StaticData/NewsAndAnnouncement/ANNOUNCEMENTSTOCK/From_EREP/202503/6e4291ef4e_b8bc61ac7c.pdf,Penyampaian Bukti Iklan Hasil Rapat Umum Pemegang Sukuk Ijarah atas Sukuk Ijarah Berkelanjutan I XL Axiata Tahap II Tahun 2017 [],EXCL,https://www.idx.co.id/StaticData/NewsAndAnnouncement/ANNOUNCEMENTSTOCK/From_EREP/202503/2b19d41251_a8fde3d790.pdf,20250305_EXCL_Penyampaian Bukti Iklan_31866414_lamp2.pdf,https://www.idx.co.id/StaticData/NewsAndAnnouncement/ANNOUNCEMENTSTOCK/From_EREP/202503/98109e4e61_49cdb6953e.pdf,20250305_EXCL_Penyampaian Bukti Iklan_31866414_lamp1.pdf,,
"05 Mar 2025
					15:56:38",https://www.idx.co.id/StaticData/NewsAndAnnouncement/ANNOUNCEMENTSTOCK/From_EREP/202503/23234626c8_86fa5035e8.pdf,Pemberitahuan Hasil RUPSU PT XL Axiata Tbk [],EXCL,https://www.idx.co.id/StaticData/NewsAndAnnouncement/ANNOUNCEMENTSTOCK/From_EREP/202503/3fd0a70b25_ab1f9efdf5.pdf,20250305_EXCL_Pemberitahuan Rencana/Penyampaian Panggilan/Hasil RUPO/RUPSU/RUP EBA-SP_31866409_lamp2.pdf,https://www.idx.co.id/StaticData/NewsAndAnnouncement/ANNOUNCEMENTSTOCK/From_EREP/202503/a2cdc4f119_a331938503.pdf,20250305_EXCL_Pemberitahuan Rencana/Penyampaian Panggilan/Hasil RUPO/RUPSU/RUP EBA-SP_31866409_lamp1.pdf,,
"05 Mar 2025
					15:59:04",https://www.idx.co.id/StaticData/NewsAndAnnouncement/ANNOUNCEMENTSTOCK/From_EREP/202503/eeef619dbf_cb84655b0a.pdf,Pemberitahuan Hasil RUPSU PT XL Axiata Tbk [],EXCL,https://www.idx.co.id/StaticData/NewsAndAnnouncement/ANNOUNCEMENTSTOCK/From_EREP/202503/4f773981c0_d434239445.pdf,20250305_EXCL_Pemberitahuan Rencana/Penyampaian Panggilan/Hasil RUPO/RUPSU/RUP EBA-SP_31866410_lamp2.pdf,https://www.idx.co.id/StaticData/NewsAndAnnouncement/ANNOUNCEMENTSTOCK/From_EREP/202503/7a715d13a0_25c07eb938.pdf,20250305_EXCL_Pemberitahuan Rencana/Penyampaian Panggilan/Hasil RUPO/RUPSU/RUP EBA-SP_31866410_lamp1.pdf,,
"10 Mar 2025
					17:37:41",https://www.idx.co.id/StaticData/NewsAndAnnouncement/ANNOUNCEMENTSTOCK/From_EREP/202503/e7b89761f4_887399d57d.pdf,Laporan Bulanan Registrasi Pemegang Efek [],EXCL,,,,,,
"10 Mar 2025
					18:06:38",https://www.idx.co.id/StaticData/NewsAndAnnouncement/ANNOUNCEMENTSTOCK/From_EREP/202503/968e21b021_679d92be76.pdf,Penyampaian Bukti Iklan Pengumuman RUPO atas Obligasi Berkelanjutan II XL Axiata Tahap I Tahun 2022 [],EXCL,https://www.idx.co.id/StaticData/NewsAndAnnouncement/ANNOUNCEMENTSTOCK/From_EREP/202503/3363e2f49e_b94463e1e3.pdf,20250310_EXCL_Penyampaian Bukti Iklan_31868059_lamp2.pdf,https://www.idx.co.id/StaticData/NewsAndAnnouncement/ANNOUNCEMENTSTOCK/From_EREP/202503/6eef1941ed_9cc2b915cb.pdf,20250310_EXCL_Penyampaian Bukti Iklan_31868059_lamp1.pdf,,
"10 Mar 2025
					18:07:45",https://www.idx.co.id/StaticData/NewsAndAnnouncement/ANNOUNCEMENTSTOCK/From_EREP/202503/16a01518cd_73e1a76e2d.pdf,Pemberitahuan Rencana RUPO PT XL Axiata Tbk [],EXCL,,,,,,
"11 Mar 2025
					16:17:10",https://www.idx.co.id/StaticData/NewsAndAnnouncement/ANNOUNCEMENTSTOCK/From_EREP/202503/c601db9bda_036fbf463e.pdf,Rencana Penyelenggaraan Public Expose - Tahunan [],EXCL,https://www.idx.co.id/StaticData/NewsAndAnnouncement/ANNOUNCEMENTSTOCK/From_EREP/202503/aebd008acb_37be9da115.pdf,20250311_EXCL_Public Expose_31868134_lamp1.pdf,,,,
"17 Mar 2025
					23:37:14",https://www.idx.co.id/StaticData/NewsAndAnnouncement/ANNOUNCEMENTSTOCK/From_EREP/202503/5582b7dc06_831ae1cada.pdf,Pemberitahuan Hasil RUPSU PT XL Axiata Tbk [],EXCL,https://www.idx.co.id/StaticData/NewsAndAnnouncement/ANNOUNCEMENTSTOCK/From_EREP/202503/1a6e54b0eb_1f2cf469be.pdf,20250317_EXCL_Pemberitahuan Rencana/Penyampaian Panggilan/Hasil RUPO/RUPSU/RUP EBA-SP_31869154_lamp1.pdf,https://www.idx.co.id/StaticData/NewsAndAnnouncement/ANNOUNCEMENTSTOCK/From_EREP/202503/2c204be787_3b999c8c93.pdf,20250317_EXCL_Pemberitahuan Rencana/Penyampaian Panggilan/Hasil RUPO/RUPSU/RUP EBA-SP_31869154_lamp2.pdf,,
"17 Mar 2025
					23:38:09",https://www.idx.co.id/StaticData/NewsAndAnnouncement/ANNOUNCEMENTSTOCK/From_EREP/202503/8176691eb4_f37fc6fcf4.pdf,Pemberitahuan Hasil RUPO PT XL Axiata Tbk [],EXCL,https://www.idx.co.id/StaticData/NewsAndAnnouncement/ANNOUNCEMENTSTOCK/From_EREP/202503/5825f5bf4c_b67d4dd5c5.pdf,20250317_EXCL_Pemberitahuan Rencana/Penyampaian Panggilan/Hasil RUPO/RUPSU/RUP EBA-SP_31869157_lamp1.pdf,https://www.idx.co.id/StaticData/NewsAndAnnouncement/ANNOUNCEMENTSTOCK/From_EREP/202503/aa041539de_b9801a3f0b.pdf,20250317_EXCL_Pemberitahuan Rencana/Penyampaian Panggilan/Hasil RUPO/RUPSU/RUP EBA-SP_31869157_lamp2.pdf,,
"17 Mar 2025
					23:38:46",https://www.idx.co.id/StaticData/NewsAndAnnouncement/ANNOUNCEMENTSTOCK/From_EREP/202503/8915e20527_b9373ba91e.pdf,Pemberitahuan Hasil RUPSU PT XL Axiata Tbk [],EXCL,https://www.idx.co.id/StaticData/NewsAndAnnouncement/ANNOUNCEMENTSTOCK/From_EREP/202503/453128e546_a8595ce26b.pdf,20250317_EXCL_Pemberitahuan Rencana/Penyampaian Panggilan/Hasil RUPO/RUPSU/RUP EBA-SP_31869165_lamp1.pdf,https://www.idx.co.id/StaticData/NewsAndAnnouncement/ANNOUNCEMENTSTOCK/From_EREP/202503/4f0eeb7160_151e2f7b17.pdf,20250317_EXCL_Pemberitahuan Rencana/Penyampaian Panggilan/Hasil RUPO/RUPSU/RUP EBA-SP_31869165_lamp2.pdf,,
"17 Mar 2025
					23:39:16",https://www.idx.co.id/StaticData/NewsAndAnnouncement/ANNOUNCEMENTSTOCK/From_EREP/202503/638fabd7d7_980d09f1c9.pdf,Pemberitahuan Hasil RUPO PT XL Axiata Tbk [],EXCL,https://www.idx.co.id/StaticData/NewsAndAnnouncement/ANNOUNCEMENTSTOCK/From_EREP/202503/64178b3122_4710f35dc0.pdf,20250317_EXCL_Pemberitahuan Rencana/Penyampaian Panggilan/Hasil RUPO/RUPSU/RUP EBA-SP_31869161_lamp1.pdf,https://www.idx.co.id/StaticData/NewsAndAnnouncement/ANNOUNCEMENTSTOCK/From_EREP/202503/bdd1b7c458_111908bbe8.pdf,20250317_EXCL_Pemberitahuan Rencana/Penyampaian Panggilan/Hasil RUPO/RUPSU/RUP EBA-SP_31869161_lamp2.pdf,,
"17 Mar 2025
					23:39:55",https://www.idx.co.id/StaticData/NewsAndAnnouncement/ANNOUNCEMENTSTOCK/From_EREP/202503/e2639ec77a_bf83bcb3b2.pdf,Penyampaian Bukti Iklan Hasil Rapat Umum Pemegang Sukuk Ijarah atas Sukuk Ijarah Berkelanjutan II XL Axiata Tahap II Tahun 2019  [],EXCL,https://www.idx.co.id/StaticData/NewsAndAnnouncement/ANNOUNCEMENTSTOCK/From_EREP/202503/426c0b6a1b_bb93845374.pdf,20250317_EXCL_Penyampaian Bukti Iklan_31869168_lamp1.pdf,https://www.idx.co.id/StaticData/NewsAndAnnouncement/ANNOUNCEMENTSTOCK/From_EREP/202503/850e3c00a3_7dc42bb8db.pdf,20250317_EXCL_Penyampaian Bukti Iklan_31869168_lamp2.pdf,,
"17 Mar 2025
					23:41:00",https://www.idx.co.id/StaticData/NewsAndAnnouncement/ANNOUNCEMENTSTOCK/From_EREP/202503/9de6f9da0d_eb79da78c4.pdf,Penyampaian Bukti Iklan Hasil RUPO atas Obligasi Berkelanjutan I XL Axiata Tahap II Tahun 2019 [],EXCL,https://www.idx.co.id/StaticData/NewsAndAnnouncement/ANNOUNCEMENTSTOCK/From_EREP/202503/216929cfa1_c781062a71.pdf,20250317_EXCL_Penyampaian Bukti Iklan_31869170_lamp1.pdf,https://www.idx.co.id/StaticData/NewsAndAnnouncement/ANNOUNCEMENTSTOCK/From_EREP/202503/700f66a7ac_dd9923c4d9.pdf,20250317_EXCL_Penyampaian Bukti Iklan_31869170_lamp2.pdf,,
"17 Mar 2025
					23:41:46",https://www.idx.co.id/StaticData/NewsAndAnnouncement/ANNOUNCEMENTSTOCK/From_EREP/202503/ccba03c06d_2e44267c63.pdf,Penyampaian Bukti Iklan Hasil RUPSI atas Sukuk Ijarah Berkelanjutan II XL Axiata Tahap I Tahun 2018 [],EXCL,https://www.idx.co.id/StaticData/NewsAndAnnouncement/ANNOUNCEMENTSTOCK/From_EREP/202503/2f1309fbb9_ec7ac1dd4e.pdf,20250317_EXCL_Penyampaian Bukti Iklan_31869173_lamp2.pdf,https://www.idx.co.id/StaticData/NewsAndAnnouncement/ANNOUNCEMENTSTOCK/From_EREP/202503/795c9889a6_add0b097cf.pdf,20250317_EXCL_Penyampaian Bukti Iklan_31869173_lamp1.pdf,,
"17 Mar 2025
					23:47:42",https://www.idx.co.id/StaticData/NewsAndAnnouncement/ANNOUNCEMENTSTOCK/From_EREP/202503/d95ae25b89_fd0f10f073.pdf,Penyampaian Bukti Iklan Hasil RUPO atas Obligasi Berkelanjutan I XL Axiata Tahap I Tahun 2018 [],EXCL,https://www.idx.co.id/StaticData/NewsAndAnnouncement/ANNOUNCEMENTSTOCK/From_EREP/202503/9823bd92ac_3cbcf502a9.pdf,20250317_EXCL_Penyampaian Bukti Iklan_31869198_lamp1.pdf,https://www.idx.co.id/StaticData/NewsAndAnnouncement/ANNOUNCEMENTSTOCK/From_EREP/202503/fccf653451_0529a54695.pdf,20250317_EXCL_Penyampaian Bukti Iklan_31869198_lamp2.pdf,,
"20 Mar 2025
					16:50:49",https://www.idx.co.id/StaticData/NewsAndAnnouncement/ANNOUNCEMENTSTOCK/From_EREP/202503/796c44b8b7_cd184f747d.pdf,Penyampaian Materi Public Expose - Tahunan [],EXCL,https://www.idx.co.id/StaticData/NewsAndAnnouncement/ANNOUNCEMENTSTOCK/From_EREP/202503/07ccb60fcf_755062c971.pdf,20250320_EXCL_Public Expose_31870029_lamp1.pdf,https://www.idx.co.id/StaticData/NewsAndAnnouncement/ANNOUNCEMENTSTOCK/From_EREP/202503/6f8de40316_25b5f0526c.pdf,20250320_EXCL_Public Expose_31870029_lamp2.pdf,,
"21 Mar 2025
					12:12:43",https://www.idx.co.id/StaticData/NewsAndAnnouncement/ANNOUNCEMENTSTOCK/From_EREP/202503/d39099a0fc_9817880cf6.pdf,Penyampaian Bukti Iklan Informasi rencana penggabungan usaha (Merger) [],EXCL,https://www.idx.co.id/StaticData/NewsAndAnnouncement/ANNOUNCEMENTSTOCK/From_EREP/202503/2697a4f963_19f07c887f.pdf,20250321_EXCL_Penyampaian Bukti Iklan_31870215_lamp2.pdf,https://www.idx.co.id/StaticData/NewsAndAnnouncement/ANNOUNCEMENTSTOCK/From_EREP/202503/e63a4f7c22_ad2dcc4560.pdf,20250321_EXCL_Penyampaian Bukti Iklan_31870215_lamp1.pdf,,
"21 Mar 2025
					16:51:26",https://www.idx.co.id/StaticData/NewsAndAnnouncement/ANNOUNCEMENTSTOCK/From_EREP/202503/05af433ff4_3b434c0084.pdf,Informasi Tambahan Ringkasan Rancangan Penggabungan Usaha [],EXCL,https://www.idx.co.id/StaticData/NewsAndAnnouncement/ANNOUNCEMENTSTOCK/From_EREP/202503/59bcf47acf_682170482c.pdf,20250321_EXCL_Laporan Informasi dan Fakta Material_31870329_lamp1.pdf,,,,
"25 Mar 2025
					18:21:17",https://www.idx.co.id/StaticData/NewsAndAnnouncement/ANNOUNCEMENTSTOCK/From_EREP/202503/af52979e34_fb62604a0f.pdf,Penyampaian Bukti Iklan Penyampaian Bukti Iklan Pemanggilan RUPO atas Obligasi Berkelanjutan II XL Axiata Tahap I Tahun 2022 [],EXCL,https://www.idx.co.id/StaticData/NewsAndAnnouncement/ANNOUNCEMENTSTOCK/From_EREP/202503/52cb514ac6_3a6630a039.pdf,20250325_EXCL_Penyampaian Bukti Iklan_31870832_lamp2.pdf,https://www.idx.co.id/StaticData/NewsAndAnnouncement/ANNOUNCEMENTSTOCK/From_EREP/202503/fd510b7ab1_e7a6334bdc.pdf,20250325_EXCL_Penyampaian Bukti Iklan_31870832_lamp1.pdf,,
"25 Mar 2025
					18:21:55",https://www.idx.co.id/StaticData/NewsAndAnnouncement/ANNOUNCEMENTSTOCK/From_EREP/202503/d7cee37262_14ea96b5fa.pdf,Pemberitahuan Panggilan RUPO PT XL Axiata Tbk [],EXCL,,,,,,
"25 Mar 2025
					21:00:15",https://www.idx.co.id/StaticData/NewsAndAnnouncement/ANNOUNCEMENTSTOCK/From_EREP/202503/9670ac127f_2b7d1e0345.pdf,Ringkasan Risalah Rapat Umum Para Pemegang Saham Tahunan [],EXCL,https://www.idx.co.id/StaticData/NewsAndAnnouncement/ANNOUNCEMENTSTOCK/From_EREP/202503/d5b72a506b_2db8fab265.pdf,20250325_EXCL_Ringkasan Risalah/Risalah RUPS_31871067_lamp1.pdf,,,,
"25 Mar 2025
					21:01:27",https://www.idx.co.id/StaticData/NewsAndAnnouncement/ANNOUNCEMENTSTOCK/From_EREP/202503/30a34f5e3f_0d42a86ac0.pdf,Ringkasan Risalah Rapat Umum Para Pemegang Saham Luar Biasa [],EXCL,https://www.idx.co.id/StaticData/NewsAndAnnouncement/ANNOUNCEMENTSTOCK/From_EREP/202503/7dc98efa42_7f3ebd987b.pdf,20250325_EXCL_Ringkasan Risalah/Risalah RUPS_31871135_lamp1.pdf,,,,
"25 Mar 2025
					22:37:32",https://www.idx.co.id/StaticData/NewsAndAnnouncement/ANNOUNCEMENTSTOCK/From_EREP/202503/62932bb3fa_a055a99f33.pdf,Keterbukaan Informasi terkait Aksi Korporasi - Dividen Tunai - 25032025 [],EXCL,https://www.idx.co.id/StaticData/NewsAndAnnouncement/ANNOUNCEMENTSTOCK/From_EREP/202503/5f4a2b9015_41adaf2c14.pdf,20250325_EXCL_Keterbukaan Informasi terkait Aksi Korporasi_31871170_lamp1.pdf,https://www.idx.co.id/StaticData/NewsAndAnnouncement/ANNOUNCEMENTSTOCK/From_EREP/202503/98742412d2_03e0edb321.pdf,20250325_EXCL_Keterbukaan Informasi terkait Aksi Korporasi_31871170_lamp2.pdf,,
"25 Mar 2025
					22:38:49",https://www.idx.co.id/StaticData/NewsAndAnnouncement/ANNOUNCEMENTSTOCK/From_EREP/202503/f7d457c02f_8181b8f43d.pdf,Rencana Pembelian Kembali Saham dari Pemegang Saham Perseroan dalam rangka Kegiatan Aksi Korporasi [],EXCL,https://www.idx.co.id/StaticData/NewsAndAnnouncement/ANNOUNCEMENTSTOCK/From_EREP/202503/11ded0373c_f08568aa2f.pdf,20250325_EXCL_Laporan Informasi dan Fakta Material_31871153_lamp1.pdf,https://www.idx.co.id/StaticData/NewsAndAnnouncement/ANNOUNCEMENTSTOCK/From_EREP/202503/f2546b4735_9ac7f9f7f4.pdf,20250325_EXCL_Laporan Informasi dan Fakta Material_31871153_lamp2.pdf,,
"26 Mar 2025
					16:21:55",https://www.idx.co.id/StaticData/NewsAndAnnouncement/ANNOUNCEMENTSTOCK/From_EREP/202503/21ae573f9c_c2b02d0004.pdf,Rencana Pembelian Kembali Saham dari Pemegang Saham Perseroan dalam rangka Kegiatan Aksi Korporasi (KOREKSI) [],EXCL,https://www.idx.co.id/StaticData/NewsAndAnnouncement/ANNOUNCEMENTSTOCK/From_EREP/202503/02d691f446_eecc21c81d.pdf,20250326_EXCL_Laporan Informasi dan Fakta Material_31871417_lamp2.pdf,https://www.idx.co.id/StaticData/NewsAndAnnouncement/ANNOUNCEMENTSTOCK/From_EREP/202503/49d2c78398_405cc72e34.pdf,20250326_EXCL_Laporan Informasi dan Fakta Material_31871417_lamp1.pdf,,
"27 Mar 2025
					16:43:30",https://www.idx.co.id/StaticData/NewsAndAnnouncement/ANNOUNCEMENTSTOCK/From_EREP/202503/15ceb659a1_1e77880ca1.pdf,Laporan Hasil Public Expose - Tahunan [],EXCL,https://www.idx.co.id/StaticData/NewsAndAnnouncement/ANNOUNCEMENTSTOCK/From_EREP/202503/1abfc24c6d_0701b1a443.pdf,20250327_EXCL_Public Expose_31871961_lamp3.pdf,https://www.idx.co.id/StaticData/NewsAndAnnouncement/ANNOUNCEMENTSTOCK/From_EREP/202503/1f684608c1_25d30c5987.pdf,20250327_EXCL_Public Expose_31871961_lamp2.pdf,https://www.idx.co.id/StaticData/NewsAndAnnouncement/ANNOUNCEMENTSTOCK/From_EREP/202503/30a7c77ade_6db6245283.pdf,20250327_EXCL_Public Expose_31871961_lamp1.pdf
"07 Mar 2025
					16:35:43",https://www.idx.co.id/StaticData/NewsAndAnnouncement/ANNOUNCEMENTSTOCK/From_EREP/202503/8e2db6c478_db9643af18.pdf,Laporan Bulanan Registrasi Pemegang Efek [],GOTO,https://www.idx.co.id/StaticData/NewsAndAnnouncement/ANNOUNCEMENTSTOCK/From_EREP/202503/cd474119cb_e1885d0b6e.pdf,20250307_GOTO_Laporan Bulanan Registrasi Pemegang Efek/Perubahan Struktur Pemegang Saham_31867474_lamp1.pdf,,,,
"12 Mar 2025
					16:46:04",https://www.idx.co.id/StaticData/NewsAndAnnouncement/ANNOUNCEMENTSTOCK/From_EREP/202403/20250312165608-50025-0/FinancialStatement-2024-Tahunan-GOTO.pdf,Penyampaian Laporan Keuangan Tahunan [],GOTO,https://www.idx.co.id/StaticData/NewsAndAnnouncement/ANNOUNCEMENTSTOCK/From_EREP/202403/20250312165608-50025-0/FinancialStatement-2024-Tahunan-GOTO.xlsx,FinancialStatement-2024-Tahunan-GOTO.xlsx,https://www.idx.co.id/StaticData/NewsAndAnnouncement/ANNOUNCEMENTSTOCK/From_EREP/202403/20250312165608-50025-0/GOTO_Penjelasan%20LK%20FY%202024.pdf,GOTO_Penjelasan LK FY 2024.pdf,https://www.idx.co.id/StaticData/NewsAndAnnouncement/ANNOUNCEMENTSTOCK/From_EREP/202403/20250312165608-50025-0/inlineXBRL.zip,inlineXBRL.zip
"12 Mar 2025
					19:54:59",https://www.idx.co.id/StaticData/NewsAndAnnouncement/ANNOUNCEMENTSTOCK/From_EREP/202503/424072d40a_32d04a17e3.pdf,Penyampaian Informasi Pemenuhan Kewajiban Public Expose - Tahunan [],GOTO,https://www.idx.co.id/StaticData/NewsAndAnnouncement/ANNOUNCEMENTSTOCK/From_EREP/202503/35bd9ed7a4_36a02c0008.pdf,20250312_GOTO_Public Expose_31868552_lamp3.pdf,https://www.idx.co.id/StaticData/NewsAndAnnouncement/ANNOUNCEMENTSTOCK/From_EREP/202503/57c86e617c_6ef4dea018.pdf,20250312_GOTO_Public Expose_31868552_lamp1.pdf,https://www.idx.co.id/StaticData/NewsAndAnnouncement/ANNOUNCEMENTSTOCK/From_EREP/202503/7b1a697645_3447bd7baa.pdf,20250312_GOTO_Public Expose_31868552_lamp2.pdf
"12 Mar 2025
					20:06:06",https://www.idx.co.id/StaticData/NewsAndAnnouncement/ANNOUNCEMENTSTOCK/From_EREP/202503/90226b1095_f10c87595b.pdf,Grup GoTo Melaporkan Kinerja Kuartal Keempat dan Tahun Penuh 2024 Melampaui Panduan dan Cetak Rekor [],GOTO,https://www.idx.co.id/StaticData/NewsAndAnnouncement/ANNOUNCEMENTSTOCK/From_EREP/202503/d334e866ab_785fc39d7c.pdf,20250312_GOTO_Laporan Informasi dan Fakta Material_31868559_lamp1.pdf,,,,
"19 Mar 2025
					08:02:47",https://www.idx.co.id/StaticData/NewsAndAnnouncement/ANNOUNCEMENTSTOCK/From_EREP/202503/f6001022d4_20f65eb4d0.pdf,Tanggapan atas Berita Media Massa [],GOTO,https://www.idx.co.id/StaticData/NewsAndAnnouncement/ANNOUNCEMENTSTOCK/From_EREP/202503/612b236683_d72cb8db65.pdf,20250319_GOTO_Laporan Informasi dan Fakta Material_31869587_lamp1.pdf,,,,
"10 Mar 2025
					17:15:37",https://www.idx.co.id/StaticData/NewsAndAnnouncement/ANNOUNCEMENTSTOCK/From_EREP/202503/387d2cf90f_ce36630d4a.pdf,Laporan Bulanan Registrasi Pemegang Efek [],ICBP,,,,,,
"25 Mar 2025
					15:58:02",https://www.idx.co.id/StaticData/NewsAndAnnouncement/ANNOUNCEMENTSTOCK/From_EREP/202403/20250325162351-50824-0/FinancialStatement-2024-Tahunan-ICBP.pdf,Penyampaian Laporan Keuangan Tahunan [],ICBP,https://www.idx.co.id/StaticData/NewsAndAnnouncement/ANNOUNCEMENTSTOCK/From_EREP/202403/20250325162351-50824-0/CHECKLIST%20LAPORAN%20KEUANGAN_ICBP%20Dec%202024.pdf,CHECKLIST LAPORAN KEUANGAN_ICBP Dec 2024.pdf,https://www.idx.co.id/StaticData/NewsAndAnnouncement/ANNOUNCEMENTSTOCK/From_EREP/202403/20250325162351-50824-0/FinancialStatement-2024-Tahunan-ICBP.xlsx,FinancialStatement-2024-Tahunan-ICBP.xlsx,https://www.idx.co.id/StaticData/NewsAndAnnouncement/ANNOUNCEMENTSTOCK/From_EREP/202403/20250325162351-50824-0/ICBP_billingual_31_dec_24_released.pdf,ICBP_billingual_31_dec_24_released.pdf
"25 Mar 2025
					16:28:43",https://www.idx.co.id/StaticData/NewsAndAnnouncement/ANNOUNCEMENTSTOCK/From_EREP/202503/49e5b86fa0_6b7d22b4e1.pdf,Penyampaian Siaran Pers Kinerja Keuangan PT Indofood CBP Sukses Makmur Tbk untuk Tahun yang Berakhir pada Tanggal 31 Desember 2024 [],ICBP,https://www.idx.co.id/StaticData/NewsAndAnnouncement/ANNOUNCEMENTSTOCK/From_EREP/202503/83bbc9f69f_0b0c6d195d.pdf,20250321_ICBP_Laporan Informasi dan Fakta Material_31870305_lamp1.pdf,,,,
"25 Mar 2025
					16:35:06",https://www.idx.co.id/StaticData/NewsAndAnnouncement/ANNOUNCEMENTSTOCK/From_EREP/202503/296a0def5a_10ec9bb58f.pdf,Penyampaian Informasi Pemenuhan Kewajiban Public Expose - Tahunan [],ICBP,https://www.idx.co.id/StaticData/NewsAndAnnouncement/ANNOUNCEMENTSTOCK/From_EREP/202503/d92069c0c9_fd825bf0ed.pdf,20250325_ICBP_Public Expose_31871068_lamp1.pdf,,,,
"06 Mar 2025
					10:14:53",https://www.idx.co.id/StaticData/NewsAndAnnouncement/ANNOUNCEMENTSTOCK/From_EREP/202503/2bb7548877_9a10e56f3a.pdf,Laporan Bulanan Registrasi Pemegang Efek [],INCO,https://www.idx.co.id/StaticData/NewsAndAnnouncement/ANNOUNCEMENTSTOCK/From_EREP/202503/a976ea527f_4806d0fb82.pdf,20250306_INCO_Laporan Bulanan Registrasi Pemegang Efek/Perubahan Struktur Pemegang Saham_31866743_lamp1.pdf,,,,
"11 Mar 2025
					18:06:02",https://www.idx.co.id/StaticData/NewsAndAnnouncement/ANNOUNCEMENTSTOCK/From_EREP/202503/b969290810_5d1f1890f8.pdf,Laporan Kepemilikan atau Setiap Perubahan Kepemilikan Saham Perusahaan Terbuka [],INCO,https://www.idx.co.id/StaticData/NewsAndAnnouncement/ANNOUNCEMENTSTOCK/From_EREP/202503/e80fc904bc_344d69ed7d.pdf,20250311_INCO_Laporan Kepemilikan atau Setiap Perubahan Kepemilikan Saham Perusahaan Terbuka_31868277_lamp1.pdf,,,,
"20 Mar 2025
					16:24:46",https://www.idx.co.id/StaticData/NewsAndAnnouncement/ANNOUNCEMENTSTOCK/From_EREP/202503/56910a6238_f665930181.pdf,Laporan Kepemilikan atau Setiap Perubahan Kepemilikan Saham Perusahaan Terbuka [],INCO,https://www.idx.co.id/StaticData/NewsAndAnnouncement/ANNOUNCEMENTSTOCK/From_EREP/202503/917b8cd327_129013dd58.pdf,20250320_INCO_Laporan Kepemilikan atau Setiap Perubahan Kepemilikan Saham Perusahaan Terbuka_31870042_lamp1.pdf,,,,
"24 Mar 2025
					19:40:49",https://www.idx.co.id/StaticData/NewsAndAnnouncement/ANNOUNCEMENTSTOCK/From_EREP/202503/3c01fd17c3_b84a3f3859.pdf,Informasi atau Fakta Material lainnya [],INCO,https://www.idx.co.id/StaticData/NewsAndAnnouncement/ANNOUNCEMENTSTOCK/From_EREP/202503/6424acc7d6_621ed9c156.pdf,20250324_INCO_Laporan Informasi dan Fakta Material_31870789_lamp1.pdf,,,,
"26 Mar 2025
					17:15:20",https://www.idx.co.id/StaticData/NewsAndAnnouncement/ANNOUNCEMENTSTOCK/From_EREP/202503/a7dc78076f_30c9ce833e.pdf,"Pengambilalihan Saham oleh GEM Hong Kong International Co., Ltd (GEM) di PT Bahodopi Nickel Smelting Indonesia (BNSI)   []",INCO,https://www.idx.co.id/StaticData/NewsAndAnnouncement/ANNOUNCEMENTSTOCK/From_EREP/202503/2d3b6a1c9f_d9090e2516.pdf,20250326_INCO_Laporan Informasi dan Fakta Material_31871479_lamp1.pdf,,,,
"10 Mar 2025
					16:44:31",https://www.idx.co.id/StaticData/NewsAndAnnouncement/ANNOUNCEMENTSTOCK/From_EREP/202503/bb00570a36_4a68f78c38.pdf,Laporan Bulanan Registrasi Pemegang Efek [],INDF,,,,,,
"18 Mar 2025
					08:36:46",https://www.idx.co.id/StaticData/NewsAndAnnouncement/ANNOUNCEMENTSTOCK/From_EREP/202503/5cc6eb1eda_1504107ef1.pdf,Perubahan anggota Direksi dan/atau anggota Dewan Komisaris [],INDF,https://www.idx.co.id/StaticData/NewsAndAnnouncement/ANNOUNCEMENTSTOCK/From_EREP/202503/92372f92ca_f0ecf7d0c1.pdf,20250317_INDF_Laporan Informasi dan Fakta Material_31869272_lamp1.pdf,,,,
"25 Mar 2025
					15:58:09",https://www.idx.co.id/StaticData/NewsAndAnnouncement/ANNOUNCEMENTSTOCK/From_EREP/202403/20250325162335-50000-0/FinancialStatement-2024-Tahunan-INDF.pdf,Penyampaian Laporan Keuangan Tahunan [],INDF,https://www.idx.co.id/StaticData/NewsAndAnnouncement/ANNOUNCEMENTSTOCK/From_EREP/202403/20250325162335-50000-0/Checklist%20pengungkapan%20lap%20keu%20ISM%20Dec24%20-%20Signed.pdf,Checklist pengungkapan lap keu ISM Dec24 - Signed.pdf,https://www.idx.co.id/StaticData/NewsAndAnnouncement/ANNOUNCEMENTSTOCK/From_EREP/202403/20250325162335-50000-0/FinancialStatement-2024-Tahunan-INDF.xlsx,FinancialStatement-2024-Tahunan-INDF.xlsx,https://www.idx.co.id/StaticData/NewsAndAnnouncement/ANNOUNCEMENTSTOCK/From_EREP/202403/20250325162335-50000-0/INDF_billingual_31_desember_2024_released%20unlock.pdf,INDF_billingual_31_desember_2024_released unlock.pdf
"25 Mar 2025
					16:25:54",https://www.idx.co.id/StaticData/NewsAndAnnouncement/ANNOUNCEMENTSTOCK/From_EREP/202503/2a3eb8cd67_2ba083962d.pdf,Penyampaian Siaran Pers Kinerja Keuangan PT Indofood Sukses Makmur Tbk untuk Tahun yang Berakhir pada tanggal 31 Desember 2024 [],INDF,https://www.idx.co.id/StaticData/NewsAndAnnouncement/ANNOUNCEMENTSTOCK/From_EREP/202503/dd59300299_33156f8ea0.pdf,20250321_INDF_Laporan Informasi dan Fakta Material_31870281_lamp1.pdf,,,,
"25 Mar 2025
					16:30:25",https://www.idx.co.id/StaticData/NewsAndAnnouncement/ANNOUNCEMENTSTOCK/From_EREP/202503/076a7a6b3e_8e86684a9a.pdf,Penyampaian Informasi Pemenuhan Kewajiban Public Expose - Tahunan [],INDF,https://www.idx.co.id/StaticData/NewsAndAnnouncement/ANNOUNCEMENTSTOCK/From_EREP/202503/208466c572_246a2c0832.pdf,20250325_INDF_Public Expose_31871065_lamp1.pdf,,,,
"04 Mar 2025
					14:14:38",https://www.idx.co.id/StaticData/NewsAndAnnouncement/ANNOUNCEMENTSTOCK/From_EREP/202503/09ee51dcdf_f39d2e3653.pdf,Penjelasan atas Volatilitas Transaksi [],INKP,https://www.idx.co.id/StaticData/NewsAndAnnouncement/ANNOUNCEMENTSTOCK/From_EREP/202503/49d5dbef2e_9610598a85.pdf,20250304_INKP_Tanggapan atas Permintaan Penjelasan Bursa_31865866_lamp1.pdf,,,,
"05 Mar 2025
					10:27:31",https://www.idx.co.id/StaticData/NewsAndAnnouncement/ANNOUNCEMENTSTOCK/From_EREP/202503/1fe4398e1d_df93313f5c.pdf,Laporan Bulanan Registrasi Pemegang Efek [],INKP,https://www.idx.co.id/StaticData/NewsAndAnnouncement/ANNOUNCEMENTSTOCK/From_EREP/202503/9a494ec34f_856e699a17.pdf,20250304_INKP_Laporan Bulanan Registrasi Pemegang Efek/Perubahan Struktur Pemegang Saham_31865901_lamp1.pdf,,,,
"06 Mar 2025
					15:31:44",https://www.idx.co.id/StaticData/NewsAndAnnouncement/ANNOUNCEMENTSTOCK/From_EREP/202503/88a7a6d3ba_c8665abb5d.pdf,Penerbitan SKS Pengganti Karena Hilang PT Indah Kiat Pulp & Paper Tbk [],INKP,https://www.idx.co.id/StaticData/NewsAndAnnouncement/ANNOUNCEMENTSTOCK/From_EREP/202503/811e9e3e5c_becb14d499.pdf,20250306_INKP_Pengumuman Bursa_31866999_lamp1.pdf,,,,
"10 Mar 2025
					09:35:51",https://www.idx.co.id/StaticData/NewsAndAnnouncement/ANNOUNCEMENTSTOCK/From_EREP/202503/fec5abd46a_def97144d0.pdf,"Informasi Tambahan Ringkas serta Perubahan dan/atau Tambahan Informasi dalam rangka Penawaran Umum Berkelanjutan Obligasi Berkelanjutan V Indah Kiat Pulp & Paper Tahap III Tahun 2025, Sukuk Mudharabah Berkelanjutan IV Indah Kiat Pulp & Paper Tahap III Tahun 2025 dan Obligasi USD Berkelanjutan II Indah Kiat Pulp & Paper Tahap II Tahun 2025 []",INKP,https://www.idx.co.id/StaticData/NewsAndAnnouncement/ANNOUNCEMENTSTOCK/From_EREP/202503/7769ede357_86bd322547.pdf,20250304_INKP_Laporan Informasi dan Fakta Material_31866115_lamp1.pdf,https://www.idx.co.id/StaticData/NewsAndAnnouncement/ANNOUNCEMENTSTOCK/From_EREP/202503/ee6d8ad809_6162f5fb59.pdf,20250304_INKP_Laporan Informasi dan Fakta Material_31866115_lamp2.pdf,,
"11 Mar 2025
					15:11:25",https://www.idx.co.id/StaticData/NewsAndAnnouncement/ANNOUNCEMENTSTOCK/From_EREP/202503/3b0a59e3d9_8e8b193425.pdf,Transaksi Afiliasi [],INKP,https://www.idx.co.id/StaticData/NewsAndAnnouncement/ANNOUNCEMENTSTOCK/From_EREP/202503/325a3dd995_28876f8940.pdf,20250304_INKP_Informasi Transaksi Afiliasi_31866108_lamp2.pdf,https://www.idx.co.id/StaticData/NewsAndAnnouncement/ANNOUNCEMENTSTOCK/From_EREP/202503/de0bced2b6_c7d4473aec.pdf,20250304_INKP_Informasi Transaksi Afiliasi_31866108_lamp1.pdf,,
"12 Mar 2025
					16:35:54",https://www.idx.co.id/StaticData/NewsAndAnnouncement/ANNOUNCEMENTSTOCK/From_EREP/202503/091f5be6de_8daecedada.pdf,Pengumuman Bursa Pencatatan Awal Obligasi dan Sukuk [],INKP,https://www.idx.co.id/StaticData/NewsAndAnnouncement/ANNOUNCEMENTSTOCK/From_EREP/202503/3f2d156d7a_0a07b4f7fc.pdf,20250312_INKP_Pengumuman Pencatatan Awal Obligasi dan Sukuk_31868485_lamp2.pdf,https://www.idx.co.id/StaticData/NewsAndAnnouncement/ANNOUNCEMENTSTOCK/From_EREP/202503/514a48def3_6f1fef14b4.pdf,20250312_INKP_Pengumuman Pencatatan Awal Obligasi dan Sukuk_31868485_lamp1.pdf,,
"13 Mar 2025
					15:29:50",https://www.idx.co.id/StaticData/NewsAndAnnouncement/ANNOUNCEMENTSTOCK/From_EREP/202503/3c3ec03487_4ec206e8b1.pdf,Laporan Hasil Pemeringkatan Pemeringkatan Tahunan [],INKP,https://www.idx.co.id/StaticData/NewsAndAnnouncement/ANNOUNCEMENTSTOCK/From_EREP/202503/69ab200559_b13bc29c14.pdf,20250313_INKP_Laporan Hasil Pemeringkatan_31868595_lamp2.pdf,https://www.idx.co.id/StaticData/NewsAndAnnouncement/ANNOUNCEMENTSTOCK/From_EREP/202503/d3a3bc2df0_94d7b7acd2.pdf,20250313_INKP_Laporan Hasil Pemeringkatan_31868595_lamp1.pdf,,
"20 Mar 2025
					18:11:33",https://www.idx.co.id/StaticData/NewsAndAnnouncement/ANNOUNCEMENTSTOCK/From_EREP/202503/a7dfde6908_e61ad66e2f.pdf,Transaksi Afiliasi [],INKP,https://www.idx.co.id/StaticData/NewsAndAnnouncement/ANNOUNCEMENTSTOCK/From_EREP/202503/6df89bd3cc_0eaba5ef30.pdf,20250320_INKP_Informasi Transaksi Afiliasi_31870007_lamp1.pdf,https://www.idx.co.id/StaticData/NewsAndAnnouncement/ANNOUNCEMENTSTOCK/From_EREP/202503/f2edddc4ad_3f63666cd9.pdf,20250320_INKP_Informasi Transaksi Afiliasi_31870007_lamp2.pdf,,
"25 Mar 2025
					16:54:46",https://www.idx.co.id/StaticData/NewsAndAnnouncement/ANNOUNCEMENTSTOCK/From_EREP/202503/f16247a019_bea6ff56cf.pdf,Penutupan perusahaan anak milik Perseroan.  [],INKP,https://www.idx.co.id/StaticData/NewsAndAnnouncement/ANNOUNCEMENTSTOCK/From_EREP/202503/d8340d12e9_bc25f0bf1a.pdf,20250325_INKP_Laporan Informasi dan Fakta Material_31871079_lamp1.pdf,,,,
"27 Mar 2025
					21:45:55",https://www.idx.co.id/StaticData/NewsAndAnnouncement/ANNOUNCEMENTSTOCK/From_EREP/202403/20250327215142-50308-0/FinancialStatement-2024-Tahunan-INKP.pdf,Penyampaian Laporan Keuangan Tahunan [],INKP,https://www.idx.co.id/StaticData/NewsAndAnnouncement/ANNOUNCEMENTSTOCK/From_EREP/202403/20250327215142-50308-0/020%20IK-Laporan%20Keuangan%2031%20Des%202024.pdf,020 IK-Laporan Keuangan 31 Des 2024.pdf,https://www.idx.co.id/StaticData/NewsAndAnnouncement/ANNOUNCEMENTSTOCK/From_EREP/202403/20250327215142-50308-0/021%20IK%20-%20OJK%20-Penyampaian%20Penjelasan.pdf,021 IK - OJK -Penyampaian Penjelasan.pdf,https://www.idx.co.id/StaticData/NewsAndAnnouncement/ANNOUNCEMENTSTOCK/From_EREP/202403/20250327215142-50308-0/Bapepam%20Checklist_Signed.pdf,Bapepam Checklist_Signed.pdf
"27 Mar 2025
					22:06:23",https://www.idx.co.id/StaticData/NewsAndAnnouncement/ANNOUNCEMENTSTOCK/From_EREP/202503/0fdbbe6120_79825d1fc8.pdf,Penyampaian Informasi Pemenuhan Kewajiban Public Expose - Tahunan [],INKP,https://www.idx.co.id/StaticData/NewsAndAnnouncement/ANNOUNCEMENTSTOCK/From_EREP/202503/4d0326072e_93e76f91d4.pdf,20250327_INKP_Public Expose_31872206_lamp2.pdf,https://www.idx.co.id/StaticData/NewsAndAnnouncement/ANNOUNCEMENTSTOCK/From_EREP/202503/a0c4b42666_8f53f5aa4d.pdf,20250327_INKP_Public Expose_31872206_lamp1.pdf,,
"10 Mar 2025
					13:32:40",https://www.idx.co.id/StaticData/NewsAndAnnouncement/ANNOUNCEMENTSTOCK/From_EREP/202503/19b4504efa_0bbe516bc3.pdf,Laporan Bulanan Registrasi Pemegang Efek [],ISAT,https://www.idx.co.id/StaticData/NewsAndAnnouncement/ANNOUNCEMENTSTOCK/From_EREP/202503/55e666ee90_28360fd53b.pdf,20250310_ISAT_Laporan Bulanan Registrasi Pemegang Efek/Perubahan Struktur Pemegang Saham_31867849_lamp2.pdf,https://www.idx.co.id/StaticData/NewsAndAnnouncement/ANNOUNCEMENTSTOCK/From_EREP/202503/f7a4836fd9_a3afc49740.pdf,20250310_ISAT_Laporan Bulanan Registrasi Pemegang Efek/Perubahan Struktur Pemegang Saham_31867849_lamp1.pdf,,
"27 Mar 2025
					21:09:04",https://www.idx.co.id/StaticData/NewsAndAnnouncement/ANNOUNCEMENTSTOCK/From_EREP/202503/b4037c5fda_584f8f9689.pdf,Laporan Kepemilikan atau Setiap Perubahan Kepemilikan Saham Perusahaan Terbuka [],ISAT,https://www.idx.co.id/StaticData/NewsAndAnnouncement/ANNOUNCEMENTSTOCK/From_EREP/202503/2ccf109770_d43d18acc3.pdf,20250327_ISAT_Laporan Kepemilikan atau Setiap Perubahan Kepemilikan Saham Perusahaan Terbuka_31872179_lamp1.pdf,,,,
"10 Mar 2025
					17:41:41",https://www.idx.co.id/StaticData/NewsAndAnnouncement/ANNOUNCEMENTSTOCK/From_EREP/202503/741f080e69_a52d04a10e.pdf,Laporan Bulanan Registrasi Pemegang Efek [],ITMG,https://www.idx.co.id/StaticData/NewsAndAnnouncement/ANNOUNCEMENTSTOCK/From_EREP/202503/1e5f874232_570414552c.pdf,20250310_ITMG_Laporan Bulanan Registrasi Pemegang Efek/Perubahan Struktur Pemegang Saham_31867908_lamp2.pdf,https://www.idx.co.id/StaticData/NewsAndAnnouncement/ANNOUNCEMENTSTOCK/From_EREP/202503/3e9d3ed969_4ad3d8d4ac.pdf,20250310_ITMG_Laporan Bulanan Registrasi Pemegang Efek/Perubahan Struktur Pemegang Saham_31867908_lamp1.pdf,,
"10 Mar 2025
					23:37:43",https://www.idx.co.id/StaticData/NewsAndAnnouncement/ANNOUNCEMENTSTOCK/From_EREP/202503/e8f51e74ce_f117eacb17.pdf,Penyampaian Laporan Tahunan & Keberlanjutan dan ESG [],ITMG,https://www.idx.co.id/StaticData/NewsAndAnnouncement/ANNOUNCEMENTSTOCK/From_EREP/202503/6b351c7354_e054331d3a.pdf,AnnualReport2024-ITMG-att1.pdf,https://www.idx.co.id/StaticData/NewsAndAnnouncement/ANNOUNCEMENTSTOCK/From_EREP/202503/f99fd03285_7d322327a8.pdf,AnnualReport2024-ITMG-att2.pdf,,
"11 Mar 2025
					15:26:23",https://www.idx.co.id/StaticData/NewsAndAnnouncement/ANNOUNCEMENTSTOCK/From_EREP/202503/edbae13037_5478ee7b5b.pdf,Pemanggilan Rapat Umum Pemegang Saham Tahunan [],ITMG,https://www.idx.co.id/StaticData/NewsAndAnnouncement/ANNOUNCEMENTSTOCK/From_EREP/202503/31e6e80f18_4cebf89aa7.pdf,20250311_ITMG_Pemanggilan RUPS_31868214_lamp1.pdf,https://www.idx.co.id/StaticData/NewsAndAnnouncement/ANNOUNCEMENTSTOCK/From_EREP/202503/c5d2c3ecaf_c63f5d4f9a.pdf,20250311_ITMG_Pemanggilan RUPS_31868214_lamp2.pdf,,
"03 Mar 2025
					16:36:09",https://www.idx.co.id/StaticData/NewsAndAnnouncement/ANNOUNCEMENTSTOCK/From_EREP/202503/a15fbff42e_28026f0cf9.pdf,Penyampaian Bukti Iklan Informasi Laporan Keuangan Tahunan [],JPFA,https://www.idx.co.id/StaticData/NewsAndAnnouncement/ANNOUNCEMENTSTOCK/From_EREP/202503/9888516fef_a9fba9e4e1.pdf,20250303_JPFA_Penyampaian Bukti Iklan_31865724_lamp1.pdf,,,,
"04 Mar 2025
					16:37:21",https://www.idx.co.id/StaticData/NewsAndAnnouncement/ANNOUNCEMENTSTOCK/From_EREP/202503/51eab9a50a_36bb126cb7.pdf,Pemberitahuan Rencana Rapat Umum Pemegang Saham Tahunan dan Luar Biasa [],JPFA,https://www.idx.co.id/StaticData/NewsAndAnnouncement/ANNOUNCEMENTSTOCK/From_EREP/202503/20adfa62e9_f1f292910f.pdf,20250304_JPFA_Pengumuman RUPS_31866156_lamp1.pdf,,,,
"04 Mar 2025
					16:49:14",https://www.idx.co.id/StaticData/NewsAndAnnouncement/ANNOUNCEMENTSTOCK/From_EREP/202503/8e2ae851c9_c622aaba37.pdf,Penyampaian Bukti Iklan Pemberitahuan RUPS [],JPFA,https://www.idx.co.id/StaticData/NewsAndAnnouncement/ANNOUNCEMENTSTOCK/From_EREP/202503/893fa09276_88e34ff9f9.pdf,20250304_JPFA_Penyampaian Bukti Iklan_31866161_lamp1.pdf,,,,
"04 Mar 2025
					16:53:32",https://www.idx.co.id/StaticData/NewsAndAnnouncement/ANNOUNCEMENTSTOCK/From_EREP/202503/489716842f_d83551fef2.pdf,Keterbukaan Informasi [],JPFA,https://www.idx.co.id/StaticData/NewsAndAnnouncement/ANNOUNCEMENTSTOCK/From_EREP/202503/126317be50_d0b7950184.pdf,20250304_JPFA_Laporan Informasi dan Fakta Material_31866166_lamp1.pdf,,,,
"10 Mar 2025
					16:54:09",https://www.idx.co.id/StaticData/NewsAndAnnouncement/ANNOUNCEMENTSTOCK/From_EREP/202503/b8253a3c98_0c598bb366.pdf,Laporan Bulanan Registrasi Pemegang Efek [],JPFA,https://www.idx.co.id/StaticData/NewsAndAnnouncement/ANNOUNCEMENTSTOCK/From_EREP/202503/2a018b687e_f9633e50a2.pdf,20250310_JPFA_Laporan Bulanan Registrasi Pemegang Efek/Perubahan Struktur Pemegang Saham_31868000_lamp2.pdf,https://www.idx.co.id/StaticData/NewsAndAnnouncement/ANNOUNCEMENTSTOCK/From_EREP/202503/caa47e34ba_33330fcf10.pdf,20250310_JPFA_Laporan Bulanan Registrasi Pemegang Efek/Perubahan Struktur Pemegang Saham_31868000_lamp1.pdf,,
"19 Mar 2025
					18:43:10",https://www.idx.co.id/StaticData/NewsAndAnnouncement/ANNOUNCEMENTSTOCK/From_EREP/202503/91322b2349_60252680ba.pdf,Pemanggilan Rapat Umum Pemegang Saham Tahunan dan Luar Biasa [],JPFA,https://www.idx.co.id/StaticData/NewsAndAnnouncement/ANNOUNCEMENTSTOCK/From_EREP/202503/aaa1e584fa_500a7e0452.pdf,20250319_JPFA_Pemanggilan RUPS_31869846_lamp1.pdf,,,,
"19 Mar 2025
					19:00:27",https://www.idx.co.id/StaticData/NewsAndAnnouncement/ANNOUNCEMENTSTOCK/From_EREP/202503/0fcc6924d4_27aa6c7084.pdf,Penyampaian Bukti Iklan Panggilan RUPS [],JPFA,https://www.idx.co.id/StaticData/NewsAndAnnouncement/ANNOUNCEMENTSTOCK/From_EREP/202503/b9520158ea_73c390f702.pdf,20250319_JPFA_Penyampaian Bukti Iklan_31869850_lamp1.pdf,,,,
"19 Mar 2025
					22:17:17",https://www.idx.co.id/StaticData/NewsAndAnnouncement/ANNOUNCEMENTSTOCK/From_EREP/202503/986127fa9b_c326a2de48.pdf,Penyampaian Laporan Tahunan [],JPFA,https://www.idx.co.id/StaticData/NewsAndAnnouncement/ANNOUNCEMENTSTOCK/From_EREP/202503/2c7b3ea115_5c929468b2.pdf,AnnualReport2024-JPFA-att1.pdf,,,,
"20 Mar 2025
					13:07:58",https://www.idx.co.id/StaticData/NewsAndAnnouncement/ANNOUNCEMENTSTOCK/From_EREP/202503/c65b90920f_5fc4e431ea.pdf,Laporan Keberlanjutan 2024 [],JPFA,https://www.idx.co.id/StaticData/NewsAndAnnouncement/ANNOUNCEMENTSTOCK/From_EREP/202503/f2bed8fb78_a044deb2c3.pdf,20250320_JPFA_Laporan Informasi dan Fakta Material_31869978_lamp1.pdf,,,,
"03 Mar 2025
					16:55:08",https://www.idx.co.id/StaticData/NewsAndAnnouncement/ANNOUNCEMENTSTOCK/From_EREP/202403/20250303170347-49802-0/FinancialStatement-2024-Tahunan-JSMR.pdf,Penyampaian Laporan Keuangan Tahunan [],JSMR,https://www.idx.co.id/StaticData/NewsAndAnnouncement/ANNOUNCEMENTSTOCK/From_EREP/202403/20250303170347-49802-0/AB.KU.14.06.44.pdf,AB.KU.14.06.44.pdf,https://www.idx.co.id/StaticData/NewsAndAnnouncement/ANNOUNCEMENTSTOCK/From_EREP/202403/20250303170347-49802-0/CHECKLIST-JSMR-Desember%202024.pdf,CHECKLIST-JSMR-Desember 2024.pdf,https://www.idx.co.id/StaticData/NewsAndAnnouncement/ANNOUNCEMENTSTOCK/From_EREP/202403/20250303170347-49802-0/FinancialStatement-2024-Tahunan-JSMR.xlsx,FinancialStatement-2024-Tahunan-JSMR.xlsx
"03 Mar 2025
					21:05:40",https://www.idx.co.id/StaticData/NewsAndAnnouncement/ANNOUNCEMENTSTOCK/From_EREP/202503/e9aa0af74e_65c31a3245.pdf,Perubahan Komite Audit [],JSMR,https://www.idx.co.id/StaticData/NewsAndAnnouncement/ANNOUNCEMENTSTOCK/From_EREP/202503/12e3a08d8c_f44da1394d.pdf,20250303_JSMR_Perubahan Corsec Komite Audit Alamat NPWP Internal Audit_31865819_lamp1.pdf,,,,
"05 Mar 2025
					15:39:36",https://www.idx.co.id/StaticData/NewsAndAnnouncement/ANNOUNCEMENTSTOCK/From_EREP/202503/e4a5e27fa3_1b6a371f3e.pdf,Laporan Bulanan Registrasi Pemegang Efek [],JSMR,https://www.idx.co.id/StaticData/NewsAndAnnouncement/ANNOUNCEMENTSTOCK/From_EREP/202503/076e5b97d0_7c8ca23648.pdf,20250305_JSMR_Laporan Bulanan Registrasi Pemegang Efek/Perubahan Struktur Pemegang Saham_31866509_lamp2.pdf,https://www.idx.co.id/StaticData/NewsAndAnnouncement/ANNOUNCEMENTSTOCK/From_EREP/202503/1dad9dc7cb_f6da247f0e.pdf,20250305_JSMR_Laporan Bulanan Registrasi Pemegang Efek/Perubahan Struktur Pemegang Saham_31866509_lamp1.pdf,https://www.idx.co.id/StaticData/NewsAndAnnouncement/ANNOUNCEMENTSTOCK/From_EREP/202503/7c24737681_6ae4dfb7a3.pdf,20250305_JSMR_Laporan Bulanan Registrasi Pemegang Efek/Perubahan Struktur Pemegang Saham_31866509_lamp3.pdf
"06 Mar 2025
					12:26:20",https://www.idx.co.id/StaticData/NewsAndAnnouncement/ANNOUNCEMENTSTOCK/From_EREP/202503/b3bc8da2bd_077e1d5d84.pdf,Laporan Hasil Pemeringkatan Pemeringkatan Ulang [],JSMR,https://www.idx.co.id/StaticData/NewsAndAnnouncement/ANNOUNCEMENTSTOCK/From_EREP/202503/1c7fd7402e_398321ec40.pdf,20250306_JSMR_Laporan Hasil Pemeringkatan_31866862_lamp2.pdf,https://www.idx.co.id/StaticData/NewsAndAnnouncement/ANNOUNCEMENTSTOCK/From_EREP/202503/253aa49784_292feafb10.pdf,20250306_JSMR_Laporan Hasil Pemeringkatan_31866862_lamp3.pdf,https://www.idx.co.id/StaticData/NewsAndAnnouncement/ANNOUNCEMENTSTOCK/From_EREP/202503/2cc13f291a_85cd7c0c9b.pdf,20250306_JSMR_Laporan Hasil Pemeringkatan_31866862_lamp1.pdf
"19 Mar 2025
					08:37:12",https://www.idx.co.id/StaticData/NewsAndAnnouncement/ANNOUNCEMENTSTOCK/From_EREP/202503/6ed88aacff_d2951a4d77.pdf,Penjelasan atas Permintaan Penjelasan Bursa [],JSMR,https://www.idx.co.id/StaticData/NewsAndAnnouncement/ANNOUNCEMENTSTOCK/From_EREP/202503/ee9894a940_e8aba94a57.pdf,20250319_JSMR_Tanggapan atas Permintaan Penjelasan Bursa_31869598_lamp1.pdf,,,,
"24 Mar 2025
					07:56:07",https://www.idx.co.id/StaticData/NewsAndAnnouncement/ANNOUNCEMENTSTOCK/From_EREP/202503/89df89c090_cb51a2b580.pdf,"Pengalihan kepemilikan 5.080.509.839 saham Seri B atau sebesar 70,00% dari seluruh saham yang telah dikeluarkan dan disetor penuh Perseroan melalui proses inbreng yang dilaksanakan Negara Republik Indonesia kepada PT Biro Klasifikasi Indonesia (Persero) berdasarkan Peraturan Pemerintah PP No. 15 Tahun 2025 tanggal 21 Maret 2025 tentang Penambahan Penyertaan Modal Negara Republik Indonesia ke dalam Modal Saham Perusahaan Perseroan (Persero) PT Biro Klasifikasi Indonesia untuk Pendirian Holding Operasional []",JSMR,https://www.idx.co.id/StaticData/NewsAndAnnouncement/ANNOUNCEMENTSTOCK/From_EREP/202503/9e11219d5f_754a4a9e15.pdf,20250324_JSMR_Laporan Informasi dan Fakta Material_31870490_lamp1.pdf,,,,
"26 Mar 2025
					17:19:02",https://www.idx.co.id/StaticData/NewsAndAnnouncement/ANNOUNCEMENTSTOCK/From_EREP/202503/75a2d00ad7_90f9cc9c3b.pdf,Penjelasan atas Permintaan Penjelasan Bursa [],JSMR,https://www.idx.co.id/StaticData/NewsAndAnnouncement/ANNOUNCEMENTSTOCK/From_EREP/202503/8ffdc011ee_993389f151.pdf,20250326_JSMR_Tanggapan atas Permintaan Penjelasan Bursa_31871484_lamp1.pdf,,,,
"26 Mar 2025
					17:44:07",https://www.idx.co.id/StaticData/NewsAndAnnouncement/ANNOUNCEMENTSTOCK/From_EREP/202503/758033195c_f716a4a8d2.pdf,Penjelasan atas Permintaan Penjelasan Bursa [],JSMR,https://www.idx.co.id/StaticData/NewsAndAnnouncement/ANNOUNCEMENTSTOCK/From_EREP/202503/147a5d2ead_55df0514d9.pdf,20250326_JSMR_Tanggapan atas Permintaan Penjelasan Bursa_31871518_lamp1.pdf,,,,
"27 Mar 2025
					14:01:42",https://www.idx.co.id/StaticData/NewsAndAnnouncement/ANNOUNCEMENTSTOCK/From_EREP/202503/ed881a8a7b_3307524fae.pdf,Pemberitahuan Rencana Rapat Umum Pemegang Saham Tahunan [],JSMR,https://www.idx.co.id/StaticData/NewsAndAnnouncement/ANNOUNCEMENTSTOCK/From_EREP/202503/247de52b46_12931ff8c4.pdf,20250327_JSMR_Pengumuman RUPS_31871846_lamp1.pdf,https://www.idx.co.id/StaticData/NewsAndAnnouncement/ANNOUNCEMENTSTOCK/From_EREP/202503/4dc049d693_a9c4002e21.pdf,20250327_JSMR_Pengumuman RUPS_31871846_lamp2.pdf,,
"27 Mar 2025
					14:26:02",https://www.idx.co.id/StaticData/NewsAndAnnouncement/ANNOUNCEMENTSTOCK/From_EREP/202503/bf69a9e70a_030f993b43.pdf,Laporan Kepemilikan atau Setiap Perubahan Kepemilikan Saham Perusahaan Terbuka [],JSMR,https://www.idx.co.id/StaticData/NewsAndAnnouncement/ANNOUNCEMENTSTOCK/From_EREP/202503/2f78cc7748_237725b54c.pdf,20250327_JSMR_Laporan Kepemilikan atau Setiap Perubahan Kepemilikan Saham Perusahaan Terbuka_31871879_lamp1.pdf,,,,
"27 Mar 2025
					16:41:45",https://www.idx.co.id/StaticData/NewsAndAnnouncement/ANNOUNCEMENTSTOCK/From_EREP/202503/ca56dff018_8499d5e072.pdf,Laporan Kepemilikan atau Setiap Perubahan Kepemilikan Saham Perusahaan Terbuka [],JSMR,https://www.idx.co.id/StaticData/NewsAndAnnouncement/ANNOUNCEMENTSTOCK/From_EREP/202503/8188581f55_f5c856ef99.pdf,20250327_JSMR_Laporan Kepemilikan atau Setiap Perubahan Kepemilikan Saham Perusahaan Terbuka_31872021_lamp1.pdf,,,,
"10 Mar 2025
					08:16:35",https://www.idx.co.id/StaticData/NewsAndAnnouncement/ANNOUNCEMENTSTOCK/From_EREP/202503/4c7f6793a1_0bc07412fd.pdf,Laporan Bulanan Registrasi Pemegang Efek [],KLBF,https://www.idx.co.id/StaticData/NewsAndAnnouncement/ANNOUNCEMENTSTOCK/From_EREP/202503/c153e88d1c_d1b2ce2cec.pdf,20250306_KLBF_Laporan Bulanan Registrasi Pemegang Efek/Perubahan Struktur Pemegang Saham_31866891_lamp1.pdf,,,,
"28 Mar 2025
					10:03:37",https://www.idx.co.id/StaticData/NewsAndAnnouncement/ANNOUNCEMENTSTOCK/From_EREP/202403/20250328101346-50534-0/FinancialStatement-2024-Tahunan-KLBF.pdf,Penyampaian Laporan Keuangan Tahunan [],KLBF,https://www.idx.co.id/StaticData/NewsAndAnnouncement/ANNOUNCEMENTSTOCK/From_EREP/202403/20250328101346-50534-0/1224%20OJK%20Checklist%20-%20signed.pdf,1224 OJK Checklist - signed.pdf,https://www.idx.co.id/StaticData/NewsAndAnnouncement/ANNOUNCEMENTSTOCK/From_EREP/202403/20250328101346-50534-0/FinancialStatement-2024-Tahunan-KLBF.xlsx,FinancialStatement-2024-Tahunan-KLBF.xlsx,https://www.idx.co.id/StaticData/NewsAndAnnouncement/ANNOUNCEMENTSTOCK/From_EREP/202403/20250328101346-50534-0/inlineXBRL.zip,inlineXBRL.zip
"10 Mar 2025
					20:40:48",https://www.idx.co.id/StaticData/NewsAndAnnouncement/ANNOUNCEMENTSTOCK/From_EREP/202503/515428ebcd_9d87179a5a.pdf,Laporan Bulanan Registrasi Pemegang Efek [],MAPA,https://www.idx.co.id/StaticData/NewsAndAnnouncement/ANNOUNCEMENTSTOCK/From_EREP/202503/25bf0943cf_395eef2c99.pdf,20250305_MAPA_Laporan Bulanan Registrasi Pemegang Efek/Perubahan Struktur Pemegang Saham_31866317_lamp1.pdf,https://www.idx.co.id/StaticData/NewsAndAnnouncement/ANNOUNCEMENTSTOCK/From_EREP/202503/3ac1e91fdd_bd36e72f28.pdf,20250305_MAPA_Laporan Bulanan Registrasi Pemegang Efek/Perubahan Struktur Pemegang Saham_31866317_lamp2.pdf,https://www.idx.co.id/StaticData/NewsAndAnnouncement/ANNOUNCEMENTSTOCK/From_EREP/202503/8f3178edaa_82dbe81c53.pdf,20250305_MAPA_Laporan Bulanan Registrasi Pemegang Efek/Perubahan Struktur Pemegang Saham_31866317_lamp3.pdf
"26 Mar 2025
					20:50:06",https://www.idx.co.id/StaticData/NewsAndAnnouncement/ANNOUNCEMENTSTOCK/From_EREP/202403/20250326210156-50167-0/FinancialStatement-2024-Tahunan-MAPA.pdf,Penyampaian Laporan Keuangan Tahunan [],MAPA,https://www.idx.co.id/StaticData/NewsAndAnnouncement/ANNOUNCEMENTSTOCK/From_EREP/202403/20250326210156-50167-0/FinancialStatement-2024-Tahunan-MAPA.xlsx,FinancialStatement-2024-Tahunan-MAPA.xlsx,https://www.idx.co.id/StaticData/NewsAndAnnouncement/ANNOUNCEMENTSTOCK/From_EREP/202403/20250326210156-50167-0/FS%20Audited%20Report%20MAA%2031%20Dec%202024.pdf,FS Audited Report MAA 31 Dec 2024.pdf,https://www.idx.co.id/StaticData/NewsAndAnnouncement/ANNOUNCEMENTSTOCK/From_EREP/202403/20250326210156-50167-0/inlineXBRL.zip,inlineXBRL.zip
"26 Mar 2025
					21:27:58",https://www.idx.co.id/StaticData/NewsAndAnnouncement/ANNOUNCEMENTSTOCK/From_EREP/202503/c20c1c7c11_1a5aa4cb00.pdf,Siaran Pers - Laporan Keuangan Tahunan 2024 PT Map Aktif  Adiperkasa Tbk (Diaudit) [],MAPA,https://www.idx.co.id/StaticData/NewsAndAnnouncement/ANNOUNCEMENTSTOCK/From_EREP/202503/6bed41c574_bdce361e88.pdf,20250326_MAPA_Laporan Informasi dan Fakta Material_31871578_lamp1.pdf,https://www.idx.co.id/StaticData/NewsAndAnnouncement/ANNOUNCEMENTSTOCK/From_EREP/202503/c99735e96d_7d4440876b.pdf,20250326_MAPA_Laporan Informasi dan Fakta Material_31871578_lamp2.pdf,,
"26 Mar 2025
					22:44:04",https://www.idx.co.id/StaticData/NewsAndAnnouncement/ANNOUNCEMENTSTOCK/From_EREP/202503/1b5191a326_b67283bfa0.pdf,Penjelasan atas Volatilitas Transaksi [],MAPA,https://www.idx.co.id/StaticData/NewsAndAnnouncement/ANNOUNCEMENTSTOCK/From_EREP/202503/1e8c801d6f_75ef876921.pdf,20250326_MAPA_Tanggapan atas Permintaan Penjelasan Bursa_31871590_lamp1.pdf,,,,
"04 Mar 2025
					17:57:40",https://www.idx.co.id/StaticData/NewsAndAnnouncement/ANNOUNCEMENTSTOCK/From_EREP/202503/494d8be8f3_c2dc7598c3.pdf,Penjelasan atas Pemberitaan Media Massa [],MAPI,https://www.idx.co.id/StaticData/NewsAndAnnouncement/ANNOUNCEMENTSTOCK/From_EREP/202503/fc72827961_73e0a40ea2.pdf,20250304_MAPI_Tanggapan atas Permintaan Penjelasan Bursa_31866197_lamp1.pdf,,,,
"10 Mar 2025
					20:42:41",https://www.idx.co.id/StaticData/NewsAndAnnouncement/ANNOUNCEMENTSTOCK/From_EREP/202503/90381d0384_dd063eac8c.pdf,Laporan Bulanan Registrasi Pemegang Efek [],MAPI,https://www.idx.co.id/StaticData/NewsAndAnnouncement/ANNOUNCEMENTSTOCK/From_EREP/202503/4331156014_ffaead86d9.pdf,20250304_MAPI_Laporan Bulanan Registrasi Pemegang Efek/Perubahan Struktur Pemegang Saham_31865942_lamp2.pdf,https://www.idx.co.id/StaticData/NewsAndAnnouncement/ANNOUNCEMENTSTOCK/From_EREP/202503/9d4412cfeb_02e2bdaef8.pdf,20250304_MAPI_Laporan Bulanan Registrasi Pemegang Efek/Perubahan Struktur Pemegang Saham_31865942_lamp1.pdf,https://www.idx.co.id/StaticData/NewsAndAnnouncement/ANNOUNCEMENTSTOCK/From_EREP/202503/c3f4bd3f46_65555aea60.pdf,20250304_MAPI_Laporan Bulanan Registrasi Pemegang Efek/Perubahan Struktur Pemegang Saham_31865942_lamp3.pdf
"26 Mar 2025
					20:56:48",https://www.idx.co.id/StaticData/NewsAndAnnouncement/ANNOUNCEMENTSTOCK/From_EREP/202403/20250326211854-50427-0/FinancialStatement-2024-Tahunan-MAPI.pdf,Penyampaian Laporan Keuangan Tahunan [],MAPI,https://www.idx.co.id/StaticData/NewsAndAnnouncement/ANNOUNCEMENTSTOCK/From_EREP/202403/20250326211854-50427-0/FinancialStatement-2024-Tahunan-MAPI.xlsx,FinancialStatement-2024-Tahunan-MAPI.xlsx,https://www.idx.co.id/StaticData/NewsAndAnnouncement/ANNOUNCEMENTSTOCK/From_EREP/202403/20250326211854-50427-0/inlineXBRL.zip,inlineXBRL.zip,https://www.idx.co.id/StaticData/NewsAndAnnouncement/ANNOUNCEMENTSTOCK/From_EREP/202403/20250326211854-50427-0/instance.zip,instance.zip
"26 Mar 2025
					21:27:44",https://www.idx.co.id/StaticData/NewsAndAnnouncement/ANNOUNCEMENTSTOCK/From_EREP/202503/ebd61d046a_7991db015d.pdf,Siaran Pers: Laporan Keuangan Tahunan 2024 PT Mitra Adiperkasa Tbk (Diaudit) [],MAPI,https://www.idx.co.id/StaticData/NewsAndAnnouncement/ANNOUNCEMENTSTOCK/From_EREP/202503/4872690052_41a4c9c1c5.pdf,20250326_MAPI_Laporan Informasi dan Fakta Material_31871342_lamp2.pdf,https://www.idx.co.id/StaticData/NewsAndAnnouncement/ANNOUNCEMENTSTOCK/From_EREP/202503/dd233c88b3_975eec287e.pdf,20250326_MAPI_Laporan Informasi dan Fakta Material_31871342_lamp1.pdf,,
"10 Mar 2025
					10:10:36",https://www.idx.co.id/StaticData/NewsAndAnnouncement/ANNOUNCEMENTSTOCK/From_EREP/202503/2704eb572b_7b9feb3b11.pdf,Laporan Bulanan Registrasi Pemegang Efek [],MBMA,https://www.idx.co.id/StaticData/NewsAndAnnouncement/ANNOUNCEMENTSTOCK/From_EREP/202503/0d86550fd7_f19a14e97e.pdf,20250305_MBMA_Laporan Bulanan Registrasi Pemegang Efek/Perubahan Struktur Pemegang Saham_31866292_lamp1.pdf,https://www.idx.co.id/StaticData/NewsAndAnnouncement/ANNOUNCEMENTSTOCK/From_EREP/202503/2003381c87_d5c62ba6d4.pdf,20250305_MBMA_Laporan Bulanan Registrasi Pemegang Efek/Perubahan Struktur Pemegang Saham_31866292_lamp5.pdf,https://www.idx.co.id/StaticData/NewsAndAnnouncement/ANNOUNCEMENTSTOCK/From_EREP/202503/3eb98a8df0_1d21067cb2.pdf,20250305_MBMA_Laporan Bulanan Registrasi Pemegang Efek/Perubahan Struktur Pemegang Saham_31866292_lamp3.pdf
"11 Mar 2025
					14:51:07",https://www.idx.co.id/StaticData/NewsAndAnnouncement/ANNOUNCEMENTSTOCK/From_EREP/202503/f0e5ba828d_5ff30910bf.pdf,Kesiapan Dana untuk Pelunasan Pokok serta Pembayaran Bunga Keempat dari Obligasi I Merdeka Battery Materials 2024 Seri A [],MBMA,https://www.idx.co.id/StaticData/NewsAndAnnouncement/ANNOUNCEMENTSTOCK/From_EREP/202503/7a1d64feca_f63e767102.pdf,20250311_MBMA_Laporan Informasi dan Fakta Material_31868181_lamp1.pdf,,,,
"28 Mar 2025
					16:00:57",https://www.idx.co.id/StaticData/NewsAndAnnouncement/ANNOUNCEMENTSTOCK/From_EREP/202503/827b7f71a5_f5311efc62.pdf,Perubahan Corporate Secretary [],MBMA,https://www.idx.co.id/StaticData/NewsAndAnnouncement/ANNOUNCEMENTSTOCK/From_EREP/202503/1bd80c726b_d21a3d5dff.pdf,20250328_MBMA_Perubahan Corsec Komite Audit Alamat NPWP Internal Audit_31872326_lamp1.pdf,https://www.idx.co.id/StaticData/NewsAndAnnouncement/ANNOUNCEMENTSTOCK/From_EREP/202503/f51946ca61_6dd8445a4b.pdf,20250328_MBMA_Perubahan Corsec Komite Audit Alamat NPWP Internal Audit_31872326_lamp2.pdf,,
"02 Mar 2025
					15:11:54",https://www.idx.co.id/StaticData/NewsAndAnnouncement/ANNOUNCEMENTSTOCK/From_EREP/202503/8bf257f791_864e29379f.pdf,Pembelian kembali atau pembayaran Efek Bersifat Utang dan/atau Sukuk [],MDKA,https://www.idx.co.id/StaticData/NewsAndAnnouncement/ANNOUNCEMENTSTOCK/From_EREP/202503/20f6a602b4_7da7a6b140.pdf,20250228_MDKA_Laporan Informasi dan Fakta Material_31865263_lamp1.pdf,,,,
"06 Mar 2025
					16:25:02",https://www.idx.co.id/StaticData/NewsAndAnnouncement/ANNOUNCEMENTSTOCK/From_EREP/202503/120a07501e_ce8b0827fc.pdf,Penjelasan atas Volatilitas Transaksi [],MDKA,,,,,,
"07 Mar 2025
					17:57:25",https://www.idx.co.id/StaticData/NewsAndAnnouncement/ANNOUNCEMENTSTOCK/From_EREP/202503/5a807c260a_8fe254cf7b.pdf,Jatuh Tempo Obligasi / Sukuk Korporasi [],MDKA,https://www.idx.co.id/StaticData/NewsAndAnnouncement/ANNOUNCEMENTSTOCK/From_EREP/202503/e9e737fcfd_e73807f5fa.pdf,20250307_MDKA_Pengumuman Jatuh Tempo Obligasi dan Sukuk_31867332_lamp1.pdf,,,,
"08 Mar 2025
					20:00:41",https://www.idx.co.id/StaticData/NewsAndAnnouncement/ANNOUNCEMENTSTOCK/From_EREP/202503/d8231d2736_8d4be38fe3.pdf,Pembelian kembali atau pembayaran Efek Bersifat Utang dan/atau Sukuk [],MDKA,https://www.idx.co.id/StaticData/NewsAndAnnouncement/ANNOUNCEMENTSTOCK/From_EREP/202503/d42717165c_a8dde55ce7.pdf,20250228_MDKA_Laporan Informasi dan Fakta Material_31865265_lamp1.pdf,,,,
"10 Mar 2025
					14:28:53",https://www.idx.co.id/StaticData/NewsAndAnnouncement/ANNOUNCEMENTSTOCK/From_EREP/202503/8a5bba8c7b_8d58ec9f5a.pdf,Laporan Bulanan Registrasi Pemegang Efek [],MDKA,https://www.idx.co.id/StaticData/NewsAndAnnouncement/ANNOUNCEMENTSTOCK/From_EREP/202503/500781455b_c6e0f9d645.pdf,20250306_MDKA_Laporan Bulanan Registrasi Pemegang Efek/Perubahan Struktur Pemegang Saham_31866911_lamp2.pdf,https://www.idx.co.id/StaticData/NewsAndAnnouncement/ANNOUNCEMENTSTOCK/From_EREP/202503/9002250aec_e0f1719ffd.pdf,20250306_MDKA_Laporan Bulanan Registrasi Pemegang Efek/Perubahan Struktur Pemegang Saham_31866911_lamp3.pdf,https://www.idx.co.id/StaticData/NewsAndAnnouncement/ANNOUNCEMENTSTOCK/From_EREP/202503/adb9c49746_2676487e20.pdf,20250306_MDKA_Laporan Bulanan Registrasi Pemegang Efek/Perubahan Struktur Pemegang Saham_31866911_lamp4.pdf
"26 Mar 2025
					14:55:40",https://www.idx.co.id/StaticData/NewsAndAnnouncement/ANNOUNCEMENTSTOCK/From_EREP/202503/646757927e_6cfbd14e40.pdf,Kesiapan Dana untuk Pelunasan Pokok serta Pembayaran Bunga Kedua Belas dari Obligasi Berkelanjutan III Merdeka Copper Gold Tahap II Tahun 2022 Seri A [],MDKA,https://www.idx.co.id/StaticData/NewsAndAnnouncement/ANNOUNCEMENTSTOCK/From_EREP/202503/33e144a1f6_67dcde9f94.pdf,20250326_MDKA_Laporan Informasi dan Fakta Material_31871253_lamp1.pdf,,,,
"03 Mar 2025
					22:46:39",https://www.idx.co.id/StaticData/NewsAndAnnouncement/ANNOUNCEMENTSTOCK/From_EREP/202503/aabf033ee6_45154792bd.pdf,"Siaran Media ""MedcoEnergi Mengumumkan Penemuan Hidrokarbon di Sumur Eksplorasi West Kalabau-1"" []",MEDC,https://www.idx.co.id/StaticData/NewsAndAnnouncement/ANNOUNCEMENTSTOCK/From_EREP/202503/56bd063333_e0af7fc027.pdf,20250303_MEDC_Laporan Informasi dan Fakta Material_31865825_lamp2.pdf,https://www.idx.co.id/StaticData/NewsAndAnnouncement/ANNOUNCEMENTSTOCK/From_EREP/202503/a5a40bfeca_fc571d6bee.pdf,20250303_MEDC_Laporan Informasi dan Fakta Material_31865825_lamp1.pdf,,
"10 Mar 2025
					10:31:54",https://www.idx.co.id/StaticData/NewsAndAnnouncement/ANNOUNCEMENTSTOCK/From_EREP/202503/86492a6ef3_0d3583e1a1.pdf,Laporan Bulanan Registrasi Pemegang Efek [],MEDC,https://www.idx.co.id/StaticData/NewsAndAnnouncement/ANNOUNCEMENTSTOCK/From_EREP/202503/28a19492e9_8deeb9f627.pdf,20250310_MEDC_Laporan Bulanan Registrasi Pemegang Efek/Perubahan Struktur Pemegang Saham_31867724_lamp1.pdf,https://www.idx.co.id/StaticData/NewsAndAnnouncement/ANNOUNCEMENTSTOCK/From_EREP/202503/341c17b303_e07333d00a.pdf,20250310_MEDC_Laporan Bulanan Registrasi Pemegang Efek/Perubahan Struktur Pemegang Saham_31867724_lamp2.pdf,,
"21 Mar 2025
					11:31:25",https://www.idx.co.id/StaticData/NewsAndAnnouncement/ANNOUNCEMENTSTOCK/From_EREP/202503/5388ed5586_d7fcf01a12.pdf,Press Release MedcoEnergi Selesaikan Akuisisi Seismik 3D Rebonjaro di Blok Corridor [],MEDC,https://www.idx.co.id/StaticData/NewsAndAnnouncement/ANNOUNCEMENTSTOCK/From_EREP/202503/402f6f60b5_bb82711707.pdf,20250321_MEDC_Laporan Informasi dan Fakta Material_31870232_lamp2.pdf,https://www.idx.co.id/StaticData/NewsAndAnnouncement/ANNOUNCEMENTSTOCK/From_EREP/202503/899ab4ec52_c4b4e8fd4a.pdf,20250321_MEDC_Laporan Informasi dan Fakta Material_31870232_lamp1.pdf,,
"24 Mar 2025
					16:18:24",https://www.idx.co.id/StaticData/NewsAndAnnouncement/ANNOUNCEMENTSTOCK/From_EREP/202503/8a1b7948aa_820c7912ea.pdf,Penyelesaian transaksi pembelian kembali saham Peseroan  [],MEDC,https://www.idx.co.id/StaticData/NewsAndAnnouncement/ANNOUNCEMENTSTOCK/From_EREP/202503/eda2921272_622864b4c5.pdf,20250324_MEDC_Laporan Informasi dan Fakta Material_31870707_lamp1.pdf,,,,
"24 Mar 2025
					16:42:58",https://www.idx.co.id/StaticData/NewsAndAnnouncement/ANNOUNCEMENTSTOCK/From_EREP/202503/750236f0f3_2ed19ae927.pdf,Amandemen I Perjanjian Pinjam Meminjam  [],MEDC,https://www.idx.co.id/StaticData/NewsAndAnnouncement/ANNOUNCEMENTSTOCK/From_EREP/202503/3ee9ea4af1_71acce0f83.pdf,20250324_MEDC_Laporan Informasi dan Fakta Material_31870719_lamp1.pdf,,,,
"25 Mar 2025
					16:21:56",https://www.idx.co.id/StaticData/NewsAndAnnouncement/ANNOUNCEMENTSTOCK/From_EREP/202503/06318f84d8_8b1faa1aac.pdf,Keterbukaan Informasi Pembelian Kembali Saham dalam Kondisi Pasar yang Berfluktuasi Secara Signifikan. [],MEDC,https://www.idx.co.id/StaticData/NewsAndAnnouncement/ANNOUNCEMENTSTOCK/From_EREP/202503/58aff95ab3_15669300c4.pdf,20250325_MEDC_Laporan Informasi dan Fakta Material_31870967_lamp1.pdf,https://www.idx.co.id/StaticData/NewsAndAnnouncement/ANNOUNCEMENTSTOCK/From_EREP/202503/f8f06e8689_a90a367d6d.pdf,20250325_MEDC_Laporan Informasi dan Fakta Material_31870967_lamp2.pdf,,
"25 Mar 2025
					23:30:49",https://www.idx.co.id/StaticData/NewsAndAnnouncement/ANNOUNCEMENTSTOCK/From_EREP/202503/a097c3e385_530f628296.pdf,Press Release MedcoEnergi Umumkan Program Pembelian Kembali Saham [],MEDC,https://www.idx.co.id/StaticData/NewsAndAnnouncement/ANNOUNCEMENTSTOCK/From_EREP/202503/35a6fdb679_7686cb61aa.pdf,20250325_MEDC_Laporan Informasi dan Fakta Material_31871186_lamp2.pdf,https://www.idx.co.id/StaticData/NewsAndAnnouncement/ANNOUNCEMENTSTOCK/From_EREP/202503/a30409b109_3b2ba8d737.pdf,20250325_MEDC_Laporan Informasi dan Fakta Material_31871186_lamp1.pdf,,
"28 Mar 2025
					17:24:59",https://www.idx.co.id/StaticData/NewsAndAnnouncement/ANNOUNCEMENTSTOCK/From_EREP/202404/20250409113838-51149-0/FinancialStatement-2024-Tahunan-MEDC.pdf,Penyampaian Laporan Keuangan Tahunan [],MEDC,https://www.idx.co.id/StaticData/NewsAndAnnouncement/ANNOUNCEMENTSTOCK/From_EREP/202404/20250409113838-51149-0/Checklist%20Pengungkapan%20Lapkeu%20Dec%2031%202024.pdf,Checklist Pengungkapan Lapkeu Dec 31 2024.pdf,https://www.idx.co.id/StaticData/NewsAndAnnouncement/ANNOUNCEMENTSTOCK/From_EREP/202404/20250409113838-51149-0/Cover%20Letter_Lap%20Keu%2031%20Des%2024.pdf,Cover Letter_Lap Keu 31 Des 24.pdf,https://www.idx.co.id/StaticData/NewsAndAnnouncement/ANNOUNCEMENTSTOCK/From_EREP/202404/20250409113838-51149-0/FinancialStatement-2024-Tahunan-MEDC.xlsx,FinancialStatement-2024-Tahunan-MEDC.xlsx
"28 Mar 2025
					18:23:20",https://www.idx.co.id/StaticData/NewsAndAnnouncement/ANNOUNCEMENTSTOCK/From_EREP/202503/cf077064ea_a3ca314cc1.pdf,Penyampaian Informasi Pemenuhan Kewajiban Public Expose - Tahunan [],MEDC,https://www.idx.co.id/StaticData/NewsAndAnnouncement/ANNOUNCEMENTSTOCK/From_EREP/202503/00b3b5e83a_7b5fa437ef.pdf,20250328_MEDC_Public Expose_31872268_lamp1.pdf,https://www.idx.co.id/StaticData/NewsAndAnnouncement/ANNOUNCEMENTSTOCK/From_EREP/202503/b91cf590b6_198aa9b63a.pdf,20250328_MEDC_Public Expose_31872268_lamp2.pdf,,
"28 Mar 2025
					18:47:42",https://www.idx.co.id/StaticData/NewsAndAnnouncement/ANNOUNCEMENTSTOCK/From_EREP/202503/397325f2e4_069abcd184.pdf,Press Release MedcoEnergi Mengumumkan Hasil Keuangan Tahun 2024 yang Telah Diaudit [],MEDC,https://www.idx.co.id/StaticData/NewsAndAnnouncement/ANNOUNCEMENTSTOCK/From_EREP/202503/322a722b8e_55aecb7c83.pdf,20250328_MEDC_Laporan Informasi dan Fakta Material_31872371_lamp2.pdf,https://www.idx.co.id/StaticData/NewsAndAnnouncement/ANNOUNCEMENTSTOCK/From_EREP/202503/b01ba1562d_1f604f2c54.pdf,20250328_MEDC_Laporan Informasi dan Fakta Material_31872371_lamp1.pdf,,
"28 Mar 2025
					19:58:34",https://www.idx.co.id/StaticData/NewsAndAnnouncement/ANNOUNCEMENTSTOCK/From_EREP/202503/109e4cc1be_d5b3e837fb.pdf,Penyampaian Informasi Pemenuhan Kewajiban Public Expose Tahunan berdasarkan Ketentuan III.3.6. Peraturan Bursa No. I-E  [],MEDC,https://www.idx.co.id/StaticData/NewsAndAnnouncement/ANNOUNCEMENTSTOCK/From_EREP/202503/6dad6c87d0_db42e56480.pdf,20250328_MEDC_Laporan Informasi dan Fakta Material_31872383_lamp3.pdf,https://www.idx.co.id/StaticData/NewsAndAnnouncement/ANNOUNCEMENTSTOCK/From_EREP/202503/a653e6d56a_8d545ab8fb.pdf,20250328_MEDC_Laporan Informasi dan Fakta Material_31872383_lamp1.pdf,https://www.idx.co.id/StaticData/NewsAndAnnouncement/ANNOUNCEMENTSTOCK/From_EREP/202503/cb2c2c4234_021a3b5020.pdf,20250328_MEDC_Laporan Informasi dan Fakta Material_31872383_lamp2.pdf
"04 Mar 2025
					14:07:40",https://www.idx.co.id/StaticData/NewsAndAnnouncement/ANNOUNCEMENTSTOCK/From_EREP/202503/9a4bec7805_cebe778081.pdf,Laporan Bulanan Registrasi Pemegang Efek [],PGAS,https://www.idx.co.id/StaticData/NewsAndAnnouncement/ANNOUNCEMENTSTOCK/From_EREP/202503/0174692e41_e4b8d42d64.pdf,20250304_PGAS_Laporan Bulanan Registrasi Pemegang Efek/Perubahan Struktur Pemegang Saham_31866040_lamp2.pdf,https://www.idx.co.id/StaticData/NewsAndAnnouncement/ANNOUNCEMENTSTOCK/From_EREP/202503/36a5dfeae9_48e84117a9.pdf,20250304_PGAS_Laporan Bulanan Registrasi Pemegang Efek/Perubahan Struktur Pemegang Saham_31866040_lamp1.pdf,https://www.idx.co.id/StaticData/NewsAndAnnouncement/ANNOUNCEMENTSTOCK/From_EREP/202503/43424f5c86_96f42afb59.pdf,20250304_PGAS_Laporan Bulanan Registrasi Pemegang Efek/Perubahan Struktur Pemegang Saham_31866040_lamp5.pdf
"26 Mar 2025
					10:41:56",https://www.idx.co.id/StaticData/NewsAndAnnouncement/ANNOUNCEMENTSTOCK/From_EREP/202403/20250326105041-50489-0/FinancialStatement-2024-Tahunan-PGAS.pdf,Penyampaian Laporan Keuangan Tahunan [],PGAS,https://www.idx.co.id/StaticData/NewsAndAnnouncement/ANNOUNCEMENTSTOCK/From_EREP/202403/20250326105041-50489-0/FinancialStatement-2024-Tahunan-PGAS.xlsx,FinancialStatement-2024-Tahunan-PGAS.xlsx,https://www.idx.co.id/StaticData/NewsAndAnnouncement/ANNOUNCEMENTSTOCK/From_EREP/202403/20250326105041-50489-0/FS%20PGN_31%20des%202024_released.pdf,FS PGN_31 des 2024_released.pdf,https://www.idx.co.id/StaticData/NewsAndAnnouncement/ANNOUNCEMENTSTOCK/From_EREP/202403/20250326105041-50489-0/inlineXBRL.zip,inlineXBRL.zip
"27 Mar 2025
					17:38:42",https://www.idx.co.id/StaticData/NewsAndAnnouncement/ANNOUNCEMENTSTOCK/From_EREP/202503/f702ea96d4_484669bb41.pdf,Pengangkatan Sdr. Luky Alfirman (anggota Dewan Komisaris Perseroan) sebagai anggota Dewan Komisaris PT Bank Mandiri (Persero) Tbk  [],PGAS,https://www.idx.co.id/StaticData/NewsAndAnnouncement/ANNOUNCEMENTSTOCK/From_EREP/202503/b38dfdc940_3f376517a3.pdf,20250327_PGAS_Laporan Informasi dan Fakta Material_31872034_lamp1.pdf,,,,
"05 Mar 2025
					11:19:49",https://www.idx.co.id/StaticData/NewsAndAnnouncement/ANNOUNCEMENTSTOCK/From_EREP/202503/99c1e8a6ab_b40fb160de.pdf,Laporan Bulanan Registrasi Pemegang Efek (KOREKSI) [],PGEO,https://www.idx.co.id/StaticData/NewsAndAnnouncement/ANNOUNCEMENTSTOCK/From_EREP/202503/30157d8e94_caf0ed8c98.pdf,20250305_PGEO_Laporan Bulanan Registrasi Pemegang Efek/Perubahan Struktur Pemegang Saham_31866368_lamp2.pdf,https://www.idx.co.id/StaticData/NewsAndAnnouncement/ANNOUNCEMENTSTOCK/From_EREP/202503/425421b1d8_95772e2ef1.pdf,20250305_PGEO_Laporan Bulanan Registrasi Pemegang Efek/Perubahan Struktur Pemegang Saham_31866368_lamp5.pdf,https://www.idx.co.id/StaticData/NewsAndAnnouncement/ANNOUNCEMENTSTOCK/From_EREP/202503/4865b2493a_1d2416ddfa.pdf,20250305_PGEO_Laporan Bulanan Registrasi Pemegang Efek/Perubahan Struktur Pemegang Saham_31866368_lamp3.pdf
"05 Mar 2025
					13:59:27",https://www.idx.co.id/StaticData/NewsAndAnnouncement/ANNOUNCEMENTSTOCK/From_EREP/202503/eb870c3759_e6e544a738.pdf,Laporan Bulanan Registrasi Pemegang Efek [],PGEO,https://www.idx.co.id/StaticData/NewsAndAnnouncement/ANNOUNCEMENTSTOCK/From_EREP/202503/946c2c0c7f_37e8c222a4.pdf,20250305_PGEO_Laporan Bulanan Registrasi Pemegang Efek/Perubahan Struktur Pemegang Saham_31866373_lamp4.pdf,https://www.idx.co.id/StaticData/NewsAndAnnouncement/ANNOUNCEMENTSTOCK/From_EREP/202503/b32b64a46a_cb2bc5abee.pdf,20250305_PGEO_Laporan Bulanan Registrasi Pemegang Efek/Perubahan Struktur Pemegang Saham_31866373_lamp2.pdf,https://www.idx.co.id/StaticData/NewsAndAnnouncement/ANNOUNCEMENTSTOCK/From_EREP/202503/d542916dad_b02ab9c194.pdf,20250305_PGEO_Laporan Bulanan Registrasi Pemegang Efek/Perubahan Struktur Pemegang Saham_31866373_lamp5.pdf
"25 Mar 2025
					13:53:29",https://www.idx.co.id/StaticData/NewsAndAnnouncement/ANNOUNCEMENTSTOCK/From_EREP/202403/20250325144122-50539-0/FinancialStatement-2024-Tahunan-PGEO.pdf,Penyampaian Laporan Keuangan Tahunan [],PGEO,https://www.idx.co.id/StaticData/NewsAndAnnouncement/ANNOUNCEMENTSTOCK/From_EREP/202403/20250325144122-50539-0/FinancialStatement-2024-Tahunan-PGEO.xlsx,FinancialStatement-2024-Tahunan-PGEO.xlsx,https://www.idx.co.id/StaticData/NewsAndAnnouncement/ANNOUNCEMENTSTOCK/From_EREP/202403/20250325144122-50539-0/inlineXBRL.zip,inlineXBRL.zip,https://www.idx.co.id/StaticData/NewsAndAnnouncement/ANNOUNCEMENTSTOCK/From_EREP/202403/20250325144122-50539-0/instance.zip,instance.zip
"26 Mar 2025
					06:14:20",https://www.idx.co.id/StaticData/NewsAndAnnouncement/ANNOUNCEMENTSTOCK/From_EREP/202503/5db1371c5a_b3078561d5.pdf,"Teruskan Kinerja Berkelanjutan Pengembangan Energi Hijau, PGE Bukukan Laba USD160,30 Juta di 2024 []",PGEO,,,,,,
"05 Mar 2025
					07:53:45",https://www.idx.co.id/StaticData/NewsAndAnnouncement/ANNOUNCEMENTSTOCK/From_EREP/202503/7bec2afc8c_c2717c7dfe.pdf,Laporan Bulanan Registrasi Pemegang Efek [],PTBA,https://www.idx.co.id/StaticData/NewsAndAnnouncement/ANNOUNCEMENTSTOCK/From_EREP/202503/3f637be104_68ae74f15d.pdf,20250305_PTBA_Laporan Bulanan Registrasi Pemegang Efek/Perubahan Struktur Pemegang Saham_31866264_lamp4.pdf,https://www.idx.co.id/StaticData/NewsAndAnnouncement/ANNOUNCEMENTSTOCK/From_EREP/202503/50038e5b52_59d498cca0.pdf,20250305_PTBA_Laporan Bulanan Registrasi Pemegang Efek/Perubahan Struktur Pemegang Saham_31866264_lamp1.pdf,https://www.idx.co.id/StaticData/NewsAndAnnouncement/ANNOUNCEMENTSTOCK/From_EREP/202503/6138ecb4dc_a2234e6aa9.pdf,20250305_PTBA_Laporan Bulanan Registrasi Pemegang Efek/Perubahan Struktur Pemegang Saham_31866264_lamp5.pdf
"25 Mar 2025
					11:14:43",https://www.idx.co.id/StaticData/NewsAndAnnouncement/ANNOUNCEMENTSTOCK/From_EREP/202503/fc5d0be758_ec3f69900b.pdf,Keterbukaan Informasi  [],PTBA,https://www.idx.co.id/StaticData/NewsAndAnnouncement/ANNOUNCEMENTSTOCK/From_EREP/202503/e74709754e_f6f734a7c8.pdf,20250325_PTBA_Laporan Informasi dan Fakta Material_31870902_lamp1.pdf,,,,
"30 Mar 2025
					09:24:03",https://www.idx.co.id/StaticData/NewsAndAnnouncement/ANNOUNCEMENTSTOCK/From_EREP/202403/20250330093719-51136-0/FinancialStatement-2024-Tahunan-PTBA.pdf,Penyampaian Laporan Keuangan Tahunan [],PTBA,https://www.idx.co.id/StaticData/NewsAndAnnouncement/ANNOUNCEMENTSTOCK/From_EREP/202403/20250330093719-51136-0/Checklist%20FS%20PTBA%2031%20Des%202024.pdf,Checklist FS PTBA 31 Des 2024.pdf,https://www.idx.co.id/StaticData/NewsAndAnnouncement/ANNOUNCEMENTSTOCK/From_EREP/202403/20250330093719-51136-0/FinancialStatement-2024-Tahunan-PTBA.xlsx,FinancialStatement-2024-Tahunan-PTBA.xlsx,https://www.idx.co.id/StaticData/NewsAndAnnouncement/ANNOUNCEMENTSTOCK/From_EREP/202403/20250330093719-51136-0/FS%20PTBA%2031%20Des%202024%20Final.pdf,FS PTBA 31 Des 2024 Final.pdf
"03 Mar 2025
					19:31:37",https://www.idx.co.id/StaticData/NewsAndAnnouncement/ANNOUNCEMENTSTOCK/From_EREP/202503/91694c530c_75fa813382.pdf,Pemegang Saham di atas 5% (KSEI) [],Semua Emiten Saham,https://www.idx.co.id/StaticData/NewsAndAnnouncement/ANNOUNCEMENTSTOCK/From_EREP/202503/1cef390110_a7884584b5.pdf,20250303_Semua Emiten Saham_Pengumuman Bursa_31865592_lamp1.pdf,,,,
"04 Mar 2025
					14:54:46",https://www.idx.co.id/StaticData/NewsAndAnnouncement/ANNOUNCEMENTSTOCK/From_EREP/202503/07dcc6b883_bd5be90088.pdf,Pemegang Saham di atas 5% (KSEI) [],Semua Emiten Saham,https://www.idx.co.id/StaticData/NewsAndAnnouncement/ANNOUNCEMENTSTOCK/From_EREP/202503/286a1c088e_1733f9bc2d.pdf,20250304_Semua Emiten Saham_Pengumuman Bursa_31866004_lamp1.pdf,,,,
"05 Mar 2025
					12:15:06",https://www.idx.co.id/StaticData/NewsAndAnnouncement/ANNOUNCEMENTSTOCK/From_EREP/202503/4aa6553e07_f5cc083268.pdf,Pemegang Saham di atas 5% (KSEI) [],Semua Emiten Saham,https://www.idx.co.id/StaticData/NewsAndAnnouncement/ANNOUNCEMENTSTOCK/From_EREP/202503/b6d09f2eaf_db8014bb39.pdf,20250305_Semua Emiten Saham_Pengumuman Bursa_31866381_lamp1.pdf,,,,
"06 Mar 2025
					14:17:10",https://www.idx.co.id/StaticData/NewsAndAnnouncement/ANNOUNCEMENTSTOCK/From_EREP/202503/5a04149b0f_6a457d3666.pdf,Pemegang Saham di atas 5% (KSEI) [],Semua Emiten Saham,https://www.idx.co.id/StaticData/NewsAndAnnouncement/ANNOUNCEMENTSTOCK/From_EREP/202503/36b66bcd95_90aeb68b56.pdf,20250306_Semua Emiten Saham_Pengumuman Bursa_31866887_lamp1.pdf,,,,
"07 Mar 2025
					16:01:31",https://www.idx.co.id/StaticData/NewsAndAnnouncement/ANNOUNCEMENTSTOCK/From_EREP/202503/6da0a1e0f6_4486a4f4ea.pdf,Pemegang Saham di atas 5% (KSEI) [],Semua Emiten Saham,https://www.idx.co.id/StaticData/NewsAndAnnouncement/ANNOUNCEMENTSTOCK/From_EREP/202503/e828f9beb2_c7120d0ed5.pdf,20250307_Semua Emiten Saham_Pengumuman Bursa_31867304_lamp1.pdf,,,,
"10 Mar 2025
					15:27:40",https://www.idx.co.id/StaticData/NewsAndAnnouncement/ANNOUNCEMENTSTOCK/From_EREP/202503/698dd4c5be_8e06e7d26e.pdf,Pemegang Saham di atas 5% (KSEI) [],Semua Emiten Saham,https://www.idx.co.id/StaticData/NewsAndAnnouncement/ANNOUNCEMENTSTOCK/From_EREP/202503/00d5f262b5_adc3d35aed.pdf,20250310_Semua Emiten Saham_Pengumuman Bursa_31867836_lamp1.pdf,,,,
"11 Mar 2025
					13:26:41",https://www.idx.co.id/StaticData/NewsAndAnnouncement/ANNOUNCEMENTSTOCK/From_EREP/202503/7075bdfe41_7b9055223d.pdf,Pemegang Saham di atas 5% (KSEI) [],Semua Emiten Saham,https://www.idx.co.id/StaticData/NewsAndAnnouncement/ANNOUNCEMENTSTOCK/From_EREP/202503/d234104c6a_2c19d2a3a0.pdf,20250311_Semua Emiten Saham_Pengumuman Bursa_31868160_lamp1.pdf,,,,
"12 Mar 2025
					13:06:35",https://www.idx.co.id/StaticData/NewsAndAnnouncement/ANNOUNCEMENTSTOCK/From_EREP/202503/94e43992dc_1b21899e7f.pdf,Pemegang Saham di atas 5% (KSEI) [],Semua Emiten Saham,https://www.idx.co.id/StaticData/NewsAndAnnouncement/ANNOUNCEMENTSTOCK/From_EREP/202503/8e241a25bb_c2cdfcf246.pdf,20250312_Semua Emiten Saham_Pengumuman Bursa_31868384_lamp1.pdf,,,,
"13 Mar 2025
					14:56:07",https://www.idx.co.id/StaticData/NewsAndAnnouncement/ANNOUNCEMENTSTOCK/From_EREP/202503/8ab6a7ff29_a334cd0558.pdf,Pemegang Saham di atas 5% (KSEI) [],Semua Emiten Saham,https://www.idx.co.id/StaticData/NewsAndAnnouncement/ANNOUNCEMENTSTOCK/From_EREP/202503/23656f97da_aa7bf704d8.pdf,20250313_Semua Emiten Saham_Pengumuman Bursa_31868673_lamp1.pdf,,,,
"14 Mar 2025
					15:35:57",https://www.idx.co.id/StaticData/NewsAndAnnouncement/ANNOUNCEMENTSTOCK/From_EREP/202503/1a4b88d2c6_c7b3e16063.pdf,Laporan Kepemilikan Saham [],Semua Emiten Saham,https://www.idx.co.id/StaticData/NewsAndAnnouncement/ANNOUNCEMENTSTOCK/From_EREP/202503/403f2c2c37_c895aea97d.pdf,20250314_Semua Emiten Saham_Pengumuman Bursa_31868891_lamp1.pdf,,,,
"17 Mar 2025
					14:46:00",https://www.idx.co.id/StaticData/NewsAndAnnouncement/ANNOUNCEMENTSTOCK/From_EREP/202503/546bdda97f_48e4ec4bfe.pdf,Pemegang Saham di atas 5% (KSEI) [],Semua Emiten Saham,https://www.idx.co.id/StaticData/NewsAndAnnouncement/ANNOUNCEMENTSTOCK/From_EREP/202503/26da72f887_afe5c2aea0.pdf,20250317_Semua Emiten Saham_Pengumuman Bursa_31869121_lamp1.pdf,,,,
"18 Mar 2025
					13:13:32",https://www.idx.co.id/StaticData/NewsAndAnnouncement/ANNOUNCEMENTSTOCK/From_EREP/202503/e506348477_69229a1c99.pdf,Pemegang Saham di atas 5% (KSEI) [],Semua Emiten Saham,https://www.idx.co.id/StaticData/NewsAndAnnouncement/ANNOUNCEMENTSTOCK/From_EREP/202503/d128a1b9a5_e340dce846.pdf,20250318_Semua Emiten Saham_Pengumuman Bursa_31869385_lamp1.pdf,,,,
"19 Mar 2025
					11:52:37",https://www.idx.co.id/StaticData/NewsAndAnnouncement/ANNOUNCEMENTSTOCK/From_EREP/202503/556207f120_7d06ba5538.pdf,Pemegang Saham di atas 5% (KSEI) [],Semua Emiten Saham,https://www.idx.co.id/StaticData/NewsAndAnnouncement/ANNOUNCEMENTSTOCK/From_EREP/202503/234327b25f_79e3219cf2.pdf,20250319_Semua Emiten Saham_Pengumuman Bursa_31869654_lamp1.pdf,,,,
"20 Mar 2025
					19:09:38",https://www.idx.co.id/StaticData/NewsAndAnnouncement/ANNOUNCEMENTSTOCK/From_EREP/202503/42ac06e2f6_da12d00853.pdf,Pemegang Saham di atas 5% (KSEI) [],Semua Emiten Saham,https://www.idx.co.id/StaticData/NewsAndAnnouncement/ANNOUNCEMENTSTOCK/From_EREP/202503/646c5179d1_56d1b21b12.pdf,20250320_Semua Emiten Saham_Pengumuman Bursa_31869962_lamp1.pdf,,,,
"21 Mar 2025
					15:41:47",https://www.idx.co.id/StaticData/NewsAndAnnouncement/ANNOUNCEMENTSTOCK/From_EREP/202503/2ab72e3494_f6adce68e5.pdf,Pemegang Saham di atas 5% (KSEI) [],Semua Emiten Saham,https://www.idx.co.id/StaticData/NewsAndAnnouncement/ANNOUNCEMENTSTOCK/From_EREP/202503/9ffde78a02_5b195f17b2.pdf,20250321_Semua Emiten Saham_Pengumuman Bursa_31870247_lamp1.pdf,,,,
"24 Mar 2025
					14:39:55",https://www.idx.co.id/StaticData/NewsAndAnnouncement/ANNOUNCEMENTSTOCK/From_EREP/202503/40cf875b8d_d822733b52.pdf,Pemegang Saham di atas 5% (KSEI) [],Semua Emiten Saham,https://www.idx.co.id/StaticData/NewsAndAnnouncement/ANNOUNCEMENTSTOCK/From_EREP/202503/a0616f1231_06fed43c93.pdf,20250324_Semua Emiten Saham_Pengumuman Bursa_31870599_lamp1.pdf,,,,
"25 Mar 2025
					15:15:48",https://www.idx.co.id/StaticData/NewsAndAnnouncement/ANNOUNCEMENTSTOCK/From_EREP/202503/9ab2b5ae77_816b535e6b.pdf,Pemegang Saham di atas 5% (KSEI) [],Semua Emiten Saham,https://www.idx.co.id/StaticData/NewsAndAnnouncement/ANNOUNCEMENTSTOCK/From_EREP/202503/fac46b7cc8_4fecee81ff.pdf,20250325_Semua Emiten Saham_Pengumuman Bursa_31870930_lamp1.pdf,,,,
"26 Mar 2025
					16:30:15",https://www.idx.co.id/StaticData/NewsAndAnnouncement/ANNOUNCEMENTSTOCK/From_EREP/202503/c0c135e5c2_90a27a6627.pdf,Pemegang Saham di atas 5% (KSEI) [],Semua Emiten Saham,https://www.idx.co.id/StaticData/NewsAndAnnouncement/ANNOUNCEMENTSTOCK/From_EREP/202503/6fd79c5c13_4fe854ba80.pdf,20250326_Semua Emiten Saham_Pengumuman Bursa_31871343_lamp1.pdf,,,,
"27 Mar 2025
					14:21:37",https://www.idx.co.id/StaticData/NewsAndAnnouncement/ANNOUNCEMENTSTOCK/From_EREP/202503/83ac3af897_23c0d8d904.pdf,Pemegang Saham di atas 5% (KSEI) [],Semua Emiten Saham,https://www.idx.co.id/StaticData/NewsAndAnnouncement/ANNOUNCEMENTSTOCK/From_EREP/202503/0eb65e106b_4785b26145.pdf,20250327_Semua Emiten Saham_Pengumuman Bursa_31871791_lamp1.pdf,,,,
"03 Mar 2025
					09:45:52",https://www.idx.co.id/StaticData/NewsAndAnnouncement/ANNOUNCEMENTSTOCK/From_EREP/202503/cf7cada0e2_c0e6458c0f.pdf,Pemberitahuan Rencana Rapat Umum Pemegang Saham Tahunan [],SIDO,https://www.idx.co.id/StaticData/NewsAndAnnouncement/ANNOUNCEMENTSTOCK/From_EREP/202503/ebb9d2a68e_d46ca24eb0.pdf,20250228_SIDO_Pengumuman RUPS_31865285_lamp1.pdf,,,,
"04 Mar 2025
					13:17:35",https://www.idx.co.id/StaticData/NewsAndAnnouncement/ANNOUNCEMENTSTOCK/From_EREP/202503/6a847bbee8_0c38f7d47b.pdf,Laporan Kepemilikan atau Setiap Perubahan Kepemilikan Saham Perusahaan Terbuka [],SIDO,https://www.idx.co.id/StaticData/NewsAndAnnouncement/ANNOUNCEMENTSTOCK/From_EREP/202503/ab6e44ba4d_a15b767b00.pdf,20250304_SIDO_Laporan Kepemilikan atau Setiap Perubahan Kepemilikan Saham Perusahaan Terbuka_31865909_lamp1.pdf,,,,
"05 Mar 2025
					09:01:24",https://www.idx.co.id/StaticData/NewsAndAnnouncement/ANNOUNCEMENTSTOCK/From_EREP/202503/96860630b0_0e051a0cae.pdf,Laporan Bulanan Registrasi Pemegang Efek [],SIDO,https://www.idx.co.id/StaticData/NewsAndAnnouncement/ANNOUNCEMENTSTOCK/From_EREP/202503/957b757e66_1d22461177.pdf,20250305_SIDO_Laporan Bulanan Registrasi Pemegang Efek/Perubahan Struktur Pemegang Saham_31866272_lamp1.pdf,,,,
"06 Mar 2025
					22:06:49",https://www.idx.co.id/StaticData/NewsAndAnnouncement/ANNOUNCEMENTSTOCK/From_EREP/202403/20250306221515-49862-0/FinancialStatement-2024-Tahunan-SIDO.pdf,Penyampaian Laporan Keuangan Tahunan [],SIDO,https://www.idx.co.id/StaticData/NewsAndAnnouncement/ANNOUNCEMENTSTOCK/From_EREP/202403/20250306221515-49862-0/Checklist%20Pengungkapan%2031%20Des%2024.pdf,Checklist Pengungkapan 31 Des 24.pdf,https://www.idx.co.id/StaticData/NewsAndAnnouncement/ANNOUNCEMENTSTOCK/From_EREP/202403/20250306221515-49862-0/FinancialStatement-2024-Tahunan-SIDO.xlsx,FinancialStatement-2024-Tahunan-SIDO.xlsx,https://www.idx.co.id/StaticData/NewsAndAnnouncement/ANNOUNCEMENTSTOCK/From_EREP/202403/20250306221515-49862-0/Industri%20Jamu%20Dan%20Farmasi%20Sido%20Muncul%2031%20Des%202024.pdf,Industri Jamu Dan Farmasi Sido Muncul 31 Des 2024.pdf
"07 Mar 2025
					04:00:09",https://www.idx.co.id/StaticData/NewsAndAnnouncement/ANNOUNCEMENTSTOCK/From_EREP/202503/6985e6e58c_44b46ac3bc.pdf,Siaran Pers Laporan Keuangan Tahunan 2024 PT. Industri Jamu Dan Farmasi Sido Muncul Tbk. [],SIDO,https://www.idx.co.id/StaticData/NewsAndAnnouncement/ANNOUNCEMENTSTOCK/From_EREP/202503/1c04eaa7aa_6af482adea.pdf,20250306_SIDO_Laporan Informasi dan Fakta Material_31867012_lamp1.pdf,,,,
"14 Mar 2025
					07:53:59",https://www.idx.co.id/StaticData/NewsAndAnnouncement/ANNOUNCEMENTSTOCK/From_EREP/202503/7f2bb1d620_7cce148252.pdf,Penyampaian Laporan Tahunan & Keberlanjutan dan ESG [],SIDO,https://www.idx.co.id/StaticData/NewsAndAnnouncement/ANNOUNCEMENTSTOCK/From_EREP/202503/83429d785a_f5781ef7b0.pdf,AnnualReport2024-SIDO-att3.pdf,https://www.idx.co.id/StaticData/NewsAndAnnouncement/ANNOUNCEMENTSTOCK/From_EREP/202503/d9a3423125_792904ffc9.pdf,AnnualReport2024-SIDO-att2.pdf,https://www.idx.co.id/StaticData/NewsAndAnnouncement/ANNOUNCEMENTSTOCK/From_EREP/202503/ddd00d15ed_c3bc3d4a42.pdf,AnnualReport2024-SIDO-att1.pdf
"17 Mar 2025
					11:17:05",https://www.idx.co.id/StaticData/NewsAndAnnouncement/ANNOUNCEMENTSTOCK/From_EREP/202503/3b7b98e19a_616f1f44f7.pdf,Pemberitahuan Perubahan Jadwal Rapat Umum Pemegang Saham Tahunan [],SIDO,https://www.idx.co.id/StaticData/NewsAndAnnouncement/ANNOUNCEMENTSTOCK/From_EREP/202503/3f08f55ed1_4621255a43.pdf,20250317_SIDO_Pengumuman RUPS_31869070_lamp1.pdf,,,,
"17 Mar 2025
					15:06:23",https://www.idx.co.id/StaticData/NewsAndAnnouncement/ANNOUNCEMENTSTOCK/From_EREP/202503/a2fb4216b1_9a04553be4.pdf,Rencana Pembelian Kembali Saham Oleh Perseroan [],SIDO,https://www.idx.co.id/StaticData/NewsAndAnnouncement/ANNOUNCEMENTSTOCK/From_EREP/202503/030f5f890b_f52f61155e.pdf,20250317_SIDO_Laporan Informasi dan Fakta Material_31869151_lamp2.pdf,https://www.idx.co.id/StaticData/NewsAndAnnouncement/ANNOUNCEMENTSTOCK/From_EREP/202503/f49c09d5bd_e25dafa6a8.pdf,20250317_SIDO_Laporan Informasi dan Fakta Material_31869151_lamp1.pdf,,
"17 Mar 2025
					19:03:14",https://www.idx.co.id/StaticData/NewsAndAnnouncement/ANNOUNCEMENTSTOCK/From_EREP/202503/980772d7d0_4aec125a96.pdf,Laporan Kepemilikan atau Setiap Perubahan Kepemilikan Saham Perusahaan Terbuka [],SIDO,https://www.idx.co.id/StaticData/NewsAndAnnouncement/ANNOUNCEMENTSTOCK/From_EREP/202503/b092fa28a6_63d89b3f95.pdf,20250317_SIDO_Laporan Kepemilikan atau Setiap Perubahan Kepemilikan Saham Perusahaan Terbuka_31869203_lamp1.pdf,,,,
"20 Mar 2025
					12:03:27",https://www.idx.co.id/StaticData/NewsAndAnnouncement/ANNOUNCEMENTSTOCK/From_EREP/202503/bcc34622e6_1a6c47ec97.pdf,Perubahan Rencana Pembelian Kembali Saham oleh Perseroan [],SIDO,https://www.idx.co.id/StaticData/NewsAndAnnouncement/ANNOUNCEMENTSTOCK/From_EREP/202503/e5d3e9e8d6_3982a5b9bc.pdf,20250320_SIDO_Laporan Informasi dan Fakta Material_31869925_lamp1.pdf,https://www.idx.co.id/StaticData/NewsAndAnnouncement/ANNOUNCEMENTSTOCK/From_EREP/202503/f5b457b805_a9b641d25e.pdf,20250320_SIDO_Laporan Informasi dan Fakta Material_31869925_lamp2.pdf,,
"07 Mar 2025
					11:01:53",https://www.idx.co.id/StaticData/NewsAndAnnouncement/ANNOUNCEMENTSTOCK/From_EREP/202503/eb6373235f_ff97ea4b7c.pdf,Laporan Bulanan Registrasi Pemegang Efek [],SMGR,https://www.idx.co.id/StaticData/NewsAndAnnouncement/ANNOUNCEMENTSTOCK/From_EREP/202503/44d5394c54_6ad14f88cf.pdf,20250306_SMGR_Laporan Bulanan Registrasi Pemegang Efek/Perubahan Struktur Pemegang Saham_31867040_lamp1.pdf,,,,
"10 Mar 2025
					10:31:10",https://www.idx.co.id/StaticData/NewsAndAnnouncement/ANNOUNCEMENTSTOCK/From_EREP/202503/40c884bf68_7285059fd0.pdf,Laporan Kepemilikan atau Setiap Perubahan Kepemilikan Saham Perusahaan Terbuka [],SMGR,https://www.idx.co.id/StaticData/NewsAndAnnouncement/ANNOUNCEMENTSTOCK/From_EREP/202503/42254bf7ee_89277809ce.pdf,20250307_SMGR_Laporan Kepemilikan atau Setiap Perubahan Kepemilikan Saham Perusahaan Terbuka_31867596_lamp1.pdf,,,,
"24 Mar 2025
					08:42:51",https://www.idx.co.id/StaticData/NewsAndAnnouncement/ANNOUNCEMENTSTOCK/From_EREP/202503/c9f2887824_9ab1ae8f24.pdf,"Pengalihan kepemilikan 3.457.023.004 (tiga milyar empat ratus lima puluh tujuh juta dua puluh tiga ribu empat) lembar saham seri B atau sebesar 51,20% (lima puluh satu koma dua nol persen) saham dari seluruh saham yang telah dikeluarkan dan disetor penuh Perseroan yang dimiliki Negara Republik Indonesia c.q Kementerian BUMN, melalui proses penyertaan saham yang dilaksanakan oleh Negara Republik Indonesia c.q Kementerian BUMN kepada PT Biro Klasifikasi Indonesia (Persero) []",SMGR,https://www.idx.co.id/StaticData/NewsAndAnnouncement/ANNOUNCEMENTSTOCK/From_EREP/202503/c32a828565_ab98c6cd0e.pdf,20250324_SMGR_Laporan Informasi dan Fakta Material_31870488_lamp1.pdf,,,,
"24 Mar 2025
					09:15:26",https://www.idx.co.id/StaticData/NewsAndAnnouncement/ANNOUNCEMENTSTOCK/From_EREP/202503/a85b0bba96_08783fc76c.pdf,"Pengalihan kepemilikan 3.457.023.004 (tiga milyar empat ratus lima puluh tujuh juta dua puluh tiga ribu empat) lembar saham seri B atau sebesar 51,20% (lima puluh satu koma dua nol persen) saham dari seluruh saham yang telah dikeluarkan dan disetor penuh Perseroan yang dimiliki Negara Republik Indonesia c.q Kementerian BUMN, melalui proses penyertaan saham yang dilaksanakan oleh Negara Republik Indonesia c.q Kementerian BUMN kepada PT Biro Klasifikasi Indonesia (Persero) (KOREKSI) []",SMGR,https://www.idx.co.id/StaticData/NewsAndAnnouncement/ANNOUNCEMENTSTOCK/From_EREP/202503/dd7c24b810_18eb084c15.pdf,20250324_SMGR_Laporan Informasi dan Fakta Material_31870524_lamp2.pdf,https://www.idx.co.id/StaticData/NewsAndAnnouncement/ANNOUNCEMENTSTOCK/From_EREP/202503/ee926392ff_2e3a9eb6d2.pdf,20250324_SMGR_Laporan Informasi dan Fakta Material_31870524_lamp1.pdf,,
"26 Mar 2025
					12:14:53",https://www.idx.co.id/StaticData/NewsAndAnnouncement/ANNOUNCEMENTSTOCK/From_EREP/202503/390a1ff91d_d90d97ffc0.pdf,Laporan Bulanan Registrasi Pemegang Efek (KOREKSI) [],SMGR,https://www.idx.co.id/StaticData/NewsAndAnnouncement/ANNOUNCEMENTSTOCK/From_EREP/202503/aa259d8a14_3b94452d17.pdf,20250326_SMGR_Laporan Bulanan Registrasi Pemegang Efek/Perubahan Struktur Pemegang Saham_31871297_lamp1.pdf,,,,
"27 Mar 2025
					12:40:06",https://www.idx.co.id/StaticData/NewsAndAnnouncement/ANNOUNCEMENTSTOCK/From_EREP/202503/632df3516a_8e93b05b64.pdf,Laporan Kepemilikan atau Setiap Perubahan Kepemilikan Saham Perusahaan Terbuka [],SMGR,https://www.idx.co.id/StaticData/NewsAndAnnouncement/ANNOUNCEMENTSTOCK/From_EREP/202503/a5751e64ba_6fcd992e0c.pdf,20250327_SMGR_Laporan Kepemilikan atau Setiap Perubahan Kepemilikan Saham Perusahaan Terbuka_31871743_lamp1.pdf,,,,
"27 Mar 2025
					19:55:11",https://www.idx.co.id/StaticData/NewsAndAnnouncement/ANNOUNCEMENTSTOCK/From_EREP/202503/8d1b0c9a7f_60010bf083.pdf,Penjelasan atas Permintaan Penjelasan Bursa [],SMGR,https://www.idx.co.id/StaticData/NewsAndAnnouncement/ANNOUNCEMENTSTOCK/From_EREP/202503/d7af00aa46_f805f8636b.pdf,20250327_SMGR_Tanggapan atas Permintaan Penjelasan Bursa_31872150_lamp1.pdf,,,,
"29 Mar 2025
					01:29:26",https://www.idx.co.id/StaticData/NewsAndAnnouncement/ANNOUNCEMENTSTOCK/From_EREP/202403/20250329013925-50142-0/FinancialStatement-2024-Tahunan-SMGR.pdf,Penyampaian Laporan Keuangan Tahunan [],SMGR,https://www.idx.co.id/StaticData/NewsAndAnnouncement/ANNOUNCEMENTSTOCK/From_EREP/202403/20250329013925-50142-0/FinancialStatement-2024-Tahunan-SMGR.xlsx,FinancialStatement-2024-Tahunan-SMGR.xlsx,https://www.idx.co.id/StaticData/NewsAndAnnouncement/ANNOUNCEMENTSTOCK/From_EREP/202403/20250329013925-50142-0/inlineXBRL.zip,inlineXBRL.zip,https://www.idx.co.id/StaticData/NewsAndAnnouncement/ANNOUNCEMENTSTOCK/From_EREP/202403/20250329013925-50142-0/instance.zip,instance.zip
"07 Mar 2025
					11:25:16",https://www.idx.co.id/StaticData/NewsAndAnnouncement/ANNOUNCEMENTSTOCK/From_EREP/202503/e9a2b62405_f8fe4d0263.pdf,Laporan Bulanan Registrasi Pemegang Efek [],SMRA,https://www.idx.co.id/StaticData/NewsAndAnnouncement/ANNOUNCEMENTSTOCK/From_EREP/202503/1f6be30d46_737a293c5d.pdf,20250307_SMRA_Laporan Bulanan Registrasi Pemegang Efek/Perubahan Struktur Pemegang Saham_31867269_lamp1.pdf,,,,
"07 Mar 2025
					22:54:20",https://www.idx.co.id/StaticData/NewsAndAnnouncement/ANNOUNCEMENTSTOCK/From_EREP/202503/4c97e824dc_0e95516965.pdf,Penjelasan atas Pemberitaan Media Massa [],SMRA,https://www.idx.co.id/StaticData/NewsAndAnnouncement/ANNOUNCEMENTSTOCK/From_EREP/202503/0fb305c882_a3fd32fbf4.pdf,20250307_SMRA_Tanggapan atas Permintaan Penjelasan Bursa_31867594_lamp1.pdf,,,,
"14 Mar 2025
					11:26:15",https://www.idx.co.id/StaticData/NewsAndAnnouncement/ANNOUNCEMENTSTOCK/From_EREP/202503/71ffa89739_284d124e54.pdf,Laporan Transaksi Afiliasi  [],SMRA,https://www.idx.co.id/StaticData/NewsAndAnnouncement/ANNOUNCEMENTSTOCK/From_EREP/202503/2ae2f65a41_53573837f2.pdf,20250314_SMRA_Laporan Informasi dan Fakta Material_31868875_lamp1.pdf,,,,
"14 Mar 2025
					14:27:17",https://www.idx.co.id/StaticData/NewsAndAnnouncement/ANNOUNCEMENTSTOCK/From_EREP/202403/20250314143409-50122-0/FinancialStatement-2024-Tahunan-SMRA.pdf,Penyampaian Laporan Keuangan Tahunan [],SMRA,https://www.idx.co.id/StaticData/NewsAndAnnouncement/ANNOUNCEMENTSTOCK/From_EREP/202403/20250314143409-50122-0/FinancialStatement-2024-Tahunan-SMRA.xlsx,FinancialStatement-2024-Tahunan-SMRA.xlsx,https://www.idx.co.id/StaticData/NewsAndAnnouncement/ANNOUNCEMENTSTOCK/From_EREP/202403/20250314143409-50122-0/inlineXBRL.zip,inlineXBRL.zip,https://www.idx.co.id/StaticData/NewsAndAnnouncement/ANNOUNCEMENTSTOCK/From_EREP/202403/20250314143409-50122-0/instance.zip,instance.zip
"21 Mar 2025
					18:54:04",https://www.idx.co.id/StaticData/NewsAndAnnouncement/ANNOUNCEMENTSTOCK/From_EREP/202503/db906db84c_d015c4f142.pdf,Laporan Transaksi Afiliasi [],SMRA,https://www.idx.co.id/StaticData/NewsAndAnnouncement/ANNOUNCEMENTSTOCK/From_EREP/202503/9b6b0e59a2_8d8461fe04.pdf,20250321_SMRA_Laporan Informasi dan Fakta Material_31870326_lamp1.pdf,,,,
"24 Mar 2025
					14:54:28",https://www.idx.co.id/StaticData/NewsAndAnnouncement/ANNOUNCEMENTSTOCK/From_EREP/202503/bedcb1f4c9_4c47884ebb.pdf,Laporan Transaksi Afiliasi [],SMRA,https://www.idx.co.id/StaticData/NewsAndAnnouncement/ANNOUNCEMENTSTOCK/From_EREP/202503/160a35e704_0967738ec8.pdf,20250324_SMRA_Laporan Informasi dan Fakta Material_31870595_lamp1.pdf,,,,
"07 Mar 2025
					13:03:51",https://www.idx.co.id/StaticData/NewsAndAnnouncement/ANNOUNCEMENTSTOCK/From_EREP/202503/6a59c127a5_a395187ec0.pdf,Laporan Bulanan Registrasi Pemegang Efek [],TLKM,https://www.idx.co.id/StaticData/NewsAndAnnouncement/ANNOUNCEMENTSTOCK/From_EREP/202503/24e47d41e8_095da59cf8.pdf,20250306_TLKM_Laporan Bulanan Registrasi Pemegang Efek/Perubahan Struktur Pemegang Saham_31867021_lamp1.pdf,,,,
"24 Mar 2025
					08:44:10",https://www.idx.co.id/StaticData/NewsAndAnnouncement/ANNOUNCEMENTSTOCK/From_EREP/202503/cf75e0d9d5_03cf134ed3.pdf,Pengalihan Kepemilikan Saham Seri B Perseroan milik Negara Republik Indonesia kepada PT Biro Klasifikasi Indonesia [],TLKM,https://www.idx.co.id/StaticData/NewsAndAnnouncement/ANNOUNCEMENTSTOCK/From_EREP/202503/46b55b5b3b_d6468a2f39.pdf,20250324_TLKM_Laporan Informasi dan Fakta Material_31870489_lamp1.pdf,https://www.idx.co.id/StaticData/NewsAndAnnouncement/ANNOUNCEMENTSTOCK/From_EREP/202503/a445482f5b_daa7e16d6d.pdf,20250324_TLKM_Laporan Informasi dan Fakta Material_31870489_lamp4.pdf,https://www.idx.co.id/StaticData/NewsAndAnnouncement/ANNOUNCEMENTSTOCK/From_EREP/202503/a7e450f3a4_f68fd7dc71.pdf,20250324_TLKM_Laporan Informasi dan Fakta Material_31870489_lamp2.pdf
"26 Mar 2025
					17:35:51",https://www.idx.co.id/StaticData/NewsAndAnnouncement/ANNOUNCEMENTSTOCK/From_EREP/202503/564b5d61ae_8d8313f313.pdf,Penjelasan atas Permintaan Penjelasan Bursa [],TLKM,https://www.idx.co.id/StaticData/NewsAndAnnouncement/ANNOUNCEMENTSTOCK/From_EREP/202503/b94260caae_a608f684eb.pdf,20250326_TLKM_Tanggapan atas Permintaan Penjelasan Bursa_31871508_lamp1.pdf,,,,
"26 Mar 2025
					17:41:01",https://www.idx.co.id/StaticData/NewsAndAnnouncement/ANNOUNCEMENTSTOCK/From_EREP/202503/564b5d61ae_8d8313f313.pdf,Penjelasan atas Permintaan Penjelasan Bursa [],TLKM,https://www.idx.co.id/StaticData/NewsAndAnnouncement/ANNOUNCEMENTSTOCK/From_EREP/202503/b94260caae_a608f684eb.pdf,20250326_TLKM_Tanggapan atas Permintaan Penjelasan Bursa_31871508_lamp1.pdf,,,,
"26 Mar 2025
					17:48:56",https://www.idx.co.id/StaticData/NewsAndAnnouncement/ANNOUNCEMENTSTOCK/From_EREP/202503/564b5d61ae_8d8313f313.pdf,Penjelasan atas Permintaan Penjelasan Bursa [],TLKM,https://www.idx.co.id/StaticData/NewsAndAnnouncement/ANNOUNCEMENTSTOCK/From_EREP/202503/b94260caae_a608f684eb.pdf,20250326_TLKM_Tanggapan atas Permintaan Penjelasan Bursa_31871508_lamp1.pdf,,,,
"26 Mar 2025
					17:58:19",https://www.idx.co.id/StaticData/NewsAndAnnouncement/ANNOUNCEMENTSTOCK/From_EREP/202503/564b5d61ae_8d8313f313.pdf,Penjelasan atas Permintaan Penjelasan Bursa [],TLKM,https://www.idx.co.id/StaticData/NewsAndAnnouncement/ANNOUNCEMENTSTOCK/From_EREP/202503/b94260caae_a608f684eb.pdf,20250326_TLKM_Tanggapan atas Permintaan Penjelasan Bursa_31871508_lamp1.pdf,,,,
"10 Mar 2025
					11:20:07",https://www.idx.co.id/StaticData/NewsAndAnnouncement/ANNOUNCEMENTSTOCK/From_EREP/202503/cb556c24eb_159673d388.pdf,Laporan Bulanan Registrasi Pemegang Efek [],TOWR,https://www.idx.co.id/StaticData/NewsAndAnnouncement/ANNOUNCEMENTSTOCK/From_EREP/202503/7b2d057057_b9896b6b6c.pdf,20250307_TOWR_Laporan Bulanan Registrasi Pemegang Efek/Perubahan Struktur Pemegang Saham_31867307_lamp1.pdf,,,,
"10 Mar 2025
					16:48:23",https://www.idx.co.id/StaticData/NewsAndAnnouncement/ANNOUNCEMENTSTOCK/From_EREP/202503/e026354693_42cbce9819.pdf,Pemberitahuan Rencana Rapat Umum Pemegang Saham Tahunan dan Luar Biasa [],TOWR,https://www.idx.co.id/StaticData/NewsAndAnnouncement/ANNOUNCEMENTSTOCK/From_EREP/202503/3afd48f320_37ca1aa1d2.pdf,20250310_TOWR_Pengumuman RUPS_31867989_lamp4.pdf,https://www.idx.co.id/StaticData/NewsAndAnnouncement/ANNOUNCEMENTSTOCK/From_EREP/202503/ad56a043a1_12fb3ae713.pdf,20250310_TOWR_Pengumuman RUPS_31867989_lamp1.pdf,https://www.idx.co.id/StaticData/NewsAndAnnouncement/ANNOUNCEMENTSTOCK/From_EREP/202503/d09a6e3161_10e7d102c1.pdf,20250310_TOWR_Pengumuman RUPS_31867989_lamp3.pdf
"24 Mar 2025
					17:44:52",https://www.idx.co.id/StaticData/NewsAndAnnouncement/ANNOUNCEMENTSTOCK/From_EREP/202503/6ac9e40d66_75844dd8f6.pdf,"Penandatangan Perjanjian Perubahan antara PT Profesional Telekomunikasi Indonesia, PT Iforte Solusi Infotek dan PT Iforte Energi Nusantara sebagai Peminjam dengan PT Bank QNB Indonesia Tbk. []",TOWR,https://www.idx.co.id/StaticData/NewsAndAnnouncement/ANNOUNCEMENTSTOCK/From_EREP/202503/20303f40b3_220377b426.pdf,20250324_TOWR_Laporan Informasi dan Fakta Material_31870745_lamp1.pdf,,,,
"25 Mar 2025
					23:10:32",https://www.idx.co.id/StaticData/NewsAndAnnouncement/ANNOUNCEMENTSTOCK/From_EREP/202403/20250325231947-50410-0/FinancialStatement-2024-Tahunan-TOWR.pdf,Penyampaian Laporan Keuangan Tahunan [],TOWR,https://www.idx.co.id/StaticData/NewsAndAnnouncement/ANNOUNCEMENTSTOCK/From_EREP/202403/20250325231947-50410-0/FinancialStatement-2024-Tahunan-TOWR.xlsx,FinancialStatement-2024-Tahunan-TOWR.xlsx,https://www.idx.co.id/StaticData/NewsAndAnnouncement/ANNOUNCEMENTSTOCK/From_EREP/202403/20250325231947-50410-0/inlineXBRL.zip,inlineXBRL.zip,https://www.idx.co.id/StaticData/NewsAndAnnouncement/ANNOUNCEMENTSTOCK/From_EREP/202403/20250325231947-50410-0/instance.zip,instance.zip
"25 Mar 2025
					23:31:15",https://www.idx.co.id/StaticData/NewsAndAnnouncement/ANNOUNCEMENTSTOCK/From_EREP/202503/b96ee19b09_18464b1486.pdf,Pemanggilan Rapat Umum Pemegang Saham Tahunan dan Luar Biasa [],TOWR,https://www.idx.co.id/StaticData/NewsAndAnnouncement/ANNOUNCEMENTSTOCK/From_EREP/202503/23e2f13418_02e0f688f6.pdf,20250325_TOWR_Pemanggilan RUPS_31871175_lamp3.pdf,https://www.idx.co.id/StaticData/NewsAndAnnouncement/ANNOUNCEMENTSTOCK/From_EREP/202503/538dbe22c1_0b59fd00a1.pdf,20250325_TOWR_Pemanggilan RUPS_31871175_lamp1.pdf,https://www.idx.co.id/StaticData/NewsAndAnnouncement/ANNOUNCEMENTSTOCK/From_EREP/202503/7285c3b8b9_f2f4c6e814.pdf,20250325_TOWR_Pemanggilan RUPS_31871175_lamp2.pdf
"25 Mar 2025
					23:47:36",https://www.idx.co.id/StaticData/NewsAndAnnouncement/ANNOUNCEMENTSTOCK/From_EREP/202503/19292a8ed9_8637163dea.pdf,Penyampaian Laporan Tahunan [],TOWR,https://www.idx.co.id/StaticData/NewsAndAnnouncement/ANNOUNCEMENTSTOCK/From_EREP/202503/a0ff770faa_3405f87bbb.pdf,AnnualReport2024-TOWR-att2.pdf,https://www.idx.co.id/StaticData/NewsAndAnnouncement/ANNOUNCEMENTSTOCK/From_EREP/202503/c65fbd6c6d_e2023dd9ad.pdf,AnnualReport2024-TOWR-att1.pdf,,
"25 Mar 2025
					23:55:56",https://www.idx.co.id/StaticData/NewsAndAnnouncement/ANNOUNCEMENTSTOCK/From_EREP/202503/c24567850f_ceefd30a41.pdf,Penyampaian Laporan Keberlanjutan dan ESG [],TOWR,https://www.idx.co.id/StaticData/NewsAndAnnouncement/ANNOUNCEMENTSTOCK/From_EREP/202503/3661deac3a_bc17d35265.pdf,AnnualReport2024-TOWR-att1.pdf,https://www.idx.co.id/StaticData/NewsAndAnnouncement/ANNOUNCEMENTSTOCK/From_EREP/202503/e2cbe3410b_25d0595a8b.pdf,AnnualReport2024-TOWR-att2.pdf,,
"04 Mar 2025
					06:48:47",https://www.idx.co.id/StaticData/NewsAndAnnouncement/ANNOUNCEMENTSTOCK/From_EREP/202503/bd3e96b70a_ac5e95eb8c.pdf,Perjanjian Pengikatan Jual Beli Saham  [],UNTR,https://www.idx.co.id/StaticData/NewsAndAnnouncement/ANNOUNCEMENTSTOCK/From_EREP/202503/74bf212745_1b5999e0b7.pdf,20250304_UNTR_Laporan Informasi dan Fakta Material_31865827_lamp1.pdf,,,,
"04 Mar 2025
					15:43:21",https://www.idx.co.id/StaticData/NewsAndAnnouncement/ANNOUNCEMENTSTOCK/From_EREP/202503/c94df2ccf6_04e1c13d9f.pdf,Transaksi Afiliasi [],UNTR,https://www.idx.co.id/StaticData/NewsAndAnnouncement/ANNOUNCEMENTSTOCK/From_EREP/202503/bcf7c67e10_1346e17149.pdf,20250304_UNTR_Informasi Transaksi Afiliasi_31865992_lamp1.pdf,,,,
"07 Mar 2025
					16:42:36",https://www.idx.co.id/StaticData/NewsAndAnnouncement/ANNOUNCEMENTSTOCK/From_EREP/202503/62a0168c70_335b222a91.pdf,Laporan Bulanan Registrasi Pemegang Efek [],UNTR,https://www.idx.co.id/StaticData/NewsAndAnnouncement/ANNOUNCEMENTSTOCK/From_EREP/202503/0bf4fe2fa0_3dc8317c75.pdf,20250306_UNTR_Laporan Bulanan Registrasi Pemegang Efek/Perubahan Struktur Pemegang Saham_31866950_lamp2.pdf,https://www.idx.co.id/StaticData/NewsAndAnnouncement/ANNOUNCEMENTSTOCK/From_EREP/202503/26425215f9_f69f7e4da9.pdf,20250306_UNTR_Laporan Bulanan Registrasi Pemegang Efek/Perubahan Struktur Pemegang Saham_31866950_lamp3.pdf,https://www.idx.co.id/StaticData/NewsAndAnnouncement/ANNOUNCEMENTSTOCK/From_EREP/202503/861e6699e4_f8dd1f295c.pdf,20250306_UNTR_Laporan Bulanan Registrasi Pemegang Efek/Perubahan Struktur Pemegang Saham_31866950_lamp1.pdf
"11 Mar 2025
					16:03:16",https://www.idx.co.id/StaticData/NewsAndAnnouncement/ANNOUNCEMENTSTOCK/From_EREP/202503/516701ec27_ba3e0efe62.pdf,Transaksi Afiliasi [],UNTR,https://www.idx.co.id/StaticData/NewsAndAnnouncement/ANNOUNCEMENTSTOCK/From_EREP/202503/0472d15199_08a565209c.pdf,20250311_UNTR_Informasi Transaksi Afiliasi_31868154_lamp1.pdf,,,,
"12 Mar 2025
					17:00:45",https://www.idx.co.id/StaticData/NewsAndAnnouncement/ANNOUNCEMENTSTOCK/From_EREP/202503/eadc989701_3156e830cb.pdf,Pemberitahuan Rencana Rapat Umum Pemegang Saham Tahunan [],UNTR,https://www.idx.co.id/StaticData/NewsAndAnnouncement/ANNOUNCEMENTSTOCK/From_EREP/202503/4033310af4_a69d6ce75a.pdf,20250312_UNTR_Pengumuman RUPS_31868482_lamp2.pdf,https://www.idx.co.id/StaticData/NewsAndAnnouncement/ANNOUNCEMENTSTOCK/From_EREP/202503/d7e3b5fc23_4c428b979f.pdf,20250312_UNTR_Pengumuman RUPS_31868482_lamp1.pdf,,
"12 Mar 2025
					17:34:58",https://www.idx.co.id/StaticData/NewsAndAnnouncement/ANNOUNCEMENTSTOCK/From_EREP/202503/23509b7e32_1676f7ce6b.pdf,Rencana Transaksi Perubahan Kegiatan Usaha [],UNTR,https://www.idx.co.id/StaticData/NewsAndAnnouncement/ANNOUNCEMENTSTOCK/From_EREP/202503/72e8f61bd6_b71ee46bef.pdf,20250312_UNTR_Rencana Transaksi Perubahan Kegiatan Usaha_31868511_lamp3.pdf,https://www.idx.co.id/StaticData/NewsAndAnnouncement/ANNOUNCEMENTSTOCK/From_EREP/202503/89b39bf933_99e6dd776d.pdf,20250312_UNTR_Rencana Transaksi Perubahan Kegiatan Usaha_31868511_lamp1.pdf,https://www.idx.co.id/StaticData/NewsAndAnnouncement/ANNOUNCEMENTSTOCK/From_EREP/202503/c2e55a6ecf_de30d72cf0.pdf,20250312_UNTR_Rencana Transaksi Perubahan Kegiatan Usaha_31868511_lamp2.pdf
"27 Mar 2025
					18:08:06",https://www.idx.co.id/StaticData/NewsAndAnnouncement/ANNOUNCEMENTSTOCK/From_EREP/202503/e6b80bc8d6_895bdb48ee.pdf,Rencana Transaksi Perubahan Kegiatan Usaha (KOREKSI) [],UNTR,https://www.idx.co.id/StaticData/NewsAndAnnouncement/ANNOUNCEMENTSTOCK/From_EREP/202503/8323d3c99b_b0c1d61cbb.pdf,20250327_UNTR_Rencana Transaksi Perubahan Kegiatan Usaha_31872090_lamp1.pdf,https://www.idx.co.id/StaticData/NewsAndAnnouncement/ANNOUNCEMENTSTOCK/From_EREP/202503/c836e4eab0_598dd8b24f.pdf,20250327_UNTR_Rencana Transaksi Perubahan Kegiatan Usaha_31872090_lamp2.pdf,,
"27 Mar 2025
					18:08:26",https://www.idx.co.id/StaticData/NewsAndAnnouncement/ANNOUNCEMENTSTOCK/From_EREP/202503/4fb2825472_a87bb34d2f.pdf,Penyampaian Laporan Tahunan [],UNTR,https://www.idx.co.id/StaticData/NewsAndAnnouncement/ANNOUNCEMENTSTOCK/From_EREP/202503/755f82c1ae_a41336eaf0.pdf,AnnualReport2024-UNTR-att1.pdf,,,,
"27 Mar 2025
					18:10:40",https://www.idx.co.id/StaticData/NewsAndAnnouncement/ANNOUNCEMENTSTOCK/From_EREP/202503/ed304eea3a_d3eed0ff94.pdf,Pemanggilan Rapat Umum Pemegang Saham Tahunan dan Luar Biasa [],UNTR,https://www.idx.co.id/StaticData/NewsAndAnnouncement/ANNOUNCEMENTSTOCK/From_EREP/202503/7884f0dc9b_da4efa1d33.pdf,20250327_UNTR_Pemanggilan RUPS_31872095_lamp1.pdf,https://www.idx.co.id/StaticData/NewsAndAnnouncement/ANNOUNCEMENTSTOCK/From_EREP/202503/f2771bcca6_976aece7e2.pdf,20250327_UNTR_Pemanggilan RUPS_31872095_lamp2.pdf,,
"28 Mar 2025
					22:48:40",https://www.idx.co.id/StaticData/NewsAndAnnouncement/ANNOUNCEMENTSTOCK/From_EREP/202503/99c862920d_8f75fc9b29.pdf,Penyampaian Laporan Keberlanjutan dan ESG [],UNTR,https://www.idx.co.id/StaticData/NewsAndAnnouncement/ANNOUNCEMENTSTOCK/From_EREP/202503/8c899ada9b_8117ae6f62.pdf,AnnualReport2024-UNTR-att1.pdf,,,,
"10 Mar 2025
					14:20:40",https://www.idx.co.id/StaticData/NewsAndAnnouncement/ANNOUNCEMENTSTOCK/From_EREP/202503/d3c69d8a4b_72bd01abdf.pdf,Laporan Bulanan Registrasi Pemegang Efek [],UNVR,https://www.idx.co.id/StaticData/NewsAndAnnouncement/ANNOUNCEMENTSTOCK/From_EREP/202503/35585a324c_2236741b02.pdf,20250310_UNVR_Laporan Bulanan Registrasi Pemegang Efek/Perubahan Struktur Pemegang Saham_31867775_lamp2.pdf,https://www.idx.co.id/StaticData/NewsAndAnnouncement/ANNOUNCEMENTSTOCK/From_EREP/202503/8f121dde2a_99a491c5da.pdf,20250310_UNVR_Laporan Bulanan Registrasi Pemegang Efek/Perubahan Struktur Pemegang Saham_31867775_lamp1.pdf,,
"14 Mar 2025
					15:33:03",https://www.idx.co.id/StaticData/NewsAndAnnouncement/ANNOUNCEMENTSTOCK/From_EREP/202503/aa0d5b4a8e_f7a886e781.pdf,Laporan Kepemilikan Saham [],UNVR,https://www.idx.co.id/StaticData/NewsAndAnnouncement/ANNOUNCEMENTSTOCK/From_EREP/202503/78843502c6_7aa2f7f544.pdf,20250314_UNVR_Pengumuman Bursa_31868921_lamp1.pdf,,,,
"14 Mar 2025
					15:35:14",https://www.idx.co.id/StaticData/NewsAndAnnouncement/ANNOUNCEMENTSTOCK/From_EREP/202503/6771200c69_0ab867ccc4.pdf,Penerbitan SKS Pengganti Karena Hilang PT Unilever Indonesia Tbk [],UNVR,https://www.idx.co.id/StaticData/NewsAndAnnouncement/ANNOUNCEMENTSTOCK/From_EREP/202503/ab1111b0e0_6b61ba42f1.pdf,20250314_UNVR_Pengumuman Bursa_31868895_lamp1.pdf,,,,
"19 Mar 2025
					11:57:51",https://www.idx.co.id/StaticData/NewsAndAnnouncement/ANNOUNCEMENTSTOCK/From_EREP/202503/ab2e7a8ae9_da56072ec7.pdf,Laporan Kepemilikan Saham [],UNVR,https://www.idx.co.id/StaticData/NewsAndAnnouncement/ANNOUNCEMENTSTOCK/From_EREP/202503/00d64c0b2a_838c203886.pdf,20250318_UNVR_Pengumuman Bursa_31869424_lamp1.pdf,,,,